==== DC tech=smic28 corner=tt_025C_1v80 design=synth_top compile=1 ====
Information: Updating design information... (UID-85)
Warning: Design 'synth_top' contains 1 high-fanout nets. A fanout number of 1000 will be used for delay calculations involving these nets. (TIM-134)
 
****************************************
Report : timing
        -path full
        -delay max
        -max_paths 10
        -sort_by slack
Design : synth_top
Version: O-2018.06-SP1
Date   : Mon Aug 17 11:17:34 2026
****************************************

 # A fanout number of 1000 was used for high fanout net computations.

Operating Conditions: tt_v0p9_25c   Library: scc28nhkcp_hdc30p140_rvt_tt_v0p9_25c_basic
Wire Load Model Mode: top

  Startpoint: u_cp/u_kvqd/s_bits_reg[5]
              (rising edge-triggered flip-flop clocked by clk)
  Endpoint: hbm_wdata[0]
            (output port clocked by clk)
  Path Group: clk
  Path Type: max

  Point                                                   Incr       Path
  --------------------------------------------------------------------------
  clock clk (rise edge)                                   0.00       0.00
  clock network delay (ideal)                             0.00       0.00
  u_cp/u_kvqd/s_bits_reg[5]/CK (DQV6_140P7T30R)           0.00 #     0.00 r
  u_cp/u_kvqd/s_bits_reg[5]/Q (DQV6_140P7T30R)            0.04       0.04 f
  u_cp/u_kvqd/U25189/ZN (INV12_140P7T30R)                 0.01       0.05 r
  u_cp/u_kvqd/U25188/ZN (INV24_140P7T30R)                 0.01       0.06 f
  u_cp/u_kvqd/U9692/Z (BUFV4_140P7T30R)                   0.02       0.08 f
  u_cp/u_kvqd/U27609/ZN (NOR2V12_140P7T30R)               0.01       0.09 r
  u_cp/u_kvqd/U9669/Z (BUFV4_140P7T30R)                   0.02       0.11 r
  u_cp/u_kvqd/U11730/ZN (NOR2V6_140P7T30R)                0.01       0.11 f
  u_cp/u_kvqd/U19846/ZN (INV6_140P7T30R)                  0.01       0.12 r
  u_cp/u_kvqd/U36589/Z (CLKXOR2V6_140P7T30R)              0.02       0.14 r
  u_cp/u_kvqd/U36175/Z (CLKXOR2V6_140P7T30R)              0.02       0.17 r
  u_cp/u_kvqd/U13664/ZN (NAND2V8_140P7T30R)               0.01       0.18 f
  u_cp/u_kvqd/U9602/ZN (NOR2V6_140P7T30R)                 0.01       0.19 r
  u_cp/u_kvqd/U12683/ZN (OAI12V8_140P7T30R)               0.01       0.20 f
  u_cp/u_kvqd/U33561/ZN (AOI12V12_140P7T30R)              0.02       0.22 r
  u_cp/u_kvqd/U18746/ZN (OAI12V8_140P7T30R)               0.01       0.23 f
  u_cp/u_kvqd/U33846/ZN (NAND2V8_140P7T30R)               0.01       0.24 r
  u_cp/u_kvqd/U16957/ZN (NOR2V16_140P7T30R)               0.01       0.24 f
  u_cp/u_kvqd/U15242/ZN (NOR2V16_140P7T30R)               0.02       0.26 r
  u_cp/u_kvqd/U9708/ZN (INV40_140P7T30R)                  0.01       0.27 f
  u_cp/u_kvqd/U9502/ZN (NOR2V8_140P7T30R)                 0.02       0.29 r
  u_cp/u_kvqd/U19889/ZN (NOR2V12_140P7T30R)               0.01       0.30 f
  u_cp/u_kvqd/U18981/ZN (AOI12V12_140P7T30R)              0.02       0.31 r
  u_cp/u_kvqd/U12603/Z (CLKXOR2V12_140P7T30R)             0.03       0.34 r
  u_cp/u_kvqd/U16931/ZN (CLKNAND2V16_140P7T30R)           0.01       0.36 f
  u_cp/u_kvqd/U9346/ZN (CLKNAND2V12_140P7T30R)            0.01       0.37 r
  u_cp/u_kvqd/U9318/ZN (CLKINV10_140P7T30R)               0.01       0.37 f
  u_cp/u_kvqd/U16938/ZN (NOR2V16_140P7T30R)               0.01       0.38 r
  u_cp/u_kvqd/U10746/ZN (INV32_140P7T30R)                 0.01       0.39 f
  u_cp/u_kvqd/U15517/ZN (NOR2V16_140P7T30R)               0.01       0.40 r
  u_cp/u_kvqd/U9152/ZN (INV7_140P7T30R)                   0.01       0.41 f
  u_cp/u_kvqd/U27516/ZN (NOR2V8_140P7T30R)                0.01       0.42 r
  u_cp/u_kvqd/U9098/Z (OR2V4_140P7T30R)                   0.02       0.44 r
  u_cp/u_kvqd/U14077/ZN (OAI12V6_140P7T30R)               0.01       0.45 f
  u_cp/u_kvqd/U9051/ZN (OAI22V8_140P7T30R)                0.02       0.47 r
  u_cp/u_kvqd/U15769/Z (CLKXOR2V6_140P7T30R)              0.02       0.49 r
  u_cp/u_kvqd/U34992/Z (CLKXOR2V6_140P7T30R)              0.02       0.52 r
  u_cp/u_kvqd/U8892/ZN (OAI12V6_140P7T30R)                0.02       0.53 f
  u_cp/u_kvqd/U11787/ZN (CLKNAND2V12_140P7T30R)           0.01       0.54 r
  u_cp/u_kvqd/U11786/Z (CLKXOR2V6_140P7T30R)              0.02       0.56 r
  u_cp/u_kvqd/U17383/Z (CLKXOR2V6_140P7T30R)              0.02       0.59 r
  u_cp/u_kvqd/U17497/ZN (NOR2V12_140P7T30R)               0.01       0.59 f
  u_cp/u_kvqd/U18073/ZN (NOR2V12_140P7T30R)               0.01       0.61 r
  u_cp/u_kvqd/U8806/ZN (NAND2V6_140P7T30R)                0.01       0.62 f
  u_cp/u_kvqd/U15737/ZN (NOR2V12_140P7T30R)               0.01       0.63 r
  u_cp/u_kvqd/U10556/ZN (CLKNAND2V12_140P7T30R)           0.01       0.64 f
  u_cp/u_kvqd/U12069/ZN (CLKNAND2V16_140P7T30R)           0.01       0.65 r
  u_cp/u_kvqd/U12068/ZN (NAND3V12_140P7T30R)              0.01       0.67 f
  u_cp/u_kvqd/U33689/ZN (NAND3V12_140P7T30R)              0.01       0.68 r
  u_cp/u_kvqd/U17381/ZN (NAND2XBV16_140P7T30R)            0.02       0.70 f
  u_cp/u_kvqd/U12869/ZN (INV20_140P7T30R)                 0.01       0.71 r
  u_cp/u_kvqd/U8579/ZN (NAND2V6_140P7T30R)                0.01       0.72 f
  u_cp/u_kvqd/U8498/ZN (CLKNAND2V16_140P7T30R)            0.01       0.74 r
  u_cp/u_kvqd/U38829/Z (CLKXOR2V6_140P7T30R)              0.02       0.76 r
  u_cp/u_kvqd/U38343/ZN (OAI22V4_140P7T30R)               0.02       0.77 f
  u_cp/u_kvqd/U32313/ZN (XNOR2V2_140P7T30R)               0.03       0.80 f
  u_cp/u_kvqd/U12268/ZN (XNOR2V4_140P7T30R)               0.03       0.83 f
  u_cp/u_kvqd/U12267/Z (CLKXOR2V6_140P7T30R)              0.03       0.85 f
  u_cp/u_kvqd/U12141/ZN (NAND2XBV12_140P7T30R)            0.02       0.87 f
  u_cp/u_kvqd/U12140/ZN (NOR2V8_140P7T30R)                0.01       0.88 r
  u_cp/u_kvqd/U8327/ZN (NOR2V8_140P7T30R)                 0.01       0.89 f
  u_cp/u_kvqd/U13164/ZN (NOR2V8_140P7T30R)                0.01       0.90 r
  u_cp/u_kvqd/U11774/ZN (NOR2V8_140P7T30R)                0.01       0.91 f
  u_cp/u_kvqd/U17172/ZN (OAI12V8_140P7T30R)               0.01       0.92 r
  u_cp/u_kvqd/U32056/ZN (NOR2V8_140P7T30R)                0.01       0.93 f
  u_cp/u_kvqd/U34536/ZN (AOI12V12_140P7T30R)              0.02       0.95 r
  u_cp/u_kvqd/U34534/ZN (CLKNAND2V16_140P7T30R)           0.02       0.96 f
  u_cp/u_kvqd/U8264/ZN (CLKINV16_140P7T30R)               0.01       0.98 r
  u_cp/u_kvqd/U18962/ZN (NAND2XBV12_140P7T30R)            0.01       0.98 f
  u_cp/u_kvqd/U10527/ZN (CLKNAND2V12_140P7T30R)           0.01       0.99 r
  u_cp/u_kvqd/U34422/ZN (NAND3V8_140P7T30R)               0.01       1.00 f
  u_cp/u_kvqd/U18031/ZN (NOR2V12_140P7T30R)               0.01       1.02 r
  u_cp/u_kvqd/U16647/ZN (NOR2V16_140P7T30R)               0.01       1.03 f
  u_cp/u_kvqd/U15333/ZN (INV24_140P7T30R)                 0.01       1.03 r
  u_cp/u_kvqd/U18265/ZN (INV32_140P7T30R)                 0.01       1.04 f
  u_cp/u_kvqd/U8030/Z (BUFV8_140P7T30R)                   0.01       1.05 f
  u_cp/u_kvqd/U21612/ZN (CLKNOR2V3_140P7T30R)             0.01       1.07 r
  u_cp/u_kvqd/U39069/ZN (CLKNAND2V4_140P7T30R)            0.01       1.08 f
  u_cp/u_kvqd/U7881/ZN (NOR2V2_140P7T30R)                 0.01       1.09 r
  u_cp/u_kvqd/U31987/ZN (OAI13V4_140P7T30R)               0.02       1.11 f
  u_cp/u_kvqd/U9820/ZN (AOI12V8_140P7T30R)                0.02       1.13 r
  u_cp/u_kvqd/U7796/ZN (INV3_140P7T30R)                   0.01       1.13 f
  u_cp/u_kvqd/U17361/ZN (NAND2V6_140P7T30R)               0.01       1.14 r
  u_cp/u_kvqd/U11072/ZN (AOI12V8_140P7T30R)               0.01       1.15 f
  u_cp/u_kvqd/U19822/ZN (AOI12V12_140P7T30R)              0.01       1.17 r
  u_cp/u_kvqd/U20065/ZN (NOR2V12_140P7T30R)               0.01       1.17 f
  u_cp/u_kvqd/U13200/ZN (NOR2V16_140P7T30R)               0.02       1.19 r
  u_cp/u_kvqd/U13199/ZN (NOR2V16_140P7T30R)               0.01       1.20 f
  u_cp/u_kvqd/U34526/ZN (NOR2V16_140P7T30R)               0.01       1.21 r
  u_cp/u_kvqd/U7636/ZN (MUX2NV2_140P7T30R)                0.02       1.23 r
  u_cp/u_kvqd/U7622/ZN (OAI12V6_140P7T30R)                0.02       1.25 f
  u_cp/u_kvqd/U27141/ZN (INV8_140P7T30R)                  0.01       1.26 r
  u_cp/u_kvqd/U27139/ZN (NAND3V8_140P7T30R)               0.01       1.27 f
  u_cp/u_kvqd/U7571/ZN (OAI22V6_140P7T30R)                0.02       1.29 r
  u_cp/u_kvqd/U12856/ZN (CLKNAND2V12_140P7T30R)           0.01       1.31 f
  u_cp/u_kvqd/U17761/ZN (CLKNAND2V16_140P7T30R)           0.01       1.32 r
  u_cp/u_kvqd/U33792/ZN (CLKNAND2V16_140P7T30R)           0.02       1.34 f
  u_cp/u_kvqd/U9952/ZN (CLKINV32_140P7T30R)               0.01       1.35 r
  u_cp/u_kvqd/U7385/ZN (CLKNAND2V12_140P7T30R)            0.01       1.35 f
  u_cp/u_kvqd/U7366/ZN (NAND2XBV4_140P7T30R)              0.01       1.37 r
  u_cp/u_kvqd/U9948/ZN (INV8_140P7T30R)                   0.00       1.37 f
  u_cp/u_kvqd/U16941/ZN (NOR2V6_140P7T30R)                0.01       1.38 r
  u_cp/u_kvqd/U16942/ZN (NAND2V8_140P7T30R)               0.01       1.39 f
  u_cp/u_kvqd/U16708/ZN (CLKNAND2V16_140P7T30R)           0.01       1.41 r
  u_cp/u_kvqd/U19295/Z (XOR2V2_140P7T30R)                 0.03       1.44 r
  u_cp/u_kvqd/U39323/ZN (OAI22V4_140P7T30R)               0.02       1.46 f
  u_cp/u_kvqd/U31804/ZN (XNOR2V2_140P7T30R)               0.03       1.48 f
  u_cp/u_kvqd/U16947/ZN (XNOR2V4_140P7T30R)               0.03       1.52 f
  u_cp/u_kvqd/U20647/ZN (NAND2V2_140P7T30R)               0.02       1.53 r
  u_cp/u_kvqd/U6617/ZN (CLKNAND2V4_140P7T30R)             0.01       1.54 f
  u_cp/u_kvqd/U21514/ZN (OAI12V4_140P7T30R)               0.01       1.56 r
  u_cp/u_kvqd/U21512/ZN (NAND2V6_140P7T30R)               0.01       1.57 f
  u_cp/u_kvqd/U35065/Z (MAJ23V4_140P7T30R)                0.03       1.60 f
  u_cp/u_kvqd/U36620/Z (CLKXOR2V6_140P7T30R)              0.02       1.62 f
  u_cp/u_kvqd/U35092/Z (CLKXOR2V6_140P7T30R)              0.02       1.64 f
  u_cp/u_kvqd/U15775/ZN (NOR2V12_140P7T30R)               0.01       1.65 r
  u_cp/u_kvqd/U13939/ZN (OAI12V8_140P7T30R)               0.01       1.67 f
  u_cp/u_kvqd/U9816/ZN (AOI12V12_140P7T30R)               0.01       1.68 r
  u_cp/u_kvqd/U10768/ZN (OAI12V12_140P7T30R)              0.01       1.69 f
  u_cp/u_kvqd/U34897/ZN (AOI12V12_140P7T30R)              0.02       1.71 r
  u_cp/u_kvqd/U11165/ZN (INV20_140P7T30R)                 0.01       1.73 f
  u_cp/u_kvqd/U9904/ZN (INV40_140P7T30R)                  0.01       1.74 r
  u_cp/u_kvqd/U34912/ZN (OAI12V8_140P7T30R)               0.01       1.75 f
  u_cp/u_kvqd/U14785/Z (CLKXOR2V6_140P7T30R)              0.02       1.77 f
  u_cp/u_kvqd/U9918/ZN (INV8_140P7T30R)                   0.01       1.78 r
  u_cp/u_kvqd/U16700/ZN (CLKNAND2V12_140P7T30R)           0.01       1.79 f
  u_cp/u_kvqd/U15765/ZN (CLKNAND2V12_140P7T30R)           0.01       1.79 r
  u_cp/u_kvqd/U6224/Z (OR2V2_140P7T30R)                   0.01       1.81 r
  u_cp/u_kvqd/U6188/ZN (CLKNAND2V4_140P7T30R)             0.02       1.83 f
  u_cp/u_kvqd/U6118/ZN (INV4_140P7T30R)                   0.02       1.84 r
  u_cp/u_kvqd/U18264/ZN (CLKNAND2V12_140P7T30R)           0.01       1.85 f
  u_cp/u_kvqd/U33678/ZN (OAI12V12_140P7T30R)              0.01       1.86 r
  u_cp/u_kvqd/U6013/Z (CLKXOR2V6_140P7T30R)               0.03       1.89 r
  u_cp/u_kvqd/U33946/ZN (OAI12V12_140P7T30R)              0.01       1.90 f
  u_cp/u_kvqd/U23429/ZN (NAND2V8_140P7T30R)               0.01       1.91 r
  u_cp/u_kvqd/U14067/ZN (NOR2V12_140P7T30R)               0.01       1.92 f
  u_cp/u_kvqd/U14421/ZN (INV6_140P7T30R)                  0.01       1.92 r
  u_cp/u_kvqd/U23416/ZN (NAND2V6_140P7T30R)               0.01       1.94 f
  u_cp/u_kvqd/U15805/ZN (NOR2V8_140P7T30R)                0.01       1.95 r
  u_cp/u_kvqd/U18873/ZN (NAND2V8_140P7T30R)               0.01       1.96 f
  u_cp/u_kvqd/U34317/ZN (OAI12V12_140P7T30R)              0.02       1.97 r
  u_cp/u_kvqd/U9852/ZN (NOR2V8_140P7T30R)                 0.01       1.98 f
  u_cp/u_kvqd/U11067/ZN (NAND2V8_140P7T30R)               0.01       1.99 r
  u_cp/u_kvqd/U33713/ZN (CLKNAND2V12_140P7T30R)           0.01       2.00 f
  u_cp/u_kvqd/U17421/ZN (CLKNAND2V16_140P7T30R)           0.01       2.01 r
  u_cp/u_kvqd/U33710/ZN (CLKNAND2V16_140P7T30R)           0.02       2.02 f
  u_cp/u_kvqd/U33709/ZN (CLKINV32_140P7T30R)              0.01       2.03 r
  u_cp/u_kvqd/U5836/ZN (NAND2XBV12_140P7T30R)             0.01       2.04 f
  u_cp/u_kvqd/U34927/ZN (OAI12V12_140P7T30R)              0.01       2.05 r
  u_cp/u_kvqd/U22460/ZN (INV7_140P7T30R)                  0.01       2.06 f
  u_cp/u_kvqd/U15736/ZN (NOR2V8_140P7T30R)                0.01       2.07 r
  u_cp/u_kvqd/U19835/ZN (NAND2V8_140P7T30R)               0.01       2.07 f
  u_cp/u_kvqd/U19834/ZN (NOR2V12_140P7T30R)               0.01       2.09 r
  u_cp/u_kvqd/U17043/ZN (CLKNAND2V12_140P7T30R)           0.01       2.09 f
  u_cp/u_kvqd/U34319/Z (CLKXOR2V6_140P7T30R)              0.02       2.11 f
  u_cp/u_kvqd/U15926/ZN (NOR2V12_140P7T30R)               0.01       2.13 r
  u_cp/u_kvqd/U15925/ZN (NOR2V16_140P7T30R)               0.01       2.13 f
  u_cp/u_kvqd/U16441/ZN (NAND2XBV16_140P7T30R)            0.01       2.14 r
  u_cp/u_kvqd/U10780/ZN (INV20_140P7T30R)                 0.01       2.15 f
  u_cp/u_kvqd/U5432/ZN (INV2_140P7T30R)                   0.01       2.16 r
  u_cp/u_kvqd/U21377/ZN (NOR2V4_140P7T30R)                0.01       2.17 f
  u_cp/u_kvqd/U28554/ZN (NAND2V2_140P7T30R)               0.01       2.18 r
  u_cp/u_kvqd/U26577/ZN (NAND3V1P5_140P7T30R)             0.02       2.20 f
  u_cp/u_kvqd/U16359/ZN (NOR4XXBBV4_140P7T30R)            0.01       2.21 r
  u_cp/u_kvqd/U5304/Z (AO1B2V2_140P7T30R)                 0.01       2.22 f
  u_cp/u_kvqd/U18030/ZN (NOR2V4_140P7T30R)                0.01       2.24 r
  u_cp/u_kvqd/U10770/ZN (NAND3V8_140P7T30R)               0.02       2.26 f
  u_cp/u_kvqd/U18446/ZN (NOR2V12_140P7T30R)               0.01       2.27 r
  u_cp/u_kvqd/U5161/ZN (CLKINV16_140P7T30R)               0.01       2.28 f
  u_cp/u_kvqd/U23332/ZN (INV20_140P7T30R)                 0.01       2.30 r
  u_cp/u_kvqd/U5163/ZN (OAI12V6_140P7T30R)                0.01       2.31 f
  u_cp/u_kvqd/U18451/ZN (AOI12V12_140P7T30R)              0.01       2.33 r
  u_cp/u_kvqd/U20076/ZN (AOI12V8_140P7T30R)               0.01       2.34 f
  u_cp/u_kvqd/U38804/ZN (OAI12V12_140P7T30R)              0.01       2.35 r
  u_cp/u_kvqd/U5080/ZN (INV12_140P7T30R)                  0.01       2.35 f
  u_cp/u_kvqd/U18757/ZN (NAND2V8_140P7T30R)               0.01       2.36 r
  u_cp/u_kvqd/U14388/ZN (NOR2V12_140P7T30R)               0.01       2.37 f
  u_cp/u_kvqd/U16351/ZN (NAND2V8_140P7T30R)               0.01       2.37 r
  u_cp/u_kvqd/U16393/ZN (NOR2V12_140P7T30R)               0.01       2.38 f
  u_cp/u_kvqd/U10005/ZN (NOR2V16_140P7T30R)               0.01       2.39 r
  u_cp/u_kvqd/U34544/ZN (CLKNAND2V16_140P7T30R)           0.02       2.41 f
  u_cp/u_kvqd/U10379/ZN (INV20_140P7T30R)                 0.01       2.42 r
  u_cp/u_kvqd/U10378/ZN (INV32_140P7T30R)                 0.01       2.43 f
  u_cp/u_kvqd/U4907/ZN (CLKINV20_140P7T30R)               0.01       2.43 r
  u_cp/u_kvqd/U18532/ZN (NAND2XBV16_140P7T30R)            0.01       2.44 f
  u_cp/u_kvqd/U33696/ZN (NAND3V12_140P7T30R)              0.01       2.45 r
  u_cp/u_kvqd/U10986/ZN (CLKNAND2V16_140P7T30R)           0.01       2.47 f
  u_cp/u_kvqd/U15660/ZN (CLKNAND2V12_140P7T30R)           0.01       2.47 r
  u_cp/u_kvqd/U4675/ZN (CLKNAND2V12_140P7T30R)            0.01       2.49 f
  u_cp/u_kvqd/U18702/ZN (NOR2V16_140P7T30R)               0.02       2.50 r
  u_cp/u_kvqd/U4328/ZN (INV40_140P7T30R)                  0.01       2.51 f
  u_cp/u_kvqd/U19967/ZN (XNOR2V2_140P7T30R)               0.02       2.53 f
  u_cp/u_kvqd/U37206/ZN (OAI22V1_140P7T30R)               0.03       2.57 r
  u_cp/u_kvqd/U41528/CO (AD1V2_140P7T30R)                 0.04       2.61 r
  u_cp/u_kvqd/U35210/Z (MAJ23V4_140P7T30R)                0.03       2.63 r
  u_cp/u_kvqd/U38068/ZN (XNOR2V2_140P7T30R)               0.02       2.66 r
  u_cp/u_kvqd/U34455/ZN (XNOR2V2_140P7T30R)               0.02       2.68 r
  u_cp/u_kvqd/U30859/ZN (AOI22BBV2_140P7T30R)             0.03       2.71 r
  u_cp/u_kvqd/U28356/ZN (OAI22V4_140P7T30R)               0.02       2.72 f
  u_cp/u_kvqd/U9971/ZN (AOI12V6_140P7T30R)                0.01       2.73 r
  u_cp/u_kvqd/U19811/ZN (OAI12V6_140P7T30R)               0.01       2.75 f
  u_cp/u_kvqd/U34983/ZN (AOI12V12_140P7T30R)              0.01       2.76 r
  u_cp/u_kvqd/U34982/ZN (OAI12V12_140P7T30R)              0.01       2.77 f
  u_cp/u_kvqd/U33706/ZN (CLKNAND2V16_140P7T30R)           0.01       2.78 r
  u_cp/u_kvqd/U3829/ZN (NAND2V8_140P7T30R)                0.01       2.79 f
  u_cp/u_kvqd/U35826/ZN (CLKNAND2V12_140P7T30R)           0.01       2.80 r
  u_cp/u_kvqd/U17169/ZN (NAND3V8_140P7T30R)               0.01       2.81 f
  u_cp/u_kvqd/U18867/ZN (INV8_140P7T30R)                  0.01       2.82 r
  u_cp/u_kvqd/U34770/ZN (CLKNAND2V16_140P7T30R)           0.01       2.83 f
  u_cp/u_kvqd/U14600/ZN (INV16_140P7T30R)                 0.01       2.84 r
  u_cp/u_kvqd/U15687/ZN (INV24_140P7T30R)                 0.01       2.84 f
  u_cp/u_kvqd/U34575/ZN (OAI22V12_140P7T30R)              0.02       2.86 r
  u_cp/u_kvqd/U15010/Z (BUFV16_140P7T30R)                 0.02       2.88 r
  u_cp/u_kvqd/U23182/Z (CLKXOR2V6_140P7T30R)              0.02       2.90 r
  u_cp/u_kvqd/U22247/ZN (OAI22V4_140P7T30R)               0.02       2.91 f
  u_cp/u_kvqd/U23157/ZN (XNOR2V2_140P7T30R)               0.02       2.94 f
  u_cp/u_kvqd/U23155/ZN (XNOR2V2_140P7T30R)               0.03       2.97 f
  u_cp/u_kvqd/U39173/Z (MAJ23V4_140P7T30R)                0.03       3.00 f
  u_cp/u_kvqd/U23145/ZN (NOR2V6_140P7T30R)                0.01       3.01 r
  u_cp/u_kvqd/U3365/ZN (OAI12V4_140P7T30R)                0.01       3.03 f
  u_cp/u_kvqd/U15003/ZN (AOI12V8_140P7T30R)               0.02       3.04 r
  u_cp/u_kvqd/U16786/ZN (OAI12V8_140P7T30R)               0.01       3.06 f
  u_cp/u_kvqd/U18866/ZN (CLKNAND2V12_140P7T30R)           0.01       3.06 r
  u_cp/u_kvqd/U10330/ZN (NAND2V8_140P7T30R)               0.01       3.07 f
  u_cp/u_kvqd/U9953/ZN (CLKNAND2V16_140P7T30R)            0.01       3.08 r
  u_cp/u_kvqd/U3316/ZN (INV7_140P7T30R)                   0.01       3.09 f
  u_cp/u_kvqd/U3303/Z (AO12V6_140P7T30R)                  0.02       3.11 f
  u_cp/u_kvqd/U3297/ZN (NOR2V12_140P7T30R)                0.01       3.12 r
  u_cp/u_kvqd/U34864/ZN (CLKNAND2V16_140P7T30R)           0.01       3.13 f
  u_cp/u_kvqd/U3263/ZN (INV12_140P7T30R)                  0.01       3.14 r
  u_cp/u_kvqd/U3260/Z (BUFV16_140P7T30R)                  0.01       3.15 r
  u_cp/u_kvqd/U3227/ZN (INV10_140P7T30R)                  0.01       3.16 f
  u_cp/u_kvqd/U3100/ZN (NAND2XBV4_140P7T30R)              0.02       3.18 f
  u_cp/u_kvqd/U25947/ZN (NAND3V4_140P7T30R)               0.01       3.20 r
  u_cp/u_kvqd/U10579/ZN (CLKNAND2V12_140P7T30R)           0.01       3.21 f
  u_cp/u_kvqd/U9945/ZN (CLKINV7_140P7T30R)                0.01       3.22 r
  u_cp/u_kvqd/U18714/ZN (NAND2V8_140P7T30R)               0.01       3.22 f
  u_cp/u_kvqd/U10362/ZN (AOI22V8_140P7T30R)               0.01       3.24 r
  u_cp/u_kvqd/U16353/ZN (OAI12V12_140P7T30R)              0.01       3.25 f
  u_cp/u_kvqd/U15834/ZN (OAI12V12_140P7T30R)              0.02       3.27 r
  u_cp/u_kvqd/U14801/ZN (NOR2V16_140P7T30R)               0.01       3.27 f
  u_cp/u_kvqd/U15817/ZN (CLKINV10_140P7T30R)              0.01       3.28 r
  u_cp/u_kvqd/U10864/ZN (CLKNAND2V12_140P7T30R)           0.01       3.29 f
  u_cp/u_kvqd/U11151/ZN (NOR3V12_140P7T30R)               0.01       3.30 r
  u_cp/u_kvqd/U12163/ZN (CLKNAND2V16_140P7T30R)           0.01       3.32 f
  u_cp/u_kvqd/U18870/ZN (CLKNAND2V16_140P7T30R)           0.01       3.33 r
  u_cp/u_kvqd/U14012/ZN (INV24_140P7T30R)                 0.01       3.33 f
  u_cp/u_kvqd/U35098/ZN (NOR2V16_140P7T30R)               0.01       3.34 r
  u_cp/u_kvqd/U35097/ZN (NOR2V8_140P7T30R)                0.01       3.34 f
  u_cp/u_kvqd/U35509/Z (CLKXOR2V6_140P7T30R)              0.02       3.36 f
  u_cp/u_kvqd/U35830/ZN (AOI22V8_140P7T30R)               0.01       3.38 r
  u_cp/u_kvqd/U20355/ZN (CLKNAND2V12_140P7T30R)           0.01       3.39 f
  u_cp/u_kvqd/U14030/ZN (CLKINV16_140P7T30R)              0.01       3.40 r
  u_cp/u_kvqd/U33612/ZN (CLKNAND2V16_140P7T30R)           0.01       3.40 f
  u_cp/u_kvqd/U9790/Z (BUFV8_140P7T30R)                   0.01       3.42 f
  u_cp/u_kvqd/U33611/ZN (AOI12V12_140P7T30R)              0.01       3.43 r
  u_cp/u_kvqd/U33835/ZN (CLKNAND2V12_140P7T30R)           0.01       3.44 f
  u_cp/u_kvqd/U18064/ZN (NOR2V12_140P7T30R)               0.01       3.44 r
  u_cp/u_kvqd/U34281/ZN (OAI12V12_140P7T30R)              0.01       3.45 f
  u_cp/u_kvqd/U34541/ZN (CLKNAND2V16_140P7T30R)           0.01       3.47 r
  u_cp/u_kvqd/U11777/ZN (NOR2V16_140P7T30R)               0.01       3.48 f
  u_cp/u_kvqd/U11776/ZN (INV32_140P7T30R)                 0.01       3.49 r
  u_cp/u_kvqd/U2386/ZN (NOR2XBV4_140P7T30R)               0.01       3.50 f
  u_cp/u_kvqd/U14609/ZN (NOR2V8_140P7T30R)                0.01       3.51 r
  u_cp/u_kvqd/U17725/ZN (AOI13V4_140P7T30R)               0.02       3.52 f
  u_cp/u_kvqd/U13163/ZN (NOR3V6_140P7T30R)                0.02       3.54 r
  u_cp/u_kvqd/U17661/ZN (OAI12V8_140P7T30R)               0.01       3.56 f
  u_cp/u_kvqd/U2136/ZN (CLKNAND2V12_140P7T30R)            0.01       3.56 r
  u_cp/u_kvqd/U17199/ZN (INV24_140P7T30R)                 0.01       3.58 f
  u_cp/u_kvqd/U12660/ZN (INV16_140P7T30R)                 0.01       3.58 r
  u_cp/u_kvqd/U1682/ZN (OAI22V1_140P7T30R)                0.02       3.60 f
  u_cp/u_kvqd/U37047/ZN (XNOR2V2_140P7T30R)               0.03       3.63 f
  u_cp/u_kvqd/U39287/ZN (XNOR2V2_140P7T30R)               0.03       3.65 f
  u_cp/u_kvqd/U41760/CO (AD1V4_140P7T30R)                 0.03       3.69 f
  u_cp/u_kvqd/U22044/ZN (XNOR2V2_140P7T30R)               0.02       3.71 f
  u_cp/u_kvqd/U22042/ZN (XNOR2V2_140P7T30R)               0.03       3.74 f
  u_cp/u_kvqd/U40115/Z (MAJ23V4_140P7T30R)                0.03       3.77 f
  u_cp/u_kvqd/U30005/ZN (INV4_140P7T30R)                  0.01       3.77 r
  u_cp/u_kvqd/U20990/ZN (NAND2XBV4_140P7T30R)             0.01       3.78 f
  u_cp/u_kvqd/U15490/ZN (INV8_140P7T30R)                  0.01       3.79 r
  u_cp/u_kvqd/U38848/ZN (CLKNAND2V4_140P7T30R)            0.01       3.81 f
  u_cp/u_kvqd/U17362/ZN (AOI22V8_140P7T30R)               0.02       3.83 r
  u_cp/u_kvqd/U15501/ZN (OAI12V12_140P7T30R)              0.01       3.84 f
  u_cp/u_kvqd/U34496/ZN (AOI12V12_140P7T30R)              0.01       3.85 r
  u_cp/u_kvqd/U1176/ZN (NAND2V6_140P7T30R)                0.01       3.86 f
  u_cp/u_kvqd/U34807/ZN (OAI12V12_140P7T30R)              0.02       3.89 r
  u_cp/u_kvqd/U17366/ZN (CLKNAND2V16_140P7T30R)           0.01       3.90 f
  u_cp/u_kvqd/U19857/ZN (INV32_140P7T30R)                 0.02       3.91 r
  u_cp/u_kvqd/U38293/ZN (CLKNAND2V4_140P7T30R)            0.02       3.93 f
  u_cp/u_kvqd/U34819/ZN (OAI12V12_140P7T30R)              0.01       3.94 r
  u_cp/u_kvqd/U18889/Z (CLKXOR2V6_140P7T30R)              0.02       3.97 r
  u_cp/u_kvqd/U20243/ZN (OAI22V6_140P7T30R)               0.02       3.99 f
  u_cp/u_kvqd/U33703/ZN (OAI12V12_140P7T30R)              0.01       4.00 r
  u_cp/u_kvqd/U18868/ZN (NAND2V8_140P7T30R)               0.01       4.01 f
  u_cp/u_kvqd/U18869/ZN (INV8_140P7T30R)                  0.01       4.02 r
  u_cp/u_kvqd/U25473/ZN (OAI22V6_140P7T30R)               0.01       4.03 f
  u_cp/u_kvqd/U33694/Z (CLKXOR2V6_140P7T30R)              0.02       4.05 f
  u_cp/u_kvqd/U35604/ZN (XNOR2V4_140P7T30R)               0.02       4.07 r
  u_cp/u_kvqd/U19609/ZN (NAND2V8_140P7T30R)               0.01       4.09 f
  u_cp/u_kvqd/U33693/ZN (AOI12V8_140P7T30R)               0.01       4.10 r
  u_cp/u_kvqd/U16428/ZN (OAI12V8_140P7T30R)               0.01       4.11 f
  u_cp/u_kvqd/U11825/ZN (CLKNAND2V12_140P7T30R)           0.01       4.12 r
  u_cp/u_kvqd/U11779/ZN (CLKNAND2V16_140P7T30R)           0.01       4.13 f
  u_cp/u_kvqd/U705/ZN (CLKINV10_140P7T30R)                0.01       4.14 r
  u_cp/u_kvqd/U12965/ZN (NAND3V12_140P7T30R)              0.01       4.15 f
  u_cp/u_kvqd/U11680/ZN (NAND3V12_140P7T30R)              0.01       4.16 r
  u_cp/u_kvqd/U16298/ZN (CLKINV16_140P7T30R)              0.01       4.17 f
  u_cp/u_kvqd/U39962/ZN (INV24_140P7T30R)                 0.01       4.18 r
  u_cp/u_kvqd/U35842/Z (BUFV32_140P7T30R)                 0.01       4.19 r
  u_cp/u_kvqd/U660/ZN (NAND2XBV6_140P7T30R)               0.01       4.20 f
  u_cp/u_kvqd/U652/ZN (OAI12V4_140P7T30R)                 0.01       4.21 r
  u_cp/u_kvqd/U20205/ZN (NOR2XBV8_140P7T30R)              0.02       4.23 r
  u_cp/u_kvqd/U36286/ZN (OAI12V12_140P7T30R)              0.02       4.24 f
  u_cp/u_kvqd/U39197/ZN (NOR2V16_140P7T30R)               0.01       4.26 r
  u_cp/u_kvqd/U36285/ZN (OAI12V12_140P7T30R)              0.01       4.27 f
  u_cp/u_kvqd/U36284/ZN (AOI12V12_140P7T30R)              0.02       4.28 r
  u_cp/u_kvqd/U480/ZN (INV4_140P7T30R)                    0.01       4.30 f
  u_cp/u_kvqd/U15442/ZN (NOR2V12_140P7T30R)               0.01       4.31 r
  u_cp/u_kvqd/U25310/ZN (INV4_140P7T30R)                  0.01       4.32 f
  u_cp/u_kvqd/U18859/ZN (NOR2V12_140P7T30R)               0.01       4.33 r
  u_cp/u_kvqd/U11784/ZN (AOI22V12_140P7T30R)              0.01       4.34 f
  u_cp/u_kvqd/U14042/ZN (OAI12V12_140P7T30R)              0.02       4.36 r
  u_cp/u_kvqd/U253/ZN (NOR2V6_140P7T30R)                  0.01       4.37 f
  u_cp/u_kvqd/U15669/Z (OR2V6_140P7T30R)                  0.02       4.38 f
  u_cp/u_kvqd/U19491/ZN (NOR2V2_140P7T30R)                0.02       4.40 r
  u_cp/u_kvqd/U40209/ZN (OAI12V8_140P7T30R)               0.02       4.42 f
  u_cp/u_kvqd/U11127/ZN (INV6_140P7T30R)                  0.01       4.43 r
  u_cp/u_kvqd/U39068/ZN (AOI12V8_140P7T30R)               0.01       4.43 f
  u_cp/u_kvqd/U39067/ZN (INV7_140P7T30R)                  0.01       4.44 r
  u_cp/u_kvqd/U15502/ZN (NOR2V12_140P7T30R)               0.01       4.45 f
  u_cp/u_kvqd/U15503/ZN (INV8_140P7T30R)                  0.01       4.45 r
  u_cp/u_kvqd/U29419/ZN (NAND2XBV8_140P7T30R)             0.01       4.47 r
  u_cp/u_kvqd/U40161/ZN (OAI112V6_140P7T30R)              0.02       4.49 f
  u_cp/u_kvqd/U40078/ZN (NOR3V4_140P7T30R)                0.02       4.51 r
  u_cp/u_kvqd/U39996/ZN (NAND4V6_140P7T30R)               0.01       4.52 f
  u_cp/u_kvqd/U39995/ZN (NOR2V6_140P7T30R)                0.01       4.53 r
  u_cp/u_kvqd/U33774/ZN (NAND4V6_140P7T30R)               0.02       4.55 f
  u_cp/u_kvqd/U14737/ZN (OAI112V6_140P7T30R)              0.02       4.57 r
  u_cp/u_kvqd/U14718/ZN (NAND4V6_140P7T30R)               0.01       4.58 f
  u_cp/u_kvqd/wr_data[0] (kv_quantdequant)                0.00       4.58 f
  U10051/ZN (CLKINV3_140P7T30R)                           0.01       4.59 r
  U10053/ZN (OAI12V2_140P7T30R)                           0.01       4.59 f
  hbm_wdata[0] (out)                                      0.00       4.59 f
  data arrival time                                                  4.59

  clock clk (rise edge)                                   1.00       1.00
  clock network delay (ideal)                             0.00       1.00
  output external delay                                   0.00       1.00
  data required time                                                 1.00
  --------------------------------------------------------------------------
  data required time                                                 1.00
  data arrival time                                                 -4.59
  --------------------------------------------------------------------------
  slack (VIOLATED)                                                  -3.59


  Startpoint: u_cp/u_kvqd/s_bits_reg[5]
              (rising edge-triggered flip-flop clocked by clk)
  Endpoint: hbm_wdata[2]
            (output port clocked by clk)
  Path Group: clk
  Path Type: max

  Point                                                   Incr       Path
  --------------------------------------------------------------------------
  clock clk (rise edge)                                   0.00       0.00
  clock network delay (ideal)                             0.00       0.00
  u_cp/u_kvqd/s_bits_reg[5]/CK (DQV6_140P7T30R)           0.00 #     0.00 r
  u_cp/u_kvqd/s_bits_reg[5]/Q (DQV6_140P7T30R)            0.04       0.04 f
  u_cp/u_kvqd/U25189/ZN (INV12_140P7T30R)                 0.01       0.05 r
  u_cp/u_kvqd/U25188/ZN (INV24_140P7T30R)                 0.01       0.06 f
  u_cp/u_kvqd/U9692/Z (BUFV4_140P7T30R)                   0.02       0.08 f
  u_cp/u_kvqd/U27609/ZN (NOR2V12_140P7T30R)               0.01       0.09 r
  u_cp/u_kvqd/U9669/Z (BUFV4_140P7T30R)                   0.02       0.11 r
  u_cp/u_kvqd/U11730/ZN (NOR2V6_140P7T30R)                0.01       0.11 f
  u_cp/u_kvqd/U19846/ZN (INV6_140P7T30R)                  0.01       0.12 r
  u_cp/u_kvqd/U36589/Z (CLKXOR2V6_140P7T30R)              0.02       0.14 r
  u_cp/u_kvqd/U36175/Z (CLKXOR2V6_140P7T30R)              0.02       0.17 r
  u_cp/u_kvqd/U13664/ZN (NAND2V8_140P7T30R)               0.01       0.18 f
  u_cp/u_kvqd/U9602/ZN (NOR2V6_140P7T30R)                 0.01       0.19 r
  u_cp/u_kvqd/U12683/ZN (OAI12V8_140P7T30R)               0.01       0.20 f
  u_cp/u_kvqd/U33561/ZN (AOI12V12_140P7T30R)              0.02       0.22 r
  u_cp/u_kvqd/U18746/ZN (OAI12V8_140P7T30R)               0.01       0.23 f
  u_cp/u_kvqd/U33846/ZN (NAND2V8_140P7T30R)               0.01       0.24 r
  u_cp/u_kvqd/U16957/ZN (NOR2V16_140P7T30R)               0.01       0.24 f
  u_cp/u_kvqd/U15242/ZN (NOR2V16_140P7T30R)               0.02       0.26 r
  u_cp/u_kvqd/U9708/ZN (INV40_140P7T30R)                  0.01       0.27 f
  u_cp/u_kvqd/U9502/ZN (NOR2V8_140P7T30R)                 0.02       0.29 r
  u_cp/u_kvqd/U19889/ZN (NOR2V12_140P7T30R)               0.01       0.30 f
  u_cp/u_kvqd/U18981/ZN (AOI12V12_140P7T30R)              0.02       0.31 r
  u_cp/u_kvqd/U12603/Z (CLKXOR2V12_140P7T30R)             0.03       0.34 r
  u_cp/u_kvqd/U16931/ZN (CLKNAND2V16_140P7T30R)           0.01       0.36 f
  u_cp/u_kvqd/U9346/ZN (CLKNAND2V12_140P7T30R)            0.01       0.37 r
  u_cp/u_kvqd/U9318/ZN (CLKINV10_140P7T30R)               0.01       0.37 f
  u_cp/u_kvqd/U16938/ZN (NOR2V16_140P7T30R)               0.01       0.38 r
  u_cp/u_kvqd/U10746/ZN (INV32_140P7T30R)                 0.01       0.39 f
  u_cp/u_kvqd/U15517/ZN (NOR2V16_140P7T30R)               0.01       0.40 r
  u_cp/u_kvqd/U9152/ZN (INV7_140P7T30R)                   0.01       0.41 f
  u_cp/u_kvqd/U27516/ZN (NOR2V8_140P7T30R)                0.01       0.42 r
  u_cp/u_kvqd/U9098/Z (OR2V4_140P7T30R)                   0.02       0.44 r
  u_cp/u_kvqd/U14077/ZN (OAI12V6_140P7T30R)               0.01       0.45 f
  u_cp/u_kvqd/U9051/ZN (OAI22V8_140P7T30R)                0.02       0.47 r
  u_cp/u_kvqd/U15769/Z (CLKXOR2V6_140P7T30R)              0.02       0.49 r
  u_cp/u_kvqd/U34992/Z (CLKXOR2V6_140P7T30R)              0.02       0.52 r
  u_cp/u_kvqd/U8892/ZN (OAI12V6_140P7T30R)                0.02       0.53 f
  u_cp/u_kvqd/U11787/ZN (CLKNAND2V12_140P7T30R)           0.01       0.54 r
  u_cp/u_kvqd/U11786/Z (CLKXOR2V6_140P7T30R)              0.02       0.56 r
  u_cp/u_kvqd/U17383/Z (CLKXOR2V6_140P7T30R)              0.02       0.59 r
  u_cp/u_kvqd/U17497/ZN (NOR2V12_140P7T30R)               0.01       0.59 f
  u_cp/u_kvqd/U18073/ZN (NOR2V12_140P7T30R)               0.01       0.61 r
  u_cp/u_kvqd/U8806/ZN (NAND2V6_140P7T30R)                0.01       0.62 f
  u_cp/u_kvqd/U15737/ZN (NOR2V12_140P7T30R)               0.01       0.63 r
  u_cp/u_kvqd/U10556/ZN (CLKNAND2V12_140P7T30R)           0.01       0.64 f
  u_cp/u_kvqd/U12069/ZN (CLKNAND2V16_140P7T30R)           0.01       0.65 r
  u_cp/u_kvqd/U12068/ZN (NAND3V12_140P7T30R)              0.01       0.67 f
  u_cp/u_kvqd/U33689/ZN (NAND3V12_140P7T30R)              0.01       0.68 r
  u_cp/u_kvqd/U17381/ZN (NAND2XBV16_140P7T30R)            0.02       0.70 f
  u_cp/u_kvqd/U12869/ZN (INV20_140P7T30R)                 0.01       0.71 r
  u_cp/u_kvqd/U8579/ZN (NAND2V6_140P7T30R)                0.01       0.72 f
  u_cp/u_kvqd/U8498/ZN (CLKNAND2V16_140P7T30R)            0.01       0.74 r
  u_cp/u_kvqd/U38829/Z (CLKXOR2V6_140P7T30R)              0.02       0.76 r
  u_cp/u_kvqd/U38343/ZN (OAI22V4_140P7T30R)               0.02       0.77 f
  u_cp/u_kvqd/U32313/ZN (XNOR2V2_140P7T30R)               0.03       0.80 f
  u_cp/u_kvqd/U12268/ZN (XNOR2V4_140P7T30R)               0.03       0.83 f
  u_cp/u_kvqd/U12267/Z (CLKXOR2V6_140P7T30R)              0.03       0.85 f
  u_cp/u_kvqd/U12141/ZN (NAND2XBV12_140P7T30R)            0.02       0.87 f
  u_cp/u_kvqd/U12140/ZN (NOR2V8_140P7T30R)                0.01       0.88 r
  u_cp/u_kvqd/U8327/ZN (NOR2V8_140P7T30R)                 0.01       0.89 f
  u_cp/u_kvqd/U13164/ZN (NOR2V8_140P7T30R)                0.01       0.90 r
  u_cp/u_kvqd/U11774/ZN (NOR2V8_140P7T30R)                0.01       0.91 f
  u_cp/u_kvqd/U17172/ZN (OAI12V8_140P7T30R)               0.01       0.92 r
  u_cp/u_kvqd/U32056/ZN (NOR2V8_140P7T30R)                0.01       0.93 f
  u_cp/u_kvqd/U34536/ZN (AOI12V12_140P7T30R)              0.02       0.95 r
  u_cp/u_kvqd/U34534/ZN (CLKNAND2V16_140P7T30R)           0.02       0.96 f
  u_cp/u_kvqd/U8264/ZN (CLKINV16_140P7T30R)               0.01       0.98 r
  u_cp/u_kvqd/U18962/ZN (NAND2XBV12_140P7T30R)            0.01       0.98 f
  u_cp/u_kvqd/U10527/ZN (CLKNAND2V12_140P7T30R)           0.01       0.99 r
  u_cp/u_kvqd/U34422/ZN (NAND3V8_140P7T30R)               0.01       1.00 f
  u_cp/u_kvqd/U18031/ZN (NOR2V12_140P7T30R)               0.01       1.02 r
  u_cp/u_kvqd/U16647/ZN (NOR2V16_140P7T30R)               0.01       1.03 f
  u_cp/u_kvqd/U15333/ZN (INV24_140P7T30R)                 0.01       1.03 r
  u_cp/u_kvqd/U18265/ZN (INV32_140P7T30R)                 0.01       1.04 f
  u_cp/u_kvqd/U8030/Z (BUFV8_140P7T30R)                   0.01       1.05 f
  u_cp/u_kvqd/U21612/ZN (CLKNOR2V3_140P7T30R)             0.01       1.07 r
  u_cp/u_kvqd/U39069/ZN (CLKNAND2V4_140P7T30R)            0.01       1.08 f
  u_cp/u_kvqd/U7881/ZN (NOR2V2_140P7T30R)                 0.01       1.09 r
  u_cp/u_kvqd/U31987/ZN (OAI13V4_140P7T30R)               0.02       1.11 f
  u_cp/u_kvqd/U9820/ZN (AOI12V8_140P7T30R)                0.02       1.13 r
  u_cp/u_kvqd/U7796/ZN (INV3_140P7T30R)                   0.01       1.13 f
  u_cp/u_kvqd/U17361/ZN (NAND2V6_140P7T30R)               0.01       1.14 r
  u_cp/u_kvqd/U11072/ZN (AOI12V8_140P7T30R)               0.01       1.15 f
  u_cp/u_kvqd/U19822/ZN (AOI12V12_140P7T30R)              0.01       1.17 r
  u_cp/u_kvqd/U20065/ZN (NOR2V12_140P7T30R)               0.01       1.17 f
  u_cp/u_kvqd/U13200/ZN (NOR2V16_140P7T30R)               0.02       1.19 r
  u_cp/u_kvqd/U13199/ZN (NOR2V16_140P7T30R)               0.01       1.20 f
  u_cp/u_kvqd/U34526/ZN (NOR2V16_140P7T30R)               0.01       1.21 r
  u_cp/u_kvqd/U7636/ZN (MUX2NV2_140P7T30R)                0.02       1.23 r
  u_cp/u_kvqd/U7622/ZN (OAI12V6_140P7T30R)                0.02       1.25 f
  u_cp/u_kvqd/U27141/ZN (INV8_140P7T30R)                  0.01       1.26 r
  u_cp/u_kvqd/U27139/ZN (NAND3V8_140P7T30R)               0.01       1.27 f
  u_cp/u_kvqd/U7571/ZN (OAI22V6_140P7T30R)                0.02       1.29 r
  u_cp/u_kvqd/U12856/ZN (CLKNAND2V12_140P7T30R)           0.01       1.31 f
  u_cp/u_kvqd/U17761/ZN (CLKNAND2V16_140P7T30R)           0.01       1.32 r
  u_cp/u_kvqd/U33792/ZN (CLKNAND2V16_140P7T30R)           0.02       1.34 f
  u_cp/u_kvqd/U9952/ZN (CLKINV32_140P7T30R)               0.01       1.35 r
  u_cp/u_kvqd/U7385/ZN (CLKNAND2V12_140P7T30R)            0.01       1.35 f
  u_cp/u_kvqd/U7366/ZN (NAND2XBV4_140P7T30R)              0.01       1.37 r
  u_cp/u_kvqd/U9948/ZN (INV8_140P7T30R)                   0.00       1.37 f
  u_cp/u_kvqd/U16941/ZN (NOR2V6_140P7T30R)                0.01       1.38 r
  u_cp/u_kvqd/U16942/ZN (NAND2V8_140P7T30R)               0.01       1.39 f
  u_cp/u_kvqd/U16708/ZN (CLKNAND2V16_140P7T30R)           0.01       1.41 r
  u_cp/u_kvqd/U19295/Z (XOR2V2_140P7T30R)                 0.03       1.44 r
  u_cp/u_kvqd/U39323/ZN (OAI22V4_140P7T30R)               0.02       1.46 f
  u_cp/u_kvqd/U31804/ZN (XNOR2V2_140P7T30R)               0.03       1.48 f
  u_cp/u_kvqd/U16947/ZN (XNOR2V4_140P7T30R)               0.03       1.52 f
  u_cp/u_kvqd/U20647/ZN (NAND2V2_140P7T30R)               0.02       1.53 r
  u_cp/u_kvqd/U6617/ZN (CLKNAND2V4_140P7T30R)             0.01       1.54 f
  u_cp/u_kvqd/U21514/ZN (OAI12V4_140P7T30R)               0.01       1.56 r
  u_cp/u_kvqd/U21512/ZN (NAND2V6_140P7T30R)               0.01       1.57 f
  u_cp/u_kvqd/U35065/Z (MAJ23V4_140P7T30R)                0.03       1.60 f
  u_cp/u_kvqd/U36620/Z (CLKXOR2V6_140P7T30R)              0.02       1.62 f
  u_cp/u_kvqd/U35092/Z (CLKXOR2V6_140P7T30R)              0.02       1.64 f
  u_cp/u_kvqd/U15775/ZN (NOR2V12_140P7T30R)               0.01       1.65 r
  u_cp/u_kvqd/U13939/ZN (OAI12V8_140P7T30R)               0.01       1.67 f
  u_cp/u_kvqd/U9816/ZN (AOI12V12_140P7T30R)               0.01       1.68 r
  u_cp/u_kvqd/U10768/ZN (OAI12V12_140P7T30R)              0.01       1.69 f
  u_cp/u_kvqd/U34897/ZN (AOI12V12_140P7T30R)              0.02       1.71 r
  u_cp/u_kvqd/U11165/ZN (INV20_140P7T30R)                 0.01       1.73 f
  u_cp/u_kvqd/U9904/ZN (INV40_140P7T30R)                  0.01       1.74 r
  u_cp/u_kvqd/U34912/ZN (OAI12V8_140P7T30R)               0.01       1.75 f
  u_cp/u_kvqd/U14785/Z (CLKXOR2V6_140P7T30R)              0.02       1.77 f
  u_cp/u_kvqd/U9918/ZN (INV8_140P7T30R)                   0.01       1.78 r
  u_cp/u_kvqd/U16700/ZN (CLKNAND2V12_140P7T30R)           0.01       1.79 f
  u_cp/u_kvqd/U15765/ZN (CLKNAND2V12_140P7T30R)           0.01       1.79 r
  u_cp/u_kvqd/U6224/Z (OR2V2_140P7T30R)                   0.01       1.81 r
  u_cp/u_kvqd/U6188/ZN (CLKNAND2V4_140P7T30R)             0.02       1.83 f
  u_cp/u_kvqd/U6118/ZN (INV4_140P7T30R)                   0.02       1.84 r
  u_cp/u_kvqd/U18264/ZN (CLKNAND2V12_140P7T30R)           0.01       1.85 f
  u_cp/u_kvqd/U33678/ZN (OAI12V12_140P7T30R)              0.01       1.86 r
  u_cp/u_kvqd/U6013/Z (CLKXOR2V6_140P7T30R)               0.03       1.89 r
  u_cp/u_kvqd/U33946/ZN (OAI12V12_140P7T30R)              0.01       1.90 f
  u_cp/u_kvqd/U23429/ZN (NAND2V8_140P7T30R)               0.01       1.91 r
  u_cp/u_kvqd/U14067/ZN (NOR2V12_140P7T30R)               0.01       1.92 f
  u_cp/u_kvqd/U14421/ZN (INV6_140P7T30R)                  0.01       1.92 r
  u_cp/u_kvqd/U23416/ZN (NAND2V6_140P7T30R)               0.01       1.94 f
  u_cp/u_kvqd/U15805/ZN (NOR2V8_140P7T30R)                0.01       1.95 r
  u_cp/u_kvqd/U18873/ZN (NAND2V8_140P7T30R)               0.01       1.96 f
  u_cp/u_kvqd/U34317/ZN (OAI12V12_140P7T30R)              0.02       1.97 r
  u_cp/u_kvqd/U9852/ZN (NOR2V8_140P7T30R)                 0.01       1.98 f
  u_cp/u_kvqd/U11067/ZN (NAND2V8_140P7T30R)               0.01       1.99 r
  u_cp/u_kvqd/U33713/ZN (CLKNAND2V12_140P7T30R)           0.01       2.00 f
  u_cp/u_kvqd/U17421/ZN (CLKNAND2V16_140P7T30R)           0.01       2.01 r
  u_cp/u_kvqd/U33710/ZN (CLKNAND2V16_140P7T30R)           0.02       2.02 f
  u_cp/u_kvqd/U33709/ZN (CLKINV32_140P7T30R)              0.01       2.03 r
  u_cp/u_kvqd/U5836/ZN (NAND2XBV12_140P7T30R)             0.01       2.04 f
  u_cp/u_kvqd/U34927/ZN (OAI12V12_140P7T30R)              0.01       2.05 r
  u_cp/u_kvqd/U22460/ZN (INV7_140P7T30R)                  0.01       2.06 f
  u_cp/u_kvqd/U15736/ZN (NOR2V8_140P7T30R)                0.01       2.07 r
  u_cp/u_kvqd/U19835/ZN (NAND2V8_140P7T30R)               0.01       2.07 f
  u_cp/u_kvqd/U19834/ZN (NOR2V12_140P7T30R)               0.01       2.09 r
  u_cp/u_kvqd/U17043/ZN (CLKNAND2V12_140P7T30R)           0.01       2.09 f
  u_cp/u_kvqd/U34319/Z (CLKXOR2V6_140P7T30R)              0.02       2.11 f
  u_cp/u_kvqd/U15926/ZN (NOR2V12_140P7T30R)               0.01       2.13 r
  u_cp/u_kvqd/U15925/ZN (NOR2V16_140P7T30R)               0.01       2.13 f
  u_cp/u_kvqd/U16441/ZN (NAND2XBV16_140P7T30R)            0.01       2.14 r
  u_cp/u_kvqd/U10780/ZN (INV20_140P7T30R)                 0.01       2.15 f
  u_cp/u_kvqd/U5432/ZN (INV2_140P7T30R)                   0.01       2.16 r
  u_cp/u_kvqd/U21377/ZN (NOR2V4_140P7T30R)                0.01       2.17 f
  u_cp/u_kvqd/U28554/ZN (NAND2V2_140P7T30R)               0.01       2.18 r
  u_cp/u_kvqd/U26577/ZN (NAND3V1P5_140P7T30R)             0.02       2.20 f
  u_cp/u_kvqd/U16359/ZN (NOR4XXBBV4_140P7T30R)            0.01       2.21 r
  u_cp/u_kvqd/U5304/Z (AO1B2V2_140P7T30R)                 0.01       2.22 f
  u_cp/u_kvqd/U18030/ZN (NOR2V4_140P7T30R)                0.01       2.24 r
  u_cp/u_kvqd/U10770/ZN (NAND3V8_140P7T30R)               0.02       2.26 f
  u_cp/u_kvqd/U18446/ZN (NOR2V12_140P7T30R)               0.01       2.27 r
  u_cp/u_kvqd/U5161/ZN (CLKINV16_140P7T30R)               0.01       2.28 f
  u_cp/u_kvqd/U23332/ZN (INV20_140P7T30R)                 0.01       2.30 r
  u_cp/u_kvqd/U5163/ZN (OAI12V6_140P7T30R)                0.01       2.31 f
  u_cp/u_kvqd/U18451/ZN (AOI12V12_140P7T30R)              0.01       2.33 r
  u_cp/u_kvqd/U20076/ZN (AOI12V8_140P7T30R)               0.01       2.34 f
  u_cp/u_kvqd/U38804/ZN (OAI12V12_140P7T30R)              0.01       2.35 r
  u_cp/u_kvqd/U5080/ZN (INV12_140P7T30R)                  0.01       2.35 f
  u_cp/u_kvqd/U18757/ZN (NAND2V8_140P7T30R)               0.01       2.36 r
  u_cp/u_kvqd/U14388/ZN (NOR2V12_140P7T30R)               0.01       2.37 f
  u_cp/u_kvqd/U16351/ZN (NAND2V8_140P7T30R)               0.01       2.37 r
  u_cp/u_kvqd/U16393/ZN (NOR2V12_140P7T30R)               0.01       2.38 f
  u_cp/u_kvqd/U10005/ZN (NOR2V16_140P7T30R)               0.01       2.39 r
  u_cp/u_kvqd/U34544/ZN (CLKNAND2V16_140P7T30R)           0.02       2.41 f
  u_cp/u_kvqd/U10379/ZN (INV20_140P7T30R)                 0.01       2.42 r
  u_cp/u_kvqd/U10378/ZN (INV32_140P7T30R)                 0.01       2.43 f
  u_cp/u_kvqd/U4907/ZN (CLKINV20_140P7T30R)               0.01       2.43 r
  u_cp/u_kvqd/U18532/ZN (NAND2XBV16_140P7T30R)            0.01       2.44 f
  u_cp/u_kvqd/U33696/ZN (NAND3V12_140P7T30R)              0.01       2.45 r
  u_cp/u_kvqd/U10986/ZN (CLKNAND2V16_140P7T30R)           0.01       2.47 f
  u_cp/u_kvqd/U15660/ZN (CLKNAND2V12_140P7T30R)           0.01       2.47 r
  u_cp/u_kvqd/U4675/ZN (CLKNAND2V12_140P7T30R)            0.01       2.49 f
  u_cp/u_kvqd/U18702/ZN (NOR2V16_140P7T30R)               0.02       2.50 r
  u_cp/u_kvqd/U4328/ZN (INV40_140P7T30R)                  0.01       2.51 f
  u_cp/u_kvqd/U19967/ZN (XNOR2V2_140P7T30R)               0.02       2.53 f
  u_cp/u_kvqd/U37206/ZN (OAI22V1_140P7T30R)               0.03       2.57 r
  u_cp/u_kvqd/U41528/CO (AD1V2_140P7T30R)                 0.04       2.61 r
  u_cp/u_kvqd/U35210/Z (MAJ23V4_140P7T30R)                0.03       2.63 r
  u_cp/u_kvqd/U38068/ZN (XNOR2V2_140P7T30R)               0.02       2.66 r
  u_cp/u_kvqd/U34455/ZN (XNOR2V2_140P7T30R)               0.02       2.68 r
  u_cp/u_kvqd/U30859/ZN (AOI22BBV2_140P7T30R)             0.03       2.71 r
  u_cp/u_kvqd/U28356/ZN (OAI22V4_140P7T30R)               0.02       2.72 f
  u_cp/u_kvqd/U9971/ZN (AOI12V6_140P7T30R)                0.01       2.73 r
  u_cp/u_kvqd/U19811/ZN (OAI12V6_140P7T30R)               0.01       2.75 f
  u_cp/u_kvqd/U34983/ZN (AOI12V12_140P7T30R)              0.01       2.76 r
  u_cp/u_kvqd/U34982/ZN (OAI12V12_140P7T30R)              0.01       2.77 f
  u_cp/u_kvqd/U33706/ZN (CLKNAND2V16_140P7T30R)           0.01       2.78 r
  u_cp/u_kvqd/U3829/ZN (NAND2V8_140P7T30R)                0.01       2.79 f
  u_cp/u_kvqd/U35826/ZN (CLKNAND2V12_140P7T30R)           0.01       2.80 r
  u_cp/u_kvqd/U17169/ZN (NAND3V8_140P7T30R)               0.01       2.81 f
  u_cp/u_kvqd/U18867/ZN (INV8_140P7T30R)                  0.01       2.82 r
  u_cp/u_kvqd/U34770/ZN (CLKNAND2V16_140P7T30R)           0.01       2.83 f
  u_cp/u_kvqd/U14600/ZN (INV16_140P7T30R)                 0.01       2.84 r
  u_cp/u_kvqd/U15687/ZN (INV24_140P7T30R)                 0.01       2.84 f
  u_cp/u_kvqd/U34575/ZN (OAI22V12_140P7T30R)              0.02       2.86 r
  u_cp/u_kvqd/U15010/Z (BUFV16_140P7T30R)                 0.02       2.88 r
  u_cp/u_kvqd/U23182/Z (CLKXOR2V6_140P7T30R)              0.02       2.90 r
  u_cp/u_kvqd/U22247/ZN (OAI22V4_140P7T30R)               0.02       2.91 f
  u_cp/u_kvqd/U23157/ZN (XNOR2V2_140P7T30R)               0.02       2.94 f
  u_cp/u_kvqd/U23155/ZN (XNOR2V2_140P7T30R)               0.03       2.97 f
  u_cp/u_kvqd/U39173/Z (MAJ23V4_140P7T30R)                0.03       3.00 f
  u_cp/u_kvqd/U23145/ZN (NOR2V6_140P7T30R)                0.01       3.01 r
  u_cp/u_kvqd/U3365/ZN (OAI12V4_140P7T30R)                0.01       3.03 f
  u_cp/u_kvqd/U15003/ZN (AOI12V8_140P7T30R)               0.02       3.04 r
  u_cp/u_kvqd/U16786/ZN (OAI12V8_140P7T30R)               0.01       3.06 f
  u_cp/u_kvqd/U18866/ZN (CLKNAND2V12_140P7T30R)           0.01       3.06 r
  u_cp/u_kvqd/U10330/ZN (NAND2V8_140P7T30R)               0.01       3.07 f
  u_cp/u_kvqd/U9953/ZN (CLKNAND2V16_140P7T30R)            0.01       3.08 r
  u_cp/u_kvqd/U3316/ZN (INV7_140P7T30R)                   0.01       3.09 f
  u_cp/u_kvqd/U3303/Z (AO12V6_140P7T30R)                  0.02       3.11 f
  u_cp/u_kvqd/U3297/ZN (NOR2V12_140P7T30R)                0.01       3.12 r
  u_cp/u_kvqd/U34864/ZN (CLKNAND2V16_140P7T30R)           0.01       3.13 f
  u_cp/u_kvqd/U3263/ZN (INV12_140P7T30R)                  0.01       3.14 r
  u_cp/u_kvqd/U3260/Z (BUFV16_140P7T30R)                  0.01       3.15 r
  u_cp/u_kvqd/U3227/ZN (INV10_140P7T30R)                  0.01       3.16 f
  u_cp/u_kvqd/U3100/ZN (NAND2XBV4_140P7T30R)              0.02       3.18 f
  u_cp/u_kvqd/U25947/ZN (NAND3V4_140P7T30R)               0.01       3.20 r
  u_cp/u_kvqd/U10579/ZN (CLKNAND2V12_140P7T30R)           0.01       3.21 f
  u_cp/u_kvqd/U9945/ZN (CLKINV7_140P7T30R)                0.01       3.22 r
  u_cp/u_kvqd/U18714/ZN (NAND2V8_140P7T30R)               0.01       3.22 f
  u_cp/u_kvqd/U10362/ZN (AOI22V8_140P7T30R)               0.01       3.24 r
  u_cp/u_kvqd/U16353/ZN (OAI12V12_140P7T30R)              0.01       3.25 f
  u_cp/u_kvqd/U15834/ZN (OAI12V12_140P7T30R)              0.02       3.27 r
  u_cp/u_kvqd/U14801/ZN (NOR2V16_140P7T30R)               0.01       3.27 f
  u_cp/u_kvqd/U15817/ZN (CLKINV10_140P7T30R)              0.01       3.28 r
  u_cp/u_kvqd/U10864/ZN (CLKNAND2V12_140P7T30R)           0.01       3.29 f
  u_cp/u_kvqd/U11151/ZN (NOR3V12_140P7T30R)               0.01       3.30 r
  u_cp/u_kvqd/U12163/ZN (CLKNAND2V16_140P7T30R)           0.01       3.32 f
  u_cp/u_kvqd/U18870/ZN (CLKNAND2V16_140P7T30R)           0.01       3.33 r
  u_cp/u_kvqd/U14012/ZN (INV24_140P7T30R)                 0.01       3.33 f
  u_cp/u_kvqd/U35098/ZN (NOR2V16_140P7T30R)               0.01       3.34 r
  u_cp/u_kvqd/U35097/ZN (NOR2V8_140P7T30R)                0.01       3.34 f
  u_cp/u_kvqd/U35509/Z (CLKXOR2V6_140P7T30R)              0.02       3.36 f
  u_cp/u_kvqd/U35830/ZN (AOI22V8_140P7T30R)               0.01       3.38 r
  u_cp/u_kvqd/U20355/ZN (CLKNAND2V12_140P7T30R)           0.01       3.39 f
  u_cp/u_kvqd/U14030/ZN (CLKINV16_140P7T30R)              0.01       3.40 r
  u_cp/u_kvqd/U33612/ZN (CLKNAND2V16_140P7T30R)           0.01       3.40 f
  u_cp/u_kvqd/U9790/Z (BUFV8_140P7T30R)                   0.01       3.42 f
  u_cp/u_kvqd/U33611/ZN (AOI12V12_140P7T30R)              0.01       3.43 r
  u_cp/u_kvqd/U33835/ZN (CLKNAND2V12_140P7T30R)           0.01       3.44 f
  u_cp/u_kvqd/U18064/ZN (NOR2V12_140P7T30R)               0.01       3.44 r
  u_cp/u_kvqd/U34281/ZN (OAI12V12_140P7T30R)              0.01       3.45 f
  u_cp/u_kvqd/U34541/ZN (CLKNAND2V16_140P7T30R)           0.01       3.47 r
  u_cp/u_kvqd/U11777/ZN (NOR2V16_140P7T30R)               0.01       3.48 f
  u_cp/u_kvqd/U11776/ZN (INV32_140P7T30R)                 0.01       3.49 r
  u_cp/u_kvqd/U2386/ZN (NOR2XBV4_140P7T30R)               0.01       3.50 f
  u_cp/u_kvqd/U14609/ZN (NOR2V8_140P7T30R)                0.01       3.51 r
  u_cp/u_kvqd/U17725/ZN (AOI13V4_140P7T30R)               0.02       3.52 f
  u_cp/u_kvqd/U13163/ZN (NOR3V6_140P7T30R)                0.02       3.54 r
  u_cp/u_kvqd/U17661/ZN (OAI12V8_140P7T30R)               0.01       3.56 f
  u_cp/u_kvqd/U2136/ZN (CLKNAND2V12_140P7T30R)            0.01       3.56 r
  u_cp/u_kvqd/U17199/ZN (INV24_140P7T30R)                 0.01       3.58 f
  u_cp/u_kvqd/U12660/ZN (INV16_140P7T30R)                 0.01       3.58 r
  u_cp/u_kvqd/U1682/ZN (OAI22V1_140P7T30R)                0.02       3.60 f
  u_cp/u_kvqd/U37047/ZN (XNOR2V2_140P7T30R)               0.03       3.63 f
  u_cp/u_kvqd/U39287/ZN (XNOR2V2_140P7T30R)               0.03       3.65 f
  u_cp/u_kvqd/U41760/CO (AD1V4_140P7T30R)                 0.03       3.69 f
  u_cp/u_kvqd/U22044/ZN (XNOR2V2_140P7T30R)               0.02       3.71 f
  u_cp/u_kvqd/U22042/ZN (XNOR2V2_140P7T30R)               0.03       3.74 f
  u_cp/u_kvqd/U40115/Z (MAJ23V4_140P7T30R)                0.03       3.77 f
  u_cp/u_kvqd/U30005/ZN (INV4_140P7T30R)                  0.01       3.77 r
  u_cp/u_kvqd/U20990/ZN (NAND2XBV4_140P7T30R)             0.01       3.78 f
  u_cp/u_kvqd/U15490/ZN (INV8_140P7T30R)                  0.01       3.79 r
  u_cp/u_kvqd/U38848/ZN (CLKNAND2V4_140P7T30R)            0.01       3.81 f
  u_cp/u_kvqd/U17362/ZN (AOI22V8_140P7T30R)               0.02       3.83 r
  u_cp/u_kvqd/U15501/ZN (OAI12V12_140P7T30R)              0.01       3.84 f
  u_cp/u_kvqd/U34496/ZN (AOI12V12_140P7T30R)              0.01       3.85 r
  u_cp/u_kvqd/U1176/ZN (NAND2V6_140P7T30R)                0.01       3.86 f
  u_cp/u_kvqd/U34807/ZN (OAI12V12_140P7T30R)              0.02       3.89 r
  u_cp/u_kvqd/U17366/ZN (CLKNAND2V16_140P7T30R)           0.01       3.90 f
  u_cp/u_kvqd/U19857/ZN (INV32_140P7T30R)                 0.02       3.91 r
  u_cp/u_kvqd/U38293/ZN (CLKNAND2V4_140P7T30R)            0.02       3.93 f
  u_cp/u_kvqd/U34819/ZN (OAI12V12_140P7T30R)              0.01       3.94 r
  u_cp/u_kvqd/U18889/Z (CLKXOR2V6_140P7T30R)              0.02       3.97 r
  u_cp/u_kvqd/U20243/ZN (OAI22V6_140P7T30R)               0.02       3.99 f
  u_cp/u_kvqd/U33703/ZN (OAI12V12_140P7T30R)              0.01       4.00 r
  u_cp/u_kvqd/U18868/ZN (NAND2V8_140P7T30R)               0.01       4.01 f
  u_cp/u_kvqd/U18869/ZN (INV8_140P7T30R)                  0.01       4.02 r
  u_cp/u_kvqd/U25473/ZN (OAI22V6_140P7T30R)               0.01       4.03 f
  u_cp/u_kvqd/U33694/Z (CLKXOR2V6_140P7T30R)              0.02       4.05 f
  u_cp/u_kvqd/U35604/ZN (XNOR2V4_140P7T30R)               0.02       4.07 r
  u_cp/u_kvqd/U19609/ZN (NAND2V8_140P7T30R)               0.01       4.09 f
  u_cp/u_kvqd/U33693/ZN (AOI12V8_140P7T30R)               0.01       4.10 r
  u_cp/u_kvqd/U16428/ZN (OAI12V8_140P7T30R)               0.01       4.11 f
  u_cp/u_kvqd/U11825/ZN (CLKNAND2V12_140P7T30R)           0.01       4.12 r
  u_cp/u_kvqd/U11779/ZN (CLKNAND2V16_140P7T30R)           0.01       4.13 f
  u_cp/u_kvqd/U705/ZN (CLKINV10_140P7T30R)                0.01       4.14 r
  u_cp/u_kvqd/U12965/ZN (NAND3V12_140P7T30R)              0.01       4.15 f
  u_cp/u_kvqd/U11680/ZN (NAND3V12_140P7T30R)              0.01       4.16 r
  u_cp/u_kvqd/U16298/ZN (CLKINV16_140P7T30R)              0.01       4.17 f
  u_cp/u_kvqd/U39962/ZN (INV24_140P7T30R)                 0.01       4.18 r
  u_cp/u_kvqd/U35842/Z (BUFV32_140P7T30R)                 0.01       4.19 r
  u_cp/u_kvqd/U660/ZN (NAND2XBV6_140P7T30R)               0.01       4.20 f
  u_cp/u_kvqd/U652/ZN (OAI12V4_140P7T30R)                 0.01       4.21 r
  u_cp/u_kvqd/U20205/ZN (NOR2XBV8_140P7T30R)              0.02       4.23 r
  u_cp/u_kvqd/U36286/ZN (OAI12V12_140P7T30R)              0.02       4.24 f
  u_cp/u_kvqd/U39197/ZN (NOR2V16_140P7T30R)               0.01       4.26 r
  u_cp/u_kvqd/U36285/ZN (OAI12V12_140P7T30R)              0.01       4.27 f
  u_cp/u_kvqd/U36284/ZN (AOI12V12_140P7T30R)              0.02       4.28 r
  u_cp/u_kvqd/U480/ZN (INV4_140P7T30R)                    0.01       4.30 f
  u_cp/u_kvqd/U15442/ZN (NOR2V12_140P7T30R)               0.01       4.31 r
  u_cp/u_kvqd/U25310/ZN (INV4_140P7T30R)                  0.01       4.32 f
  u_cp/u_kvqd/U18859/ZN (NOR2V12_140P7T30R)               0.01       4.33 r
  u_cp/u_kvqd/U11784/ZN (AOI22V12_140P7T30R)              0.01       4.34 f
  u_cp/u_kvqd/U14042/ZN (OAI12V12_140P7T30R)              0.02       4.36 r
  u_cp/u_kvqd/U253/ZN (NOR2V6_140P7T30R)                  0.01       4.37 f
  u_cp/u_kvqd/U15669/Z (OR2V6_140P7T30R)                  0.02       4.38 f
  u_cp/u_kvqd/U19491/ZN (NOR2V2_140P7T30R)                0.02       4.40 r
  u_cp/u_kvqd/U40209/ZN (OAI12V8_140P7T30R)               0.02       4.42 f
  u_cp/u_kvqd/U11127/ZN (INV6_140P7T30R)                  0.01       4.43 r
  u_cp/u_kvqd/U39068/ZN (AOI12V8_140P7T30R)               0.01       4.43 f
  u_cp/u_kvqd/U39067/ZN (INV7_140P7T30R)                  0.01       4.44 r
  u_cp/u_kvqd/U15502/ZN (NOR2V12_140P7T30R)               0.01       4.45 f
  u_cp/u_kvqd/U15503/ZN (INV8_140P7T30R)                  0.01       4.45 r
  u_cp/u_kvqd/U29419/ZN (NAND2XBV8_140P7T30R)             0.01       4.47 r
  u_cp/u_kvqd/U40161/ZN (OAI112V6_140P7T30R)              0.02       4.49 f
  u_cp/u_kvqd/U40078/ZN (NOR3V4_140P7T30R)                0.02       4.51 r
  u_cp/u_kvqd/U39996/ZN (NAND4V6_140P7T30R)               0.01       4.52 f
  u_cp/u_kvqd/U39995/ZN (NOR2V6_140P7T30R)                0.01       4.53 r
  u_cp/u_kvqd/U33774/ZN (NAND4V6_140P7T30R)               0.02       4.55 f
  u_cp/u_kvqd/U16016/ZN (OAI12V6_140P7T30R)               0.02       4.57 r
  u_cp/u_kvqd/U18550/ZN (NAND4V6_140P7T30R)               0.01       4.58 f
  u_cp/u_kvqd/wr_data[2] (kv_quantdequant)                0.00       4.58 f
  U10050/ZN (INV3_140P7T30R)                              0.01       4.59 r
  U10052/ZN (OAI12V2_140P7T30R)                           0.01       4.59 f
  hbm_wdata[2] (out)                                      0.00       4.59 f
  data arrival time                                                  4.59

  clock clk (rise edge)                                   1.00       1.00
  clock network delay (ideal)                             0.00       1.00
  output external delay                                   0.00       1.00
  data required time                                                 1.00
  --------------------------------------------------------------------------
  data required time                                                 1.00
  data arrival time                                                 -4.59
  --------------------------------------------------------------------------
  slack (VIOLATED)                                                  -3.59


  Startpoint: u_cp/u_kvqd/s_bits_reg[5]
              (rising edge-triggered flip-flop clocked by clk)
  Endpoint: hbm_wdata[1]
            (output port clocked by clk)
  Path Group: clk
  Path Type: max

  Point                                                   Incr       Path
  --------------------------------------------------------------------------
  clock clk (rise edge)                                   0.00       0.00
  clock network delay (ideal)                             0.00       0.00
  u_cp/u_kvqd/s_bits_reg[5]/CK (DQV6_140P7T30R)           0.00 #     0.00 r
  u_cp/u_kvqd/s_bits_reg[5]/Q (DQV6_140P7T30R)            0.04       0.04 f
  u_cp/u_kvqd/U25189/ZN (INV12_140P7T30R)                 0.01       0.05 r
  u_cp/u_kvqd/U25188/ZN (INV24_140P7T30R)                 0.01       0.06 f
  u_cp/u_kvqd/U9692/Z (BUFV4_140P7T30R)                   0.02       0.08 f
  u_cp/u_kvqd/U27609/ZN (NOR2V12_140P7T30R)               0.01       0.09 r
  u_cp/u_kvqd/U9669/Z (BUFV4_140P7T30R)                   0.02       0.11 r
  u_cp/u_kvqd/U11730/ZN (NOR2V6_140P7T30R)                0.01       0.11 f
  u_cp/u_kvqd/U19846/ZN (INV6_140P7T30R)                  0.01       0.12 r
  u_cp/u_kvqd/U36589/Z (CLKXOR2V6_140P7T30R)              0.02       0.14 r
  u_cp/u_kvqd/U36175/Z (CLKXOR2V6_140P7T30R)              0.02       0.17 r
  u_cp/u_kvqd/U13664/ZN (NAND2V8_140P7T30R)               0.01       0.18 f
  u_cp/u_kvqd/U9602/ZN (NOR2V6_140P7T30R)                 0.01       0.19 r
  u_cp/u_kvqd/U12683/ZN (OAI12V8_140P7T30R)               0.01       0.20 f
  u_cp/u_kvqd/U33561/ZN (AOI12V12_140P7T30R)              0.02       0.22 r
  u_cp/u_kvqd/U18746/ZN (OAI12V8_140P7T30R)               0.01       0.23 f
  u_cp/u_kvqd/U33846/ZN (NAND2V8_140P7T30R)               0.01       0.24 r
  u_cp/u_kvqd/U16957/ZN (NOR2V16_140P7T30R)               0.01       0.24 f
  u_cp/u_kvqd/U15242/ZN (NOR2V16_140P7T30R)               0.02       0.26 r
  u_cp/u_kvqd/U9708/ZN (INV40_140P7T30R)                  0.01       0.27 f
  u_cp/u_kvqd/U9502/ZN (NOR2V8_140P7T30R)                 0.02       0.29 r
  u_cp/u_kvqd/U19889/ZN (NOR2V12_140P7T30R)               0.01       0.30 f
  u_cp/u_kvqd/U18981/ZN (AOI12V12_140P7T30R)              0.02       0.31 r
  u_cp/u_kvqd/U12603/Z (CLKXOR2V12_140P7T30R)             0.03       0.34 r
  u_cp/u_kvqd/U16931/ZN (CLKNAND2V16_140P7T30R)           0.01       0.36 f
  u_cp/u_kvqd/U9346/ZN (CLKNAND2V12_140P7T30R)            0.01       0.37 r
  u_cp/u_kvqd/U9318/ZN (CLKINV10_140P7T30R)               0.01       0.37 f
  u_cp/u_kvqd/U16938/ZN (NOR2V16_140P7T30R)               0.01       0.38 r
  u_cp/u_kvqd/U10746/ZN (INV32_140P7T30R)                 0.01       0.39 f
  u_cp/u_kvqd/U15517/ZN (NOR2V16_140P7T30R)               0.01       0.40 r
  u_cp/u_kvqd/U9152/ZN (INV7_140P7T30R)                   0.01       0.41 f
  u_cp/u_kvqd/U27516/ZN (NOR2V8_140P7T30R)                0.01       0.42 r
  u_cp/u_kvqd/U9098/Z (OR2V4_140P7T30R)                   0.02       0.44 r
  u_cp/u_kvqd/U14077/ZN (OAI12V6_140P7T30R)               0.01       0.45 f
  u_cp/u_kvqd/U9051/ZN (OAI22V8_140P7T30R)                0.02       0.47 r
  u_cp/u_kvqd/U15769/Z (CLKXOR2V6_140P7T30R)              0.02       0.49 r
  u_cp/u_kvqd/U34992/Z (CLKXOR2V6_140P7T30R)              0.02       0.52 r
  u_cp/u_kvqd/U8892/ZN (OAI12V6_140P7T30R)                0.02       0.53 f
  u_cp/u_kvqd/U11787/ZN (CLKNAND2V12_140P7T30R)           0.01       0.54 r
  u_cp/u_kvqd/U11786/Z (CLKXOR2V6_140P7T30R)              0.02       0.56 r
  u_cp/u_kvqd/U17383/Z (CLKXOR2V6_140P7T30R)              0.02       0.59 r
  u_cp/u_kvqd/U17497/ZN (NOR2V12_140P7T30R)               0.01       0.59 f
  u_cp/u_kvqd/U18073/ZN (NOR2V12_140P7T30R)               0.01       0.61 r
  u_cp/u_kvqd/U8806/ZN (NAND2V6_140P7T30R)                0.01       0.62 f
  u_cp/u_kvqd/U15737/ZN (NOR2V12_140P7T30R)               0.01       0.63 r
  u_cp/u_kvqd/U10556/ZN (CLKNAND2V12_140P7T30R)           0.01       0.64 f
  u_cp/u_kvqd/U12069/ZN (CLKNAND2V16_140P7T30R)           0.01       0.65 r
  u_cp/u_kvqd/U12068/ZN (NAND3V12_140P7T30R)              0.01       0.67 f
  u_cp/u_kvqd/U33689/ZN (NAND3V12_140P7T30R)              0.01       0.68 r
  u_cp/u_kvqd/U17381/ZN (NAND2XBV16_140P7T30R)            0.02       0.70 f
  u_cp/u_kvqd/U12869/ZN (INV20_140P7T30R)                 0.01       0.71 r
  u_cp/u_kvqd/U8579/ZN (NAND2V6_140P7T30R)                0.01       0.72 f
  u_cp/u_kvqd/U8498/ZN (CLKNAND2V16_140P7T30R)            0.01       0.74 r
  u_cp/u_kvqd/U38829/Z (CLKXOR2V6_140P7T30R)              0.02       0.76 r
  u_cp/u_kvqd/U38343/ZN (OAI22V4_140P7T30R)               0.02       0.77 f
  u_cp/u_kvqd/U32313/ZN (XNOR2V2_140P7T30R)               0.03       0.80 f
  u_cp/u_kvqd/U12268/ZN (XNOR2V4_140P7T30R)               0.03       0.83 f
  u_cp/u_kvqd/U12267/Z (CLKXOR2V6_140P7T30R)              0.03       0.85 f
  u_cp/u_kvqd/U12141/ZN (NAND2XBV12_140P7T30R)            0.02       0.87 f
  u_cp/u_kvqd/U12140/ZN (NOR2V8_140P7T30R)                0.01       0.88 r
  u_cp/u_kvqd/U8327/ZN (NOR2V8_140P7T30R)                 0.01       0.89 f
  u_cp/u_kvqd/U13164/ZN (NOR2V8_140P7T30R)                0.01       0.90 r
  u_cp/u_kvqd/U11774/ZN (NOR2V8_140P7T30R)                0.01       0.91 f
  u_cp/u_kvqd/U17172/ZN (OAI12V8_140P7T30R)               0.01       0.92 r
  u_cp/u_kvqd/U32056/ZN (NOR2V8_140P7T30R)                0.01       0.93 f
  u_cp/u_kvqd/U34536/ZN (AOI12V12_140P7T30R)              0.02       0.95 r
  u_cp/u_kvqd/U34534/ZN (CLKNAND2V16_140P7T30R)           0.02       0.96 f
  u_cp/u_kvqd/U8264/ZN (CLKINV16_140P7T30R)               0.01       0.98 r
  u_cp/u_kvqd/U18962/ZN (NAND2XBV12_140P7T30R)            0.01       0.98 f
  u_cp/u_kvqd/U10527/ZN (CLKNAND2V12_140P7T30R)           0.01       0.99 r
  u_cp/u_kvqd/U34422/ZN (NAND3V8_140P7T30R)               0.01       1.00 f
  u_cp/u_kvqd/U18031/ZN (NOR2V12_140P7T30R)               0.01       1.02 r
  u_cp/u_kvqd/U16647/ZN (NOR2V16_140P7T30R)               0.01       1.03 f
  u_cp/u_kvqd/U15333/ZN (INV24_140P7T30R)                 0.01       1.03 r
  u_cp/u_kvqd/U18265/ZN (INV32_140P7T30R)                 0.01       1.04 f
  u_cp/u_kvqd/U8030/Z (BUFV8_140P7T30R)                   0.01       1.05 f
  u_cp/u_kvqd/U21612/ZN (CLKNOR2V3_140P7T30R)             0.01       1.07 r
  u_cp/u_kvqd/U39069/ZN (CLKNAND2V4_140P7T30R)            0.01       1.08 f
  u_cp/u_kvqd/U7881/ZN (NOR2V2_140P7T30R)                 0.01       1.09 r
  u_cp/u_kvqd/U31987/ZN (OAI13V4_140P7T30R)               0.02       1.11 f
  u_cp/u_kvqd/U9820/ZN (AOI12V8_140P7T30R)                0.02       1.13 r
  u_cp/u_kvqd/U7796/ZN (INV3_140P7T30R)                   0.01       1.13 f
  u_cp/u_kvqd/U17361/ZN (NAND2V6_140P7T30R)               0.01       1.14 r
  u_cp/u_kvqd/U11072/ZN (AOI12V8_140P7T30R)               0.01       1.15 f
  u_cp/u_kvqd/U19822/ZN (AOI12V12_140P7T30R)              0.01       1.17 r
  u_cp/u_kvqd/U20065/ZN (NOR2V12_140P7T30R)               0.01       1.17 f
  u_cp/u_kvqd/U13200/ZN (NOR2V16_140P7T30R)               0.02       1.19 r
  u_cp/u_kvqd/U13199/ZN (NOR2V16_140P7T30R)               0.01       1.20 f
  u_cp/u_kvqd/U34526/ZN (NOR2V16_140P7T30R)               0.01       1.21 r
  u_cp/u_kvqd/U7636/ZN (MUX2NV2_140P7T30R)                0.02       1.23 r
  u_cp/u_kvqd/U7622/ZN (OAI12V6_140P7T30R)                0.02       1.25 f
  u_cp/u_kvqd/U27141/ZN (INV8_140P7T30R)                  0.01       1.26 r
  u_cp/u_kvqd/U27139/ZN (NAND3V8_140P7T30R)               0.01       1.27 f
  u_cp/u_kvqd/U7571/ZN (OAI22V6_140P7T30R)                0.02       1.29 r
  u_cp/u_kvqd/U12856/ZN (CLKNAND2V12_140P7T30R)           0.01       1.31 f
  u_cp/u_kvqd/U17761/ZN (CLKNAND2V16_140P7T30R)           0.01       1.32 r
  u_cp/u_kvqd/U33792/ZN (CLKNAND2V16_140P7T30R)           0.02       1.34 f
  u_cp/u_kvqd/U9952/ZN (CLKINV32_140P7T30R)               0.01       1.35 r
  u_cp/u_kvqd/U7385/ZN (CLKNAND2V12_140P7T30R)            0.01       1.35 f
  u_cp/u_kvqd/U7366/ZN (NAND2XBV4_140P7T30R)              0.01       1.37 r
  u_cp/u_kvqd/U9948/ZN (INV8_140P7T30R)                   0.00       1.37 f
  u_cp/u_kvqd/U16941/ZN (NOR2V6_140P7T30R)                0.01       1.38 r
  u_cp/u_kvqd/U16942/ZN (NAND2V8_140P7T30R)               0.01       1.39 f
  u_cp/u_kvqd/U16708/ZN (CLKNAND2V16_140P7T30R)           0.01       1.41 r
  u_cp/u_kvqd/U19295/Z (XOR2V2_140P7T30R)                 0.03       1.44 r
  u_cp/u_kvqd/U39323/ZN (OAI22V4_140P7T30R)               0.02       1.46 f
  u_cp/u_kvqd/U31804/ZN (XNOR2V2_140P7T30R)               0.03       1.48 f
  u_cp/u_kvqd/U16947/ZN (XNOR2V4_140P7T30R)               0.03       1.52 f
  u_cp/u_kvqd/U20647/ZN (NAND2V2_140P7T30R)               0.02       1.53 r
  u_cp/u_kvqd/U6617/ZN (CLKNAND2V4_140P7T30R)             0.01       1.54 f
  u_cp/u_kvqd/U21514/ZN (OAI12V4_140P7T30R)               0.01       1.56 r
  u_cp/u_kvqd/U21512/ZN (NAND2V6_140P7T30R)               0.01       1.57 f
  u_cp/u_kvqd/U35065/Z (MAJ23V4_140P7T30R)                0.03       1.60 f
  u_cp/u_kvqd/U36620/Z (CLKXOR2V6_140P7T30R)              0.02       1.62 f
  u_cp/u_kvqd/U35092/Z (CLKXOR2V6_140P7T30R)              0.02       1.64 f
  u_cp/u_kvqd/U15775/ZN (NOR2V12_140P7T30R)               0.01       1.65 r
  u_cp/u_kvqd/U13939/ZN (OAI12V8_140P7T30R)               0.01       1.67 f
  u_cp/u_kvqd/U9816/ZN (AOI12V12_140P7T30R)               0.01       1.68 r
  u_cp/u_kvqd/U10768/ZN (OAI12V12_140P7T30R)              0.01       1.69 f
  u_cp/u_kvqd/U34897/ZN (AOI12V12_140P7T30R)              0.02       1.71 r
  u_cp/u_kvqd/U11165/ZN (INV20_140P7T30R)                 0.01       1.73 f
  u_cp/u_kvqd/U9904/ZN (INV40_140P7T30R)                  0.01       1.74 r
  u_cp/u_kvqd/U34912/ZN (OAI12V8_140P7T30R)               0.01       1.75 f
  u_cp/u_kvqd/U14785/Z (CLKXOR2V6_140P7T30R)              0.02       1.77 f
  u_cp/u_kvqd/U9918/ZN (INV8_140P7T30R)                   0.01       1.78 r
  u_cp/u_kvqd/U16700/ZN (CLKNAND2V12_140P7T30R)           0.01       1.79 f
  u_cp/u_kvqd/U15765/ZN (CLKNAND2V12_140P7T30R)           0.01       1.79 r
  u_cp/u_kvqd/U6224/Z (OR2V2_140P7T30R)                   0.01       1.81 r
  u_cp/u_kvqd/U6188/ZN (CLKNAND2V4_140P7T30R)             0.02       1.83 f
  u_cp/u_kvqd/U6118/ZN (INV4_140P7T30R)                   0.02       1.84 r
  u_cp/u_kvqd/U18264/ZN (CLKNAND2V12_140P7T30R)           0.01       1.85 f
  u_cp/u_kvqd/U33678/ZN (OAI12V12_140P7T30R)              0.01       1.86 r
  u_cp/u_kvqd/U6013/Z (CLKXOR2V6_140P7T30R)               0.03       1.89 r
  u_cp/u_kvqd/U33946/ZN (OAI12V12_140P7T30R)              0.01       1.90 f
  u_cp/u_kvqd/U23429/ZN (NAND2V8_140P7T30R)               0.01       1.91 r
  u_cp/u_kvqd/U14067/ZN (NOR2V12_140P7T30R)               0.01       1.92 f
  u_cp/u_kvqd/U14421/ZN (INV6_140P7T30R)                  0.01       1.92 r
  u_cp/u_kvqd/U23416/ZN (NAND2V6_140P7T30R)               0.01       1.94 f
  u_cp/u_kvqd/U15805/ZN (NOR2V8_140P7T30R)                0.01       1.95 r
  u_cp/u_kvqd/U18873/ZN (NAND2V8_140P7T30R)               0.01       1.96 f
  u_cp/u_kvqd/U34317/ZN (OAI12V12_140P7T30R)              0.02       1.97 r
  u_cp/u_kvqd/U9852/ZN (NOR2V8_140P7T30R)                 0.01       1.98 f
  u_cp/u_kvqd/U11067/ZN (NAND2V8_140P7T30R)               0.01       1.99 r
  u_cp/u_kvqd/U33713/ZN (CLKNAND2V12_140P7T30R)           0.01       2.00 f
  u_cp/u_kvqd/U17421/ZN (CLKNAND2V16_140P7T30R)           0.01       2.01 r
  u_cp/u_kvqd/U33710/ZN (CLKNAND2V16_140P7T30R)           0.02       2.02 f
  u_cp/u_kvqd/U33709/ZN (CLKINV32_140P7T30R)              0.01       2.03 r
  u_cp/u_kvqd/U5836/ZN (NAND2XBV12_140P7T30R)             0.01       2.04 f
  u_cp/u_kvqd/U34927/ZN (OAI12V12_140P7T30R)              0.01       2.05 r
  u_cp/u_kvqd/U22460/ZN (INV7_140P7T30R)                  0.01       2.06 f
  u_cp/u_kvqd/U15736/ZN (NOR2V8_140P7T30R)                0.01       2.07 r
  u_cp/u_kvqd/U19835/ZN (NAND2V8_140P7T30R)               0.01       2.07 f
  u_cp/u_kvqd/U19834/ZN (NOR2V12_140P7T30R)               0.01       2.09 r
  u_cp/u_kvqd/U17043/ZN (CLKNAND2V12_140P7T30R)           0.01       2.09 f
  u_cp/u_kvqd/U34319/Z (CLKXOR2V6_140P7T30R)              0.02       2.11 f
  u_cp/u_kvqd/U15926/ZN (NOR2V12_140P7T30R)               0.01       2.13 r
  u_cp/u_kvqd/U15925/ZN (NOR2V16_140P7T30R)               0.01       2.13 f
  u_cp/u_kvqd/U16441/ZN (NAND2XBV16_140P7T30R)            0.01       2.14 r
  u_cp/u_kvqd/U10780/ZN (INV20_140P7T30R)                 0.01       2.15 f
  u_cp/u_kvqd/U5432/ZN (INV2_140P7T30R)                   0.01       2.16 r
  u_cp/u_kvqd/U21377/ZN (NOR2V4_140P7T30R)                0.01       2.17 f
  u_cp/u_kvqd/U28554/ZN (NAND2V2_140P7T30R)               0.01       2.18 r
  u_cp/u_kvqd/U26577/ZN (NAND3V1P5_140P7T30R)             0.02       2.20 f
  u_cp/u_kvqd/U16359/ZN (NOR4XXBBV4_140P7T30R)            0.01       2.21 r
  u_cp/u_kvqd/U5304/Z (AO1B2V2_140P7T30R)                 0.01       2.22 f
  u_cp/u_kvqd/U18030/ZN (NOR2V4_140P7T30R)                0.01       2.24 r
  u_cp/u_kvqd/U10770/ZN (NAND3V8_140P7T30R)               0.02       2.26 f
  u_cp/u_kvqd/U18446/ZN (NOR2V12_140P7T30R)               0.01       2.27 r
  u_cp/u_kvqd/U5161/ZN (CLKINV16_140P7T30R)               0.01       2.28 f
  u_cp/u_kvqd/U23332/ZN (INV20_140P7T30R)                 0.01       2.30 r
  u_cp/u_kvqd/U5163/ZN (OAI12V6_140P7T30R)                0.01       2.31 f
  u_cp/u_kvqd/U18451/ZN (AOI12V12_140P7T30R)              0.01       2.33 r
  u_cp/u_kvqd/U20076/ZN (AOI12V8_140P7T30R)               0.01       2.34 f
  u_cp/u_kvqd/U38804/ZN (OAI12V12_140P7T30R)              0.01       2.35 r
  u_cp/u_kvqd/U5080/ZN (INV12_140P7T30R)                  0.01       2.35 f
  u_cp/u_kvqd/U18757/ZN (NAND2V8_140P7T30R)               0.01       2.36 r
  u_cp/u_kvqd/U14388/ZN (NOR2V12_140P7T30R)               0.01       2.37 f
  u_cp/u_kvqd/U16351/ZN (NAND2V8_140P7T30R)               0.01       2.37 r
  u_cp/u_kvqd/U16393/ZN (NOR2V12_140P7T30R)               0.01       2.38 f
  u_cp/u_kvqd/U10005/ZN (NOR2V16_140P7T30R)               0.01       2.39 r
  u_cp/u_kvqd/U34544/ZN (CLKNAND2V16_140P7T30R)           0.02       2.41 f
  u_cp/u_kvqd/U10379/ZN (INV20_140P7T30R)                 0.01       2.42 r
  u_cp/u_kvqd/U10378/ZN (INV32_140P7T30R)                 0.01       2.43 f
  u_cp/u_kvqd/U4907/ZN (CLKINV20_140P7T30R)               0.01       2.43 r
  u_cp/u_kvqd/U18532/ZN (NAND2XBV16_140P7T30R)            0.01       2.44 f
  u_cp/u_kvqd/U33696/ZN (NAND3V12_140P7T30R)              0.01       2.45 r
  u_cp/u_kvqd/U10986/ZN (CLKNAND2V16_140P7T30R)           0.01       2.47 f
  u_cp/u_kvqd/U15660/ZN (CLKNAND2V12_140P7T30R)           0.01       2.47 r
  u_cp/u_kvqd/U4675/ZN (CLKNAND2V12_140P7T30R)            0.01       2.49 f
  u_cp/u_kvqd/U18702/ZN (NOR2V16_140P7T30R)               0.02       2.50 r
  u_cp/u_kvqd/U4328/ZN (INV40_140P7T30R)                  0.01       2.51 f
  u_cp/u_kvqd/U19967/ZN (XNOR2V2_140P7T30R)               0.02       2.53 f
  u_cp/u_kvqd/U37206/ZN (OAI22V1_140P7T30R)               0.03       2.57 r
  u_cp/u_kvqd/U41528/CO (AD1V2_140P7T30R)                 0.04       2.61 r
  u_cp/u_kvqd/U35210/Z (MAJ23V4_140P7T30R)                0.03       2.63 r
  u_cp/u_kvqd/U38068/ZN (XNOR2V2_140P7T30R)               0.02       2.66 r
  u_cp/u_kvqd/U34455/ZN (XNOR2V2_140P7T30R)               0.02       2.68 r
  u_cp/u_kvqd/U30859/ZN (AOI22BBV2_140P7T30R)             0.03       2.71 r
  u_cp/u_kvqd/U28356/ZN (OAI22V4_140P7T30R)               0.02       2.72 f
  u_cp/u_kvqd/U9971/ZN (AOI12V6_140P7T30R)                0.01       2.73 r
  u_cp/u_kvqd/U19811/ZN (OAI12V6_140P7T30R)               0.01       2.75 f
  u_cp/u_kvqd/U34983/ZN (AOI12V12_140P7T30R)              0.01       2.76 r
  u_cp/u_kvqd/U34982/ZN (OAI12V12_140P7T30R)              0.01       2.77 f
  u_cp/u_kvqd/U33706/ZN (CLKNAND2V16_140P7T30R)           0.01       2.78 r
  u_cp/u_kvqd/U3829/ZN (NAND2V8_140P7T30R)                0.01       2.79 f
  u_cp/u_kvqd/U35826/ZN (CLKNAND2V12_140P7T30R)           0.01       2.80 r
  u_cp/u_kvqd/U17169/ZN (NAND3V8_140P7T30R)               0.01       2.81 f
  u_cp/u_kvqd/U18867/ZN (INV8_140P7T30R)                  0.01       2.82 r
  u_cp/u_kvqd/U34770/ZN (CLKNAND2V16_140P7T30R)           0.01       2.83 f
  u_cp/u_kvqd/U14600/ZN (INV16_140P7T30R)                 0.01       2.84 r
  u_cp/u_kvqd/U15687/ZN (INV24_140P7T30R)                 0.01       2.84 f
  u_cp/u_kvqd/U34575/ZN (OAI22V12_140P7T30R)              0.02       2.86 r
  u_cp/u_kvqd/U15010/Z (BUFV16_140P7T30R)                 0.02       2.88 r
  u_cp/u_kvqd/U23182/Z (CLKXOR2V6_140P7T30R)              0.02       2.90 r
  u_cp/u_kvqd/U22247/ZN (OAI22V4_140P7T30R)               0.02       2.91 f
  u_cp/u_kvqd/U23157/ZN (XNOR2V2_140P7T30R)               0.02       2.94 f
  u_cp/u_kvqd/U23155/ZN (XNOR2V2_140P7T30R)               0.03       2.97 f
  u_cp/u_kvqd/U39173/Z (MAJ23V4_140P7T30R)                0.03       3.00 f
  u_cp/u_kvqd/U23145/ZN (NOR2V6_140P7T30R)                0.01       3.01 r
  u_cp/u_kvqd/U3365/ZN (OAI12V4_140P7T30R)                0.01       3.03 f
  u_cp/u_kvqd/U15003/ZN (AOI12V8_140P7T30R)               0.02       3.04 r
  u_cp/u_kvqd/U16786/ZN (OAI12V8_140P7T30R)               0.01       3.06 f
  u_cp/u_kvqd/U18866/ZN (CLKNAND2V12_140P7T30R)           0.01       3.06 r
  u_cp/u_kvqd/U10330/ZN (NAND2V8_140P7T30R)               0.01       3.07 f
  u_cp/u_kvqd/U9953/ZN (CLKNAND2V16_140P7T30R)            0.01       3.08 r
  u_cp/u_kvqd/U3316/ZN (INV7_140P7T30R)                   0.01       3.09 f
  u_cp/u_kvqd/U3303/Z (AO12V6_140P7T30R)                  0.02       3.11 f
  u_cp/u_kvqd/U3297/ZN (NOR2V12_140P7T30R)                0.01       3.12 r
  u_cp/u_kvqd/U34864/ZN (CLKNAND2V16_140P7T30R)           0.01       3.13 f
  u_cp/u_kvqd/U3263/ZN (INV12_140P7T30R)                  0.01       3.14 r
  u_cp/u_kvqd/U3260/Z (BUFV16_140P7T30R)                  0.01       3.15 r
  u_cp/u_kvqd/U3227/ZN (INV10_140P7T30R)                  0.01       3.16 f
  u_cp/u_kvqd/U3100/ZN (NAND2XBV4_140P7T30R)              0.02       3.18 f
  u_cp/u_kvqd/U25947/ZN (NAND3V4_140P7T30R)               0.01       3.20 r
  u_cp/u_kvqd/U10579/ZN (CLKNAND2V12_140P7T30R)           0.01       3.21 f
  u_cp/u_kvqd/U9945/ZN (CLKINV7_140P7T30R)                0.01       3.22 r
  u_cp/u_kvqd/U18714/ZN (NAND2V8_140P7T30R)               0.01       3.22 f
  u_cp/u_kvqd/U10362/ZN (AOI22V8_140P7T30R)               0.01       3.24 r
  u_cp/u_kvqd/U16353/ZN (OAI12V12_140P7T30R)              0.01       3.25 f
  u_cp/u_kvqd/U15834/ZN (OAI12V12_140P7T30R)              0.02       3.27 r
  u_cp/u_kvqd/U14801/ZN (NOR2V16_140P7T30R)               0.01       3.27 f
  u_cp/u_kvqd/U15817/ZN (CLKINV10_140P7T30R)              0.01       3.28 r
  u_cp/u_kvqd/U10864/ZN (CLKNAND2V12_140P7T30R)           0.01       3.29 f
  u_cp/u_kvqd/U11151/ZN (NOR3V12_140P7T30R)               0.01       3.30 r
  u_cp/u_kvqd/U12163/ZN (CLKNAND2V16_140P7T30R)           0.01       3.32 f
  u_cp/u_kvqd/U18870/ZN (CLKNAND2V16_140P7T30R)           0.01       3.33 r
  u_cp/u_kvqd/U14012/ZN (INV24_140P7T30R)                 0.01       3.33 f
  u_cp/u_kvqd/U35098/ZN (NOR2V16_140P7T30R)               0.01       3.34 r
  u_cp/u_kvqd/U35097/ZN (NOR2V8_140P7T30R)                0.01       3.34 f
  u_cp/u_kvqd/U35509/Z (CLKXOR2V6_140P7T30R)              0.02       3.36 f
  u_cp/u_kvqd/U35830/ZN (AOI22V8_140P7T30R)               0.01       3.38 r
  u_cp/u_kvqd/U20355/ZN (CLKNAND2V12_140P7T30R)           0.01       3.39 f
  u_cp/u_kvqd/U14030/ZN (CLKINV16_140P7T30R)              0.01       3.40 r
  u_cp/u_kvqd/U33612/ZN (CLKNAND2V16_140P7T30R)           0.01       3.40 f
  u_cp/u_kvqd/U9790/Z (BUFV8_140P7T30R)                   0.01       3.42 f
  u_cp/u_kvqd/U33611/ZN (AOI12V12_140P7T30R)              0.01       3.43 r
  u_cp/u_kvqd/U33835/ZN (CLKNAND2V12_140P7T30R)           0.01       3.44 f
  u_cp/u_kvqd/U18064/ZN (NOR2V12_140P7T30R)               0.01       3.44 r
  u_cp/u_kvqd/U34281/ZN (OAI12V12_140P7T30R)              0.01       3.45 f
  u_cp/u_kvqd/U34541/ZN (CLKNAND2V16_140P7T30R)           0.01       3.47 r
  u_cp/u_kvqd/U11777/ZN (NOR2V16_140P7T30R)               0.01       3.48 f
  u_cp/u_kvqd/U11776/ZN (INV32_140P7T30R)                 0.01       3.49 r
  u_cp/u_kvqd/U2386/ZN (NOR2XBV4_140P7T30R)               0.01       3.50 f
  u_cp/u_kvqd/U14609/ZN (NOR2V8_140P7T30R)                0.01       3.51 r
  u_cp/u_kvqd/U17725/ZN (AOI13V4_140P7T30R)               0.02       3.52 f
  u_cp/u_kvqd/U13163/ZN (NOR3V6_140P7T30R)                0.02       3.54 r
  u_cp/u_kvqd/U17661/ZN (OAI12V8_140P7T30R)               0.01       3.56 f
  u_cp/u_kvqd/U2136/ZN (CLKNAND2V12_140P7T30R)            0.01       3.56 r
  u_cp/u_kvqd/U17199/ZN (INV24_140P7T30R)                 0.01       3.58 f
  u_cp/u_kvqd/U12660/ZN (INV16_140P7T30R)                 0.01       3.58 r
  u_cp/u_kvqd/U1682/ZN (OAI22V1_140P7T30R)                0.02       3.60 f
  u_cp/u_kvqd/U37047/ZN (XNOR2V2_140P7T30R)               0.03       3.63 f
  u_cp/u_kvqd/U39287/ZN (XNOR2V2_140P7T30R)               0.03       3.65 f
  u_cp/u_kvqd/U41760/CO (AD1V4_140P7T30R)                 0.03       3.69 f
  u_cp/u_kvqd/U22044/ZN (XNOR2V2_140P7T30R)               0.02       3.71 f
  u_cp/u_kvqd/U22042/ZN (XNOR2V2_140P7T30R)               0.03       3.74 f
  u_cp/u_kvqd/U40115/Z (MAJ23V4_140P7T30R)                0.03       3.77 f
  u_cp/u_kvqd/U30005/ZN (INV4_140P7T30R)                  0.01       3.77 r
  u_cp/u_kvqd/U20990/ZN (NAND2XBV4_140P7T30R)             0.01       3.78 f
  u_cp/u_kvqd/U15490/ZN (INV8_140P7T30R)                  0.01       3.79 r
  u_cp/u_kvqd/U38848/ZN (CLKNAND2V4_140P7T30R)            0.01       3.81 f
  u_cp/u_kvqd/U17362/ZN (AOI22V8_140P7T30R)               0.02       3.83 r
  u_cp/u_kvqd/U15501/ZN (OAI12V12_140P7T30R)              0.01       3.84 f
  u_cp/u_kvqd/U34496/ZN (AOI12V12_140P7T30R)              0.01       3.85 r
  u_cp/u_kvqd/U1176/ZN (NAND2V6_140P7T30R)                0.01       3.86 f
  u_cp/u_kvqd/U34807/ZN (OAI12V12_140P7T30R)              0.02       3.89 r
  u_cp/u_kvqd/U17366/ZN (CLKNAND2V16_140P7T30R)           0.01       3.90 f
  u_cp/u_kvqd/U19857/ZN (INV32_140P7T30R)                 0.02       3.91 r
  u_cp/u_kvqd/U38293/ZN (CLKNAND2V4_140P7T30R)            0.02       3.93 f
  u_cp/u_kvqd/U34819/ZN (OAI12V12_140P7T30R)              0.01       3.94 r
  u_cp/u_kvqd/U18889/Z (CLKXOR2V6_140P7T30R)              0.02       3.97 r
  u_cp/u_kvqd/U20243/ZN (OAI22V6_140P7T30R)               0.02       3.99 f
  u_cp/u_kvqd/U33703/ZN (OAI12V12_140P7T30R)              0.01       4.00 r
  u_cp/u_kvqd/U18868/ZN (NAND2V8_140P7T30R)               0.01       4.01 f
  u_cp/u_kvqd/U18869/ZN (INV8_140P7T30R)                  0.01       4.02 r
  u_cp/u_kvqd/U25473/ZN (OAI22V6_140P7T30R)               0.01       4.03 f
  u_cp/u_kvqd/U33694/Z (CLKXOR2V6_140P7T30R)              0.02       4.05 f
  u_cp/u_kvqd/U35604/ZN (XNOR2V4_140P7T30R)               0.02       4.07 r
  u_cp/u_kvqd/U19609/ZN (NAND2V8_140P7T30R)               0.01       4.09 f
  u_cp/u_kvqd/U33693/ZN (AOI12V8_140P7T30R)               0.01       4.10 r
  u_cp/u_kvqd/U16428/ZN (OAI12V8_140P7T30R)               0.01       4.11 f
  u_cp/u_kvqd/U11825/ZN (CLKNAND2V12_140P7T30R)           0.01       4.12 r
  u_cp/u_kvqd/U11779/ZN (CLKNAND2V16_140P7T30R)           0.01       4.13 f
  u_cp/u_kvqd/U705/ZN (CLKINV10_140P7T30R)                0.01       4.14 r
  u_cp/u_kvqd/U12965/ZN (NAND3V12_140P7T30R)              0.01       4.15 f
  u_cp/u_kvqd/U11680/ZN (NAND3V12_140P7T30R)              0.01       4.16 r
  u_cp/u_kvqd/U16298/ZN (CLKINV16_140P7T30R)              0.01       4.17 f
  u_cp/u_kvqd/U39962/ZN (INV24_140P7T30R)                 0.01       4.18 r
  u_cp/u_kvqd/U35842/Z (BUFV32_140P7T30R)                 0.01       4.19 r
  u_cp/u_kvqd/U660/ZN (NAND2XBV6_140P7T30R)               0.01       4.20 f
  u_cp/u_kvqd/U652/ZN (OAI12V4_140P7T30R)                 0.01       4.21 r
  u_cp/u_kvqd/U20205/ZN (NOR2XBV8_140P7T30R)              0.02       4.23 r
  u_cp/u_kvqd/U36286/ZN (OAI12V12_140P7T30R)              0.02       4.24 f
  u_cp/u_kvqd/U39197/ZN (NOR2V16_140P7T30R)               0.01       4.26 r
  u_cp/u_kvqd/U36285/ZN (OAI12V12_140P7T30R)              0.01       4.27 f
  u_cp/u_kvqd/U36284/ZN (AOI12V12_140P7T30R)              0.02       4.28 r
  u_cp/u_kvqd/U480/ZN (INV4_140P7T30R)                    0.01       4.30 f
  u_cp/u_kvqd/U15442/ZN (NOR2V12_140P7T30R)               0.01       4.31 r
  u_cp/u_kvqd/U25310/ZN (INV4_140P7T30R)                  0.01       4.32 f
  u_cp/u_kvqd/U18859/ZN (NOR2V12_140P7T30R)               0.01       4.33 r
  u_cp/u_kvqd/U11784/ZN (AOI22V12_140P7T30R)              0.01       4.34 f
  u_cp/u_kvqd/U14042/ZN (OAI12V12_140P7T30R)              0.02       4.36 r
  u_cp/u_kvqd/U253/ZN (NOR2V6_140P7T30R)                  0.01       4.37 f
  u_cp/u_kvqd/U15669/Z (OR2V6_140P7T30R)                  0.02       4.38 f
  u_cp/u_kvqd/U19491/ZN (NOR2V2_140P7T30R)                0.02       4.40 r
  u_cp/u_kvqd/U40209/ZN (OAI12V8_140P7T30R)               0.02       4.42 f
  u_cp/u_kvqd/U11127/ZN (INV6_140P7T30R)                  0.01       4.43 r
  u_cp/u_kvqd/U39068/ZN (AOI12V8_140P7T30R)               0.01       4.43 f
  u_cp/u_kvqd/U39067/ZN (INV7_140P7T30R)                  0.01       4.44 r
  u_cp/u_kvqd/U15502/ZN (NOR2V12_140P7T30R)               0.01       4.45 f
  u_cp/u_kvqd/U15503/ZN (INV8_140P7T30R)                  0.01       4.45 r
  u_cp/u_kvqd/U29419/ZN (NAND2XBV8_140P7T30R)             0.01       4.47 r
  u_cp/u_kvqd/U40161/ZN (OAI112V6_140P7T30R)              0.02       4.49 f
  u_cp/u_kvqd/U40078/ZN (NOR3V4_140P7T30R)                0.02       4.51 r
  u_cp/u_kvqd/U39996/ZN (NAND4V6_140P7T30R)               0.01       4.52 f
  u_cp/u_kvqd/U39995/ZN (NOR2V6_140P7T30R)                0.01       4.53 r
  u_cp/u_kvqd/U33774/ZN (NAND4V6_140P7T30R)               0.02       4.55 f
  u_cp/u_kvqd/U16016/ZN (OAI12V6_140P7T30R)               0.02       4.57 r
  u_cp/u_kvqd/U35313/ZN (NAND3V3_140P7T30R)               0.01       4.58 f
  u_cp/u_kvqd/wr_data[1] (kv_quantdequant)                0.00       4.58 f
  U586/ZN (INV3_140P7T30R)                                0.01       4.59 r
  U10049/ZN (OAI12V2_140P7T30R)                           0.01       4.59 f
  hbm_wdata[1] (out)                                      0.00       4.59 f
  data arrival time                                                  4.59

  clock clk (rise edge)                                   1.00       1.00
  clock network delay (ideal)                             0.00       1.00
  output external delay                                   0.00       1.00
  data required time                                                 1.00
  --------------------------------------------------------------------------
  data required time                                                 1.00
  data arrival time                                                 -4.59
  --------------------------------------------------------------------------
  slack (VIOLATED)                                                  -3.59


  Startpoint: u_cp/u_kvqd/s_bits_reg[2]
              (rising edge-triggered flip-flop clocked by clk)
  Endpoint: hbm_wdata[6]
            (output port clocked by clk)
  Path Group: clk
  Path Type: max

  Point                                                   Incr       Path
  --------------------------------------------------------------------------
  clock clk (rise edge)                                   0.00       0.00
  clock network delay (ideal)                             0.00       0.00
  u_cp/u_kvqd/s_bits_reg[2]/CK (DQV4_140P7T30R)           0.00 #     0.00 r
  u_cp/u_kvqd/s_bits_reg[2]/Q (DQV4_140P7T30R)            0.05       0.05 f
  u_cp/u_kvqd/U9698/Z (BUFV16_140P7T30R)                  0.02       0.06 f
  u_cp/u_kvqd/U36301/ZN (XNOR2V4_140P7T30R)               0.02       0.08 f
  u_cp/u_kvqd/U22841/ZN (INV4_140P7T30R)                  0.01       0.10 r
  u_cp/u_kvqd/U12781/ZN (NOR2V16_140P7T30R)               0.01       0.10 f
  u_cp/u_kvqd/U11232/ZN (NOR2V16_140P7T30R)               0.01       0.11 r
  u_cp/u_kvqd/U9633/Z (CLKXOR2V6_140P7T30R)               0.02       0.13 r
  u_cp/u_kvqd/U16418/Z (CLKXOR2V6_140P7T30R)              0.02       0.16 r
  u_cp/u_kvqd/U34165/Z (CLKXOR2V6_140P7T30R)              0.02       0.18 r
  u_cp/u_kvqd/U34687/ZN (NOR2V4_140P7T30R)                0.01       0.19 f
  u_cp/u_kvqd/U17896/ZN (NAND2XBV16_140P7T30R)            0.02       0.21 f
  u_cp/u_kvqd/U10149/ZN (NOR2V16_140P7T30R)               0.01       0.22 r
  u_cp/u_kvqd/U10177/ZN (CLKINV20_140P7T30R)              0.01       0.23 f
  u_cp/u_kvqd/U33875/ZN (OAI12V12_140P7T30R)              0.01       0.24 r
  u_cp/u_kvqd/U13346/ZN (CLKNAND2V12_140P7T30R)           0.01       0.25 f
  u_cp/u_kvqd/U33960/ZN (NAND2XBV16_140P7T30R)            0.01       0.26 r
  u_cp/u_kvqd/U9513/Z (BUFV10_140P7T30R)                  0.02       0.28 r
  u_cp/u_kvqd/U23845/ZN (NAND2V8_140P7T30R)               0.01       0.29 f
  u_cp/u_kvqd/U19889/ZN (NOR2V12_140P7T30R)               0.01       0.30 r
  u_cp/u_kvqd/U18370/ZN (OAI12V6_140P7T30R)               0.01       0.31 f
  u_cp/u_kvqd/U15297/ZN (NAND3V8_140P7T30R)               0.01       0.32 r
  u_cp/u_kvqd/U18827/ZN (XNOR2V4_140P7T30R)               0.03       0.35 r
  u_cp/u_kvqd/U33815/ZN (NAND3V8_140P7T30R)               0.02       0.37 f
  u_cp/u_kvqd/U9469/ZN (NOR2V12_140P7T30R)                0.01       0.38 r
  u_cp/u_kvqd/U10314/ZN (CLKNAND2V16_140P7T30R)           0.01       0.39 f
  u_cp/u_kvqd/U12764/ZN (NAND2XBV16_140P7T30R)            0.01       0.41 r
  u_cp/u_kvqd/U9451/ZN (INV24_140P7T30R)                  0.01       0.41 f
  u_cp/u_kvqd/U9446/ZN (CLKINV32_140P7T30R)               0.01       0.42 r
  u_cp/u_kvqd/U9417/ZN (NOR2V12_140P7T30R)                0.01       0.43 f
  u_cp/u_kvqd/U36014/ZN (AOI12V12_140P7T30R)              0.01       0.44 r
  u_cp/u_kvqd/U9381/ZN (NAND2V6_140P7T30R)                0.01       0.45 f
  u_cp/u_kvqd/U12472/ZN (NOR2V8_140P7T30R)                0.01       0.46 r
  u_cp/u_kvqd/U9352/ZN (NOR2V6_140P7T30R)                 0.01       0.46 f
  u_cp/u_kvqd/U16913/ZN (OAI12V8_140P7T30R)               0.01       0.47 r
  u_cp/u_kvqd/U16914/ZN (CLKNAND2V16_140P7T30R)           0.01       0.49 f
  u_cp/u_kvqd/U18604/ZN (NOR2V12_140P7T30R)               0.01       0.50 r
  u_cp/u_kvqd/U40039/S (AD1V4_140P7T30R)                  0.05       0.54 f
  u_cp/u_kvqd/U13038/ZN (XNOR2V4_140P7T30R)               0.02       0.57 f
  u_cp/u_kvqd/U17535/ZN (XNOR2V4_140P7T30R)               0.03       0.59 f
  u_cp/u_kvqd/U17534/Z (AO1B2V4_140P7T30R)                0.01       0.60 r
  u_cp/u_kvqd/U8993/ZN (NAND2V6_140P7T30R)                0.01       0.62 f
  u_cp/u_kvqd/U11489/ZN (NOR2V12_140P7T30R)               0.01       0.63 r
  u_cp/u_kvqd/U13037/ZN (INV7_140P7T30R)                  0.01       0.64 f
  u_cp/u_kvqd/U21684/ZN (AOI12V8_140P7T30R)               0.01       0.65 r
  u_cp/u_kvqd/U17136/ZN (OAI12V8_140P7T30R)               0.01       0.66 f
  u_cp/u_kvqd/U18918/ZN (NAND2XBV8_140P7T30R)             0.01       0.67 r
  u_cp/u_kvqd/U13030/ZN (NAND2XBV12_140P7T30R)            0.01       0.68 f
  u_cp/u_kvqd/U33353/Z (OA12V8_140P7T30R)                 0.02       0.70 f
  u_cp/u_kvqd/U14720/ZN (NOR2V16_140P7T30R)               0.01       0.71 r
  u_cp/u_kvqd/U33408/ZN (CLKNAND2V16_140P7T30R)           0.01       0.72 f
  u_cp/u_kvqd/U35905/ZN (CLKNAND2V16_140P7T30R)           0.02       0.74 r
  u_cp/u_kvqd/U8718/ZN (NOR2V8_140P7T30R)                 0.01       0.75 f
  u_cp/u_kvqd/U13007/Z (CLKOR2V16_140P7T30R)              0.02       0.77 f
  u_cp/u_kvqd/U8648/ZN (INV5_140P7T30R)                   0.01       0.78 r
  u_cp/u_kvqd/U39414/Z (AO1B2V4_140P7T30R)                0.02       0.80 r
  u_cp/u_kvqd/U14360/ZN (XNOR2V4_140P7T30R)               0.02       0.82 r
  u_cp/u_kvqd/U33519/ZN (XNOR2V4_140P7T30R)               0.03       0.85 r
  u_cp/u_kvqd/U33518/Z (CLKXOR2V6_140P7T30R)              0.02       0.87 r
  u_cp/u_kvqd/U33520/Z (CLKXOR2V6_140P7T30R)              0.02       0.90 r
  u_cp/u_kvqd/U8386/ZN (CLKNAND2V4_140P7T30R)             0.01       0.91 f
  u_cp/u_kvqd/U17872/ZN (OAI12V8_140P7T30R)               0.01       0.93 r
  u_cp/u_kvqd/U14903/ZN (AOI12V8_140P7T30R)               0.01       0.94 f
  u_cp/u_kvqd/U14938/ZN (OAI12V12_140P7T30R)              0.02       0.95 r
  u_cp/u_kvqd/U14212/ZN (CLKNAND2V12_140P7T30R)           0.01       0.96 f
  u_cp/u_kvqd/U35370/ZN (OAI12V12_140P7T30R)              0.01       0.97 r
  u_cp/u_kvqd/U16141/ZN (NOR2V16_140P7T30R)               0.01       0.98 f
  u_cp/u_kvqd/U11956/ZN (INV24_140P7T30R)                 0.01       0.99 r
  u_cp/u_kvqd/U8292/ZN (NAND2V6_140P7T30R)                0.01       1.00 f
  u_cp/u_kvqd/U11375/ZN (OAI12V12_140P7T30R)              0.01       1.01 r
  u_cp/u_kvqd/U12207/ZN (CLKNAND2V16_140P7T30R)           0.01       1.02 f
  u_cp/u_kvqd/U19629/ZN (OAI12V12_140P7T30R)              0.02       1.04 r
  u_cp/u_kvqd/U10248/ZN (NOR2V12_140P7T30R)               0.01       1.05 f
  u_cp/u_kvqd/U8260/ZN (NOR2V12_140P7T30R)                0.01       1.06 r
  u_cp/u_kvqd/U20079/ZN (CLKNAND2V16_140P7T30R)           0.01       1.07 f
  u_cp/u_kvqd/U13831/ZN (NAND2XBV16_140P7T30R)            0.01       1.08 r
  u_cp/u_kvqd/U8215/Z (BUFV10_140P7T30R)                  0.01       1.10 r
  u_cp/u_kvqd/U8162/ZN (OAI22V4_140P7T30R)                0.01       1.11 f
  u_cp/u_kvqd/U16505/ZN (NOR3V8_140P7T30R)                0.02       1.13 r
  u_cp/u_kvqd/U15079/ZN (NAND2XBV8_140P7T30R)             0.01       1.14 f
  u_cp/u_kvqd/U15371/ZN (CLKNAND2V12_140P7T30R)           0.01       1.15 r
  u_cp/u_kvqd/U18338/ZN (NAND2V8_140P7T30R)               0.01       1.16 f
  u_cp/u_kvqd/U7883/ZN (NAND3V8_140P7T30R)                0.01       1.17 r
  u_cp/u_kvqd/U20074/ZN (OAI112V4_140P7T30R)              0.02       1.19 f
  u_cp/u_kvqd/U15532/ZN (NAND3V6_140P7T30R)               0.01       1.20 r
  u_cp/u_kvqd/U7800/ZN (NAND2V6_140P7T30R)                0.01       1.21 f
  u_cp/u_kvqd/U12804/ZN (CLKNAND2V16_140P7T30R)           0.01       1.23 r
  u_cp/u_kvqd/U17878/ZN (NAND2XBV16_140P7T30R)            0.01       1.23 f
  u_cp/u_kvqd/U15642/ZN (CLKNAND2V16_140P7T30R)           0.01       1.24 r
  u_cp/u_kvqd/U15641/ZN (CLKINV32_140P7T30R)              0.01       1.26 f
  u_cp/u_kvqd/U7665/ZN (NAND2V3_140P7T30R)                0.01       1.26 r
  u_cp/u_kvqd/U7656/ZN (CLKNAND2V4_140P7T30R)             0.01       1.28 f
  u_cp/u_kvqd/U7639/ZN (NAND2XBV2_140P7T30R)              0.02       1.30 f
  u_cp/u_kvqd/U13878/ZN (NAND3V8_140P7T30R)               0.01       1.31 r
  u_cp/u_kvqd/U7611/ZN (NOR2V8_140P7T30R)                 0.01       1.32 f
  u_cp/u_kvqd/U10269/ZN (NOR2V12_140P7T30R)               0.01       1.33 r
  u_cp/u_kvqd/U15415/ZN (AOI12V12_140P7T30R)              0.02       1.35 f
  u_cp/u_kvqd/U33027/ZN (NOR2V16_140P7T30R)               0.02       1.37 r
  u_cp/u_kvqd/U33065/ZN (NOR2V16_140P7T30R)               0.02       1.38 f
  u_cp/u_kvqd/U11454/ZN (INV32_140P7T30R)                 0.01       1.40 r
  u_cp/u_kvqd/U14657/ZN (NOR2V16_140P7T30R)               0.01       1.40 f
  u_cp/u_kvqd/U10391/ZN (NOR2V16_140P7T30R)               0.01       1.41 r
  u_cp/u_kvqd/U15456/ZN (NAND2XBV16_140P7T30R)            0.01       1.42 f
  u_cp/u_kvqd/U14404/ZN (CLKNAND2V12_140P7T30R)           0.01       1.43 r
  u_cp/u_kvqd/U13028/ZN (CLKNAND2V12_140P7T30R)           0.01       1.43 f
  u_cp/u_kvqd/U16129/ZN (NOR2V16_140P7T30R)               0.01       1.45 r
  u_cp/u_kvqd/U16128/ZN (CLKNAND2V16_140P7T30R)           0.02       1.46 f
  u_cp/u_kvqd/U7318/Z (BUFV16_140P7T30R)                  0.02       1.48 f
  u_cp/u_kvqd/U7090/Z (XOR2V4_140P7T30R)                  0.02       1.50 f
  u_cp/u_kvqd/U24795/ZN (OAI22V4_140P7T30R)               0.02       1.52 r
  u_cp/u_kvqd/U31593/ZN (OAI12V4_140P7T30R)               0.02       1.54 f
  u_cp/u_kvqd/U40307/Z (AO1B2V4_140P7T30R)                0.01       1.55 r
  u_cp/u_kvqd/U39318/CO (AD1V4_140P7T30R)                 0.03       1.58 r
  u_cp/u_kvqd/U11015/ZN (XNOR2V2_140P7T30R)               0.02       1.60 r
  u_cp/u_kvqd/U12199/ZN (XNOR2V2_140P7T30R)               0.03       1.63 r
  u_cp/u_kvqd/U39451/Z (MAJ23V4_140P7T30R)                0.03       1.65 r
  u_cp/u_kvqd/U26840/ZN (NOR2V4_140P7T30R)                0.01       1.66 f
  u_cp/u_kvqd/U6543/ZN (NOR2V6_140P7T30R)                 0.01       1.68 r
  u_cp/u_kvqd/U11012/ZN (NAND2V6_140P7T30R)               0.01       1.69 f
  u_cp/u_kvqd/U12218/ZN (NOR2V8_140P7T30R)                0.02       1.71 r
  u_cp/u_kvqd/U21454/ZN (NAND2V3_140P7T30R)               0.01       1.72 f
  u_cp/u_kvqd/U20596/ZN (NOR2V6_140P7T30R)                0.01       1.73 r
  u_cp/u_kvqd/U6418/ZN (INV2_140P7T30R)                   0.01       1.74 f
  u_cp/u_kvqd/U33350/ZN (OAI12V12_140P7T30R)              0.02       1.76 r
  u_cp/u_kvqd/U17298/ZN (CLKNAND2V16_140P7T30R)           0.01       1.77 f
  u_cp/u_kvqd/U33321/ZN (CLKNAND2V16_140P7T30R)           0.01       1.78 r
  u_cp/u_kvqd/U14822/ZN (INV40_140P7T30R)                 0.01       1.79 f
  u_cp/u_kvqd/U15132/ZN (INV40_140P7T30R)                 0.01       1.80 r
  u_cp/u_kvqd/U17454/ZN (NOR2V16_140P7T30R)               0.00       1.81 f
  u_cp/u_kvqd/U33604/ZN (NOR2V16_140P7T30R)               0.01       1.82 r
  u_cp/u_kvqd/U6254/Z (CLKXOR2V6_140P7T30R)               0.02       1.84 r
  u_cp/u_kvqd/U6204/ZN (OAI22V8_140P7T30R)                0.02       1.86 f
  u_cp/u_kvqd/U24657/ZN (OAI12V6_140P7T30R)               0.01       1.87 r
  u_cp/u_kvqd/U6076/ZN (CLKNAND2V4_140P7T30R)             0.01       1.89 f
  u_cp/u_kvqd/U6046/ZN (AOI12V4_140P7T30R)                0.02       1.91 r
  u_cp/u_kvqd/U19272/Z (CLKXOR2V6_140P7T30R)              0.02       1.93 r
  u_cp/u_kvqd/U34001/ZN (XNOR2V4_140P7T30R)               0.03       1.95 r
  u_cp/u_kvqd/U5920/ZN (INV5_140P7T30R)                   0.01       1.96 f
  u_cp/u_kvqd/U5911/ZN (CLKNAND2V4_140P7T30R)             0.01       1.97 r
  u_cp/u_kvqd/U20550/ZN (NAND2XBV6_140P7T30R)             0.01       1.98 f
  u_cp/u_kvqd/U15278/ZN (NOR2V12_140P7T30R)               0.01       2.00 r
  u_cp/u_kvqd/U35833/ZN (NAND3V6_140P7T30R)               0.02       2.02 f
  u_cp/u_kvqd/U33940/ZN (NAND4V4_140P7T30R)               0.02       2.03 r
  u_cp/u_kvqd/U5844/Z (OA12V6_140P7T30R)                  0.02       2.06 r
  u_cp/u_kvqd/U15708/ZN (CLKNAND2V16_140P7T30R)           0.02       2.07 f
  u_cp/u_kvqd/U17755/ZN (NOR2V16_140P7T30R)               0.02       2.09 r
  u_cp/u_kvqd/U13619/ZN (INV16_140P7T30R)                 0.01       2.10 f
  u_cp/u_kvqd/U11380/ZN (CLKINV20_140P7T30R)              0.01       2.11 r
  u_cp/u_kvqd/U5813/ZN (NOR2V12_140P7T30R)                0.01       2.11 f
  u_cp/u_kvqd/U5791/ZN (AOI12V6_140P7T30R)                0.02       2.13 r
  u_cp/u_kvqd/U14275/ZN (NOR2V12_140P7T30R)               0.01       2.14 f
  u_cp/u_kvqd/U14515/ZN (NOR2V12_140P7T30R)               0.01       2.15 r
  u_cp/u_kvqd/U14531/ZN (INV20_140P7T30R)                 0.01       2.16 f
  u_cp/u_kvqd/U5689/ZN (INV24_140P7T30R)                  0.01       2.17 r
  u_cp/u_kvqd/U14517/ZN (NAND3V6_140P7T30R)               0.01       2.18 f
  u_cp/u_kvqd/U28500/ZN (INV4_140P7T30R)                  0.01       2.19 r
  u_cp/u_kvqd/U16501/ZN (NAND2V8_140P7T30R)               0.01       2.20 f
  u_cp/u_kvqd/U5501/ZN (OAI22V6_140P7T30R)                0.01       2.22 r
  u_cp/u_kvqd/U13860/Z (CLKOR2V16_140P7T30R)              0.02       2.23 r
  u_cp/u_kvqd/U5367/Z (OR2V4_140P7T30R)                   0.02       2.25 r
  u_cp/u_kvqd/U14512/ZN (OAI12V6_140P7T30R)               0.01       2.26 f
  u_cp/u_kvqd/U5327/ZN (AOI12V4_140P7T30R)                0.02       2.28 r
  u_cp/u_kvqd/U17785/ZN (NAND2V8_140P7T30R)               0.01       2.29 f
  u_cp/u_kvqd/U5247/ZN (AOI12V2_140P7T30R)                0.01       2.30 r
  u_cp/u_kvqd/U18371/ZN (NAND2V3_140P7T30R)               0.01       2.31 f
  u_cp/u_kvqd/U14958/ZN (XNOR2V4_140P7T30R)               0.02       2.34 f
  u_cp/u_kvqd/U13673/ZN (AOI12V8_140P7T30R)               0.02       2.35 r
  u_cp/u_kvqd/U14483/ZN (CLKNAND2V16_140P7T30R)           0.01       2.36 f
  u_cp/u_kvqd/U5145/ZN (NOR2V12_140P7T30R)                0.01       2.37 r
  u_cp/u_kvqd/U14277/ZN (NAND3V8_140P7T30R)               0.01       2.39 f
  u_cp/u_kvqd/U15100/ZN (NOR2V12_140P7T30R)               0.02       2.40 r
  u_cp/u_kvqd/U5078/ZN (NAND2V8_140P7T30R)                0.01       2.41 f
  u_cp/u_kvqd/U11292/ZN (CLKNAND2V16_140P7T30R)           0.01       2.43 r
  u_cp/u_kvqd/U5056/ZN (INV12_140P7T30R)                  0.01       2.43 f
  u_cp/u_kvqd/U14314/ZN (NOR2XBV16_140P7T30R)             0.02       2.45 f
  u_cp/u_kvqd/U10900/Z (AO1B2V4_140P7T30R)                0.03       2.48 f
  u_cp/u_kvqd/U11230/ZN (NOR2V16_140P7T30R)               0.02       2.49 r
  u_cp/u_kvqd/U11630/ZN (CLKNAND2V16_140P7T30R)           0.01       2.50 f
  u_cp/u_kvqd/U10278/ZN (NAND3V12_140P7T30R)              0.01       2.51 r
  u_cp/u_kvqd/U10699/ZN (CLKNAND2V16_140P7T30R)           0.02       2.53 f
  u_cp/u_kvqd/U10312/ZN (INV24_140P7T30R)                 0.01       2.54 r
  u_cp/u_kvqd/U11528/ZN (INV32_140P7T30R)                 0.01       2.54 f
  u_cp/u_kvqd/U4571/S (AD1V2_140P7T30R)                   0.05       2.60 r
  u_cp/u_kvqd/U28316/ZN (OAI12V4_140P7T30R)               0.02       2.61 f
  u_cp/u_kvqd/U17834/ZN (OAI12V6_140P7T30R)               0.01       2.62 r
  u_cp/u_kvqd/U33352/Z (CLKXOR2V6_140P7T30R)              0.02       2.65 r
  u_cp/u_kvqd/U33351/Z (CLKXOR2V6_140P7T30R)              0.02       2.67 r
  u_cp/u_kvqd/U10717/ZN (XNOR2V4_140P7T30R)               0.02       2.69 r
  u_cp/u_kvqd/U16486/ZN (XNOR2V4_140P7T30R)               0.03       2.72 r
  u_cp/u_kvqd/U4043/ZN (OAI12V4_140P7T30R)                0.02       2.74 f
  u_cp/u_kvqd/U15230/ZN (NAND2V6_140P7T30R)               0.01       2.75 r
  u_cp/u_kvqd/U17977/ZN (NAND2V8_140P7T30R)               0.01       2.76 f
  u_cp/u_kvqd/U13711/ZN (OAI12V8_140P7T30R)               0.01       2.77 r
  u_cp/u_kvqd/U16088/ZN (NAND2V8_140P7T30R)               0.01       2.78 f
  u_cp/u_kvqd/U3834/ZN (CLKNAND2V16_140P7T30R)            0.01       2.79 r
  u_cp/u_kvqd/U12833/ZN (CLKNAND2V16_140P7T30R)           0.01       2.80 f
  u_cp/u_kvqd/U13750/ZN (CLKNAND2V16_140P7T30R)           0.01       2.81 r
  u_cp/u_kvqd/U13749/ZN (NOR2V16_140P7T30R)               0.01       2.82 f
  u_cp/u_kvqd/U13730/ZN (NOR2XBV16_140P7T30R)             0.01       2.82 r
  u_cp/u_kvqd/U13662/ZN (NOR2V16_140P7T30R)               0.01       2.83 f
  u_cp/u_kvqd/U17549/ZN (AOI13V6_140P7T30R)               0.02       2.85 r
  u_cp/u_kvqd/U13073/ZN (CLKNAND2V16_140P7T30R)           0.01       2.86 f
  u_cp/u_kvqd/U17276/ZN (CLKINV32_140P7T30R)              0.01       2.87 r
  u_cp/u_kvqd/U13647/ZN (INV40_140P7T30R)                 0.01       2.88 f
  u_cp/u_kvqd/U18287/ZN (NOR2V16_140P7T30R)               0.02       2.90 r
  u_cp/u_kvqd/U13674/Z (CLKXOR2V12_140P7T30R)             0.02       2.93 r
  u_cp/u_kvqd/U14239/ZN (OAI22V8_140P7T30R)               0.02       2.94 f
  u_cp/u_kvqd/U14238/ZN (XNOR2V4_140P7T30R)               0.03       2.97 f
  u_cp/u_kvqd/U17151/ZN (XNOR2V4_140P7T30R)               0.02       2.99 f
  u_cp/u_kvqd/U36371/Z (MAJ23V4_140P7T30R)                0.02       3.02 f
  u_cp/u_kvqd/U30392/ZN (NAND2XBV8_140P7T30R)             0.02       3.04 f
  u_cp/u_kvqd/U11894/ZN (AOI12V6_140P7T30R)               0.01       3.05 r
  u_cp/u_kvqd/U11893/ZN (OAI12V8_140P7T30R)               0.01       3.06 f
  u_cp/u_kvqd/U36095/ZN (AOI12V12_140P7T30R)              0.01       3.08 r
  u_cp/u_kvqd/U18572/ZN (NOR2V16_140P7T30R)               0.01       3.09 f
  u_cp/u_kvqd/U15542/ZN (INV7_140P7T30R)                  0.01       3.09 r
  u_cp/u_kvqd/U13026/ZN (CLKNAND2V12_140P7T30R)           0.01       3.10 f
  u_cp/u_kvqd/U11203/ZN (CLKNAND2V12_140P7T30R)           0.01       3.11 r
  u_cp/u_kvqd/U33974/ZN (NOR2V16_140P7T30R)               0.01       3.12 f
  u_cp/u_kvqd/U15110/ZN (INV40_140P7T30R)                 0.01       3.13 r
  u_cp/u_kvqd/U3337/ZN (NAND2XBV8_140P7T30R)              0.01       3.14 f
  u_cp/u_kvqd/U34334/ZN (OAI12V12_140P7T30R)              0.01       3.15 r
  u_cp/u_kvqd/U35915/ZN (NAND3V8_140P7T30R)               0.01       3.16 f
  u_cp/u_kvqd/U12675/ZN (NAND2XBV16_140P7T30R)            0.02       3.18 f
  u_cp/u_kvqd/U33205/ZN (AOI12V12_140P7T30R)              0.02       3.20 r
  u_cp/u_kvqd/U17067/ZN (INV24_140P7T30R)                 0.01       3.21 f
  u_cp/u_kvqd/U15190/ZN (NOR2V16_140P7T30R)               0.01       3.22 r
  u_cp/u_kvqd/U19080/ZN (INV12_140P7T30R)                 0.01       3.22 f
  u_cp/u_kvqd/U16095/ZN (AOI12V6_140P7T30R)               0.01       3.24 r
  u_cp/u_kvqd/U3173/ZN (CLKNAND2V4_140P7T30R)             0.01       3.25 f
  u_cp/u_kvqd/U33040/ZN (OAI12V12_140P7T30R)              0.01       3.26 r
  u_cp/u_kvqd/U3035/ZN (NOR2V4_140P7T30R)                 0.01       3.27 f
  u_cp/u_kvqd/U28042/ZN (AOI12V8_140P7T30R)               0.02       3.29 r
  u_cp/u_kvqd/U19028/ZN (NAND2V8_140P7T30R)               0.01       3.30 f
  u_cp/u_kvqd/U15189/ZN (NAND3V12_140P7T30R)              0.01       3.31 r
  u_cp/u_kvqd/U2913/ZN (INV8_140P7T30R)                   0.01       3.31 f
  u_cp/u_kvqd/U19018/ZN (NOR2V12_140P7T30R)               0.01       3.32 r
  u_cp/u_kvqd/U15180/ZN (OAI12V8_140P7T30R)               0.01       3.33 f
  u_cp/u_kvqd/U20334/ZN (AOI12V6_140P7T30R)               0.02       3.35 r
  u_cp/u_kvqd/U19166/ZN (OAI12V8_140P7T30R)               0.02       3.37 f
  u_cp/u_kvqd/U2762/Z (BUFV7_140P7T30R)                   0.02       3.38 f
  u_cp/u_kvqd/U2752/ZN (NAND2XBV6_140P7T30R)              0.01       3.39 r
  u_cp/u_kvqd/U25767/ZN (INV4_140P7T30R)                  0.01       3.39 f
  u_cp/u_kvqd/U17018/ZN (NOR2V6_140P7T30R)                0.01       3.40 r
  u_cp/u_kvqd/U27993/ZN (CLKNAND2V4_140P7T30R)            0.01       3.41 f
  u_cp/u_kvqd/U14950/ZN (NAND2V8_140P7T30R)               0.01       3.42 r
  u_cp/u_kvqd/U2639/ZN (NAND2V6_140P7T30R)                0.01       3.43 f
  u_cp/u_kvqd/U12164/ZN (NAND2V8_140P7T30R)               0.01       3.44 r
  u_cp/u_kvqd/U11913/ZN (INV16_140P7T30R)                 0.01       3.45 f
  u_cp/u_kvqd/U11869/ZN (CLKNAND2V12_140P7T30R)           0.01       3.45 r
  u_cp/u_kvqd/U16011/ZN (INV7_140P7T30R)                  0.00       3.46 f
  u_cp/u_kvqd/U33101/ZN (NAND3V8_140P7T30R)               0.01       3.46 r
  u_cp/u_kvqd/U13834/ZN (NOR2V12_140P7T30R)               0.01       3.47 f
  u_cp/u_kvqd/U17827/ZN (INV12_140P7T30R)                 0.01       3.48 r
  u_cp/u_kvqd/U18672/ZN (NOR2V16_140P7T30R)               0.01       3.48 f
  u_cp/u_kvqd/U33247/ZN (NOR2V16_140P7T30R)               0.02       3.50 r
  u_cp/u_kvqd/U33246/ZN (NOR2V16_140P7T30R)               0.01       3.52 f
  u_cp/u_kvqd/U11934/ZN (INV32_140P7T30R)                 0.01       3.53 r
  u_cp/u_kvqd/U2455/ZN (NOR2XBV12_140P7T30R)              0.01       3.54 f
  u_cp/u_kvqd/U15209/ZN (NOR2V16_140P7T30R)               0.01       3.54 r
  u_cp/u_kvqd/U2390/ZN (CLKNAND2V12_140P7T30R)            0.01       3.55 f
  u_cp/u_kvqd/U2314/ZN (OAI22V6_140P7T30R)                0.01       3.57 r
  u_cp/u_kvqd/U2287/ZN (NAND2V8_140P7T30R)                0.01       3.58 f
  u_cp/u_kvqd/U12060/ZN (CLKNAND2V16_140P7T30R)           0.01       3.59 r
  u_cp/u_kvqd/U12628/ZN (NAND2XBV16_140P7T30R)            0.02       3.60 f
  u_cp/u_kvqd/U24076/Z (CLKXOR2V6_140P7T30R)              0.03       3.63 f
  u_cp/u_kvqd/U25596/ZN (OAI22V8_140P7T30R)               0.02       3.65 r
  u_cp/u_kvqd/U33567/Z (CLKXOR2V6_140P7T30R)              0.02       3.67 r
  u_cp/u_kvqd/U35537/Z (CLKXOR2V6_140P7T30R)              0.03       3.70 r
  u_cp/u_kvqd/U13261/ZN (NAND2V6_140P7T30R)               0.01       3.71 f
  u_cp/u_kvqd/U12047/ZN (CLKNAND2V12_140P7T30R)           0.01       3.72 r
  u_cp/u_kvqd/U1519/ZN (OAI12V6_140P7T30R)                0.01       3.73 f
  u_cp/u_kvqd/U1463/ZN (NAND2V8_140P7T30R)                0.01       3.74 r
  u_cp/u_kvqd/U12045/ZN (XNOR2V4_140P7T30R)               0.02       3.76 r
  u_cp/u_kvqd/U12044/ZN (XNOR2V4_140P7T30R)               0.03       3.79 r
  u_cp/u_kvqd/U14365/Z (CLKXOR2V6_140P7T30R)              0.03       3.82 r
  u_cp/u_kvqd/U14364/ZN (NOR2V12_140P7T30R)               0.01       3.82 f
  u_cp/u_kvqd/U35652/ZN (NOR3V8_140P7T30R)                0.01       3.84 r
  u_cp/u_kvqd/U33986/ZN (AOI12V12_140P7T30R)              0.01       3.85 f
  u_cp/u_kvqd/U13569/ZN (OAI12V12_140P7T30R)              0.01       3.87 r
  u_cp/u_kvqd/U13568/ZN (CLKNAND2V16_140P7T30R)           0.01       3.88 f
  u_cp/u_kvqd/U13593/ZN (NAND2V8_140P7T30R)               0.01       3.88 r
  u_cp/u_kvqd/U29701/ZN (NAND2XBV12_140P7T30R)            0.01       3.89 f
  u_cp/u_kvqd/U17830/ZN (CLKNAND2V16_140P7T30R)           0.01       3.90 r
  u_cp/u_kvqd/U1178/ZN (NAND2XBV12_140P7T30R)             0.01       3.91 f
  u_cp/u_kvqd/U33574/ZN (NOR2V16_140P7T30R)               0.02       3.93 r
  u_cp/u_kvqd/U13559/ZN (INV32_140P7T30R)                 0.01       3.94 f
  u_cp/u_kvqd/U1107/ZN (INV20_140P7T30R)                  0.01       3.95 r
  u_cp/u_kvqd/U19103/ZN (CLKNAND2V16_140P7T30R)           0.01       3.96 f
  u_cp/u_kvqd/U1059/Z (AO12V2_140P7T30R)                  0.03       3.98 f
  u_cp/u_kvqd/U13462/ZN (NAND2V8_140P7T30R)               0.01       3.99 r
  u_cp/u_kvqd/U1008/ZN (OAI22V8_140P7T30R)                0.01       4.01 f
  u_cp/u_kvqd/U18364/ZN (INV8_140P7T30R)                  0.01       4.01 r
  u_cp/u_kvqd/U17970/ZN (OAI12V8_140P7T30R)               0.01       4.03 f
  u_cp/u_kvqd/U18821/ZN (OAI12V12_140P7T30R)              0.01       4.03 r
  u_cp/u_kvqd/U29627/ZN (NAND2V8_140P7T30R)               0.01       4.04 f
  u_cp/u_kvqd/U29619/Z (AND2V4_140P7T30R)                 0.02       4.06 f
  u_cp/u_kvqd/U34208/Z (AO12V8_140P7T30R)                 0.02       4.08 f
  u_cp/u_kvqd/U29598/ZN (NOR2V12_140P7T30R)               0.01       4.10 r
  u_cp/u_kvqd/U13561/ZN (OAI12V8_140P7T30R)               0.01       4.11 f
  u_cp/u_kvqd/U15850/ZN (NAND3V8_140P7T30R)               0.01       4.12 r
  u_cp/u_kvqd/U14882/ZN (NAND3V6_140P7T30R)               0.01       4.13 f
  u_cp/u_kvqd/U14881/ZN (MUX2NV4_140P7T30R)               0.02       4.15 r
  u_cp/u_kvqd/U33175/ZN (CLKNAND2V12_140P7T30R)           0.01       4.16 f
  u_cp/u_kvqd/U14253/ZN (NOR2V16_140P7T30R)               0.02       4.18 r
  u_cp/u_kvqd/U14251/ZN (INV32_140P7T30R)                 0.01       4.19 f
  u_cp/u_kvqd/U689/ZN (INV20_140P7T30R)                   0.01       4.20 r
  u_cp/u_kvqd/U21833/ZN (NAND2XBV4_140P7T30R)             0.01       4.21 f
  u_cp/u_kvqd/U16091/ZN (NAND2V8_140P7T30R)               0.01       4.22 r
  u_cp/u_kvqd/U14953/ZN (AOI12V8_140P7T30R)               0.01       4.23 f
  u_cp/u_kvqd/U34627/ZN (NAND2V8_140P7T30R)               0.01       4.24 r
  u_cp/u_kvqd/U34635/Z (CLKXOR2V12_140P7T30R)             0.02       4.27 r
  u_cp/u_kvqd/U465/Z (AND3V2_140P7T30R)                   0.04       4.30 r
  u_cp/u_kvqd/U19869/ZN (NOR2V12_140P7T30R)               0.01       4.31 f
  u_cp/u_kvqd/U35789/ZN (NOR2V16_140P7T30R)               0.01       4.33 r
  u_cp/u_kvqd/U35662/ZN (CLKNAND2V16_140P7T30R)           0.01       4.34 f
  u_cp/u_kvqd/U11964/ZN (CLKINV16_140P7T30R)              0.01       4.34 r
  u_cp/u_kvqd/U34592/ZN (NAND3V12_140P7T30R)              0.01       4.36 f
  u_cp/u_kvqd/U14917/ZN (INV8_140P7T30R)                  0.01       4.37 r
  u_cp/u_kvqd/U35779/Z (CLKXOR2V6_140P7T30R)              0.02       4.38 r
  u_cp/u_kvqd/U19862/ZN (NOR2V8_140P7T30R)                0.01       4.39 f
  u_cp/u_kvqd/U19905/ZN (NOR2V8_140P7T30R)                0.01       4.40 r
  u_cp/u_kvqd/U39922/ZN (NAND3V8_140P7T30R)               0.02       4.42 f
  u_cp/u_kvqd/U15457/ZN (NOR2V16_140P7T30R)               0.02       4.43 r
  u_cp/u_kvqd/U14937/ZN (NAND2XBV16_140P7T30R)            0.01       4.44 f
  u_cp/u_kvqd/U13467/ZN (CLKINV20_140P7T30R)              0.01       4.45 r
  u_cp/u_kvqd/U11627/ZN (NAND4V6_140P7T30R)               0.02       4.47 f
  u_cp/u_kvqd/U11626/ZN (XNOR2V4_140P7T30R)               0.03       4.50 f
  u_cp/u_kvqd/U39851/ZN (NOR2V6_140P7T30R)                0.01       4.51 r
  u_cp/u_kvqd/U39944/ZN (AOI13V6_140P7T30R)               0.02       4.52 f
  u_cp/u_kvqd/U13929/ZN (NOR2V12_140P7T30R)               0.01       4.54 r
  u_cp/u_kvqd/U9874/ZN (CLKNAND2V4_140P7T30R)             0.01       4.55 f
  u_cp/u_kvqd/U6/ZN (CLKNAND2V4_140P7T30R)                0.01       4.56 r
  u_cp/u_kvqd/U15965/ZN (NAND4V6_140P7T30R)               0.02       4.58 f
  u_cp/u_kvqd/wr_data[6] (kv_quantdequant)                0.00       4.58 f
  U588/ZN (INV4_140P7T30R)                                0.01       4.58 r
  U589/ZN (OAI12V2_140P7T30R)                             0.01       4.59 f
  hbm_wdata[6] (out)                                      0.00       4.59 f
  data arrival time                                                  4.59

  clock clk (rise edge)                                   1.00       1.00
  clock network delay (ideal)                             0.00       1.00
  output external delay                                   0.00       1.00
  data required time                                                 1.00
  --------------------------------------------------------------------------
  data required time                                                 1.00
  data arrival time                                                 -4.59
  --------------------------------------------------------------------------
  slack (VIOLATED)                                                  -3.59


  Startpoint: u_cp/u_kvqd/s_bits_reg[2]
              (rising edge-triggered flip-flop clocked by clk)
  Endpoint: hbm_wdata[5]
            (output port clocked by clk)
  Path Group: clk
  Path Type: max

  Point                                                   Incr       Path
  --------------------------------------------------------------------------
  clock clk (rise edge)                                   0.00       0.00
  clock network delay (ideal)                             0.00       0.00
  u_cp/u_kvqd/s_bits_reg[2]/CK (DQV4_140P7T30R)           0.00 #     0.00 r
  u_cp/u_kvqd/s_bits_reg[2]/Q (DQV4_140P7T30R)            0.05       0.05 f
  u_cp/u_kvqd/U9698/Z (BUFV16_140P7T30R)                  0.02       0.06 f
  u_cp/u_kvqd/U36301/ZN (XNOR2V4_140P7T30R)               0.02       0.08 f
  u_cp/u_kvqd/U22841/ZN (INV4_140P7T30R)                  0.01       0.10 r
  u_cp/u_kvqd/U12781/ZN (NOR2V16_140P7T30R)               0.01       0.10 f
  u_cp/u_kvqd/U11232/ZN (NOR2V16_140P7T30R)               0.01       0.11 r
  u_cp/u_kvqd/U9633/Z (CLKXOR2V6_140P7T30R)               0.02       0.13 r
  u_cp/u_kvqd/U16418/Z (CLKXOR2V6_140P7T30R)              0.02       0.16 r
  u_cp/u_kvqd/U34165/Z (CLKXOR2V6_140P7T30R)              0.02       0.18 r
  u_cp/u_kvqd/U34687/ZN (NOR2V4_140P7T30R)                0.01       0.19 f
  u_cp/u_kvqd/U17896/ZN (NAND2XBV16_140P7T30R)            0.02       0.21 f
  u_cp/u_kvqd/U10149/ZN (NOR2V16_140P7T30R)               0.01       0.22 r
  u_cp/u_kvqd/U10177/ZN (CLKINV20_140P7T30R)              0.01       0.23 f
  u_cp/u_kvqd/U33875/ZN (OAI12V12_140P7T30R)              0.01       0.24 r
  u_cp/u_kvqd/U13346/ZN (CLKNAND2V12_140P7T30R)           0.01       0.25 f
  u_cp/u_kvqd/U33960/ZN (NAND2XBV16_140P7T30R)            0.01       0.26 r
  u_cp/u_kvqd/U9513/Z (BUFV10_140P7T30R)                  0.02       0.28 r
  u_cp/u_kvqd/U23845/ZN (NAND2V8_140P7T30R)               0.01       0.29 f
  u_cp/u_kvqd/U19889/ZN (NOR2V12_140P7T30R)               0.01       0.30 r
  u_cp/u_kvqd/U18370/ZN (OAI12V6_140P7T30R)               0.01       0.31 f
  u_cp/u_kvqd/U15297/ZN (NAND3V8_140P7T30R)               0.01       0.32 r
  u_cp/u_kvqd/U18827/ZN (XNOR2V4_140P7T30R)               0.03       0.35 r
  u_cp/u_kvqd/U33815/ZN (NAND3V8_140P7T30R)               0.02       0.37 f
  u_cp/u_kvqd/U9469/ZN (NOR2V12_140P7T30R)                0.01       0.38 r
  u_cp/u_kvqd/U10314/ZN (CLKNAND2V16_140P7T30R)           0.01       0.39 f
  u_cp/u_kvqd/U12764/ZN (NAND2XBV16_140P7T30R)            0.01       0.41 r
  u_cp/u_kvqd/U9451/ZN (INV24_140P7T30R)                  0.01       0.41 f
  u_cp/u_kvqd/U9446/ZN (CLKINV32_140P7T30R)               0.01       0.42 r
  u_cp/u_kvqd/U9417/ZN (NOR2V12_140P7T30R)                0.01       0.43 f
  u_cp/u_kvqd/U36014/ZN (AOI12V12_140P7T30R)              0.01       0.44 r
  u_cp/u_kvqd/U9381/ZN (NAND2V6_140P7T30R)                0.01       0.45 f
  u_cp/u_kvqd/U12472/ZN (NOR2V8_140P7T30R)                0.01       0.46 r
  u_cp/u_kvqd/U9352/ZN (NOR2V6_140P7T30R)                 0.01       0.46 f
  u_cp/u_kvqd/U16913/ZN (OAI12V8_140P7T30R)               0.01       0.47 r
  u_cp/u_kvqd/U16914/ZN (CLKNAND2V16_140P7T30R)           0.01       0.49 f
  u_cp/u_kvqd/U18604/ZN (NOR2V12_140P7T30R)               0.01       0.50 r
  u_cp/u_kvqd/U40039/S (AD1V4_140P7T30R)                  0.05       0.54 f
  u_cp/u_kvqd/U13038/ZN (XNOR2V4_140P7T30R)               0.02       0.57 f
  u_cp/u_kvqd/U17535/ZN (XNOR2V4_140P7T30R)               0.03       0.59 f
  u_cp/u_kvqd/U17534/Z (AO1B2V4_140P7T30R)                0.01       0.60 r
  u_cp/u_kvqd/U8993/ZN (NAND2V6_140P7T30R)                0.01       0.62 f
  u_cp/u_kvqd/U11489/ZN (NOR2V12_140P7T30R)               0.01       0.63 r
  u_cp/u_kvqd/U13037/ZN (INV7_140P7T30R)                  0.01       0.64 f
  u_cp/u_kvqd/U21684/ZN (AOI12V8_140P7T30R)               0.01       0.65 r
  u_cp/u_kvqd/U17136/ZN (OAI12V8_140P7T30R)               0.01       0.66 f
  u_cp/u_kvqd/U18918/ZN (NAND2XBV8_140P7T30R)             0.01       0.67 r
  u_cp/u_kvqd/U13030/ZN (NAND2XBV12_140P7T30R)            0.01       0.68 f
  u_cp/u_kvqd/U33353/Z (OA12V8_140P7T30R)                 0.02       0.70 f
  u_cp/u_kvqd/U14720/ZN (NOR2V16_140P7T30R)               0.01       0.71 r
  u_cp/u_kvqd/U33408/ZN (CLKNAND2V16_140P7T30R)           0.01       0.72 f
  u_cp/u_kvqd/U35905/ZN (CLKNAND2V16_140P7T30R)           0.02       0.74 r
  u_cp/u_kvqd/U8718/ZN (NOR2V8_140P7T30R)                 0.01       0.75 f
  u_cp/u_kvqd/U13007/Z (CLKOR2V16_140P7T30R)              0.02       0.77 f
  u_cp/u_kvqd/U8648/ZN (INV5_140P7T30R)                   0.01       0.78 r
  u_cp/u_kvqd/U39414/Z (AO1B2V4_140P7T30R)                0.02       0.80 r
  u_cp/u_kvqd/U14360/ZN (XNOR2V4_140P7T30R)               0.02       0.82 r
  u_cp/u_kvqd/U33519/ZN (XNOR2V4_140P7T30R)               0.03       0.85 r
  u_cp/u_kvqd/U33518/Z (CLKXOR2V6_140P7T30R)              0.02       0.87 r
  u_cp/u_kvqd/U33520/Z (CLKXOR2V6_140P7T30R)              0.02       0.90 r
  u_cp/u_kvqd/U8386/ZN (CLKNAND2V4_140P7T30R)             0.01       0.91 f
  u_cp/u_kvqd/U17872/ZN (OAI12V8_140P7T30R)               0.01       0.93 r
  u_cp/u_kvqd/U14903/ZN (AOI12V8_140P7T30R)               0.01       0.94 f
  u_cp/u_kvqd/U14938/ZN (OAI12V12_140P7T30R)              0.02       0.95 r
  u_cp/u_kvqd/U14212/ZN (CLKNAND2V12_140P7T30R)           0.01       0.96 f
  u_cp/u_kvqd/U35370/ZN (OAI12V12_140P7T30R)              0.01       0.97 r
  u_cp/u_kvqd/U16141/ZN (NOR2V16_140P7T30R)               0.01       0.98 f
  u_cp/u_kvqd/U11956/ZN (INV24_140P7T30R)                 0.01       0.99 r
  u_cp/u_kvqd/U8292/ZN (NAND2V6_140P7T30R)                0.01       1.00 f
  u_cp/u_kvqd/U11375/ZN (OAI12V12_140P7T30R)              0.01       1.01 r
  u_cp/u_kvqd/U12207/ZN (CLKNAND2V16_140P7T30R)           0.01       1.02 f
  u_cp/u_kvqd/U19629/ZN (OAI12V12_140P7T30R)              0.02       1.04 r
  u_cp/u_kvqd/U10248/ZN (NOR2V12_140P7T30R)               0.01       1.05 f
  u_cp/u_kvqd/U8260/ZN (NOR2V12_140P7T30R)                0.01       1.06 r
  u_cp/u_kvqd/U20079/ZN (CLKNAND2V16_140P7T30R)           0.01       1.07 f
  u_cp/u_kvqd/U13831/ZN (NAND2XBV16_140P7T30R)            0.01       1.08 r
  u_cp/u_kvqd/U8215/Z (BUFV10_140P7T30R)                  0.01       1.10 r
  u_cp/u_kvqd/U8162/ZN (OAI22V4_140P7T30R)                0.01       1.11 f
  u_cp/u_kvqd/U16505/ZN (NOR3V8_140P7T30R)                0.02       1.13 r
  u_cp/u_kvqd/U15079/ZN (NAND2XBV8_140P7T30R)             0.01       1.14 f
  u_cp/u_kvqd/U15371/ZN (CLKNAND2V12_140P7T30R)           0.01       1.15 r
  u_cp/u_kvqd/U18338/ZN (NAND2V8_140P7T30R)               0.01       1.16 f
  u_cp/u_kvqd/U7883/ZN (NAND3V8_140P7T30R)                0.01       1.17 r
  u_cp/u_kvqd/U20074/ZN (OAI112V4_140P7T30R)              0.02       1.19 f
  u_cp/u_kvqd/U15532/ZN (NAND3V6_140P7T30R)               0.01       1.20 r
  u_cp/u_kvqd/U7800/ZN (NAND2V6_140P7T30R)                0.01       1.21 f
  u_cp/u_kvqd/U12804/ZN (CLKNAND2V16_140P7T30R)           0.01       1.23 r
  u_cp/u_kvqd/U17878/ZN (NAND2XBV16_140P7T30R)            0.01       1.23 f
  u_cp/u_kvqd/U15642/ZN (CLKNAND2V16_140P7T30R)           0.01       1.24 r
  u_cp/u_kvqd/U15641/ZN (CLKINV32_140P7T30R)              0.01       1.26 f
  u_cp/u_kvqd/U7665/ZN (NAND2V3_140P7T30R)                0.01       1.26 r
  u_cp/u_kvqd/U7656/ZN (CLKNAND2V4_140P7T30R)             0.01       1.28 f
  u_cp/u_kvqd/U7639/ZN (NAND2XBV2_140P7T30R)              0.02       1.30 f
  u_cp/u_kvqd/U13878/ZN (NAND3V8_140P7T30R)               0.01       1.31 r
  u_cp/u_kvqd/U7611/ZN (NOR2V8_140P7T30R)                 0.01       1.32 f
  u_cp/u_kvqd/U10269/ZN (NOR2V12_140P7T30R)               0.01       1.33 r
  u_cp/u_kvqd/U15415/ZN (AOI12V12_140P7T30R)              0.02       1.35 f
  u_cp/u_kvqd/U33027/ZN (NOR2V16_140P7T30R)               0.02       1.37 r
  u_cp/u_kvqd/U33065/ZN (NOR2V16_140P7T30R)               0.02       1.38 f
  u_cp/u_kvqd/U11454/ZN (INV32_140P7T30R)                 0.01       1.40 r
  u_cp/u_kvqd/U14657/ZN (NOR2V16_140P7T30R)               0.01       1.40 f
  u_cp/u_kvqd/U10391/ZN (NOR2V16_140P7T30R)               0.01       1.41 r
  u_cp/u_kvqd/U15456/ZN (NAND2XBV16_140P7T30R)            0.01       1.42 f
  u_cp/u_kvqd/U14404/ZN (CLKNAND2V12_140P7T30R)           0.01       1.43 r
  u_cp/u_kvqd/U13028/ZN (CLKNAND2V12_140P7T30R)           0.01       1.43 f
  u_cp/u_kvqd/U16129/ZN (NOR2V16_140P7T30R)               0.01       1.45 r
  u_cp/u_kvqd/U16128/ZN (CLKNAND2V16_140P7T30R)           0.02       1.46 f
  u_cp/u_kvqd/U7318/Z (BUFV16_140P7T30R)                  0.02       1.48 f
  u_cp/u_kvqd/U7090/Z (XOR2V4_140P7T30R)                  0.02       1.50 f
  u_cp/u_kvqd/U24795/ZN (OAI22V4_140P7T30R)               0.02       1.52 r
  u_cp/u_kvqd/U31593/ZN (OAI12V4_140P7T30R)               0.02       1.54 f
  u_cp/u_kvqd/U40307/Z (AO1B2V4_140P7T30R)                0.01       1.55 r
  u_cp/u_kvqd/U39318/CO (AD1V4_140P7T30R)                 0.03       1.58 r
  u_cp/u_kvqd/U11015/ZN (XNOR2V2_140P7T30R)               0.02       1.60 r
  u_cp/u_kvqd/U12199/ZN (XNOR2V2_140P7T30R)               0.03       1.63 r
  u_cp/u_kvqd/U39451/Z (MAJ23V4_140P7T30R)                0.03       1.65 r
  u_cp/u_kvqd/U26840/ZN (NOR2V4_140P7T30R)                0.01       1.66 f
  u_cp/u_kvqd/U6543/ZN (NOR2V6_140P7T30R)                 0.01       1.68 r
  u_cp/u_kvqd/U11012/ZN (NAND2V6_140P7T30R)               0.01       1.69 f
  u_cp/u_kvqd/U12218/ZN (NOR2V8_140P7T30R)                0.02       1.71 r
  u_cp/u_kvqd/U21454/ZN (NAND2V3_140P7T30R)               0.01       1.72 f
  u_cp/u_kvqd/U20596/ZN (NOR2V6_140P7T30R)                0.01       1.73 r
  u_cp/u_kvqd/U6418/ZN (INV2_140P7T30R)                   0.01       1.74 f
  u_cp/u_kvqd/U33350/ZN (OAI12V12_140P7T30R)              0.02       1.76 r
  u_cp/u_kvqd/U17298/ZN (CLKNAND2V16_140P7T30R)           0.01       1.77 f
  u_cp/u_kvqd/U33321/ZN (CLKNAND2V16_140P7T30R)           0.01       1.78 r
  u_cp/u_kvqd/U14822/ZN (INV40_140P7T30R)                 0.01       1.79 f
  u_cp/u_kvqd/U15132/ZN (INV40_140P7T30R)                 0.01       1.80 r
  u_cp/u_kvqd/U17454/ZN (NOR2V16_140P7T30R)               0.00       1.81 f
  u_cp/u_kvqd/U33604/ZN (NOR2V16_140P7T30R)               0.01       1.82 r
  u_cp/u_kvqd/U6254/Z (CLKXOR2V6_140P7T30R)               0.02       1.84 r
  u_cp/u_kvqd/U6204/ZN (OAI22V8_140P7T30R)                0.02       1.86 f
  u_cp/u_kvqd/U24657/ZN (OAI12V6_140P7T30R)               0.01       1.87 r
  u_cp/u_kvqd/U6076/ZN (CLKNAND2V4_140P7T30R)             0.01       1.89 f
  u_cp/u_kvqd/U6046/ZN (AOI12V4_140P7T30R)                0.02       1.91 r
  u_cp/u_kvqd/U19272/Z (CLKXOR2V6_140P7T30R)              0.02       1.93 r
  u_cp/u_kvqd/U34001/ZN (XNOR2V4_140P7T30R)               0.03       1.95 r
  u_cp/u_kvqd/U5920/ZN (INV5_140P7T30R)                   0.01       1.96 f
  u_cp/u_kvqd/U5911/ZN (CLKNAND2V4_140P7T30R)             0.01       1.97 r
  u_cp/u_kvqd/U20550/ZN (NAND2XBV6_140P7T30R)             0.01       1.98 f
  u_cp/u_kvqd/U15278/ZN (NOR2V12_140P7T30R)               0.01       2.00 r
  u_cp/u_kvqd/U35833/ZN (NAND3V6_140P7T30R)               0.02       2.02 f
  u_cp/u_kvqd/U33940/ZN (NAND4V4_140P7T30R)               0.02       2.03 r
  u_cp/u_kvqd/U5844/Z (OA12V6_140P7T30R)                  0.02       2.06 r
  u_cp/u_kvqd/U15708/ZN (CLKNAND2V16_140P7T30R)           0.02       2.07 f
  u_cp/u_kvqd/U17755/ZN (NOR2V16_140P7T30R)               0.02       2.09 r
  u_cp/u_kvqd/U13619/ZN (INV16_140P7T30R)                 0.01       2.10 f
  u_cp/u_kvqd/U11380/ZN (CLKINV20_140P7T30R)              0.01       2.11 r
  u_cp/u_kvqd/U5813/ZN (NOR2V12_140P7T30R)                0.01       2.11 f
  u_cp/u_kvqd/U5791/ZN (AOI12V6_140P7T30R)                0.02       2.13 r
  u_cp/u_kvqd/U14275/ZN (NOR2V12_140P7T30R)               0.01       2.14 f
  u_cp/u_kvqd/U14515/ZN (NOR2V12_140P7T30R)               0.01       2.15 r
  u_cp/u_kvqd/U14531/ZN (INV20_140P7T30R)                 0.01       2.16 f
  u_cp/u_kvqd/U5689/ZN (INV24_140P7T30R)                  0.01       2.17 r
  u_cp/u_kvqd/U14517/ZN (NAND3V6_140P7T30R)               0.01       2.18 f
  u_cp/u_kvqd/U28500/ZN (INV4_140P7T30R)                  0.01       2.19 r
  u_cp/u_kvqd/U16501/ZN (NAND2V8_140P7T30R)               0.01       2.20 f
  u_cp/u_kvqd/U5501/ZN (OAI22V6_140P7T30R)                0.01       2.22 r
  u_cp/u_kvqd/U13860/Z (CLKOR2V16_140P7T30R)              0.02       2.23 r
  u_cp/u_kvqd/U5367/Z (OR2V4_140P7T30R)                   0.02       2.25 r
  u_cp/u_kvqd/U14512/ZN (OAI12V6_140P7T30R)               0.01       2.26 f
  u_cp/u_kvqd/U5327/ZN (AOI12V4_140P7T30R)                0.02       2.28 r
  u_cp/u_kvqd/U17785/ZN (NAND2V8_140P7T30R)               0.01       2.29 f
  u_cp/u_kvqd/U5247/ZN (AOI12V2_140P7T30R)                0.01       2.30 r
  u_cp/u_kvqd/U18371/ZN (NAND2V3_140P7T30R)               0.01       2.31 f
  u_cp/u_kvqd/U14958/ZN (XNOR2V4_140P7T30R)               0.02       2.34 f
  u_cp/u_kvqd/U13673/ZN (AOI12V8_140P7T30R)               0.02       2.35 r
  u_cp/u_kvqd/U14483/ZN (CLKNAND2V16_140P7T30R)           0.01       2.36 f
  u_cp/u_kvqd/U5145/ZN (NOR2V12_140P7T30R)                0.01       2.37 r
  u_cp/u_kvqd/U14277/ZN (NAND3V8_140P7T30R)               0.01       2.39 f
  u_cp/u_kvqd/U15100/ZN (NOR2V12_140P7T30R)               0.02       2.40 r
  u_cp/u_kvqd/U5078/ZN (NAND2V8_140P7T30R)                0.01       2.41 f
  u_cp/u_kvqd/U11292/ZN (CLKNAND2V16_140P7T30R)           0.01       2.43 r
  u_cp/u_kvqd/U5056/ZN (INV12_140P7T30R)                  0.01       2.43 f
  u_cp/u_kvqd/U14314/ZN (NOR2XBV16_140P7T30R)             0.02       2.45 f
  u_cp/u_kvqd/U10900/Z (AO1B2V4_140P7T30R)                0.03       2.48 f
  u_cp/u_kvqd/U11230/ZN (NOR2V16_140P7T30R)               0.02       2.49 r
  u_cp/u_kvqd/U11630/ZN (CLKNAND2V16_140P7T30R)           0.01       2.50 f
  u_cp/u_kvqd/U10278/ZN (NAND3V12_140P7T30R)              0.01       2.51 r
  u_cp/u_kvqd/U10699/ZN (CLKNAND2V16_140P7T30R)           0.02       2.53 f
  u_cp/u_kvqd/U10312/ZN (INV24_140P7T30R)                 0.01       2.54 r
  u_cp/u_kvqd/U11528/ZN (INV32_140P7T30R)                 0.01       2.54 f
  u_cp/u_kvqd/U4571/S (AD1V2_140P7T30R)                   0.05       2.60 r
  u_cp/u_kvqd/U28316/ZN (OAI12V4_140P7T30R)               0.02       2.61 f
  u_cp/u_kvqd/U17834/ZN (OAI12V6_140P7T30R)               0.01       2.62 r
  u_cp/u_kvqd/U33352/Z (CLKXOR2V6_140P7T30R)              0.02       2.65 r
  u_cp/u_kvqd/U33351/Z (CLKXOR2V6_140P7T30R)              0.02       2.67 r
  u_cp/u_kvqd/U10717/ZN (XNOR2V4_140P7T30R)               0.02       2.69 r
  u_cp/u_kvqd/U16486/ZN (XNOR2V4_140P7T30R)               0.03       2.72 r
  u_cp/u_kvqd/U4043/ZN (OAI12V4_140P7T30R)                0.02       2.74 f
  u_cp/u_kvqd/U15230/ZN (NAND2V6_140P7T30R)               0.01       2.75 r
  u_cp/u_kvqd/U17977/ZN (NAND2V8_140P7T30R)               0.01       2.76 f
  u_cp/u_kvqd/U13711/ZN (OAI12V8_140P7T30R)               0.01       2.77 r
  u_cp/u_kvqd/U16088/ZN (NAND2V8_140P7T30R)               0.01       2.78 f
  u_cp/u_kvqd/U3834/ZN (CLKNAND2V16_140P7T30R)            0.01       2.79 r
  u_cp/u_kvqd/U12833/ZN (CLKNAND2V16_140P7T30R)           0.01       2.80 f
  u_cp/u_kvqd/U13750/ZN (CLKNAND2V16_140P7T30R)           0.01       2.81 r
  u_cp/u_kvqd/U13749/ZN (NOR2V16_140P7T30R)               0.01       2.82 f
  u_cp/u_kvqd/U13730/ZN (NOR2XBV16_140P7T30R)             0.01       2.82 r
  u_cp/u_kvqd/U13662/ZN (NOR2V16_140P7T30R)               0.01       2.83 f
  u_cp/u_kvqd/U17549/ZN (AOI13V6_140P7T30R)               0.02       2.85 r
  u_cp/u_kvqd/U13073/ZN (CLKNAND2V16_140P7T30R)           0.01       2.86 f
  u_cp/u_kvqd/U17276/ZN (CLKINV32_140P7T30R)              0.01       2.87 r
  u_cp/u_kvqd/U13647/ZN (INV40_140P7T30R)                 0.01       2.88 f
  u_cp/u_kvqd/U18287/ZN (NOR2V16_140P7T30R)               0.02       2.90 r
  u_cp/u_kvqd/U13674/Z (CLKXOR2V12_140P7T30R)             0.02       2.93 r
  u_cp/u_kvqd/U14239/ZN (OAI22V8_140P7T30R)               0.02       2.94 f
  u_cp/u_kvqd/U14238/ZN (XNOR2V4_140P7T30R)               0.03       2.97 f
  u_cp/u_kvqd/U17151/ZN (XNOR2V4_140P7T30R)               0.02       2.99 f
  u_cp/u_kvqd/U36371/Z (MAJ23V4_140P7T30R)                0.02       3.02 f
  u_cp/u_kvqd/U30392/ZN (NAND2XBV8_140P7T30R)             0.02       3.04 f
  u_cp/u_kvqd/U11894/ZN (AOI12V6_140P7T30R)               0.01       3.05 r
  u_cp/u_kvqd/U11893/ZN (OAI12V8_140P7T30R)               0.01       3.06 f
  u_cp/u_kvqd/U36095/ZN (AOI12V12_140P7T30R)              0.01       3.08 r
  u_cp/u_kvqd/U18572/ZN (NOR2V16_140P7T30R)               0.01       3.09 f
  u_cp/u_kvqd/U15542/ZN (INV7_140P7T30R)                  0.01       3.09 r
  u_cp/u_kvqd/U13026/ZN (CLKNAND2V12_140P7T30R)           0.01       3.10 f
  u_cp/u_kvqd/U11203/ZN (CLKNAND2V12_140P7T30R)           0.01       3.11 r
  u_cp/u_kvqd/U33974/ZN (NOR2V16_140P7T30R)               0.01       3.12 f
  u_cp/u_kvqd/U15110/ZN (INV40_140P7T30R)                 0.01       3.13 r
  u_cp/u_kvqd/U3337/ZN (NAND2XBV8_140P7T30R)              0.01       3.14 f
  u_cp/u_kvqd/U34334/ZN (OAI12V12_140P7T30R)              0.01       3.15 r
  u_cp/u_kvqd/U35915/ZN (NAND3V8_140P7T30R)               0.01       3.16 f
  u_cp/u_kvqd/U12675/ZN (NAND2XBV16_140P7T30R)            0.02       3.18 f
  u_cp/u_kvqd/U33205/ZN (AOI12V12_140P7T30R)              0.02       3.20 r
  u_cp/u_kvqd/U17067/ZN (INV24_140P7T30R)                 0.01       3.21 f
  u_cp/u_kvqd/U15190/ZN (NOR2V16_140P7T30R)               0.01       3.22 r
  u_cp/u_kvqd/U19080/ZN (INV12_140P7T30R)                 0.01       3.22 f
  u_cp/u_kvqd/U16095/ZN (AOI12V6_140P7T30R)               0.01       3.24 r
  u_cp/u_kvqd/U3173/ZN (CLKNAND2V4_140P7T30R)             0.01       3.25 f
  u_cp/u_kvqd/U33040/ZN (OAI12V12_140P7T30R)              0.01       3.26 r
  u_cp/u_kvqd/U3035/ZN (NOR2V4_140P7T30R)                 0.01       3.27 f
  u_cp/u_kvqd/U28042/ZN (AOI12V8_140P7T30R)               0.02       3.29 r
  u_cp/u_kvqd/U19028/ZN (NAND2V8_140P7T30R)               0.01       3.30 f
  u_cp/u_kvqd/U15189/ZN (NAND3V12_140P7T30R)              0.01       3.31 r
  u_cp/u_kvqd/U2913/ZN (INV8_140P7T30R)                   0.01       3.31 f
  u_cp/u_kvqd/U19018/ZN (NOR2V12_140P7T30R)               0.01       3.32 r
  u_cp/u_kvqd/U15180/ZN (OAI12V8_140P7T30R)               0.01       3.33 f
  u_cp/u_kvqd/U20334/ZN (AOI12V6_140P7T30R)               0.02       3.35 r
  u_cp/u_kvqd/U19166/ZN (OAI12V8_140P7T30R)               0.02       3.37 f
  u_cp/u_kvqd/U2762/Z (BUFV7_140P7T30R)                   0.02       3.38 f
  u_cp/u_kvqd/U2752/ZN (NAND2XBV6_140P7T30R)              0.01       3.39 r
  u_cp/u_kvqd/U25767/ZN (INV4_140P7T30R)                  0.01       3.39 f
  u_cp/u_kvqd/U17018/ZN (NOR2V6_140P7T30R)                0.01       3.40 r
  u_cp/u_kvqd/U27993/ZN (CLKNAND2V4_140P7T30R)            0.01       3.41 f
  u_cp/u_kvqd/U14950/ZN (NAND2V8_140P7T30R)               0.01       3.42 r
  u_cp/u_kvqd/U2639/ZN (NAND2V6_140P7T30R)                0.01       3.43 f
  u_cp/u_kvqd/U12164/ZN (NAND2V8_140P7T30R)               0.01       3.44 r
  u_cp/u_kvqd/U11913/ZN (INV16_140P7T30R)                 0.01       3.45 f
  u_cp/u_kvqd/U11869/ZN (CLKNAND2V12_140P7T30R)           0.01       3.45 r
  u_cp/u_kvqd/U16011/ZN (INV7_140P7T30R)                  0.00       3.46 f
  u_cp/u_kvqd/U33101/ZN (NAND3V8_140P7T30R)               0.01       3.46 r
  u_cp/u_kvqd/U13834/ZN (NOR2V12_140P7T30R)               0.01       3.47 f
  u_cp/u_kvqd/U17827/ZN (INV12_140P7T30R)                 0.01       3.48 r
  u_cp/u_kvqd/U18672/ZN (NOR2V16_140P7T30R)               0.01       3.48 f
  u_cp/u_kvqd/U33247/ZN (NOR2V16_140P7T30R)               0.02       3.50 r
  u_cp/u_kvqd/U33246/ZN (NOR2V16_140P7T30R)               0.01       3.52 f
  u_cp/u_kvqd/U11934/ZN (INV32_140P7T30R)                 0.01       3.53 r
  u_cp/u_kvqd/U2455/ZN (NOR2XBV12_140P7T30R)              0.01       3.54 f
  u_cp/u_kvqd/U15209/ZN (NOR2V16_140P7T30R)               0.01       3.54 r
  u_cp/u_kvqd/U2390/ZN (CLKNAND2V12_140P7T30R)            0.01       3.55 f
  u_cp/u_kvqd/U2314/ZN (OAI22V6_140P7T30R)                0.01       3.57 r
  u_cp/u_kvqd/U2287/ZN (NAND2V8_140P7T30R)                0.01       3.58 f
  u_cp/u_kvqd/U12060/ZN (CLKNAND2V16_140P7T30R)           0.01       3.59 r
  u_cp/u_kvqd/U12628/ZN (NAND2XBV16_140P7T30R)            0.02       3.60 f
  u_cp/u_kvqd/U24076/Z (CLKXOR2V6_140P7T30R)              0.03       3.63 f
  u_cp/u_kvqd/U25596/ZN (OAI22V8_140P7T30R)               0.02       3.65 r
  u_cp/u_kvqd/U33567/Z (CLKXOR2V6_140P7T30R)              0.02       3.67 r
  u_cp/u_kvqd/U35537/Z (CLKXOR2V6_140P7T30R)              0.03       3.70 r
  u_cp/u_kvqd/U13261/ZN (NAND2V6_140P7T30R)               0.01       3.71 f
  u_cp/u_kvqd/U12047/ZN (CLKNAND2V12_140P7T30R)           0.01       3.72 r
  u_cp/u_kvqd/U1519/ZN (OAI12V6_140P7T30R)                0.01       3.73 f
  u_cp/u_kvqd/U1463/ZN (NAND2V8_140P7T30R)                0.01       3.74 r
  u_cp/u_kvqd/U12045/ZN (XNOR2V4_140P7T30R)               0.02       3.76 r
  u_cp/u_kvqd/U12044/ZN (XNOR2V4_140P7T30R)               0.03       3.79 r
  u_cp/u_kvqd/U14365/Z (CLKXOR2V6_140P7T30R)              0.03       3.82 r
  u_cp/u_kvqd/U14364/ZN (NOR2V12_140P7T30R)               0.01       3.82 f
  u_cp/u_kvqd/U35652/ZN (NOR3V8_140P7T30R)                0.01       3.84 r
  u_cp/u_kvqd/U33986/ZN (AOI12V12_140P7T30R)              0.01       3.85 f
  u_cp/u_kvqd/U13569/ZN (OAI12V12_140P7T30R)              0.01       3.87 r
  u_cp/u_kvqd/U13568/ZN (CLKNAND2V16_140P7T30R)           0.01       3.88 f
  u_cp/u_kvqd/U13593/ZN (NAND2V8_140P7T30R)               0.01       3.88 r
  u_cp/u_kvqd/U29701/ZN (NAND2XBV12_140P7T30R)            0.01       3.89 f
  u_cp/u_kvqd/U17830/ZN (CLKNAND2V16_140P7T30R)           0.01       3.90 r
  u_cp/u_kvqd/U1178/ZN (NAND2XBV12_140P7T30R)             0.01       3.91 f
  u_cp/u_kvqd/U33574/ZN (NOR2V16_140P7T30R)               0.02       3.93 r
  u_cp/u_kvqd/U13559/ZN (INV32_140P7T30R)                 0.01       3.94 f
  u_cp/u_kvqd/U1107/ZN (INV20_140P7T30R)                  0.01       3.95 r
  u_cp/u_kvqd/U19103/ZN (CLKNAND2V16_140P7T30R)           0.01       3.96 f
  u_cp/u_kvqd/U1059/Z (AO12V2_140P7T30R)                  0.03       3.98 f
  u_cp/u_kvqd/U13462/ZN (NAND2V8_140P7T30R)               0.01       3.99 r
  u_cp/u_kvqd/U1008/ZN (OAI22V8_140P7T30R)                0.01       4.01 f
  u_cp/u_kvqd/U18364/ZN (INV8_140P7T30R)                  0.01       4.01 r
  u_cp/u_kvqd/U17970/ZN (OAI12V8_140P7T30R)               0.01       4.03 f
  u_cp/u_kvqd/U18821/ZN (OAI12V12_140P7T30R)              0.01       4.03 r
  u_cp/u_kvqd/U29627/ZN (NAND2V8_140P7T30R)               0.01       4.04 f
  u_cp/u_kvqd/U29619/Z (AND2V4_140P7T30R)                 0.02       4.06 f
  u_cp/u_kvqd/U34208/Z (AO12V8_140P7T30R)                 0.02       4.08 f
  u_cp/u_kvqd/U29598/ZN (NOR2V12_140P7T30R)               0.01       4.10 r
  u_cp/u_kvqd/U13561/ZN (OAI12V8_140P7T30R)               0.01       4.11 f
  u_cp/u_kvqd/U15850/ZN (NAND3V8_140P7T30R)               0.01       4.12 r
  u_cp/u_kvqd/U14882/ZN (NAND3V6_140P7T30R)               0.01       4.13 f
  u_cp/u_kvqd/U14881/ZN (MUX2NV4_140P7T30R)               0.02       4.15 r
  u_cp/u_kvqd/U33175/ZN (CLKNAND2V12_140P7T30R)           0.01       4.16 f
  u_cp/u_kvqd/U14253/ZN (NOR2V16_140P7T30R)               0.02       4.18 r
  u_cp/u_kvqd/U14251/ZN (INV32_140P7T30R)                 0.01       4.19 f
  u_cp/u_kvqd/U689/ZN (INV20_140P7T30R)                   0.01       4.20 r
  u_cp/u_kvqd/U21833/ZN (NAND2XBV4_140P7T30R)             0.01       4.21 f
  u_cp/u_kvqd/U16091/ZN (NAND2V8_140P7T30R)               0.01       4.22 r
  u_cp/u_kvqd/U14953/ZN (AOI12V8_140P7T30R)               0.01       4.23 f
  u_cp/u_kvqd/U34627/ZN (NAND2V8_140P7T30R)               0.01       4.24 r
  u_cp/u_kvqd/U34635/Z (CLKXOR2V12_140P7T30R)             0.02       4.27 r
  u_cp/u_kvqd/U465/Z (AND3V2_140P7T30R)                   0.04       4.30 r
  u_cp/u_kvqd/U19869/ZN (NOR2V12_140P7T30R)               0.01       4.31 f
  u_cp/u_kvqd/U35789/ZN (NOR2V16_140P7T30R)               0.01       4.33 r
  u_cp/u_kvqd/U35662/ZN (CLKNAND2V16_140P7T30R)           0.01       4.34 f
  u_cp/u_kvqd/U11964/ZN (CLKINV16_140P7T30R)              0.01       4.34 r
  u_cp/u_kvqd/U34592/ZN (NAND3V12_140P7T30R)              0.01       4.36 f
  u_cp/u_kvqd/U14917/ZN (INV8_140P7T30R)                  0.01       4.37 r
  u_cp/u_kvqd/U35779/Z (CLKXOR2V6_140P7T30R)              0.02       4.38 r
  u_cp/u_kvqd/U19862/ZN (NOR2V8_140P7T30R)                0.01       4.39 f
  u_cp/u_kvqd/U19905/ZN (NOR2V8_140P7T30R)                0.01       4.40 r
  u_cp/u_kvqd/U39922/ZN (NAND3V8_140P7T30R)               0.02       4.42 f
  u_cp/u_kvqd/U15457/ZN (NOR2V16_140P7T30R)               0.02       4.43 r
  u_cp/u_kvqd/U14937/ZN (NAND2XBV16_140P7T30R)            0.01       4.44 f
  u_cp/u_kvqd/U13467/ZN (CLKINV20_140P7T30R)              0.01       4.45 r
  u_cp/u_kvqd/U11627/ZN (NAND4V6_140P7T30R)               0.02       4.47 f
  u_cp/u_kvqd/U11626/ZN (XNOR2V4_140P7T30R)               0.03       4.50 f
  u_cp/u_kvqd/U39851/ZN (NOR2V6_140P7T30R)                0.01       4.51 r
  u_cp/u_kvqd/U39944/ZN (AOI13V6_140P7T30R)               0.02       4.52 f
  u_cp/u_kvqd/U13929/ZN (NOR2V12_140P7T30R)               0.01       4.54 r
  u_cp/u_kvqd/U9874/ZN (CLKNAND2V4_140P7T30R)             0.01       4.55 f
  u_cp/u_kvqd/U6/ZN (CLKNAND2V4_140P7T30R)                0.01       4.56 r
  u_cp/u_kvqd/U33005/ZN (NAND4V6_140P7T30R)               0.02       4.58 f
  u_cp/u_kvqd/wr_data[5] (kv_quantdequant)                0.00       4.58 f
  U587/ZN (INV3_140P7T30R)                                0.01       4.58 r
  U592/ZN (OAI12V2_140P7T30R)                             0.01       4.59 f
  hbm_wdata[5] (out)                                      0.00       4.59 f
  data arrival time                                                  4.59

  clock clk (rise edge)                                   1.00       1.00
  clock network delay (ideal)                             0.00       1.00
  output external delay                                   0.00       1.00
  data required time                                                 1.00
  --------------------------------------------------------------------------
  data required time                                                 1.00
  data arrival time                                                 -4.59
  --------------------------------------------------------------------------
  slack (VIOLATED)                                                  -3.59


  Startpoint: u_cp/u_kvqd/s_bits_reg[2]
              (rising edge-triggered flip-flop clocked by clk)
  Endpoint: hbm_wdata[3]
            (output port clocked by clk)
  Path Group: clk
  Path Type: max

  Point                                                   Incr       Path
  --------------------------------------------------------------------------
  clock clk (rise edge)                                   0.00       0.00
  clock network delay (ideal)                             0.00       0.00
  u_cp/u_kvqd/s_bits_reg[2]/CK (DQV4_140P7T30R)           0.00 #     0.00 r
  u_cp/u_kvqd/s_bits_reg[2]/Q (DQV4_140P7T30R)            0.05       0.05 f
  u_cp/u_kvqd/U9698/Z (BUFV16_140P7T30R)                  0.02       0.06 f
  u_cp/u_kvqd/U36301/ZN (XNOR2V4_140P7T30R)               0.02       0.08 f
  u_cp/u_kvqd/U22841/ZN (INV4_140P7T30R)                  0.01       0.10 r
  u_cp/u_kvqd/U12781/ZN (NOR2V16_140P7T30R)               0.01       0.10 f
  u_cp/u_kvqd/U11232/ZN (NOR2V16_140P7T30R)               0.01       0.11 r
  u_cp/u_kvqd/U9633/Z (CLKXOR2V6_140P7T30R)               0.02       0.13 r
  u_cp/u_kvqd/U16418/Z (CLKXOR2V6_140P7T30R)              0.02       0.16 r
  u_cp/u_kvqd/U34165/Z (CLKXOR2V6_140P7T30R)              0.02       0.18 r
  u_cp/u_kvqd/U34687/ZN (NOR2V4_140P7T30R)                0.01       0.19 f
  u_cp/u_kvqd/U17896/ZN (NAND2XBV16_140P7T30R)            0.02       0.21 f
  u_cp/u_kvqd/U10149/ZN (NOR2V16_140P7T30R)               0.01       0.22 r
  u_cp/u_kvqd/U10177/ZN (CLKINV20_140P7T30R)              0.01       0.23 f
  u_cp/u_kvqd/U33875/ZN (OAI12V12_140P7T30R)              0.01       0.24 r
  u_cp/u_kvqd/U13346/ZN (CLKNAND2V12_140P7T30R)           0.01       0.25 f
  u_cp/u_kvqd/U33960/ZN (NAND2XBV16_140P7T30R)            0.01       0.26 r
  u_cp/u_kvqd/U9513/Z (BUFV10_140P7T30R)                  0.02       0.28 r
  u_cp/u_kvqd/U23845/ZN (NAND2V8_140P7T30R)               0.01       0.29 f
  u_cp/u_kvqd/U19889/ZN (NOR2V12_140P7T30R)               0.01       0.30 r
  u_cp/u_kvqd/U18370/ZN (OAI12V6_140P7T30R)               0.01       0.31 f
  u_cp/u_kvqd/U15297/ZN (NAND3V8_140P7T30R)               0.01       0.32 r
  u_cp/u_kvqd/U18827/ZN (XNOR2V4_140P7T30R)               0.03       0.35 r
  u_cp/u_kvqd/U33815/ZN (NAND3V8_140P7T30R)               0.02       0.37 f
  u_cp/u_kvqd/U9469/ZN (NOR2V12_140P7T30R)                0.01       0.38 r
  u_cp/u_kvqd/U10314/ZN (CLKNAND2V16_140P7T30R)           0.01       0.39 f
  u_cp/u_kvqd/U12764/ZN (NAND2XBV16_140P7T30R)            0.01       0.41 r
  u_cp/u_kvqd/U9451/ZN (INV24_140P7T30R)                  0.01       0.41 f
  u_cp/u_kvqd/U9446/ZN (CLKINV32_140P7T30R)               0.01       0.42 r
  u_cp/u_kvqd/U9417/ZN (NOR2V12_140P7T30R)                0.01       0.43 f
  u_cp/u_kvqd/U36014/ZN (AOI12V12_140P7T30R)              0.01       0.44 r
  u_cp/u_kvqd/U9381/ZN (NAND2V6_140P7T30R)                0.01       0.45 f
  u_cp/u_kvqd/U12472/ZN (NOR2V8_140P7T30R)                0.01       0.46 r
  u_cp/u_kvqd/U9352/ZN (NOR2V6_140P7T30R)                 0.01       0.46 f
  u_cp/u_kvqd/U16913/ZN (OAI12V8_140P7T30R)               0.01       0.47 r
  u_cp/u_kvqd/U16914/ZN (CLKNAND2V16_140P7T30R)           0.01       0.49 f
  u_cp/u_kvqd/U18604/ZN (NOR2V12_140P7T30R)               0.01       0.50 r
  u_cp/u_kvqd/U40039/S (AD1V4_140P7T30R)                  0.05       0.54 f
  u_cp/u_kvqd/U13038/ZN (XNOR2V4_140P7T30R)               0.02       0.57 f
  u_cp/u_kvqd/U17535/ZN (XNOR2V4_140P7T30R)               0.03       0.59 f
  u_cp/u_kvqd/U17534/Z (AO1B2V4_140P7T30R)                0.01       0.60 r
  u_cp/u_kvqd/U8993/ZN (NAND2V6_140P7T30R)                0.01       0.62 f
  u_cp/u_kvqd/U11489/ZN (NOR2V12_140P7T30R)               0.01       0.63 r
  u_cp/u_kvqd/U13037/ZN (INV7_140P7T30R)                  0.01       0.64 f
  u_cp/u_kvqd/U21684/ZN (AOI12V8_140P7T30R)               0.01       0.65 r
  u_cp/u_kvqd/U17136/ZN (OAI12V8_140P7T30R)               0.01       0.66 f
  u_cp/u_kvqd/U18918/ZN (NAND2XBV8_140P7T30R)             0.01       0.67 r
  u_cp/u_kvqd/U13030/ZN (NAND2XBV12_140P7T30R)            0.01       0.68 f
  u_cp/u_kvqd/U33353/Z (OA12V8_140P7T30R)                 0.02       0.70 f
  u_cp/u_kvqd/U14720/ZN (NOR2V16_140P7T30R)               0.01       0.71 r
  u_cp/u_kvqd/U33408/ZN (CLKNAND2V16_140P7T30R)           0.01       0.72 f
  u_cp/u_kvqd/U35905/ZN (CLKNAND2V16_140P7T30R)           0.02       0.74 r
  u_cp/u_kvqd/U8718/ZN (NOR2V8_140P7T30R)                 0.01       0.75 f
  u_cp/u_kvqd/U13007/Z (CLKOR2V16_140P7T30R)              0.02       0.77 f
  u_cp/u_kvqd/U8648/ZN (INV5_140P7T30R)                   0.01       0.78 r
  u_cp/u_kvqd/U39414/Z (AO1B2V4_140P7T30R)                0.02       0.80 r
  u_cp/u_kvqd/U14360/ZN (XNOR2V4_140P7T30R)               0.02       0.82 r
  u_cp/u_kvqd/U33519/ZN (XNOR2V4_140P7T30R)               0.03       0.85 r
  u_cp/u_kvqd/U33518/Z (CLKXOR2V6_140P7T30R)              0.02       0.87 r
  u_cp/u_kvqd/U33520/Z (CLKXOR2V6_140P7T30R)              0.02       0.90 r
  u_cp/u_kvqd/U8386/ZN (CLKNAND2V4_140P7T30R)             0.01       0.91 f
  u_cp/u_kvqd/U17872/ZN (OAI12V8_140P7T30R)               0.01       0.93 r
  u_cp/u_kvqd/U14903/ZN (AOI12V8_140P7T30R)               0.01       0.94 f
  u_cp/u_kvqd/U14938/ZN (OAI12V12_140P7T30R)              0.02       0.95 r
  u_cp/u_kvqd/U14212/ZN (CLKNAND2V12_140P7T30R)           0.01       0.96 f
  u_cp/u_kvqd/U35370/ZN (OAI12V12_140P7T30R)              0.01       0.97 r
  u_cp/u_kvqd/U16141/ZN (NOR2V16_140P7T30R)               0.01       0.98 f
  u_cp/u_kvqd/U11956/ZN (INV24_140P7T30R)                 0.01       0.99 r
  u_cp/u_kvqd/U8292/ZN (NAND2V6_140P7T30R)                0.01       1.00 f
  u_cp/u_kvqd/U11375/ZN (OAI12V12_140P7T30R)              0.01       1.01 r
  u_cp/u_kvqd/U12207/ZN (CLKNAND2V16_140P7T30R)           0.01       1.02 f
  u_cp/u_kvqd/U19629/ZN (OAI12V12_140P7T30R)              0.02       1.04 r
  u_cp/u_kvqd/U10248/ZN (NOR2V12_140P7T30R)               0.01       1.05 f
  u_cp/u_kvqd/U8260/ZN (NOR2V12_140P7T30R)                0.01       1.06 r
  u_cp/u_kvqd/U20079/ZN (CLKNAND2V16_140P7T30R)           0.01       1.07 f
  u_cp/u_kvqd/U13831/ZN (NAND2XBV16_140P7T30R)            0.01       1.08 r
  u_cp/u_kvqd/U8215/Z (BUFV10_140P7T30R)                  0.01       1.10 r
  u_cp/u_kvqd/U8162/ZN (OAI22V4_140P7T30R)                0.01       1.11 f
  u_cp/u_kvqd/U16505/ZN (NOR3V8_140P7T30R)                0.02       1.13 r
  u_cp/u_kvqd/U15079/ZN (NAND2XBV8_140P7T30R)             0.01       1.14 f
  u_cp/u_kvqd/U15371/ZN (CLKNAND2V12_140P7T30R)           0.01       1.15 r
  u_cp/u_kvqd/U18338/ZN (NAND2V8_140P7T30R)               0.01       1.16 f
  u_cp/u_kvqd/U7883/ZN (NAND3V8_140P7T30R)                0.01       1.17 r
  u_cp/u_kvqd/U20074/ZN (OAI112V4_140P7T30R)              0.02       1.19 f
  u_cp/u_kvqd/U15532/ZN (NAND3V6_140P7T30R)               0.01       1.20 r
  u_cp/u_kvqd/U7800/ZN (NAND2V6_140P7T30R)                0.01       1.21 f
  u_cp/u_kvqd/U12804/ZN (CLKNAND2V16_140P7T30R)           0.01       1.23 r
  u_cp/u_kvqd/U17878/ZN (NAND2XBV16_140P7T30R)            0.01       1.23 f
  u_cp/u_kvqd/U15642/ZN (CLKNAND2V16_140P7T30R)           0.01       1.24 r
  u_cp/u_kvqd/U15641/ZN (CLKINV32_140P7T30R)              0.01       1.26 f
  u_cp/u_kvqd/U7665/ZN (NAND2V3_140P7T30R)                0.01       1.26 r
  u_cp/u_kvqd/U7656/ZN (CLKNAND2V4_140P7T30R)             0.01       1.28 f
  u_cp/u_kvqd/U7639/ZN (NAND2XBV2_140P7T30R)              0.02       1.30 f
  u_cp/u_kvqd/U13878/ZN (NAND3V8_140P7T30R)               0.01       1.31 r
  u_cp/u_kvqd/U7611/ZN (NOR2V8_140P7T30R)                 0.01       1.32 f
  u_cp/u_kvqd/U10269/ZN (NOR2V12_140P7T30R)               0.01       1.33 r
  u_cp/u_kvqd/U15415/ZN (AOI12V12_140P7T30R)              0.02       1.35 f
  u_cp/u_kvqd/U33027/ZN (NOR2V16_140P7T30R)               0.02       1.37 r
  u_cp/u_kvqd/U33065/ZN (NOR2V16_140P7T30R)               0.02       1.38 f
  u_cp/u_kvqd/U11454/ZN (INV32_140P7T30R)                 0.01       1.40 r
  u_cp/u_kvqd/U14657/ZN (NOR2V16_140P7T30R)               0.01       1.40 f
  u_cp/u_kvqd/U10391/ZN (NOR2V16_140P7T30R)               0.01       1.41 r
  u_cp/u_kvqd/U15456/ZN (NAND2XBV16_140P7T30R)            0.01       1.42 f
  u_cp/u_kvqd/U14404/ZN (CLKNAND2V12_140P7T30R)           0.01       1.43 r
  u_cp/u_kvqd/U13028/ZN (CLKNAND2V12_140P7T30R)           0.01       1.43 f
  u_cp/u_kvqd/U16129/ZN (NOR2V16_140P7T30R)               0.01       1.45 r
  u_cp/u_kvqd/U16128/ZN (CLKNAND2V16_140P7T30R)           0.02       1.46 f
  u_cp/u_kvqd/U7318/Z (BUFV16_140P7T30R)                  0.02       1.48 f
  u_cp/u_kvqd/U7090/Z (XOR2V4_140P7T30R)                  0.02       1.50 f
  u_cp/u_kvqd/U24795/ZN (OAI22V4_140P7T30R)               0.02       1.52 r
  u_cp/u_kvqd/U31593/ZN (OAI12V4_140P7T30R)               0.02       1.54 f
  u_cp/u_kvqd/U40307/Z (AO1B2V4_140P7T30R)                0.01       1.55 r
  u_cp/u_kvqd/U39318/CO (AD1V4_140P7T30R)                 0.03       1.58 r
  u_cp/u_kvqd/U11015/ZN (XNOR2V2_140P7T30R)               0.02       1.60 r
  u_cp/u_kvqd/U12199/ZN (XNOR2V2_140P7T30R)               0.03       1.63 r
  u_cp/u_kvqd/U39451/Z (MAJ23V4_140P7T30R)                0.03       1.65 r
  u_cp/u_kvqd/U26840/ZN (NOR2V4_140P7T30R)                0.01       1.66 f
  u_cp/u_kvqd/U6543/ZN (NOR2V6_140P7T30R)                 0.01       1.68 r
  u_cp/u_kvqd/U11012/ZN (NAND2V6_140P7T30R)               0.01       1.69 f
  u_cp/u_kvqd/U12218/ZN (NOR2V8_140P7T30R)                0.02       1.71 r
  u_cp/u_kvqd/U21454/ZN (NAND2V3_140P7T30R)               0.01       1.72 f
  u_cp/u_kvqd/U20596/ZN (NOR2V6_140P7T30R)                0.01       1.73 r
  u_cp/u_kvqd/U6418/ZN (INV2_140P7T30R)                   0.01       1.74 f
  u_cp/u_kvqd/U33350/ZN (OAI12V12_140P7T30R)              0.02       1.76 r
  u_cp/u_kvqd/U17298/ZN (CLKNAND2V16_140P7T30R)           0.01       1.77 f
  u_cp/u_kvqd/U33321/ZN (CLKNAND2V16_140P7T30R)           0.01       1.78 r
  u_cp/u_kvqd/U14822/ZN (INV40_140P7T30R)                 0.01       1.79 f
  u_cp/u_kvqd/U15132/ZN (INV40_140P7T30R)                 0.01       1.80 r
  u_cp/u_kvqd/U17454/ZN (NOR2V16_140P7T30R)               0.00       1.81 f
  u_cp/u_kvqd/U33604/ZN (NOR2V16_140P7T30R)               0.01       1.82 r
  u_cp/u_kvqd/U6254/Z (CLKXOR2V6_140P7T30R)               0.02       1.84 r
  u_cp/u_kvqd/U6204/ZN (OAI22V8_140P7T30R)                0.02       1.86 f
  u_cp/u_kvqd/U24657/ZN (OAI12V6_140P7T30R)               0.01       1.87 r
  u_cp/u_kvqd/U6076/ZN (CLKNAND2V4_140P7T30R)             0.01       1.89 f
  u_cp/u_kvqd/U6046/ZN (AOI12V4_140P7T30R)                0.02       1.91 r
  u_cp/u_kvqd/U19272/Z (CLKXOR2V6_140P7T30R)              0.02       1.93 r
  u_cp/u_kvqd/U34001/ZN (XNOR2V4_140P7T30R)               0.03       1.95 r
  u_cp/u_kvqd/U5920/ZN (INV5_140P7T30R)                   0.01       1.96 f
  u_cp/u_kvqd/U5911/ZN (CLKNAND2V4_140P7T30R)             0.01       1.97 r
  u_cp/u_kvqd/U20550/ZN (NAND2XBV6_140P7T30R)             0.01       1.98 f
  u_cp/u_kvqd/U15278/ZN (NOR2V12_140P7T30R)               0.01       2.00 r
  u_cp/u_kvqd/U35833/ZN (NAND3V6_140P7T30R)               0.02       2.02 f
  u_cp/u_kvqd/U33940/ZN (NAND4V4_140P7T30R)               0.02       2.03 r
  u_cp/u_kvqd/U5844/Z (OA12V6_140P7T30R)                  0.02       2.06 r
  u_cp/u_kvqd/U15708/ZN (CLKNAND2V16_140P7T30R)           0.02       2.07 f
  u_cp/u_kvqd/U17755/ZN (NOR2V16_140P7T30R)               0.02       2.09 r
  u_cp/u_kvqd/U13619/ZN (INV16_140P7T30R)                 0.01       2.10 f
  u_cp/u_kvqd/U11380/ZN (CLKINV20_140P7T30R)              0.01       2.11 r
  u_cp/u_kvqd/U5813/ZN (NOR2V12_140P7T30R)                0.01       2.11 f
  u_cp/u_kvqd/U5791/ZN (AOI12V6_140P7T30R)                0.02       2.13 r
  u_cp/u_kvqd/U14275/ZN (NOR2V12_140P7T30R)               0.01       2.14 f
  u_cp/u_kvqd/U14515/ZN (NOR2V12_140P7T30R)               0.01       2.15 r
  u_cp/u_kvqd/U14531/ZN (INV20_140P7T30R)                 0.01       2.16 f
  u_cp/u_kvqd/U5689/ZN (INV24_140P7T30R)                  0.01       2.17 r
  u_cp/u_kvqd/U14517/ZN (NAND3V6_140P7T30R)               0.01       2.18 f
  u_cp/u_kvqd/U28500/ZN (INV4_140P7T30R)                  0.01       2.19 r
  u_cp/u_kvqd/U16501/ZN (NAND2V8_140P7T30R)               0.01       2.20 f
  u_cp/u_kvqd/U5501/ZN (OAI22V6_140P7T30R)                0.01       2.22 r
  u_cp/u_kvqd/U13860/Z (CLKOR2V16_140P7T30R)              0.02       2.23 r
  u_cp/u_kvqd/U5367/Z (OR2V4_140P7T30R)                   0.02       2.25 r
  u_cp/u_kvqd/U14512/ZN (OAI12V6_140P7T30R)               0.01       2.26 f
  u_cp/u_kvqd/U5327/ZN (AOI12V4_140P7T30R)                0.02       2.28 r
  u_cp/u_kvqd/U17785/ZN (NAND2V8_140P7T30R)               0.01       2.29 f
  u_cp/u_kvqd/U5247/ZN (AOI12V2_140P7T30R)                0.01       2.30 r
  u_cp/u_kvqd/U18371/ZN (NAND2V3_140P7T30R)               0.01       2.31 f
  u_cp/u_kvqd/U14958/ZN (XNOR2V4_140P7T30R)               0.02       2.34 f
  u_cp/u_kvqd/U13673/ZN (AOI12V8_140P7T30R)               0.02       2.35 r
  u_cp/u_kvqd/U14483/ZN (CLKNAND2V16_140P7T30R)           0.01       2.36 f
  u_cp/u_kvqd/U5145/ZN (NOR2V12_140P7T30R)                0.01       2.37 r
  u_cp/u_kvqd/U14277/ZN (NAND3V8_140P7T30R)               0.01       2.39 f
  u_cp/u_kvqd/U15100/ZN (NOR2V12_140P7T30R)               0.02       2.40 r
  u_cp/u_kvqd/U5078/ZN (NAND2V8_140P7T30R)                0.01       2.41 f
  u_cp/u_kvqd/U11292/ZN (CLKNAND2V16_140P7T30R)           0.01       2.43 r
  u_cp/u_kvqd/U5056/ZN (INV12_140P7T30R)                  0.01       2.43 f
  u_cp/u_kvqd/U14314/ZN (NOR2XBV16_140P7T30R)             0.02       2.45 f
  u_cp/u_kvqd/U10900/Z (AO1B2V4_140P7T30R)                0.03       2.48 f
  u_cp/u_kvqd/U11230/ZN (NOR2V16_140P7T30R)               0.02       2.49 r
  u_cp/u_kvqd/U11630/ZN (CLKNAND2V16_140P7T30R)           0.01       2.50 f
  u_cp/u_kvqd/U10278/ZN (NAND3V12_140P7T30R)              0.01       2.51 r
  u_cp/u_kvqd/U10699/ZN (CLKNAND2V16_140P7T30R)           0.02       2.53 f
  u_cp/u_kvqd/U10312/ZN (INV24_140P7T30R)                 0.01       2.54 r
  u_cp/u_kvqd/U11528/ZN (INV32_140P7T30R)                 0.01       2.54 f
  u_cp/u_kvqd/U4571/S (AD1V2_140P7T30R)                   0.05       2.60 r
  u_cp/u_kvqd/U28316/ZN (OAI12V4_140P7T30R)               0.02       2.61 f
  u_cp/u_kvqd/U17834/ZN (OAI12V6_140P7T30R)               0.01       2.62 r
  u_cp/u_kvqd/U33352/Z (CLKXOR2V6_140P7T30R)              0.02       2.65 r
  u_cp/u_kvqd/U33351/Z (CLKXOR2V6_140P7T30R)              0.02       2.67 r
  u_cp/u_kvqd/U10717/ZN (XNOR2V4_140P7T30R)               0.02       2.69 r
  u_cp/u_kvqd/U16486/ZN (XNOR2V4_140P7T30R)               0.03       2.72 r
  u_cp/u_kvqd/U4043/ZN (OAI12V4_140P7T30R)                0.02       2.74 f
  u_cp/u_kvqd/U15230/ZN (NAND2V6_140P7T30R)               0.01       2.75 r
  u_cp/u_kvqd/U17977/ZN (NAND2V8_140P7T30R)               0.01       2.76 f
  u_cp/u_kvqd/U13711/ZN (OAI12V8_140P7T30R)               0.01       2.77 r
  u_cp/u_kvqd/U16088/ZN (NAND2V8_140P7T30R)               0.01       2.78 f
  u_cp/u_kvqd/U3834/ZN (CLKNAND2V16_140P7T30R)            0.01       2.79 r
  u_cp/u_kvqd/U12833/ZN (CLKNAND2V16_140P7T30R)           0.01       2.80 f
  u_cp/u_kvqd/U13750/ZN (CLKNAND2V16_140P7T30R)           0.01       2.81 r
  u_cp/u_kvqd/U13749/ZN (NOR2V16_140P7T30R)               0.01       2.82 f
  u_cp/u_kvqd/U13730/ZN (NOR2XBV16_140P7T30R)             0.01       2.82 r
  u_cp/u_kvqd/U13662/ZN (NOR2V16_140P7T30R)               0.01       2.83 f
  u_cp/u_kvqd/U17549/ZN (AOI13V6_140P7T30R)               0.02       2.85 r
  u_cp/u_kvqd/U13073/ZN (CLKNAND2V16_140P7T30R)           0.01       2.86 f
  u_cp/u_kvqd/U17276/ZN (CLKINV32_140P7T30R)              0.01       2.87 r
  u_cp/u_kvqd/U13647/ZN (INV40_140P7T30R)                 0.01       2.88 f
  u_cp/u_kvqd/U18287/ZN (NOR2V16_140P7T30R)               0.02       2.90 r
  u_cp/u_kvqd/U13674/Z (CLKXOR2V12_140P7T30R)             0.02       2.93 r
  u_cp/u_kvqd/U14239/ZN (OAI22V8_140P7T30R)               0.02       2.94 f
  u_cp/u_kvqd/U14238/ZN (XNOR2V4_140P7T30R)               0.03       2.97 f
  u_cp/u_kvqd/U17151/ZN (XNOR2V4_140P7T30R)               0.02       2.99 f
  u_cp/u_kvqd/U36371/Z (MAJ23V4_140P7T30R)                0.02       3.02 f
  u_cp/u_kvqd/U30392/ZN (NAND2XBV8_140P7T30R)             0.02       3.04 f
  u_cp/u_kvqd/U11894/ZN (AOI12V6_140P7T30R)               0.01       3.05 r
  u_cp/u_kvqd/U11893/ZN (OAI12V8_140P7T30R)               0.01       3.06 f
  u_cp/u_kvqd/U36095/ZN (AOI12V12_140P7T30R)              0.01       3.08 r
  u_cp/u_kvqd/U18572/ZN (NOR2V16_140P7T30R)               0.01       3.09 f
  u_cp/u_kvqd/U15542/ZN (INV7_140P7T30R)                  0.01       3.09 r
  u_cp/u_kvqd/U13026/ZN (CLKNAND2V12_140P7T30R)           0.01       3.10 f
  u_cp/u_kvqd/U11203/ZN (CLKNAND2V12_140P7T30R)           0.01       3.11 r
  u_cp/u_kvqd/U33974/ZN (NOR2V16_140P7T30R)               0.01       3.12 f
  u_cp/u_kvqd/U15110/ZN (INV40_140P7T30R)                 0.01       3.13 r
  u_cp/u_kvqd/U3337/ZN (NAND2XBV8_140P7T30R)              0.01       3.14 f
  u_cp/u_kvqd/U34334/ZN (OAI12V12_140P7T30R)              0.01       3.15 r
  u_cp/u_kvqd/U35915/ZN (NAND3V8_140P7T30R)               0.01       3.16 f
  u_cp/u_kvqd/U12675/ZN (NAND2XBV16_140P7T30R)            0.02       3.18 f
  u_cp/u_kvqd/U33205/ZN (AOI12V12_140P7T30R)              0.02       3.20 r
  u_cp/u_kvqd/U17067/ZN (INV24_140P7T30R)                 0.01       3.21 f
  u_cp/u_kvqd/U15190/ZN (NOR2V16_140P7T30R)               0.01       3.22 r
  u_cp/u_kvqd/U19080/ZN (INV12_140P7T30R)                 0.01       3.22 f
  u_cp/u_kvqd/U16095/ZN (AOI12V6_140P7T30R)               0.01       3.24 r
  u_cp/u_kvqd/U3173/ZN (CLKNAND2V4_140P7T30R)             0.01       3.25 f
  u_cp/u_kvqd/U33040/ZN (OAI12V12_140P7T30R)              0.01       3.26 r
  u_cp/u_kvqd/U3035/ZN (NOR2V4_140P7T30R)                 0.01       3.27 f
  u_cp/u_kvqd/U28042/ZN (AOI12V8_140P7T30R)               0.02       3.29 r
  u_cp/u_kvqd/U19028/ZN (NAND2V8_140P7T30R)               0.01       3.30 f
  u_cp/u_kvqd/U15189/ZN (NAND3V12_140P7T30R)              0.01       3.31 r
  u_cp/u_kvqd/U2913/ZN (INV8_140P7T30R)                   0.01       3.31 f
  u_cp/u_kvqd/U19018/ZN (NOR2V12_140P7T30R)               0.01       3.32 r
  u_cp/u_kvqd/U15180/ZN (OAI12V8_140P7T30R)               0.01       3.33 f
  u_cp/u_kvqd/U20334/ZN (AOI12V6_140P7T30R)               0.02       3.35 r
  u_cp/u_kvqd/U19166/ZN (OAI12V8_140P7T30R)               0.02       3.37 f
  u_cp/u_kvqd/U2762/Z (BUFV7_140P7T30R)                   0.02       3.38 f
  u_cp/u_kvqd/U2752/ZN (NAND2XBV6_140P7T30R)              0.01       3.39 r
  u_cp/u_kvqd/U25767/ZN (INV4_140P7T30R)                  0.01       3.39 f
  u_cp/u_kvqd/U17018/ZN (NOR2V6_140P7T30R)                0.01       3.40 r
  u_cp/u_kvqd/U27993/ZN (CLKNAND2V4_140P7T30R)            0.01       3.41 f
  u_cp/u_kvqd/U14950/ZN (NAND2V8_140P7T30R)               0.01       3.42 r
  u_cp/u_kvqd/U2639/ZN (NAND2V6_140P7T30R)                0.01       3.43 f
  u_cp/u_kvqd/U12164/ZN (NAND2V8_140P7T30R)               0.01       3.44 r
  u_cp/u_kvqd/U11913/ZN (INV16_140P7T30R)                 0.01       3.45 f
  u_cp/u_kvqd/U11869/ZN (CLKNAND2V12_140P7T30R)           0.01       3.45 r
  u_cp/u_kvqd/U16011/ZN (INV7_140P7T30R)                  0.00       3.46 f
  u_cp/u_kvqd/U33101/ZN (NAND3V8_140P7T30R)               0.01       3.46 r
  u_cp/u_kvqd/U13834/ZN (NOR2V12_140P7T30R)               0.01       3.47 f
  u_cp/u_kvqd/U17827/ZN (INV12_140P7T30R)                 0.01       3.48 r
  u_cp/u_kvqd/U18672/ZN (NOR2V16_140P7T30R)               0.01       3.48 f
  u_cp/u_kvqd/U33247/ZN (NOR2V16_140P7T30R)               0.02       3.50 r
  u_cp/u_kvqd/U33246/ZN (NOR2V16_140P7T30R)               0.01       3.52 f
  u_cp/u_kvqd/U11934/ZN (INV32_140P7T30R)                 0.01       3.53 r
  u_cp/u_kvqd/U2455/ZN (NOR2XBV12_140P7T30R)              0.01       3.54 f
  u_cp/u_kvqd/U15209/ZN (NOR2V16_140P7T30R)               0.01       3.54 r
  u_cp/u_kvqd/U2390/ZN (CLKNAND2V12_140P7T30R)            0.01       3.55 f
  u_cp/u_kvqd/U2314/ZN (OAI22V6_140P7T30R)                0.01       3.57 r
  u_cp/u_kvqd/U2287/ZN (NAND2V8_140P7T30R)                0.01       3.58 f
  u_cp/u_kvqd/U12060/ZN (CLKNAND2V16_140P7T30R)           0.01       3.59 r
  u_cp/u_kvqd/U12628/ZN (NAND2XBV16_140P7T30R)            0.02       3.60 f
  u_cp/u_kvqd/U24076/Z (CLKXOR2V6_140P7T30R)              0.03       3.63 f
  u_cp/u_kvqd/U25596/ZN (OAI22V8_140P7T30R)               0.02       3.65 r
  u_cp/u_kvqd/U33567/Z (CLKXOR2V6_140P7T30R)              0.02       3.67 r
  u_cp/u_kvqd/U35537/Z (CLKXOR2V6_140P7T30R)              0.03       3.70 r
  u_cp/u_kvqd/U13261/ZN (NAND2V6_140P7T30R)               0.01       3.71 f
  u_cp/u_kvqd/U12047/ZN (CLKNAND2V12_140P7T30R)           0.01       3.72 r
  u_cp/u_kvqd/U1519/ZN (OAI12V6_140P7T30R)                0.01       3.73 f
  u_cp/u_kvqd/U1463/ZN (NAND2V8_140P7T30R)                0.01       3.74 r
  u_cp/u_kvqd/U12045/ZN (XNOR2V4_140P7T30R)               0.02       3.76 r
  u_cp/u_kvqd/U12044/ZN (XNOR2V4_140P7T30R)               0.03       3.79 r
  u_cp/u_kvqd/U14365/Z (CLKXOR2V6_140P7T30R)              0.03       3.82 r
  u_cp/u_kvqd/U14364/ZN (NOR2V12_140P7T30R)               0.01       3.82 f
  u_cp/u_kvqd/U35652/ZN (NOR3V8_140P7T30R)                0.01       3.84 r
  u_cp/u_kvqd/U33986/ZN (AOI12V12_140P7T30R)              0.01       3.85 f
  u_cp/u_kvqd/U13569/ZN (OAI12V12_140P7T30R)              0.01       3.87 r
  u_cp/u_kvqd/U13568/ZN (CLKNAND2V16_140P7T30R)           0.01       3.88 f
  u_cp/u_kvqd/U13593/ZN (NAND2V8_140P7T30R)               0.01       3.88 r
  u_cp/u_kvqd/U29701/ZN (NAND2XBV12_140P7T30R)            0.01       3.89 f
  u_cp/u_kvqd/U17830/ZN (CLKNAND2V16_140P7T30R)           0.01       3.90 r
  u_cp/u_kvqd/U1178/ZN (NAND2XBV12_140P7T30R)             0.01       3.91 f
  u_cp/u_kvqd/U33574/ZN (NOR2V16_140P7T30R)               0.02       3.93 r
  u_cp/u_kvqd/U13559/ZN (INV32_140P7T30R)                 0.01       3.94 f
  u_cp/u_kvqd/U1107/ZN (INV20_140P7T30R)                  0.01       3.95 r
  u_cp/u_kvqd/U19103/ZN (CLKNAND2V16_140P7T30R)           0.01       3.96 f
  u_cp/u_kvqd/U1059/Z (AO12V2_140P7T30R)                  0.03       3.98 f
  u_cp/u_kvqd/U13462/ZN (NAND2V8_140P7T30R)               0.01       3.99 r
  u_cp/u_kvqd/U1008/ZN (OAI22V8_140P7T30R)                0.01       4.01 f
  u_cp/u_kvqd/U18364/ZN (INV8_140P7T30R)                  0.01       4.01 r
  u_cp/u_kvqd/U17970/ZN (OAI12V8_140P7T30R)               0.01       4.03 f
  u_cp/u_kvqd/U18821/ZN (OAI12V12_140P7T30R)              0.01       4.03 r
  u_cp/u_kvqd/U29627/ZN (NAND2V8_140P7T30R)               0.01       4.04 f
  u_cp/u_kvqd/U29619/Z (AND2V4_140P7T30R)                 0.02       4.06 f
  u_cp/u_kvqd/U34208/Z (AO12V8_140P7T30R)                 0.02       4.08 f
  u_cp/u_kvqd/U29598/ZN (NOR2V12_140P7T30R)               0.01       4.10 r
  u_cp/u_kvqd/U13561/ZN (OAI12V8_140P7T30R)               0.01       4.11 f
  u_cp/u_kvqd/U15850/ZN (NAND3V8_140P7T30R)               0.01       4.12 r
  u_cp/u_kvqd/U14882/ZN (NAND3V6_140P7T30R)               0.01       4.13 f
  u_cp/u_kvqd/U14881/ZN (MUX2NV4_140P7T30R)               0.02       4.15 r
  u_cp/u_kvqd/U33175/ZN (CLKNAND2V12_140P7T30R)           0.01       4.16 f
  u_cp/u_kvqd/U14253/ZN (NOR2V16_140P7T30R)               0.02       4.18 r
  u_cp/u_kvqd/U14251/ZN (INV32_140P7T30R)                 0.01       4.19 f
  u_cp/u_kvqd/U689/ZN (INV20_140P7T30R)                   0.01       4.20 r
  u_cp/u_kvqd/U21833/ZN (NAND2XBV4_140P7T30R)             0.01       4.21 f
  u_cp/u_kvqd/U16091/ZN (NAND2V8_140P7T30R)               0.01       4.22 r
  u_cp/u_kvqd/U14953/ZN (AOI12V8_140P7T30R)               0.01       4.23 f
  u_cp/u_kvqd/U34627/ZN (NAND2V8_140P7T30R)               0.01       4.24 r
  u_cp/u_kvqd/U34635/Z (CLKXOR2V12_140P7T30R)             0.02       4.27 r
  u_cp/u_kvqd/U465/Z (AND3V2_140P7T30R)                   0.04       4.30 r
  u_cp/u_kvqd/U19869/ZN (NOR2V12_140P7T30R)               0.01       4.31 f
  u_cp/u_kvqd/U35789/ZN (NOR2V16_140P7T30R)               0.01       4.33 r
  u_cp/u_kvqd/U35662/ZN (CLKNAND2V16_140P7T30R)           0.01       4.34 f
  u_cp/u_kvqd/U11964/ZN (CLKINV16_140P7T30R)              0.01       4.34 r
  u_cp/u_kvqd/U34592/ZN (NAND3V12_140P7T30R)              0.01       4.36 f
  u_cp/u_kvqd/U34563/ZN (NOR2V16_140P7T30R)               0.02       4.38 r
  u_cp/u_kvqd/U272/ZN (INV12_140P7T30R)                   0.01       4.39 f
  u_cp/u_kvqd/U12304/ZN (INV20_140P7T30R)                 0.01       4.40 r
  u_cp/u_kvqd/U39833/ZN (OAI112V6_140P7T30R)              0.01       4.41 f
  u_cp/u_kvqd/U39933/ZN (OAI112V6_140P7T30R)              0.02       4.43 r
  u_cp/u_kvqd/U29371/ZN (NAND2V3_140P7T30R)               0.01       4.44 f
  u_cp/u_kvqd/U37515/ZN (OAI12V2_140P7T30R)               0.01       4.45 r
  u_cp/u_kvqd/U27626/ZN (NAND3V3_140P7T30R)               0.01       4.46 f
  u_cp/u_kvqd/U13736/ZN (NOR3V6_140P7T30R)                0.01       4.48 r
  u_cp/u_kvqd/U39710/ZN (NAND4V6_140P7T30R)               0.01       4.49 f
  u_cp/u_kvqd/U25194/ZN (NOR2V8_140P7T30R)                0.02       4.51 r
  u_cp/u_kvqd/U9743/ZN (INV8_140P7T30R)                   0.00       4.51 f
  u_cp/u_kvqd/U31/ZN (NOR3V4_140P7T30R)                   0.01       4.52 r
  u_cp/u_kvqd/U39760/ZN (AOI13V6_140P7T30R)               0.02       4.55 f
  u_cp/u_kvqd/U4/ZN (NOR2V2_140P7T30R)                    0.01       4.56 r
  u_cp/u_kvqd/U3/ZN (NAND3BBV2_140P7T30R)                 0.01       4.57 r
  u_cp/u_kvqd/wr_data[3] (kv_quantdequant)                0.00       4.57 r
  U7617/Z (AO1B2V2_140P7T30R)                             0.02       4.59 r
  hbm_wdata[3] (out)                                      0.00       4.59 r
  data arrival time                                                  4.59

  clock clk (rise edge)                                   1.00       1.00
  clock network delay (ideal)                             0.00       1.00
  output external delay                                   0.00       1.00
  data required time                                                 1.00
  --------------------------------------------------------------------------
  data required time                                                 1.00
  data arrival time                                                 -4.59
  --------------------------------------------------------------------------
  slack (VIOLATED)                                                  -3.59


  Startpoint: u_cp/u_kvqd/s_bits_reg[2]
              (rising edge-triggered flip-flop clocked by clk)
  Endpoint: hbm_wdata[4]
            (output port clocked by clk)
  Path Group: clk
  Path Type: max

  Point                                                   Incr       Path
  --------------------------------------------------------------------------
  clock clk (rise edge)                                   0.00       0.00
  clock network delay (ideal)                             0.00       0.00
  u_cp/u_kvqd/s_bits_reg[2]/CK (DQV4_140P7T30R)           0.00 #     0.00 r
  u_cp/u_kvqd/s_bits_reg[2]/Q (DQV4_140P7T30R)            0.05       0.05 f
  u_cp/u_kvqd/U9698/Z (BUFV16_140P7T30R)                  0.02       0.06 f
  u_cp/u_kvqd/U36301/ZN (XNOR2V4_140P7T30R)               0.02       0.08 f
  u_cp/u_kvqd/U22841/ZN (INV4_140P7T30R)                  0.01       0.10 r
  u_cp/u_kvqd/U12781/ZN (NOR2V16_140P7T30R)               0.01       0.10 f
  u_cp/u_kvqd/U11232/ZN (NOR2V16_140P7T30R)               0.01       0.11 r
  u_cp/u_kvqd/U9633/Z (CLKXOR2V6_140P7T30R)               0.02       0.13 r
  u_cp/u_kvqd/U16418/Z (CLKXOR2V6_140P7T30R)              0.02       0.16 r
  u_cp/u_kvqd/U34165/Z (CLKXOR2V6_140P7T30R)              0.02       0.18 r
  u_cp/u_kvqd/U34687/ZN (NOR2V4_140P7T30R)                0.01       0.19 f
  u_cp/u_kvqd/U17896/ZN (NAND2XBV16_140P7T30R)            0.02       0.21 f
  u_cp/u_kvqd/U10149/ZN (NOR2V16_140P7T30R)               0.01       0.22 r
  u_cp/u_kvqd/U10177/ZN (CLKINV20_140P7T30R)              0.01       0.23 f
  u_cp/u_kvqd/U33875/ZN (OAI12V12_140P7T30R)              0.01       0.24 r
  u_cp/u_kvqd/U13346/ZN (CLKNAND2V12_140P7T30R)           0.01       0.25 f
  u_cp/u_kvqd/U33960/ZN (NAND2XBV16_140P7T30R)            0.01       0.26 r
  u_cp/u_kvqd/U9513/Z (BUFV10_140P7T30R)                  0.02       0.28 r
  u_cp/u_kvqd/U23845/ZN (NAND2V8_140P7T30R)               0.01       0.29 f
  u_cp/u_kvqd/U19889/ZN (NOR2V12_140P7T30R)               0.01       0.30 r
  u_cp/u_kvqd/U18370/ZN (OAI12V6_140P7T30R)               0.01       0.31 f
  u_cp/u_kvqd/U15297/ZN (NAND3V8_140P7T30R)               0.01       0.32 r
  u_cp/u_kvqd/U18827/ZN (XNOR2V4_140P7T30R)               0.03       0.35 r
  u_cp/u_kvqd/U33815/ZN (NAND3V8_140P7T30R)               0.02       0.37 f
  u_cp/u_kvqd/U9469/ZN (NOR2V12_140P7T30R)                0.01       0.38 r
  u_cp/u_kvqd/U10314/ZN (CLKNAND2V16_140P7T30R)           0.01       0.39 f
  u_cp/u_kvqd/U12764/ZN (NAND2XBV16_140P7T30R)            0.01       0.41 r
  u_cp/u_kvqd/U9451/ZN (INV24_140P7T30R)                  0.01       0.41 f
  u_cp/u_kvqd/U9446/ZN (CLKINV32_140P7T30R)               0.01       0.42 r
  u_cp/u_kvqd/U9417/ZN (NOR2V12_140P7T30R)                0.01       0.43 f
  u_cp/u_kvqd/U36014/ZN (AOI12V12_140P7T30R)              0.01       0.44 r
  u_cp/u_kvqd/U9381/ZN (NAND2V6_140P7T30R)                0.01       0.45 f
  u_cp/u_kvqd/U12472/ZN (NOR2V8_140P7T30R)                0.01       0.46 r
  u_cp/u_kvqd/U9352/ZN (NOR2V6_140P7T30R)                 0.01       0.46 f
  u_cp/u_kvqd/U16913/ZN (OAI12V8_140P7T30R)               0.01       0.47 r
  u_cp/u_kvqd/U16914/ZN (CLKNAND2V16_140P7T30R)           0.01       0.49 f
  u_cp/u_kvqd/U18604/ZN (NOR2V12_140P7T30R)               0.01       0.50 r
  u_cp/u_kvqd/U40039/S (AD1V4_140P7T30R)                  0.05       0.54 f
  u_cp/u_kvqd/U13038/ZN (XNOR2V4_140P7T30R)               0.02       0.57 f
  u_cp/u_kvqd/U17535/ZN (XNOR2V4_140P7T30R)               0.03       0.59 f
  u_cp/u_kvqd/U17534/Z (AO1B2V4_140P7T30R)                0.01       0.60 r
  u_cp/u_kvqd/U8993/ZN (NAND2V6_140P7T30R)                0.01       0.62 f
  u_cp/u_kvqd/U11489/ZN (NOR2V12_140P7T30R)               0.01       0.63 r
  u_cp/u_kvqd/U13037/ZN (INV7_140P7T30R)                  0.01       0.64 f
  u_cp/u_kvqd/U21684/ZN (AOI12V8_140P7T30R)               0.01       0.65 r
  u_cp/u_kvqd/U17136/ZN (OAI12V8_140P7T30R)               0.01       0.66 f
  u_cp/u_kvqd/U18918/ZN (NAND2XBV8_140P7T30R)             0.01       0.67 r
  u_cp/u_kvqd/U13030/ZN (NAND2XBV12_140P7T30R)            0.01       0.68 f
  u_cp/u_kvqd/U33353/Z (OA12V8_140P7T30R)                 0.02       0.70 f
  u_cp/u_kvqd/U14720/ZN (NOR2V16_140P7T30R)               0.01       0.71 r
  u_cp/u_kvqd/U33408/ZN (CLKNAND2V16_140P7T30R)           0.01       0.72 f
  u_cp/u_kvqd/U35905/ZN (CLKNAND2V16_140P7T30R)           0.02       0.74 r
  u_cp/u_kvqd/U8718/ZN (NOR2V8_140P7T30R)                 0.01       0.75 f
  u_cp/u_kvqd/U13007/Z (CLKOR2V16_140P7T30R)              0.02       0.77 f
  u_cp/u_kvqd/U8648/ZN (INV5_140P7T30R)                   0.01       0.78 r
  u_cp/u_kvqd/U39414/Z (AO1B2V4_140P7T30R)                0.02       0.80 r
  u_cp/u_kvqd/U14360/ZN (XNOR2V4_140P7T30R)               0.02       0.82 r
  u_cp/u_kvqd/U33519/ZN (XNOR2V4_140P7T30R)               0.03       0.85 r
  u_cp/u_kvqd/U33518/Z (CLKXOR2V6_140P7T30R)              0.02       0.87 r
  u_cp/u_kvqd/U33520/Z (CLKXOR2V6_140P7T30R)              0.02       0.90 r
  u_cp/u_kvqd/U8386/ZN (CLKNAND2V4_140P7T30R)             0.01       0.91 f
  u_cp/u_kvqd/U17872/ZN (OAI12V8_140P7T30R)               0.01       0.93 r
  u_cp/u_kvqd/U14903/ZN (AOI12V8_140P7T30R)               0.01       0.94 f
  u_cp/u_kvqd/U14938/ZN (OAI12V12_140P7T30R)              0.02       0.95 r
  u_cp/u_kvqd/U14212/ZN (CLKNAND2V12_140P7T30R)           0.01       0.96 f
  u_cp/u_kvqd/U35370/ZN (OAI12V12_140P7T30R)              0.01       0.97 r
  u_cp/u_kvqd/U16141/ZN (NOR2V16_140P7T30R)               0.01       0.98 f
  u_cp/u_kvqd/U11956/ZN (INV24_140P7T30R)                 0.01       0.99 r
  u_cp/u_kvqd/U8292/ZN (NAND2V6_140P7T30R)                0.01       1.00 f
  u_cp/u_kvqd/U11375/ZN (OAI12V12_140P7T30R)              0.01       1.01 r
  u_cp/u_kvqd/U12207/ZN (CLKNAND2V16_140P7T30R)           0.01       1.02 f
  u_cp/u_kvqd/U19629/ZN (OAI12V12_140P7T30R)              0.02       1.04 r
  u_cp/u_kvqd/U10248/ZN (NOR2V12_140P7T30R)               0.01       1.05 f
  u_cp/u_kvqd/U8260/ZN (NOR2V12_140P7T30R)                0.01       1.06 r
  u_cp/u_kvqd/U20079/ZN (CLKNAND2V16_140P7T30R)           0.01       1.07 f
  u_cp/u_kvqd/U13831/ZN (NAND2XBV16_140P7T30R)            0.01       1.08 r
  u_cp/u_kvqd/U8215/Z (BUFV10_140P7T30R)                  0.01       1.10 r
  u_cp/u_kvqd/U8162/ZN (OAI22V4_140P7T30R)                0.01       1.11 f
  u_cp/u_kvqd/U16505/ZN (NOR3V8_140P7T30R)                0.02       1.13 r
  u_cp/u_kvqd/U15079/ZN (NAND2XBV8_140P7T30R)             0.01       1.14 f
  u_cp/u_kvqd/U15371/ZN (CLKNAND2V12_140P7T30R)           0.01       1.15 r
  u_cp/u_kvqd/U18338/ZN (NAND2V8_140P7T30R)               0.01       1.16 f
  u_cp/u_kvqd/U7883/ZN (NAND3V8_140P7T30R)                0.01       1.17 r
  u_cp/u_kvqd/U20074/ZN (OAI112V4_140P7T30R)              0.02       1.19 f
  u_cp/u_kvqd/U15532/ZN (NAND3V6_140P7T30R)               0.01       1.20 r
  u_cp/u_kvqd/U7800/ZN (NAND2V6_140P7T30R)                0.01       1.21 f
  u_cp/u_kvqd/U12804/ZN (CLKNAND2V16_140P7T30R)           0.01       1.23 r
  u_cp/u_kvqd/U17878/ZN (NAND2XBV16_140P7T30R)            0.01       1.23 f
  u_cp/u_kvqd/U15642/ZN (CLKNAND2V16_140P7T30R)           0.01       1.24 r
  u_cp/u_kvqd/U15641/ZN (CLKINV32_140P7T30R)              0.01       1.26 f
  u_cp/u_kvqd/U7665/ZN (NAND2V3_140P7T30R)                0.01       1.26 r
  u_cp/u_kvqd/U7656/ZN (CLKNAND2V4_140P7T30R)             0.01       1.28 f
  u_cp/u_kvqd/U7639/ZN (NAND2XBV2_140P7T30R)              0.02       1.30 f
  u_cp/u_kvqd/U13878/ZN (NAND3V8_140P7T30R)               0.01       1.31 r
  u_cp/u_kvqd/U7611/ZN (NOR2V8_140P7T30R)                 0.01       1.32 f
  u_cp/u_kvqd/U10269/ZN (NOR2V12_140P7T30R)               0.01       1.33 r
  u_cp/u_kvqd/U15415/ZN (AOI12V12_140P7T30R)              0.02       1.35 f
  u_cp/u_kvqd/U33027/ZN (NOR2V16_140P7T30R)               0.02       1.37 r
  u_cp/u_kvqd/U33065/ZN (NOR2V16_140P7T30R)               0.02       1.38 f
  u_cp/u_kvqd/U11454/ZN (INV32_140P7T30R)                 0.01       1.40 r
  u_cp/u_kvqd/U14657/ZN (NOR2V16_140P7T30R)               0.01       1.40 f
  u_cp/u_kvqd/U10391/ZN (NOR2V16_140P7T30R)               0.01       1.41 r
  u_cp/u_kvqd/U15456/ZN (NAND2XBV16_140P7T30R)            0.01       1.42 f
  u_cp/u_kvqd/U14404/ZN (CLKNAND2V12_140P7T30R)           0.01       1.43 r
  u_cp/u_kvqd/U13028/ZN (CLKNAND2V12_140P7T30R)           0.01       1.43 f
  u_cp/u_kvqd/U16129/ZN (NOR2V16_140P7T30R)               0.01       1.45 r
  u_cp/u_kvqd/U16128/ZN (CLKNAND2V16_140P7T30R)           0.02       1.46 f
  u_cp/u_kvqd/U7318/Z (BUFV16_140P7T30R)                  0.02       1.48 f
  u_cp/u_kvqd/U7090/Z (XOR2V4_140P7T30R)                  0.02       1.50 f
  u_cp/u_kvqd/U24795/ZN (OAI22V4_140P7T30R)               0.02       1.52 r
  u_cp/u_kvqd/U31593/ZN (OAI12V4_140P7T30R)               0.02       1.54 f
  u_cp/u_kvqd/U40307/Z (AO1B2V4_140P7T30R)                0.01       1.55 r
  u_cp/u_kvqd/U39318/CO (AD1V4_140P7T30R)                 0.03       1.58 r
  u_cp/u_kvqd/U11015/ZN (XNOR2V2_140P7T30R)               0.02       1.60 r
  u_cp/u_kvqd/U12199/ZN (XNOR2V2_140P7T30R)               0.03       1.63 r
  u_cp/u_kvqd/U39451/Z (MAJ23V4_140P7T30R)                0.03       1.65 r
  u_cp/u_kvqd/U26840/ZN (NOR2V4_140P7T30R)                0.01       1.66 f
  u_cp/u_kvqd/U6543/ZN (NOR2V6_140P7T30R)                 0.01       1.68 r
  u_cp/u_kvqd/U11012/ZN (NAND2V6_140P7T30R)               0.01       1.69 f
  u_cp/u_kvqd/U12218/ZN (NOR2V8_140P7T30R)                0.02       1.71 r
  u_cp/u_kvqd/U21454/ZN (NAND2V3_140P7T30R)               0.01       1.72 f
  u_cp/u_kvqd/U20596/ZN (NOR2V6_140P7T30R)                0.01       1.73 r
  u_cp/u_kvqd/U6418/ZN (INV2_140P7T30R)                   0.01       1.74 f
  u_cp/u_kvqd/U33350/ZN (OAI12V12_140P7T30R)              0.02       1.76 r
  u_cp/u_kvqd/U17298/ZN (CLKNAND2V16_140P7T30R)           0.01       1.77 f
  u_cp/u_kvqd/U33321/ZN (CLKNAND2V16_140P7T30R)           0.01       1.78 r
  u_cp/u_kvqd/U14822/ZN (INV40_140P7T30R)                 0.01       1.79 f
  u_cp/u_kvqd/U15132/ZN (INV40_140P7T30R)                 0.01       1.80 r
  u_cp/u_kvqd/U17454/ZN (NOR2V16_140P7T30R)               0.00       1.81 f
  u_cp/u_kvqd/U33604/ZN (NOR2V16_140P7T30R)               0.01       1.82 r
  u_cp/u_kvqd/U6254/Z (CLKXOR2V6_140P7T30R)               0.02       1.84 r
  u_cp/u_kvqd/U6204/ZN (OAI22V8_140P7T30R)                0.02       1.86 f
  u_cp/u_kvqd/U24657/ZN (OAI12V6_140P7T30R)               0.01       1.87 r
  u_cp/u_kvqd/U6076/ZN (CLKNAND2V4_140P7T30R)             0.01       1.89 f
  u_cp/u_kvqd/U6046/ZN (AOI12V4_140P7T30R)                0.02       1.91 r
  u_cp/u_kvqd/U19272/Z (CLKXOR2V6_140P7T30R)              0.02       1.93 r
  u_cp/u_kvqd/U34001/ZN (XNOR2V4_140P7T30R)               0.03       1.95 r
  u_cp/u_kvqd/U5920/ZN (INV5_140P7T30R)                   0.01       1.96 f
  u_cp/u_kvqd/U5911/ZN (CLKNAND2V4_140P7T30R)             0.01       1.97 r
  u_cp/u_kvqd/U20550/ZN (NAND2XBV6_140P7T30R)             0.01       1.98 f
  u_cp/u_kvqd/U15278/ZN (NOR2V12_140P7T30R)               0.01       2.00 r
  u_cp/u_kvqd/U35833/ZN (NAND3V6_140P7T30R)               0.02       2.02 f
  u_cp/u_kvqd/U33940/ZN (NAND4V4_140P7T30R)               0.02       2.03 r
  u_cp/u_kvqd/U5844/Z (OA12V6_140P7T30R)                  0.02       2.06 r
  u_cp/u_kvqd/U15708/ZN (CLKNAND2V16_140P7T30R)           0.02       2.07 f
  u_cp/u_kvqd/U17755/ZN (NOR2V16_140P7T30R)               0.02       2.09 r
  u_cp/u_kvqd/U13619/ZN (INV16_140P7T30R)                 0.01       2.10 f
  u_cp/u_kvqd/U11380/ZN (CLKINV20_140P7T30R)              0.01       2.11 r
  u_cp/u_kvqd/U5813/ZN (NOR2V12_140P7T30R)                0.01       2.11 f
  u_cp/u_kvqd/U5791/ZN (AOI12V6_140P7T30R)                0.02       2.13 r
  u_cp/u_kvqd/U14275/ZN (NOR2V12_140P7T30R)               0.01       2.14 f
  u_cp/u_kvqd/U14515/ZN (NOR2V12_140P7T30R)               0.01       2.15 r
  u_cp/u_kvqd/U14531/ZN (INV20_140P7T30R)                 0.01       2.16 f
  u_cp/u_kvqd/U5689/ZN (INV24_140P7T30R)                  0.01       2.17 r
  u_cp/u_kvqd/U14517/ZN (NAND3V6_140P7T30R)               0.01       2.18 f
  u_cp/u_kvqd/U28500/ZN (INV4_140P7T30R)                  0.01       2.19 r
  u_cp/u_kvqd/U16501/ZN (NAND2V8_140P7T30R)               0.01       2.20 f
  u_cp/u_kvqd/U5501/ZN (OAI22V6_140P7T30R)                0.01       2.22 r
  u_cp/u_kvqd/U13860/Z (CLKOR2V16_140P7T30R)              0.02       2.23 r
  u_cp/u_kvqd/U5367/Z (OR2V4_140P7T30R)                   0.02       2.25 r
  u_cp/u_kvqd/U14512/ZN (OAI12V6_140P7T30R)               0.01       2.26 f
  u_cp/u_kvqd/U5327/ZN (AOI12V4_140P7T30R)                0.02       2.28 r
  u_cp/u_kvqd/U17785/ZN (NAND2V8_140P7T30R)               0.01       2.29 f
  u_cp/u_kvqd/U5247/ZN (AOI12V2_140P7T30R)                0.01       2.30 r
  u_cp/u_kvqd/U18371/ZN (NAND2V3_140P7T30R)               0.01       2.31 f
  u_cp/u_kvqd/U14958/ZN (XNOR2V4_140P7T30R)               0.02       2.34 f
  u_cp/u_kvqd/U13673/ZN (AOI12V8_140P7T30R)               0.02       2.35 r
  u_cp/u_kvqd/U14483/ZN (CLKNAND2V16_140P7T30R)           0.01       2.36 f
  u_cp/u_kvqd/U5145/ZN (NOR2V12_140P7T30R)                0.01       2.37 r
  u_cp/u_kvqd/U14277/ZN (NAND3V8_140P7T30R)               0.01       2.39 f
  u_cp/u_kvqd/U15100/ZN (NOR2V12_140P7T30R)               0.02       2.40 r
  u_cp/u_kvqd/U5078/ZN (NAND2V8_140P7T30R)                0.01       2.41 f
  u_cp/u_kvqd/U11292/ZN (CLKNAND2V16_140P7T30R)           0.01       2.43 r
  u_cp/u_kvqd/U5056/ZN (INV12_140P7T30R)                  0.01       2.43 f
  u_cp/u_kvqd/U14314/ZN (NOR2XBV16_140P7T30R)             0.02       2.45 f
  u_cp/u_kvqd/U10900/Z (AO1B2V4_140P7T30R)                0.03       2.48 f
  u_cp/u_kvqd/U11230/ZN (NOR2V16_140P7T30R)               0.02       2.49 r
  u_cp/u_kvqd/U11630/ZN (CLKNAND2V16_140P7T30R)           0.01       2.50 f
  u_cp/u_kvqd/U10278/ZN (NAND3V12_140P7T30R)              0.01       2.51 r
  u_cp/u_kvqd/U10699/ZN (CLKNAND2V16_140P7T30R)           0.02       2.53 f
  u_cp/u_kvqd/U10312/ZN (INV24_140P7T30R)                 0.01       2.54 r
  u_cp/u_kvqd/U11528/ZN (INV32_140P7T30R)                 0.01       2.54 f
  u_cp/u_kvqd/U4571/S (AD1V2_140P7T30R)                   0.05       2.60 r
  u_cp/u_kvqd/U28316/ZN (OAI12V4_140P7T30R)               0.02       2.61 f
  u_cp/u_kvqd/U17834/ZN (OAI12V6_140P7T30R)               0.01       2.62 r
  u_cp/u_kvqd/U33352/Z (CLKXOR2V6_140P7T30R)              0.02       2.65 r
  u_cp/u_kvqd/U33351/Z (CLKXOR2V6_140P7T30R)              0.02       2.67 r
  u_cp/u_kvqd/U10717/ZN (XNOR2V4_140P7T30R)               0.02       2.69 r
  u_cp/u_kvqd/U16486/ZN (XNOR2V4_140P7T30R)               0.03       2.72 r
  u_cp/u_kvqd/U4043/ZN (OAI12V4_140P7T30R)                0.02       2.74 f
  u_cp/u_kvqd/U15230/ZN (NAND2V6_140P7T30R)               0.01       2.75 r
  u_cp/u_kvqd/U17977/ZN (NAND2V8_140P7T30R)               0.01       2.76 f
  u_cp/u_kvqd/U13711/ZN (OAI12V8_140P7T30R)               0.01       2.77 r
  u_cp/u_kvqd/U16088/ZN (NAND2V8_140P7T30R)               0.01       2.78 f
  u_cp/u_kvqd/U3834/ZN (CLKNAND2V16_140P7T30R)            0.01       2.79 r
  u_cp/u_kvqd/U12833/ZN (CLKNAND2V16_140P7T30R)           0.01       2.80 f
  u_cp/u_kvqd/U13750/ZN (CLKNAND2V16_140P7T30R)           0.01       2.81 r
  u_cp/u_kvqd/U13749/ZN (NOR2V16_140P7T30R)               0.01       2.82 f
  u_cp/u_kvqd/U13730/ZN (NOR2XBV16_140P7T30R)             0.01       2.82 r
  u_cp/u_kvqd/U13662/ZN (NOR2V16_140P7T30R)               0.01       2.83 f
  u_cp/u_kvqd/U17549/ZN (AOI13V6_140P7T30R)               0.02       2.85 r
  u_cp/u_kvqd/U13073/ZN (CLKNAND2V16_140P7T30R)           0.01       2.86 f
  u_cp/u_kvqd/U17276/ZN (CLKINV32_140P7T30R)              0.01       2.87 r
  u_cp/u_kvqd/U13647/ZN (INV40_140P7T30R)                 0.01       2.88 f
  u_cp/u_kvqd/U18287/ZN (NOR2V16_140P7T30R)               0.02       2.90 r
  u_cp/u_kvqd/U13674/Z (CLKXOR2V12_140P7T30R)             0.02       2.93 r
  u_cp/u_kvqd/U14239/ZN (OAI22V8_140P7T30R)               0.02       2.94 f
  u_cp/u_kvqd/U14238/ZN (XNOR2V4_140P7T30R)               0.03       2.97 f
  u_cp/u_kvqd/U17151/ZN (XNOR2V4_140P7T30R)               0.02       2.99 f
  u_cp/u_kvqd/U36371/Z (MAJ23V4_140P7T30R)                0.02       3.02 f
  u_cp/u_kvqd/U30392/ZN (NAND2XBV8_140P7T30R)             0.02       3.04 f
  u_cp/u_kvqd/U11894/ZN (AOI12V6_140P7T30R)               0.01       3.05 r
  u_cp/u_kvqd/U11893/ZN (OAI12V8_140P7T30R)               0.01       3.06 f
  u_cp/u_kvqd/U36095/ZN (AOI12V12_140P7T30R)              0.01       3.08 r
  u_cp/u_kvqd/U18572/ZN (NOR2V16_140P7T30R)               0.01       3.09 f
  u_cp/u_kvqd/U15542/ZN (INV7_140P7T30R)                  0.01       3.09 r
  u_cp/u_kvqd/U13026/ZN (CLKNAND2V12_140P7T30R)           0.01       3.10 f
  u_cp/u_kvqd/U11203/ZN (CLKNAND2V12_140P7T30R)           0.01       3.11 r
  u_cp/u_kvqd/U33974/ZN (NOR2V16_140P7T30R)               0.01       3.12 f
  u_cp/u_kvqd/U15110/ZN (INV40_140P7T30R)                 0.01       3.13 r
  u_cp/u_kvqd/U3337/ZN (NAND2XBV8_140P7T30R)              0.01       3.14 f
  u_cp/u_kvqd/U34334/ZN (OAI12V12_140P7T30R)              0.01       3.15 r
  u_cp/u_kvqd/U35915/ZN (NAND3V8_140P7T30R)               0.01       3.16 f
  u_cp/u_kvqd/U12675/ZN (NAND2XBV16_140P7T30R)            0.02       3.18 f
  u_cp/u_kvqd/U33205/ZN (AOI12V12_140P7T30R)              0.02       3.20 r
  u_cp/u_kvqd/U17067/ZN (INV24_140P7T30R)                 0.01       3.21 f
  u_cp/u_kvqd/U15190/ZN (NOR2V16_140P7T30R)               0.01       3.22 r
  u_cp/u_kvqd/U19080/ZN (INV12_140P7T30R)                 0.01       3.22 f
  u_cp/u_kvqd/U16095/ZN (AOI12V6_140P7T30R)               0.01       3.24 r
  u_cp/u_kvqd/U3173/ZN (CLKNAND2V4_140P7T30R)             0.01       3.25 f
  u_cp/u_kvqd/U33040/ZN (OAI12V12_140P7T30R)              0.01       3.26 r
  u_cp/u_kvqd/U3035/ZN (NOR2V4_140P7T30R)                 0.01       3.27 f
  u_cp/u_kvqd/U28042/ZN (AOI12V8_140P7T30R)               0.02       3.29 r
  u_cp/u_kvqd/U19028/ZN (NAND2V8_140P7T30R)               0.01       3.30 f
  u_cp/u_kvqd/U15189/ZN (NAND3V12_140P7T30R)              0.01       3.31 r
  u_cp/u_kvqd/U2913/ZN (INV8_140P7T30R)                   0.01       3.31 f
  u_cp/u_kvqd/U19018/ZN (NOR2V12_140P7T30R)               0.01       3.32 r
  u_cp/u_kvqd/U15180/ZN (OAI12V8_140P7T30R)               0.01       3.33 f
  u_cp/u_kvqd/U20334/ZN (AOI12V6_140P7T30R)               0.02       3.35 r
  u_cp/u_kvqd/U19166/ZN (OAI12V8_140P7T30R)               0.02       3.37 f
  u_cp/u_kvqd/U2762/Z (BUFV7_140P7T30R)                   0.02       3.38 f
  u_cp/u_kvqd/U2752/ZN (NAND2XBV6_140P7T30R)              0.01       3.39 r
  u_cp/u_kvqd/U25767/ZN (INV4_140P7T30R)                  0.01       3.39 f
  u_cp/u_kvqd/U17018/ZN (NOR2V6_140P7T30R)                0.01       3.40 r
  u_cp/u_kvqd/U27993/ZN (CLKNAND2V4_140P7T30R)            0.01       3.41 f
  u_cp/u_kvqd/U14950/ZN (NAND2V8_140P7T30R)               0.01       3.42 r
  u_cp/u_kvqd/U2639/ZN (NAND2V6_140P7T30R)                0.01       3.43 f
  u_cp/u_kvqd/U12164/ZN (NAND2V8_140P7T30R)               0.01       3.44 r
  u_cp/u_kvqd/U11913/ZN (INV16_140P7T30R)                 0.01       3.45 f
  u_cp/u_kvqd/U11869/ZN (CLKNAND2V12_140P7T30R)           0.01       3.45 r
  u_cp/u_kvqd/U16011/ZN (INV7_140P7T30R)                  0.00       3.46 f
  u_cp/u_kvqd/U33101/ZN (NAND3V8_140P7T30R)               0.01       3.46 r
  u_cp/u_kvqd/U13834/ZN (NOR2V12_140P7T30R)               0.01       3.47 f
  u_cp/u_kvqd/U17827/ZN (INV12_140P7T30R)                 0.01       3.48 r
  u_cp/u_kvqd/U18672/ZN (NOR2V16_140P7T30R)               0.01       3.48 f
  u_cp/u_kvqd/U33247/ZN (NOR2V16_140P7T30R)               0.02       3.50 r
  u_cp/u_kvqd/U33246/ZN (NOR2V16_140P7T30R)               0.01       3.52 f
  u_cp/u_kvqd/U11934/ZN (INV32_140P7T30R)                 0.01       3.53 r
  u_cp/u_kvqd/U2455/ZN (NOR2XBV12_140P7T30R)              0.01       3.54 f
  u_cp/u_kvqd/U15209/ZN (NOR2V16_140P7T30R)               0.01       3.54 r
  u_cp/u_kvqd/U2390/ZN (CLKNAND2V12_140P7T30R)            0.01       3.55 f
  u_cp/u_kvqd/U2314/ZN (OAI22V6_140P7T30R)                0.01       3.57 r
  u_cp/u_kvqd/U2287/ZN (NAND2V8_140P7T30R)                0.01       3.58 f
  u_cp/u_kvqd/U12060/ZN (CLKNAND2V16_140P7T30R)           0.01       3.59 r
  u_cp/u_kvqd/U12628/ZN (NAND2XBV16_140P7T30R)            0.02       3.60 f
  u_cp/u_kvqd/U24076/Z (CLKXOR2V6_140P7T30R)              0.03       3.63 f
  u_cp/u_kvqd/U25596/ZN (OAI22V8_140P7T30R)               0.02       3.65 r
  u_cp/u_kvqd/U33567/Z (CLKXOR2V6_140P7T30R)              0.02       3.67 r
  u_cp/u_kvqd/U35537/Z (CLKXOR2V6_140P7T30R)              0.03       3.70 r
  u_cp/u_kvqd/U13261/ZN (NAND2V6_140P7T30R)               0.01       3.71 f
  u_cp/u_kvqd/U12047/ZN (CLKNAND2V12_140P7T30R)           0.01       3.72 r
  u_cp/u_kvqd/U1519/ZN (OAI12V6_140P7T30R)                0.01       3.73 f
  u_cp/u_kvqd/U1463/ZN (NAND2V8_140P7T30R)                0.01       3.74 r
  u_cp/u_kvqd/U12045/ZN (XNOR2V4_140P7T30R)               0.02       3.76 r
  u_cp/u_kvqd/U12044/ZN (XNOR2V4_140P7T30R)               0.03       3.79 r
  u_cp/u_kvqd/U14365/Z (CLKXOR2V6_140P7T30R)              0.03       3.82 r
  u_cp/u_kvqd/U14364/ZN (NOR2V12_140P7T30R)               0.01       3.82 f
  u_cp/u_kvqd/U35652/ZN (NOR3V8_140P7T30R)                0.01       3.84 r
  u_cp/u_kvqd/U33986/ZN (AOI12V12_140P7T30R)              0.01       3.85 f
  u_cp/u_kvqd/U13569/ZN (OAI12V12_140P7T30R)              0.01       3.87 r
  u_cp/u_kvqd/U13568/ZN (CLKNAND2V16_140P7T30R)           0.01       3.88 f
  u_cp/u_kvqd/U13593/ZN (NAND2V8_140P7T30R)               0.01       3.88 r
  u_cp/u_kvqd/U29701/ZN (NAND2XBV12_140P7T30R)            0.01       3.89 f
  u_cp/u_kvqd/U17830/ZN (CLKNAND2V16_140P7T30R)           0.01       3.90 r
  u_cp/u_kvqd/U1178/ZN (NAND2XBV12_140P7T30R)             0.01       3.91 f
  u_cp/u_kvqd/U33574/ZN (NOR2V16_140P7T30R)               0.02       3.93 r
  u_cp/u_kvqd/U13559/ZN (INV32_140P7T30R)                 0.01       3.94 f
  u_cp/u_kvqd/U1107/ZN (INV20_140P7T30R)                  0.01       3.95 r
  u_cp/u_kvqd/U19103/ZN (CLKNAND2V16_140P7T30R)           0.01       3.96 f
  u_cp/u_kvqd/U1059/Z (AO12V2_140P7T30R)                  0.03       3.98 f
  u_cp/u_kvqd/U13462/ZN (NAND2V8_140P7T30R)               0.01       3.99 r
  u_cp/u_kvqd/U1008/ZN (OAI22V8_140P7T30R)                0.01       4.01 f
  u_cp/u_kvqd/U18364/ZN (INV8_140P7T30R)                  0.01       4.01 r
  u_cp/u_kvqd/U17970/ZN (OAI12V8_140P7T30R)               0.01       4.03 f
  u_cp/u_kvqd/U18821/ZN (OAI12V12_140P7T30R)              0.01       4.03 r
  u_cp/u_kvqd/U29627/ZN (NAND2V8_140P7T30R)               0.01       4.04 f
  u_cp/u_kvqd/U29619/Z (AND2V4_140P7T30R)                 0.02       4.06 f
  u_cp/u_kvqd/U34208/Z (AO12V8_140P7T30R)                 0.02       4.08 f
  u_cp/u_kvqd/U29598/ZN (NOR2V12_140P7T30R)               0.01       4.10 r
  u_cp/u_kvqd/U13561/ZN (OAI12V8_140P7T30R)               0.01       4.11 f
  u_cp/u_kvqd/U15850/ZN (NAND3V8_140P7T30R)               0.01       4.12 r
  u_cp/u_kvqd/U14882/ZN (NAND3V6_140P7T30R)               0.01       4.13 f
  u_cp/u_kvqd/U14881/ZN (MUX2NV4_140P7T30R)               0.02       4.15 r
  u_cp/u_kvqd/U33175/ZN (CLKNAND2V12_140P7T30R)           0.01       4.16 f
  u_cp/u_kvqd/U14253/ZN (NOR2V16_140P7T30R)               0.02       4.18 r
  u_cp/u_kvqd/U14251/ZN (INV32_140P7T30R)                 0.01       4.19 f
  u_cp/u_kvqd/U689/ZN (INV20_140P7T30R)                   0.01       4.20 r
  u_cp/u_kvqd/U21833/ZN (NAND2XBV4_140P7T30R)             0.01       4.21 f
  u_cp/u_kvqd/U16091/ZN (NAND2V8_140P7T30R)               0.01       4.22 r
  u_cp/u_kvqd/U14953/ZN (AOI12V8_140P7T30R)               0.01       4.23 f
  u_cp/u_kvqd/U34627/ZN (NAND2V8_140P7T30R)               0.01       4.24 r
  u_cp/u_kvqd/U34635/Z (CLKXOR2V12_140P7T30R)             0.02       4.27 r
  u_cp/u_kvqd/U465/Z (AND3V2_140P7T30R)                   0.04       4.30 r
  u_cp/u_kvqd/U19869/ZN (NOR2V12_140P7T30R)               0.01       4.31 f
  u_cp/u_kvqd/U35789/ZN (NOR2V16_140P7T30R)               0.01       4.33 r
  u_cp/u_kvqd/U35662/ZN (CLKNAND2V16_140P7T30R)           0.01       4.34 f
  u_cp/u_kvqd/U11964/ZN (CLKINV16_140P7T30R)              0.01       4.34 r
  u_cp/u_kvqd/U34592/ZN (NAND3V12_140P7T30R)              0.01       4.36 f
  u_cp/u_kvqd/U34563/ZN (NOR2V16_140P7T30R)               0.02       4.38 r
  u_cp/u_kvqd/U272/ZN (INV12_140P7T30R)                   0.01       4.39 f
  u_cp/u_kvqd/U12304/ZN (INV20_140P7T30R)                 0.01       4.40 r
  u_cp/u_kvqd/U39833/ZN (OAI112V6_140P7T30R)              0.01       4.41 f
  u_cp/u_kvqd/U39933/ZN (OAI112V6_140P7T30R)              0.02       4.43 r
  u_cp/u_kvqd/U29371/ZN (NAND2V3_140P7T30R)               0.01       4.44 f
  u_cp/u_kvqd/U37515/ZN (OAI12V2_140P7T30R)               0.01       4.45 r
  u_cp/u_kvqd/U27626/ZN (NAND3V3_140P7T30R)               0.01       4.46 f
  u_cp/u_kvqd/U13736/ZN (NOR3V6_140P7T30R)                0.01       4.48 r
  u_cp/u_kvqd/U39710/ZN (NAND4V6_140P7T30R)               0.01       4.49 f
  u_cp/u_kvqd/U25194/ZN (NOR2V8_140P7T30R)                0.02       4.51 r
  u_cp/u_kvqd/U9743/ZN (INV8_140P7T30R)                   0.00       4.51 f
  u_cp/u_kvqd/U31/ZN (NOR3V4_140P7T30R)                   0.01       4.52 r
  u_cp/u_kvqd/U39760/ZN (AOI13V6_140P7T30R)               0.02       4.55 f
  u_cp/u_kvqd/U13/ZN (INV4_140P7T30R)                     0.01       4.56 r
  u_cp/u_kvqd/U17280/ZN (AOI21BV4_140P7T30R)              0.01       4.57 f
  u_cp/u_kvqd/U19991/ZN (NAND4V6_140P7T30R)               0.01       4.58 r
  u_cp/u_kvqd/wr_data[4] (kv_quantdequant)                0.00       4.58 r
  U590/ZN (INV4_140P7T30R)                                0.00       4.58 f
  U591/ZN (OAI12V2_140P7T30R)                             0.01       4.59 r
  hbm_wdata[4] (out)                                      0.00       4.59 r
  data arrival time                                                  4.59

  clock clk (rise edge)                                   1.00       1.00
  clock network delay (ideal)                             0.00       1.00
  output external delay                                   0.00       1.00
  data required time                                                 1.00
  --------------------------------------------------------------------------
  data required time                                                 1.00
  data arrival time                                                 -4.59
  --------------------------------------------------------------------------
  slack (VIOLATED)                                                  -3.59


  Startpoint: u_cp/u_kvqd/s_bits_reg[2]
              (rising edge-triggered flip-flop clocked by clk)
  Endpoint: hbm_wdata[7]
            (output port clocked by clk)
  Path Group: clk
  Path Type: max

  Point                                                   Incr       Path
  --------------------------------------------------------------------------
  clock clk (rise edge)                                   0.00       0.00
  clock network delay (ideal)                             0.00       0.00
  u_cp/u_kvqd/s_bits_reg[2]/CK (DQV4_140P7T30R)           0.00 #     0.00 r
  u_cp/u_kvqd/s_bits_reg[2]/Q (DQV4_140P7T30R)            0.05       0.05 f
  u_cp/u_kvqd/U9698/Z (BUFV16_140P7T30R)                  0.02       0.06 f
  u_cp/u_kvqd/U36301/ZN (XNOR2V4_140P7T30R)               0.02       0.08 f
  u_cp/u_kvqd/U22841/ZN (INV4_140P7T30R)                  0.01       0.10 r
  u_cp/u_kvqd/U12781/ZN (NOR2V16_140P7T30R)               0.01       0.10 f
  u_cp/u_kvqd/U11232/ZN (NOR2V16_140P7T30R)               0.01       0.11 r
  u_cp/u_kvqd/U9633/Z (CLKXOR2V6_140P7T30R)               0.02       0.13 r
  u_cp/u_kvqd/U16418/Z (CLKXOR2V6_140P7T30R)              0.02       0.16 r
  u_cp/u_kvqd/U34165/Z (CLKXOR2V6_140P7T30R)              0.02       0.18 r
  u_cp/u_kvqd/U34687/ZN (NOR2V4_140P7T30R)                0.01       0.19 f
  u_cp/u_kvqd/U17896/ZN (NAND2XBV16_140P7T30R)            0.02       0.21 f
  u_cp/u_kvqd/U10149/ZN (NOR2V16_140P7T30R)               0.01       0.22 r
  u_cp/u_kvqd/U10177/ZN (CLKINV20_140P7T30R)              0.01       0.23 f
  u_cp/u_kvqd/U33875/ZN (OAI12V12_140P7T30R)              0.01       0.24 r
  u_cp/u_kvqd/U13346/ZN (CLKNAND2V12_140P7T30R)           0.01       0.25 f
  u_cp/u_kvqd/U33960/ZN (NAND2XBV16_140P7T30R)            0.01       0.26 r
  u_cp/u_kvqd/U9513/Z (BUFV10_140P7T30R)                  0.02       0.28 r
  u_cp/u_kvqd/U23845/ZN (NAND2V8_140P7T30R)               0.01       0.29 f
  u_cp/u_kvqd/U19889/ZN (NOR2V12_140P7T30R)               0.01       0.30 r
  u_cp/u_kvqd/U18370/ZN (OAI12V6_140P7T30R)               0.01       0.31 f
  u_cp/u_kvqd/U15297/ZN (NAND3V8_140P7T30R)               0.01       0.32 r
  u_cp/u_kvqd/U18827/ZN (XNOR2V4_140P7T30R)               0.03       0.35 r
  u_cp/u_kvqd/U33815/ZN (NAND3V8_140P7T30R)               0.02       0.37 f
  u_cp/u_kvqd/U9469/ZN (NOR2V12_140P7T30R)                0.01       0.38 r
  u_cp/u_kvqd/U10314/ZN (CLKNAND2V16_140P7T30R)           0.01       0.39 f
  u_cp/u_kvqd/U12764/ZN (NAND2XBV16_140P7T30R)            0.01       0.41 r
  u_cp/u_kvqd/U9451/ZN (INV24_140P7T30R)                  0.01       0.41 f
  u_cp/u_kvqd/U9446/ZN (CLKINV32_140P7T30R)               0.01       0.42 r
  u_cp/u_kvqd/U9417/ZN (NOR2V12_140P7T30R)                0.01       0.43 f
  u_cp/u_kvqd/U36014/ZN (AOI12V12_140P7T30R)              0.01       0.44 r
  u_cp/u_kvqd/U9381/ZN (NAND2V6_140P7T30R)                0.01       0.45 f
  u_cp/u_kvqd/U12472/ZN (NOR2V8_140P7T30R)                0.01       0.46 r
  u_cp/u_kvqd/U9352/ZN (NOR2V6_140P7T30R)                 0.01       0.46 f
  u_cp/u_kvqd/U16913/ZN (OAI12V8_140P7T30R)               0.01       0.47 r
  u_cp/u_kvqd/U16914/ZN (CLKNAND2V16_140P7T30R)           0.01       0.49 f
  u_cp/u_kvqd/U18604/ZN (NOR2V12_140P7T30R)               0.01       0.50 r
  u_cp/u_kvqd/U40039/S (AD1V4_140P7T30R)                  0.05       0.54 f
  u_cp/u_kvqd/U13038/ZN (XNOR2V4_140P7T30R)               0.02       0.57 f
  u_cp/u_kvqd/U17535/ZN (XNOR2V4_140P7T30R)               0.03       0.59 f
  u_cp/u_kvqd/U17534/Z (AO1B2V4_140P7T30R)                0.01       0.60 r
  u_cp/u_kvqd/U8993/ZN (NAND2V6_140P7T30R)                0.01       0.62 f
  u_cp/u_kvqd/U11489/ZN (NOR2V12_140P7T30R)               0.01       0.63 r
  u_cp/u_kvqd/U13037/ZN (INV7_140P7T30R)                  0.01       0.64 f
  u_cp/u_kvqd/U21684/ZN (AOI12V8_140P7T30R)               0.01       0.65 r
  u_cp/u_kvqd/U17136/ZN (OAI12V8_140P7T30R)               0.01       0.66 f
  u_cp/u_kvqd/U18918/ZN (NAND2XBV8_140P7T30R)             0.01       0.67 r
  u_cp/u_kvqd/U13030/ZN (NAND2XBV12_140P7T30R)            0.01       0.68 f
  u_cp/u_kvqd/U33353/Z (OA12V8_140P7T30R)                 0.02       0.70 f
  u_cp/u_kvqd/U14720/ZN (NOR2V16_140P7T30R)               0.01       0.71 r
  u_cp/u_kvqd/U33408/ZN (CLKNAND2V16_140P7T30R)           0.01       0.72 f
  u_cp/u_kvqd/U35905/ZN (CLKNAND2V16_140P7T30R)           0.02       0.74 r
  u_cp/u_kvqd/U8718/ZN (NOR2V8_140P7T30R)                 0.01       0.75 f
  u_cp/u_kvqd/U13007/Z (CLKOR2V16_140P7T30R)              0.02       0.77 f
  u_cp/u_kvqd/U8648/ZN (INV5_140P7T30R)                   0.01       0.78 r
  u_cp/u_kvqd/U39414/Z (AO1B2V4_140P7T30R)                0.02       0.80 r
  u_cp/u_kvqd/U14360/ZN (XNOR2V4_140P7T30R)               0.02       0.82 r
  u_cp/u_kvqd/U33519/ZN (XNOR2V4_140P7T30R)               0.03       0.85 r
  u_cp/u_kvqd/U33518/Z (CLKXOR2V6_140P7T30R)              0.02       0.87 r
  u_cp/u_kvqd/U33520/Z (CLKXOR2V6_140P7T30R)              0.02       0.90 r
  u_cp/u_kvqd/U8386/ZN (CLKNAND2V4_140P7T30R)             0.01       0.91 f
  u_cp/u_kvqd/U17872/ZN (OAI12V8_140P7T30R)               0.01       0.93 r
  u_cp/u_kvqd/U14903/ZN (AOI12V8_140P7T30R)               0.01       0.94 f
  u_cp/u_kvqd/U14938/ZN (OAI12V12_140P7T30R)              0.02       0.95 r
  u_cp/u_kvqd/U14212/ZN (CLKNAND2V12_140P7T30R)           0.01       0.96 f
  u_cp/u_kvqd/U35370/ZN (OAI12V12_140P7T30R)              0.01       0.97 r
  u_cp/u_kvqd/U16141/ZN (NOR2V16_140P7T30R)               0.01       0.98 f
  u_cp/u_kvqd/U11956/ZN (INV24_140P7T30R)                 0.01       0.99 r
  u_cp/u_kvqd/U8292/ZN (NAND2V6_140P7T30R)                0.01       1.00 f
  u_cp/u_kvqd/U11375/ZN (OAI12V12_140P7T30R)              0.01       1.01 r
  u_cp/u_kvqd/U12207/ZN (CLKNAND2V16_140P7T30R)           0.01       1.02 f
  u_cp/u_kvqd/U19629/ZN (OAI12V12_140P7T30R)              0.02       1.04 r
  u_cp/u_kvqd/U10248/ZN (NOR2V12_140P7T30R)               0.01       1.05 f
  u_cp/u_kvqd/U8260/ZN (NOR2V12_140P7T30R)                0.01       1.06 r
  u_cp/u_kvqd/U20079/ZN (CLKNAND2V16_140P7T30R)           0.01       1.07 f
  u_cp/u_kvqd/U13831/ZN (NAND2XBV16_140P7T30R)            0.01       1.08 r
  u_cp/u_kvqd/U8215/Z (BUFV10_140P7T30R)                  0.01       1.10 r
  u_cp/u_kvqd/U8162/ZN (OAI22V4_140P7T30R)                0.01       1.11 f
  u_cp/u_kvqd/U16505/ZN (NOR3V8_140P7T30R)                0.02       1.13 r
  u_cp/u_kvqd/U15079/ZN (NAND2XBV8_140P7T30R)             0.01       1.14 f
  u_cp/u_kvqd/U15371/ZN (CLKNAND2V12_140P7T30R)           0.01       1.15 r
  u_cp/u_kvqd/U18338/ZN (NAND2V8_140P7T30R)               0.01       1.16 f
  u_cp/u_kvqd/U7883/ZN (NAND3V8_140P7T30R)                0.01       1.17 r
  u_cp/u_kvqd/U20074/ZN (OAI112V4_140P7T30R)              0.02       1.19 f
  u_cp/u_kvqd/U15532/ZN (NAND3V6_140P7T30R)               0.01       1.20 r
  u_cp/u_kvqd/U7800/ZN (NAND2V6_140P7T30R)                0.01       1.21 f
  u_cp/u_kvqd/U12804/ZN (CLKNAND2V16_140P7T30R)           0.01       1.23 r
  u_cp/u_kvqd/U17878/ZN (NAND2XBV16_140P7T30R)            0.01       1.23 f
  u_cp/u_kvqd/U15642/ZN (CLKNAND2V16_140P7T30R)           0.01       1.24 r
  u_cp/u_kvqd/U15641/ZN (CLKINV32_140P7T30R)              0.01       1.26 f
  u_cp/u_kvqd/U7665/ZN (NAND2V3_140P7T30R)                0.01       1.26 r
  u_cp/u_kvqd/U7656/ZN (CLKNAND2V4_140P7T30R)             0.01       1.28 f
  u_cp/u_kvqd/U7639/ZN (NAND2XBV2_140P7T30R)              0.02       1.30 f
  u_cp/u_kvqd/U13878/ZN (NAND3V8_140P7T30R)               0.01       1.31 r
  u_cp/u_kvqd/U7611/ZN (NOR2V8_140P7T30R)                 0.01       1.32 f
  u_cp/u_kvqd/U10269/ZN (NOR2V12_140P7T30R)               0.01       1.33 r
  u_cp/u_kvqd/U15415/ZN (AOI12V12_140P7T30R)              0.02       1.35 f
  u_cp/u_kvqd/U33027/ZN (NOR2V16_140P7T30R)               0.02       1.37 r
  u_cp/u_kvqd/U33065/ZN (NOR2V16_140P7T30R)               0.02       1.38 f
  u_cp/u_kvqd/U11454/ZN (INV32_140P7T30R)                 0.01       1.40 r
  u_cp/u_kvqd/U14657/ZN (NOR2V16_140P7T30R)               0.01       1.40 f
  u_cp/u_kvqd/U10391/ZN (NOR2V16_140P7T30R)               0.01       1.41 r
  u_cp/u_kvqd/U15456/ZN (NAND2XBV16_140P7T30R)            0.01       1.42 f
  u_cp/u_kvqd/U14404/ZN (CLKNAND2V12_140P7T30R)           0.01       1.43 r
  u_cp/u_kvqd/U13028/ZN (CLKNAND2V12_140P7T30R)           0.01       1.43 f
  u_cp/u_kvqd/U16129/ZN (NOR2V16_140P7T30R)               0.01       1.45 r
  u_cp/u_kvqd/U16128/ZN (CLKNAND2V16_140P7T30R)           0.02       1.46 f
  u_cp/u_kvqd/U7318/Z (BUFV16_140P7T30R)                  0.02       1.48 f
  u_cp/u_kvqd/U7090/Z (XOR2V4_140P7T30R)                  0.02       1.50 f
  u_cp/u_kvqd/U24795/ZN (OAI22V4_140P7T30R)               0.02       1.52 r
  u_cp/u_kvqd/U31593/ZN (OAI12V4_140P7T30R)               0.02       1.54 f
  u_cp/u_kvqd/U40307/Z (AO1B2V4_140P7T30R)                0.01       1.55 r
  u_cp/u_kvqd/U39318/CO (AD1V4_140P7T30R)                 0.03       1.58 r
  u_cp/u_kvqd/U11015/ZN (XNOR2V2_140P7T30R)               0.02       1.60 r
  u_cp/u_kvqd/U12199/ZN (XNOR2V2_140P7T30R)               0.03       1.63 r
  u_cp/u_kvqd/U39451/Z (MAJ23V4_140P7T30R)                0.03       1.65 r
  u_cp/u_kvqd/U26840/ZN (NOR2V4_140P7T30R)                0.01       1.66 f
  u_cp/u_kvqd/U6543/ZN (NOR2V6_140P7T30R)                 0.01       1.68 r
  u_cp/u_kvqd/U11012/ZN (NAND2V6_140P7T30R)               0.01       1.69 f
  u_cp/u_kvqd/U12218/ZN (NOR2V8_140P7T30R)                0.02       1.71 r
  u_cp/u_kvqd/U21454/ZN (NAND2V3_140P7T30R)               0.01       1.72 f
  u_cp/u_kvqd/U20596/ZN (NOR2V6_140P7T30R)                0.01       1.73 r
  u_cp/u_kvqd/U6418/ZN (INV2_140P7T30R)                   0.01       1.74 f
  u_cp/u_kvqd/U33350/ZN (OAI12V12_140P7T30R)              0.02       1.76 r
  u_cp/u_kvqd/U17298/ZN (CLKNAND2V16_140P7T30R)           0.01       1.77 f
  u_cp/u_kvqd/U33321/ZN (CLKNAND2V16_140P7T30R)           0.01       1.78 r
  u_cp/u_kvqd/U14822/ZN (INV40_140P7T30R)                 0.01       1.79 f
  u_cp/u_kvqd/U15132/ZN (INV40_140P7T30R)                 0.01       1.80 r
  u_cp/u_kvqd/U17454/ZN (NOR2V16_140P7T30R)               0.00       1.81 f
  u_cp/u_kvqd/U33604/ZN (NOR2V16_140P7T30R)               0.01       1.82 r
  u_cp/u_kvqd/U6254/Z (CLKXOR2V6_140P7T30R)               0.02       1.84 r
  u_cp/u_kvqd/U6204/ZN (OAI22V8_140P7T30R)                0.02       1.86 f
  u_cp/u_kvqd/U24657/ZN (OAI12V6_140P7T30R)               0.01       1.87 r
  u_cp/u_kvqd/U6076/ZN (CLKNAND2V4_140P7T30R)             0.01       1.89 f
  u_cp/u_kvqd/U6046/ZN (AOI12V4_140P7T30R)                0.02       1.91 r
  u_cp/u_kvqd/U19272/Z (CLKXOR2V6_140P7T30R)              0.02       1.93 r
  u_cp/u_kvqd/U34001/ZN (XNOR2V4_140P7T30R)               0.03       1.95 r
  u_cp/u_kvqd/U5920/ZN (INV5_140P7T30R)                   0.01       1.96 f
  u_cp/u_kvqd/U5911/ZN (CLKNAND2V4_140P7T30R)             0.01       1.97 r
  u_cp/u_kvqd/U20550/ZN (NAND2XBV6_140P7T30R)             0.01       1.98 f
  u_cp/u_kvqd/U15278/ZN (NOR2V12_140P7T30R)               0.01       2.00 r
  u_cp/u_kvqd/U35833/ZN (NAND3V6_140P7T30R)               0.02       2.02 f
  u_cp/u_kvqd/U33940/ZN (NAND4V4_140P7T30R)               0.02       2.03 r
  u_cp/u_kvqd/U5844/Z (OA12V6_140P7T30R)                  0.02       2.06 r
  u_cp/u_kvqd/U15708/ZN (CLKNAND2V16_140P7T30R)           0.02       2.07 f
  u_cp/u_kvqd/U17755/ZN (NOR2V16_140P7T30R)               0.02       2.09 r
  u_cp/u_kvqd/U13619/ZN (INV16_140P7T30R)                 0.01       2.10 f
  u_cp/u_kvqd/U11380/ZN (CLKINV20_140P7T30R)              0.01       2.11 r
  u_cp/u_kvqd/U5813/ZN (NOR2V12_140P7T30R)                0.01       2.11 f
  u_cp/u_kvqd/U5791/ZN (AOI12V6_140P7T30R)                0.02       2.13 r
  u_cp/u_kvqd/U14275/ZN (NOR2V12_140P7T30R)               0.01       2.14 f
  u_cp/u_kvqd/U14515/ZN (NOR2V12_140P7T30R)               0.01       2.15 r
  u_cp/u_kvqd/U14531/ZN (INV20_140P7T30R)                 0.01       2.16 f
  u_cp/u_kvqd/U5689/ZN (INV24_140P7T30R)                  0.01       2.17 r
  u_cp/u_kvqd/U14517/ZN (NAND3V6_140P7T30R)               0.01       2.18 f
  u_cp/u_kvqd/U28500/ZN (INV4_140P7T30R)                  0.01       2.19 r
  u_cp/u_kvqd/U16501/ZN (NAND2V8_140P7T30R)               0.01       2.20 f
  u_cp/u_kvqd/U5501/ZN (OAI22V6_140P7T30R)                0.01       2.22 r
  u_cp/u_kvqd/U13860/Z (CLKOR2V16_140P7T30R)              0.02       2.23 r
  u_cp/u_kvqd/U5367/Z (OR2V4_140P7T30R)                   0.02       2.25 r
  u_cp/u_kvqd/U14512/ZN (OAI12V6_140P7T30R)               0.01       2.26 f
  u_cp/u_kvqd/U5327/ZN (AOI12V4_140P7T30R)                0.02       2.28 r
  u_cp/u_kvqd/U17785/ZN (NAND2V8_140P7T30R)               0.01       2.29 f
  u_cp/u_kvqd/U5247/ZN (AOI12V2_140P7T30R)                0.01       2.30 r
  u_cp/u_kvqd/U18371/ZN (NAND2V3_140P7T30R)               0.01       2.31 f
  u_cp/u_kvqd/U14958/ZN (XNOR2V4_140P7T30R)               0.02       2.34 f
  u_cp/u_kvqd/U13673/ZN (AOI12V8_140P7T30R)               0.02       2.35 r
  u_cp/u_kvqd/U14483/ZN (CLKNAND2V16_140P7T30R)           0.01       2.36 f
  u_cp/u_kvqd/U5145/ZN (NOR2V12_140P7T30R)                0.01       2.37 r
  u_cp/u_kvqd/U14277/ZN (NAND3V8_140P7T30R)               0.01       2.39 f
  u_cp/u_kvqd/U15100/ZN (NOR2V12_140P7T30R)               0.02       2.40 r
  u_cp/u_kvqd/U5078/ZN (NAND2V8_140P7T30R)                0.01       2.41 f
  u_cp/u_kvqd/U11292/ZN (CLKNAND2V16_140P7T30R)           0.01       2.43 r
  u_cp/u_kvqd/U5056/ZN (INV12_140P7T30R)                  0.01       2.43 f
  u_cp/u_kvqd/U14314/ZN (NOR2XBV16_140P7T30R)             0.02       2.45 f
  u_cp/u_kvqd/U10900/Z (AO1B2V4_140P7T30R)                0.03       2.48 f
  u_cp/u_kvqd/U11230/ZN (NOR2V16_140P7T30R)               0.02       2.49 r
  u_cp/u_kvqd/U11630/ZN (CLKNAND2V16_140P7T30R)           0.01       2.50 f
  u_cp/u_kvqd/U10278/ZN (NAND3V12_140P7T30R)              0.01       2.51 r
  u_cp/u_kvqd/U10699/ZN (CLKNAND2V16_140P7T30R)           0.02       2.53 f
  u_cp/u_kvqd/U10312/ZN (INV24_140P7T30R)                 0.01       2.54 r
  u_cp/u_kvqd/U11528/ZN (INV32_140P7T30R)                 0.01       2.54 f
  u_cp/u_kvqd/U4571/S (AD1V2_140P7T30R)                   0.05       2.60 r
  u_cp/u_kvqd/U28316/ZN (OAI12V4_140P7T30R)               0.02       2.61 f
  u_cp/u_kvqd/U17834/ZN (OAI12V6_140P7T30R)               0.01       2.62 r
  u_cp/u_kvqd/U33352/Z (CLKXOR2V6_140P7T30R)              0.02       2.65 r
  u_cp/u_kvqd/U33351/Z (CLKXOR2V6_140P7T30R)              0.02       2.67 r
  u_cp/u_kvqd/U10717/ZN (XNOR2V4_140P7T30R)               0.02       2.69 r
  u_cp/u_kvqd/U16486/ZN (XNOR2V4_140P7T30R)               0.03       2.72 r
  u_cp/u_kvqd/U4043/ZN (OAI12V4_140P7T30R)                0.02       2.74 f
  u_cp/u_kvqd/U15230/ZN (NAND2V6_140P7T30R)               0.01       2.75 r
  u_cp/u_kvqd/U17977/ZN (NAND2V8_140P7T30R)               0.01       2.76 f
  u_cp/u_kvqd/U13711/ZN (OAI12V8_140P7T30R)               0.01       2.77 r
  u_cp/u_kvqd/U16088/ZN (NAND2V8_140P7T30R)               0.01       2.78 f
  u_cp/u_kvqd/U3834/ZN (CLKNAND2V16_140P7T30R)            0.01       2.79 r
  u_cp/u_kvqd/U12833/ZN (CLKNAND2V16_140P7T30R)           0.01       2.80 f
  u_cp/u_kvqd/U13750/ZN (CLKNAND2V16_140P7T30R)           0.01       2.81 r
  u_cp/u_kvqd/U13749/ZN (NOR2V16_140P7T30R)               0.01       2.82 f
  u_cp/u_kvqd/U13730/ZN (NOR2XBV16_140P7T30R)             0.01       2.82 r
  u_cp/u_kvqd/U13662/ZN (NOR2V16_140P7T30R)               0.01       2.83 f
  u_cp/u_kvqd/U17549/ZN (AOI13V6_140P7T30R)               0.02       2.85 r
  u_cp/u_kvqd/U13073/ZN (CLKNAND2V16_140P7T30R)           0.01       2.86 f
  u_cp/u_kvqd/U17276/ZN (CLKINV32_140P7T30R)              0.01       2.87 r
  u_cp/u_kvqd/U13647/ZN (INV40_140P7T30R)                 0.01       2.88 f
  u_cp/u_kvqd/U18287/ZN (NOR2V16_140P7T30R)               0.02       2.90 r
  u_cp/u_kvqd/U13674/Z (CLKXOR2V12_140P7T30R)             0.02       2.93 r
  u_cp/u_kvqd/U14239/ZN (OAI22V8_140P7T30R)               0.02       2.94 f
  u_cp/u_kvqd/U14238/ZN (XNOR2V4_140P7T30R)               0.03       2.97 f
  u_cp/u_kvqd/U17151/ZN (XNOR2V4_140P7T30R)               0.02       2.99 f
  u_cp/u_kvqd/U36371/Z (MAJ23V4_140P7T30R)                0.02       3.02 f
  u_cp/u_kvqd/U30392/ZN (NAND2XBV8_140P7T30R)             0.02       3.04 f
  u_cp/u_kvqd/U11894/ZN (AOI12V6_140P7T30R)               0.01       3.05 r
  u_cp/u_kvqd/U11893/ZN (OAI12V8_140P7T30R)               0.01       3.06 f
  u_cp/u_kvqd/U36095/ZN (AOI12V12_140P7T30R)              0.01       3.08 r
  u_cp/u_kvqd/U18572/ZN (NOR2V16_140P7T30R)               0.01       3.09 f
  u_cp/u_kvqd/U15542/ZN (INV7_140P7T30R)                  0.01       3.09 r
  u_cp/u_kvqd/U13026/ZN (CLKNAND2V12_140P7T30R)           0.01       3.10 f
  u_cp/u_kvqd/U11203/ZN (CLKNAND2V12_140P7T30R)           0.01       3.11 r
  u_cp/u_kvqd/U33974/ZN (NOR2V16_140P7T30R)               0.01       3.12 f
  u_cp/u_kvqd/U15110/ZN (INV40_140P7T30R)                 0.01       3.13 r
  u_cp/u_kvqd/U3337/ZN (NAND2XBV8_140P7T30R)              0.01       3.14 f
  u_cp/u_kvqd/U34334/ZN (OAI12V12_140P7T30R)              0.01       3.15 r
  u_cp/u_kvqd/U35915/ZN (NAND3V8_140P7T30R)               0.01       3.16 f
  u_cp/u_kvqd/U12675/ZN (NAND2XBV16_140P7T30R)            0.02       3.18 f
  u_cp/u_kvqd/U33205/ZN (AOI12V12_140P7T30R)              0.02       3.20 r
  u_cp/u_kvqd/U17067/ZN (INV24_140P7T30R)                 0.01       3.21 f
  u_cp/u_kvqd/U15190/ZN (NOR2V16_140P7T30R)               0.01       3.22 r
  u_cp/u_kvqd/U19080/ZN (INV12_140P7T30R)                 0.01       3.22 f
  u_cp/u_kvqd/U16095/ZN (AOI12V6_140P7T30R)               0.01       3.24 r
  u_cp/u_kvqd/U3173/ZN (CLKNAND2V4_140P7T30R)             0.01       3.25 f
  u_cp/u_kvqd/U33040/ZN (OAI12V12_140P7T30R)              0.01       3.26 r
  u_cp/u_kvqd/U3035/ZN (NOR2V4_140P7T30R)                 0.01       3.27 f
  u_cp/u_kvqd/U28042/ZN (AOI12V8_140P7T30R)               0.02       3.29 r
  u_cp/u_kvqd/U19028/ZN (NAND2V8_140P7T30R)               0.01       3.30 f
  u_cp/u_kvqd/U15189/ZN (NAND3V12_140P7T30R)              0.01       3.31 r
  u_cp/u_kvqd/U2913/ZN (INV8_140P7T30R)                   0.01       3.31 f
  u_cp/u_kvqd/U19018/ZN (NOR2V12_140P7T30R)               0.01       3.32 r
  u_cp/u_kvqd/U15180/ZN (OAI12V8_140P7T30R)               0.01       3.33 f
  u_cp/u_kvqd/U20334/ZN (AOI12V6_140P7T30R)               0.02       3.35 r
  u_cp/u_kvqd/U19166/ZN (OAI12V8_140P7T30R)               0.02       3.37 f
  u_cp/u_kvqd/U2762/Z (BUFV7_140P7T30R)                   0.02       3.38 f
  u_cp/u_kvqd/U2752/ZN (NAND2XBV6_140P7T30R)              0.01       3.39 r
  u_cp/u_kvqd/U25767/ZN (INV4_140P7T30R)                  0.01       3.39 f
  u_cp/u_kvqd/U17018/ZN (NOR2V6_140P7T30R)                0.01       3.40 r
  u_cp/u_kvqd/U27993/ZN (CLKNAND2V4_140P7T30R)            0.01       3.41 f
  u_cp/u_kvqd/U14950/ZN (NAND2V8_140P7T30R)               0.01       3.42 r
  u_cp/u_kvqd/U2639/ZN (NAND2V6_140P7T30R)                0.01       3.43 f
  u_cp/u_kvqd/U12164/ZN (NAND2V8_140P7T30R)               0.01       3.44 r
  u_cp/u_kvqd/U11913/ZN (INV16_140P7T30R)                 0.01       3.45 f
  u_cp/u_kvqd/U11869/ZN (CLKNAND2V12_140P7T30R)           0.01       3.45 r
  u_cp/u_kvqd/U16011/ZN (INV7_140P7T30R)                  0.00       3.46 f
  u_cp/u_kvqd/U33101/ZN (NAND3V8_140P7T30R)               0.01       3.46 r
  u_cp/u_kvqd/U13834/ZN (NOR2V12_140P7T30R)               0.01       3.47 f
  u_cp/u_kvqd/U17827/ZN (INV12_140P7T30R)                 0.01       3.48 r
  u_cp/u_kvqd/U18672/ZN (NOR2V16_140P7T30R)               0.01       3.48 f
  u_cp/u_kvqd/U33247/ZN (NOR2V16_140P7T30R)               0.02       3.50 r
  u_cp/u_kvqd/U33246/ZN (NOR2V16_140P7T30R)               0.01       3.52 f
  u_cp/u_kvqd/U11934/ZN (INV32_140P7T30R)                 0.01       3.53 r
  u_cp/u_kvqd/U2455/ZN (NOR2XBV12_140P7T30R)              0.01       3.54 f
  u_cp/u_kvqd/U15209/ZN (NOR2V16_140P7T30R)               0.01       3.54 r
  u_cp/u_kvqd/U2390/ZN (CLKNAND2V12_140P7T30R)            0.01       3.55 f
  u_cp/u_kvqd/U2314/ZN (OAI22V6_140P7T30R)                0.01       3.57 r
  u_cp/u_kvqd/U2287/ZN (NAND2V8_140P7T30R)                0.01       3.58 f
  u_cp/u_kvqd/U12060/ZN (CLKNAND2V16_140P7T30R)           0.01       3.59 r
  u_cp/u_kvqd/U12628/ZN (NAND2XBV16_140P7T30R)            0.02       3.60 f
  u_cp/u_kvqd/U24076/Z (CLKXOR2V6_140P7T30R)              0.03       3.63 f
  u_cp/u_kvqd/U25596/ZN (OAI22V8_140P7T30R)               0.02       3.65 r
  u_cp/u_kvqd/U33567/Z (CLKXOR2V6_140P7T30R)              0.02       3.67 r
  u_cp/u_kvqd/U35537/Z (CLKXOR2V6_140P7T30R)              0.03       3.70 r
  u_cp/u_kvqd/U13261/ZN (NAND2V6_140P7T30R)               0.01       3.71 f
  u_cp/u_kvqd/U12047/ZN (CLKNAND2V12_140P7T30R)           0.01       3.72 r
  u_cp/u_kvqd/U1519/ZN (OAI12V6_140P7T30R)                0.01       3.73 f
  u_cp/u_kvqd/U1463/ZN (NAND2V8_140P7T30R)                0.01       3.74 r
  u_cp/u_kvqd/U12045/ZN (XNOR2V4_140P7T30R)               0.02       3.76 r
  u_cp/u_kvqd/U12044/ZN (XNOR2V4_140P7T30R)               0.03       3.79 r
  u_cp/u_kvqd/U14365/Z (CLKXOR2V6_140P7T30R)              0.03       3.82 r
  u_cp/u_kvqd/U14364/ZN (NOR2V12_140P7T30R)               0.01       3.82 f
  u_cp/u_kvqd/U35652/ZN (NOR3V8_140P7T30R)                0.01       3.84 r
  u_cp/u_kvqd/U33986/ZN (AOI12V12_140P7T30R)              0.01       3.85 f
  u_cp/u_kvqd/U13569/ZN (OAI12V12_140P7T30R)              0.01       3.87 r
  u_cp/u_kvqd/U13568/ZN (CLKNAND2V16_140P7T30R)           0.01       3.88 f
  u_cp/u_kvqd/U13593/ZN (NAND2V8_140P7T30R)               0.01       3.88 r
  u_cp/u_kvqd/U29701/ZN (NAND2XBV12_140P7T30R)            0.01       3.89 f
  u_cp/u_kvqd/U17830/ZN (CLKNAND2V16_140P7T30R)           0.01       3.90 r
  u_cp/u_kvqd/U1178/ZN (NAND2XBV12_140P7T30R)             0.01       3.91 f
  u_cp/u_kvqd/U33574/ZN (NOR2V16_140P7T30R)               0.02       3.93 r
  u_cp/u_kvqd/U13559/ZN (INV32_140P7T30R)                 0.01       3.94 f
  u_cp/u_kvqd/U1107/ZN (INV20_140P7T30R)                  0.01       3.95 r
  u_cp/u_kvqd/U19103/ZN (CLKNAND2V16_140P7T30R)           0.01       3.96 f
  u_cp/u_kvqd/U1059/Z (AO12V2_140P7T30R)                  0.03       3.98 f
  u_cp/u_kvqd/U13462/ZN (NAND2V8_140P7T30R)               0.01       3.99 r
  u_cp/u_kvqd/U1008/ZN (OAI22V8_140P7T30R)                0.01       4.01 f
  u_cp/u_kvqd/U18364/ZN (INV8_140P7T30R)                  0.01       4.01 r
  u_cp/u_kvqd/U17970/ZN (OAI12V8_140P7T30R)               0.01       4.03 f
  u_cp/u_kvqd/U18821/ZN (OAI12V12_140P7T30R)              0.01       4.03 r
  u_cp/u_kvqd/U29627/ZN (NAND2V8_140P7T30R)               0.01       4.04 f
  u_cp/u_kvqd/U29619/Z (AND2V4_140P7T30R)                 0.02       4.06 f
  u_cp/u_kvqd/U34208/Z (AO12V8_140P7T30R)                 0.02       4.08 f
  u_cp/u_kvqd/U29598/ZN (NOR2V12_140P7T30R)               0.01       4.10 r
  u_cp/u_kvqd/U13561/ZN (OAI12V8_140P7T30R)               0.01       4.11 f
  u_cp/u_kvqd/U15850/ZN (NAND3V8_140P7T30R)               0.01       4.12 r
  u_cp/u_kvqd/U14882/ZN (NAND3V6_140P7T30R)               0.01       4.13 f
  u_cp/u_kvqd/U14881/ZN (MUX2NV4_140P7T30R)               0.02       4.15 r
  u_cp/u_kvqd/U33175/ZN (CLKNAND2V12_140P7T30R)           0.01       4.16 f
  u_cp/u_kvqd/U14253/ZN (NOR2V16_140P7T30R)               0.02       4.18 r
  u_cp/u_kvqd/U14251/ZN (INV32_140P7T30R)                 0.01       4.19 f
  u_cp/u_kvqd/U689/ZN (INV20_140P7T30R)                   0.01       4.20 r
  u_cp/u_kvqd/U21833/ZN (NAND2XBV4_140P7T30R)             0.01       4.21 f
  u_cp/u_kvqd/U16091/ZN (NAND2V8_140P7T30R)               0.01       4.22 r
  u_cp/u_kvqd/U14953/ZN (AOI12V8_140P7T30R)               0.01       4.23 f
  u_cp/u_kvqd/U34627/ZN (NAND2V8_140P7T30R)               0.01       4.24 r
  u_cp/u_kvqd/U34635/Z (CLKXOR2V12_140P7T30R)             0.02       4.27 r
  u_cp/u_kvqd/U465/Z (AND3V2_140P7T30R)                   0.04       4.30 r
  u_cp/u_kvqd/U19869/ZN (NOR2V12_140P7T30R)               0.01       4.31 f
  u_cp/u_kvqd/U35789/ZN (NOR2V16_140P7T30R)               0.01       4.33 r
  u_cp/u_kvqd/U35662/ZN (CLKNAND2V16_140P7T30R)           0.01       4.34 f
  u_cp/u_kvqd/U11964/ZN (CLKINV16_140P7T30R)              0.01       4.34 r
  u_cp/u_kvqd/U34592/ZN (NAND3V12_140P7T30R)              0.01       4.36 f
  u_cp/u_kvqd/U34563/ZN (NOR2V16_140P7T30R)               0.02       4.38 r
  u_cp/u_kvqd/U272/ZN (INV12_140P7T30R)                   0.01       4.39 f
  u_cp/u_kvqd/U13839/ZN (NOR2V8_140P7T30R)                0.01       4.40 r
  u_cp/u_kvqd/U13917/ZN (AOI12V6_140P7T30R)               0.01       4.41 f
  u_cp/u_kvqd/U29366/ZN (AOI12V8_140P7T30R)               0.02       4.43 r
  u_cp/u_kvqd/U25200/ZN (NAND2V8_140P7T30R)               0.01       4.44 f
  u_cp/u_kvqd/U114/ZN (NOR2V2_140P7T30R)                  0.01       4.45 r
  u_cp/u_kvqd/U101/ZN (NAND3V3_140P7T30R)                 0.02       4.47 f
  u_cp/u_kvqd/U29356/ZN (OAI12V8_140P7T30R)               0.02       4.48 r
  u_cp/u_kvqd/U70/ZN (NAND2XBV12_140P7T30R)               0.01       4.50 f
  u_cp/u_kvqd/U40783/ZN (OAI12V2_140P7T30R)               0.01       4.51 r
  u_cp/u_kvqd/U22850/ZN (NAND2V2_140P7T30R)               0.01       4.52 f
  u_cp/u_kvqd/wr_data[7] (kv_quantdequant)                0.00       4.52 f
  U40292/Z (AO12V2_140P7T30R)                             0.02       4.54 f
  hbm_wdata[7] (out)                                      0.00       4.54 f
  data arrival time                                                  4.54

  clock clk (rise edge)                                   1.00       1.00
  clock network delay (ideal)                             0.00       1.00
  output external delay                                   0.00       1.00
  data required time                                                 1.00
  --------------------------------------------------------------------------
  data required time                                                 1.00
  data arrival time                                                 -4.54
  --------------------------------------------------------------------------
  slack (VIOLATED)                                                  -3.54


  Startpoint: u_cp/dma_row_bytes_r_reg[5]
              (rising edge-triggered flip-flop clocked by clk)
  Endpoint: u_cp/total_cycles_reg[63]
            (rising edge-triggered flip-flop clocked by clk)
  Path Group: clk
  Path Type: max

  Point                                                   Incr       Path
  --------------------------------------------------------------------------
  clock clk (rise edge)                                   0.00       0.00
  clock network delay (ideal)                             0.00       0.00
  u_cp/dma_row_bytes_r_reg[5]/CK (DQV2_140P7T30R)         0.00 #     0.00 r
  u_cp/dma_row_bytes_r_reg[5]/Q (DQV2_140P7T30R)          0.07       0.07 f
  U21141/ZN (INV4_140P7T30R)                              0.05       0.12 r
  U21145/ZN (AOI22V1_140P7T30R)                           0.03       0.15 f
  U1621/ZN (INV4_140P7T30R)                               0.04       0.18 r
  U21146/ZN (OAI212V2_140P7T30R)                          0.08       0.26 f
  U21342/ZN (OAI22V1_140P7T30R)                           0.05       0.31 r
  U6302/CO (ADH1V2_140P7T30R)                             0.04       0.35 r
  U6060/S (AD1V2_140P7T30R)                               0.05       0.40 f
  U5931/S (AD1V2_140P7T30R)                               0.04       0.43 f
  U5585/CO (AD1V2_140P7T30R)                              0.04       0.47 f
  U5542/CO (AD1V2_140P7T30R)                              0.03       0.50 f
  U5447/CO (AD1V2_140P7T30R)                              0.03       0.53 f
  U5343/CO (AD1V2_140P7T30R)                              0.03       0.57 f
  U5310/CO (AD1V2_140P7T30R)                              0.03       0.60 f
  U5198/CO (AD1V2_140P7T30R)                              0.03       0.63 f
  U4985/CO (AD1V2_140P7T30R)                              0.03       0.66 f
  U4917/CO (AD1V2_140P7T30R)                              0.03       0.70 f
  U4850/CO (AD1V2_140P7T30R)                              0.03       0.73 f
  U4670/CO (AD1V2_140P7T30R)                              0.03       0.76 f
  U4589/CO (AD1V2_140P7T30R)                              0.03       0.79 f
  U1062/CO (AD1V2_140P7T30R)                              0.03       0.82 f
  U1061/CO (AD1V2_140P7T30R)                              0.03       0.86 f
  U1000/CO (AD1V2_140P7T30R)                              0.03       0.89 f
  U999/CO (AD1V2_140P7T30R)                               0.03       0.92 f
  U998/CO (AD1V2_140P7T30R)                               0.03       0.95 f
  U997/CO (AD1V2_140P7T30R)                               0.03       0.99 f
  U996/CO (AD1V2_140P7T30R)                               0.03       1.02 f
  U995/CO (AD1V2_140P7T30R)                               0.03       1.05 f
  U994/CO (AD1V2_140P7T30R)                               0.03       1.08 f
  U993/CO (AD1V2_140P7T30R)                               0.03       1.11 f
  U1057/CO (AD1V2_140P7T30R)                              0.03       1.15 f
  U3458/CO (AD1V2_140P7T30R)                              0.03       1.18 f
  U21378/Z (XOR3V2_140P7T30R)                             0.04       1.22 f
  U21379/ZN (XNOR2V2_140P7T30R)                           0.03       1.25 f
  U21383/ZN (XNOR2V2_140P7T30R)                           0.03       1.27 f
  U912/Z (BUFV4_140P7T30R)                                0.04       1.31 f
  U992/ZN (INV4_140P7T30R)                                0.03       1.34 r
  U943/ZN (INV10_140P7T30R)                               0.04       1.38 f
  U7709/Z (MAJ23V2_140P7T30R)                             0.04       1.42 f
  U7708/Z (MAJ23V2_140P7T30R)                             0.02       1.44 f
  U7707/Z (MAJ23V2_140P7T30R)                             0.02       1.46 f
  U7706/Z (MAJ23V2_140P7T30R)                             0.02       1.48 f
  U7718/Z (MAJ23V2_140P7T30R)                             0.02       1.50 f
  U7716/Z (MAJ23V2_140P7T30R)                             0.02       1.52 f
  U7715/Z (MAJ23V2_140P7T30R)                             0.02       1.55 f
  U7890/Z (MAJ23V2_140P7T30R)                             0.02       1.57 f
  U7889/Z (MAJ23V2_140P7T30R)                             0.02       1.59 f
  U7888/Z (MAJ23V2_140P7T30R)                             0.02       1.61 f
  U8394/Z (MAJ23V2_140P7T30R)                             0.02       1.63 f
  U8393/Z (MAJ23V2_140P7T30R)                             0.02       1.65 f
  U8392/Z (MAJ23V2_140P7T30R)                             0.02       1.67 f
  U7732/Z (MAJ23V2_140P7T30R)                             0.02       1.69 f
  U7731/Z (MAJ23V2_140P7T30R)                             0.02       1.71 f
  U7730/Z (MAJ23V2_140P7T30R)                             0.02       1.73 f
  U7729/Z (MAJ23V2_140P7T30R)                             0.02       1.75 f
  U7923/Z (MAJ23V2_140P7T30R)                             0.02       1.77 f
  U7922/Z (MAJ23V2_140P7T30R)                             0.02       1.79 f
  U7921/Z (MAJ23V2_140P7T30R)                             0.02       1.81 f
  U8471/Z (MAJ23V2_140P7T30R)                             0.02       1.83 f
  U8470/Z (MAJ23V2_140P7T30R)                             0.02       1.85 f
  U8469/Z (MAJ23V2_140P7T30R)                             0.02       1.88 f
  U7753/Z (MAJ23V2_140P7T30R)                             0.02       1.90 f
  U7752/Z (MAJ23V2_140P7T30R)                             0.02       1.92 f
  U7751/Z (MAJ23V2_140P7T30R)                             0.02       1.94 f
  U7663/Z (MAJ23V2_140P7T30R)                             0.02       1.96 f
  U7662/Z (MAJ23V2_140P7T30R)                             0.02       1.98 f
  U7661/Z (MAJ23V2_140P7T30R)                             0.02       2.00 f
  U8699/Z (MAJ23V2_140P7T30R)                             0.02       2.02 f
  U8698/Z (MAJ23V2_140P7T30R)                             0.02       2.04 f
  U8697/Z (MAJ23V2_140P7T30R)                             0.02       2.06 f
  U7786/Z (MAJ23V2_140P7T30R)                             0.02       2.08 f
  U7785/Z (MAJ23V2_140P7T30R)                             0.02       2.10 f
  U10481/Z (MAJ23V2_140P7T30R)                            0.02       2.12 f
  U8095/Z (MAJ23V2_140P7T30R)                             0.02       2.14 f
  U8094/Z (MAJ23V2_140P7T30R)                             0.02       2.16 f
  U8093/Z (MAJ23V2_140P7T30R)                             0.02       2.18 f
  U9075/Z (MAJ23V2_140P7T30R)                             0.02       2.20 f
  U987/Z (MAJ23V2_140P7T30R)                              0.02       2.22 f
  U986/CO (AD1V2_140P7T30R)                               0.03       2.26 f
  U985/CO (AD1V2_140P7T30R)                               0.03       2.29 f
  U983/CO (AD1V2_140P7T30R)                               0.03       2.32 f
  U981/CO (AD1V2_140P7T30R)                               0.03       2.35 f
  U980/CO (AD1V2_140P7T30R)                               0.03       2.38 f
  U979/CO (AD1V2_140P7T30R)                               0.03       2.42 f
  U978/CO (AD1V2_140P7T30R)                               0.03       2.45 f
  U975/CO (AD1V2_140P7T30R)                               0.03       2.48 f
  U973/CO (AD1V2_140P7T30R)                               0.03       2.51 f
  U972/CO (AD1V2_140P7T30R)                               0.03       2.55 f
  U971/CO (AD1V2_140P7T30R)                               0.03       2.58 f
  U970/CO (AD1V2_140P7T30R)                               0.03       2.61 f
  U969/CO (AD1V2_140P7T30R)                               0.03       2.64 f
  U968/CO (AD1V2_140P7T30R)                               0.03       2.67 f
  U967/CO (AD1V2_140P7T30R)                               0.03       2.71 f
  U966/CO (AD1V2_140P7T30R)                               0.03       2.74 f
  U965/CO (AD1V2_140P7T30R)                               0.03       2.77 f
  U964/CO (AD1V2_140P7T30R)                               0.03       2.80 f
  U963/CO (AD1V2_140P7T30R)                               0.03       2.84 f
  U962/CO (AD1V2_140P7T30R)                               0.03       2.87 f
  U961/CO (AD1V2_140P7T30R)                               0.03       2.90 f
  U960/CO (AD1V2_140P7T30R)                               0.03       2.93 f
  U959/CO (AD1V2_140P7T30R)                               0.03       2.96 f
  U958/S (AD1V2_140P7T30R)                                0.05       3.01 r
  U29245/Z (AO12V2_140P7T30R)                             0.02       3.03 r
  U29252/S (ADH1V2_140P7T30R)                             0.02       3.05 r
  U29246/Z (OR2V2_140P7T30R)                              0.02       3.07 r
  U1724/CO (AD1V2_140P7T30R)                              0.03       3.11 r
  U1719/CO (AD1V2_140P7T30R)                              0.03       3.14 r
  U1715/CO (AD1V2_140P7T30R)                              0.03       3.17 r
  U1707/CO (AD1V2_140P7T30R)                              0.03       3.20 r
  U1704/CO (AD1V2_140P7T30R)                              0.03       3.24 r
  U1702/CO (AD1V2_140P7T30R)                              0.03       3.27 r
  U1035/CO (AD1V2_140P7T30R)                              0.03       3.30 r
  U1034/CO (AD1V2_140P7T30R)                              0.03       3.33 r
  U1033/CO (AD1V2_140P7T30R)                              0.03       3.36 r
  U1032/CO (ADH1V2_140P7T30R)                             0.03       3.39 r
  U1031/CO (ADH1V2_140P7T30R)                             0.03       3.41 r
  U1030/CO (ADH1V2_140P7T30R)                             0.03       3.44 r
  U1029/CO (ADH1V2_140P7T30R)                             0.03       3.47 r
  U1028/CO (ADH1V2_140P7T30R)                             0.03       3.49 r
  U1027/CO (ADH1V2_140P7T30R)                             0.03       3.52 r
  U1026/CO (ADH1V2_140P7T30R)                             0.03       3.54 r
  U1025/CO (ADH1V2_140P7T30R)                             0.03       3.57 r
  U1024/CO (ADH1V2_140P7T30R)                             0.03       3.60 r
  U1023/CO (ADH1V2_140P7T30R)                             0.03       3.62 r
  U1022/CO (ADH1V2_140P7T30R)                             0.03       3.65 r
  U1021/CO (ADH1V2_140P7T30R)                             0.03       3.68 r
  U1020/CO (ADH1V2_140P7T30R)                             0.03       3.70 r
  U1019/CO (ADH1V2_140P7T30R)                             0.03       3.73 r
  U1018/CO (ADH1V2_140P7T30R)                             0.03       3.76 r
  U1017/CO (ADH1V2_140P7T30R)                             0.03       3.78 r
  U1016/CO (ADH1V2_140P7T30R)                             0.03       3.81 r
  U1015/CO (ADH1V2_140P7T30R)                             0.03       3.83 r
  U1014/CO (ADH1V2_140P7T30R)                             0.03       3.86 r
  U1013/CO (ADH1V2_140P7T30R)                             0.03       3.89 r
  U1012/CO (ADH1V2_140P7T30R)                             0.03       3.91 r
  U1011/CO (ADH1V2_140P7T30R)                             0.03       3.94 r
  U1098/CO (ADH1V2_140P7T30R)                             0.03       3.97 r
  U47655/CO (ADH1V2_140P7T30R)                            0.03       3.99 r
  U47652/CO (ADH1V2_140P7T30R)                            0.03       4.02 r
  U47648/CO (ADH1V2_140P7T30R)                            0.03       4.04 r
  U47645/CO (ADH1V2_140P7T30R)                            0.03       4.07 r
  U47642/CO (ADH1V2_140P7T30R)                            0.03       4.10 r
  U47639/CO (ADH1V2_140P7T30R)                            0.03       4.12 r
  U47636/CO (ADH1V2_140P7T30R)                            0.03       4.15 r
  U47633/CO (ADH1V2_140P7T30R)                            0.03       4.18 r
  U47630/Z (XOR2V2_140P7T30R)                             0.02       4.20 r
  U47632/Z (AO1B2V2_140P7T30R)                            0.02       4.22 r
  u_cp/total_cycles_reg[63]/D (DQV2_140P7T30R)            0.00       4.22 r
  data arrival time                                                  4.22

  clock clk (rise edge)                                   1.00       1.00
  clock network delay (ideal)                             0.00       1.00
  u_cp/total_cycles_reg[63]/CK (DQV2_140P7T30R)           0.00       1.00 r
  library setup time                                     -0.02       0.98
  data required time                                                 0.98
  --------------------------------------------------------------------------
  data required time                                                 0.98
  data arrival time                                                 -4.22
  --------------------------------------------------------------------------
  slack (VIOLATED)                                                  -3.23


  Startpoint: u_cp/u_bfeed/s_u2_reg[3][1]
              (rising edge-triggered flip-flop clocked by clk)
  Endpoint: u_cp/u_bfeed/s_u3_reg[3][11]
            (rising edge-triggered flip-flop clocked by clk)
  Path Group: clk
  Path Type: max

  Point                                                   Incr       Path
  --------------------------------------------------------------------------
  clock clk (rise edge)                                   0.00       0.00
  clock network delay (ideal)                             0.00       0.00
  u_cp/u_bfeed/s_u2_reg[3][1]/CK (DQV2_140P7T30R)         0.00 #     0.00 r
  u_cp/u_bfeed/s_u2_reg[3][1]/Q (DQV2_140P7T30R)          0.08       0.08 r
  u_cp/u_bfeed/U33852/CO (ADH1V2_140P7T30R)               0.04       0.12 r
  u_cp/u_bfeed/U32563/CO (AD1V2_140P7T30R)                0.03       0.15 r
  u_cp/u_bfeed/U32038/CO (AD1V2_140P7T30R)                0.03       0.18 r
  u_cp/u_bfeed/U31563/CO (AD1V2_140P7T30R)                0.03       0.21 r
  u_cp/u_bfeed/U30700/CO (AD1V2_140P7T30R)                0.03       0.25 r
  u_cp/u_bfeed/U3655/CO (AD1V2_140P7T30R)                 0.03       0.28 r
  u_cp/u_bfeed/U3649/CO (AD1V2_140P7T30R)                 0.03       0.31 r
  u_cp/u_bfeed/U3642/CO (AD1V2_140P7T30R)                 0.03       0.34 r
  u_cp/u_bfeed/U3632/CO (AD1V2_140P7T30R)                 0.03       0.38 r
  u_cp/u_bfeed/U3626/CO (AD1V2_140P7T30R)                 0.03       0.41 r
  u_cp/u_bfeed/U3600/CO (AD1V2_140P7T30R)                 0.03       0.44 r
  u_cp/u_bfeed/U3595/CO (AD1V2_140P7T30R)                 0.03       0.47 r
  u_cp/u_bfeed/U3578/CO (AD1V2_140P7T30R)                 0.03       0.51 r
  u_cp/u_bfeed/U3560/CO (AD1V2_140P7T30R)                 0.03       0.54 r
  u_cp/u_bfeed/U3547/CO (AD1V2_140P7T30R)                 0.03       0.57 r
  u_cp/u_bfeed/U3526/CO (AD1V2_140P7T30R)                 0.03       0.60 r
  u_cp/u_bfeed/U3511/CO (AD1V2_140P7T30R)                 0.03       0.63 r
  u_cp/u_bfeed/U3500/CO (AD1V2_140P7T30R)                 0.03       0.67 r
  u_cp/u_bfeed/U3488/CO (AD1V2_140P7T30R)                 0.03       0.70 r
  u_cp/u_bfeed/U3469/CO (AD1V2_140P7T30R)                 0.03       0.73 r
  u_cp/u_bfeed/U3466/CO (AD1V2_140P7T30R)                 0.03       0.76 r
  u_cp/u_bfeed/U3460/S (AD1V2_140P7T30R)                  0.06       0.82 f
  u_cp/u_bfeed/U55879/ZN (AOI22V1_140P7T30R)              0.02       0.84 r
  u_cp/u_bfeed/U55880/ZN (OAI12V2_140P7T30R)              0.02       0.86 f
  u_cp/u_bfeed/U55881/ZN (AOI12V2_140P7T30R)              0.02       0.88 r
  u_cp/u_bfeed/U55882/Z (XOR2V2_140P7T30R)                0.02       0.90 f
  u_cp/u_bfeed/U21823/Z (MAJ23V2_140P7T30R)               0.03       0.93 f
  u_cp/u_bfeed/U21669/CO (AD1V2_140P7T30R)                0.03       0.96 f
  u_cp/u_bfeed/U21570/CO (AD1V2_140P7T30R)                0.03       1.00 f
  u_cp/u_bfeed/U21471/CO (AD1V2_140P7T30R)                0.03       1.03 f
  u_cp/u_bfeed/U21227/CO (AD1V2_140P7T30R)                0.03       1.06 f
  u_cp/u_bfeed/U21203/CO (AD1V2_140P7T30R)                0.03       1.09 f
  u_cp/u_bfeed/U3437/CO (AD1V2_140P7T30R)                 0.03       1.13 f
  u_cp/u_bfeed/U3421/CO (AD1V2_140P7T30R)                 0.03       1.16 f
  u_cp/u_bfeed/U3411/CO (AD1V2_140P7T30R)                 0.03       1.19 f
  u_cp/u_bfeed/U3395/CO (AD1V2_140P7T30R)                 0.03       1.22 f
  u_cp/u_bfeed/U3386/CO (AD1V2_140P7T30R)                 0.03       1.25 f
  u_cp/u_bfeed/U3371/CO (AD1V2_140P7T30R)                 0.03       1.29 f
  u_cp/u_bfeed/U3348/CO (AD1V2_140P7T30R)                 0.03       1.32 f
  u_cp/u_bfeed/U3332/CO (AD1V2_140P7T30R)                 0.03       1.35 f
  u_cp/u_bfeed/U3320/CO (AD1V2_140P7T30R)                 0.03       1.38 f
  u_cp/u_bfeed/U3297/CO (AD1V2_140P7T30R)                 0.03       1.41 f
  u_cp/u_bfeed/U3292/CO (AD1V2_140P7T30R)                 0.03       1.45 f
  u_cp/u_bfeed/U3275/CO (AD1V2_140P7T30R)                 0.03       1.48 f
  u_cp/u_bfeed/U3261/CO (AD1V2_140P7T30R)                 0.03       1.51 f
  u_cp/u_bfeed/U3247/CO (AD1V2_140P7T30R)                 0.03       1.54 f
  u_cp/u_bfeed/U3232/CO (AD1V2_140P7T30R)                 0.03       1.58 f
  u_cp/u_bfeed/U3215/CO (AD1V2_140P7T30R)                 0.03       1.61 f
  u_cp/u_bfeed/U3196/CO (AD1V2_140P7T30R)                 0.03       1.64 f
  u_cp/u_bfeed/U3182/CO (AD1V2_140P7T30R)                 0.03       1.67 f
  u_cp/u_bfeed/U1307/CO (AD1V4_140P7T30R)                 0.03       1.70 f
  u_cp/u_bfeed/U4073/Z (XOR3V4_140P7T30R)                 0.05       1.75 f
  u_cp/u_bfeed/U55988/ZN (MUX2NV2_140P7T30R)              0.03       1.78 f
  u_cp/u_bfeed/U17294/ZN (INV2_140P7T30R)                 0.02       1.79 r
  u_cp/u_bfeed/U56000/ZN (NAND4V1P5_140P7T30R)            0.02       1.81 f
  u_cp/u_bfeed/U56001/ZN (NOR2V2_140P7T30R)               0.01       1.83 r
  u_cp/u_bfeed/U16813/ZN (NOR2V2_140P7T30R)               0.02       1.85 f
  u_cp/u_bfeed/U56003/ZN (CLKNAND2V4_140P7T30R)           0.02       1.87 r
  u_cp/u_bfeed/U39752/ZN (NOR2V2_140P7T30R)               0.01       1.87 f
  u_cp/u_bfeed/U16189/ZN (NOR2V2_140P7T30R)               0.03       1.90 r
  u_cp/u_bfeed/U15901/ZN (INV2_140P7T30R)                 0.01       1.91 f
  u_cp/u_bfeed/U56007/ZN (OAI22V1_140P7T30R)              0.02       1.93 r
  u_cp/u_bfeed/U56008/ZN (OAI12V2_140P7T30R)              0.01       1.94 f
  u_cp/u_bfeed/U56009/ZN (OAI12V2_140P7T30R)              0.01       1.96 r
  u_cp/u_bfeed/U34477/Z (MAJ23V2_140P7T30R)               0.02       1.98 r
  u_cp/u_bfeed/U34476/Z (MAJ23V2_140P7T30R)               0.02       2.00 r
  u_cp/u_bfeed/U34269/Z (MAJ23V2_140P7T30R)               0.02       2.02 r
  u_cp/u_bfeed/U4031/Z (MAJ23V2_140P7T30R)                0.02       2.04 r
  u_cp/u_bfeed/U4540/ZN (INV2_140P7T30R)                  0.01       2.04 f
  u_cp/u_bfeed/U2350/Z (OR2V4_140P7T30R)                  0.03       2.07 f
  u_cp/u_bfeed/U1328/ZN (INV32_140P7T30R)                 0.02       2.09 r
  u_cp/u_bfeed/U5102/ZN (INV4_140P7T30R)                  0.01       2.11 f
  u_cp/u_bfeed/U42531/Z (OA22V2_140P7T30R)                0.03       2.13 f
  u_cp/u_bfeed/U13683/Z (OR2V2_140P7T30R)                 0.02       2.15 f
  u_cp/u_bfeed/U56018/CO (AD1V4_140P7T30R)                0.03       2.18 f
  u_cp/u_bfeed/U56017/CO (AD1V4_140P7T30R)                0.03       2.21 f
  u_cp/u_bfeed/U3116/CO (AD1V2_140P7T30R)                 0.03       2.24 f
  u_cp/u_bfeed/U13048/CO (AD1V2_140P7T30R)                0.03       2.27 f
  u_cp/u_bfeed/U12882/CO (AD1V2_140P7T30R)                0.03       2.30 f
  u_cp/u_bfeed/U12811/CO (AD1V2_140P7T30R)                0.03       2.33 f
  u_cp/u_bfeed/U56016/Z (XOR2V2_140P7T30R)                0.02       2.36 f
  u_cp/u_bfeed/U4992/ZN (NOR4V2_140P7T30R)                0.03       2.39 r
  u_cp/u_bfeed/U4982/ZN (NAND2V2_140P7T30R)               0.02       2.41 f
  u_cp/u_bfeed/U2295/ZN (NOR2V2_140P7T30R)                0.03       2.44 r
  u_cp/u_bfeed/U2294/ZN (INV2_140P7T30R)                  0.02       2.46 f
  u_cp/u_bfeed/U4978/ZN (INV4_140P7T30R)                  0.03       2.48 r
  u_cp/u_bfeed/U56205/ZN (AOI12V2_140P7T30R)              0.01       2.50 f
  u_cp/u_bfeed/U56206/ZN (NAND3V2_140P7T30R)              0.01       2.51 r
  u_cp/u_bfeed/U56208/ZN (NOR2XBV2_140P7T30R)             0.02       2.53 r
  u_cp/u_bfeed/U56209/Z (MAJ23V2_140P7T30R)               0.02       2.55 r
  u_cp/u_bfeed/U56210/ZN (AOI212V2_140P7T30R)             0.01       2.56 f
  u_cp/u_bfeed/U6442/Z (OA222V2_140P7T30R)                0.04       2.60 f
  u_cp/u_bfeed/U2234/ZN (AOI212V2_140P7T30R)              0.03       2.62 r
  u_cp/u_bfeed/U56233/ZN (OAI13V2_140P7T30R)              0.02       2.64 f
  u_cp/u_bfeed/U56246/ZN (AOI32V2_140P7T30R)              0.02       2.66 r
  u_cp/u_bfeed/U11397/ZN (OAI112V2_140P7T30R)             0.03       2.70 f
  u_cp/u_bfeed/U1291/ZN (NAND2XBV12_140P7T30R)            0.03       2.73 f
  u_cp/u_bfeed/U597/ZN (INV12_140P7T30R)                  0.02       2.75 r
  u_cp/u_bfeed/U56267/ZN (OAI22V1_140P7T30R)              0.02       2.76 f
  u_cp/u_bfeed/U56268/Z (XOR2V2_140P7T30R)                0.03       2.79 f
  u_cp/u_bfeed/U11099/CO (AD1V2_140P7T30R)                0.04       2.83 f
  u_cp/u_bfeed/U11059/CO (AD1V2_140P7T30R)                0.03       2.86 f
  u_cp/u_bfeed/U10985/CO (AD1V2_140P7T30R)                0.03       2.89 f
  u_cp/u_bfeed/U10898/CO (AD1V2_140P7T30R)                0.03       2.92 f
  u_cp/u_bfeed/U10832/CO (AD1V2_140P7T30R)                0.03       2.96 f
  u_cp/u_bfeed/U3001/CO (AD1V2_140P7T30R)                 0.03       2.99 f
  u_cp/u_bfeed/U2988/CO (AD1V2_140P7T30R)                 0.03       3.02 f
  u_cp/u_bfeed/U2974/CO (AD1V2_140P7T30R)                 0.03       3.05 f
  u_cp/u_bfeed/U2952/CO (AD1V2_140P7T30R)                 0.03       3.08 f
  u_cp/u_bfeed/U2936/CO (AD1V2_140P7T30R)                 0.03       3.12 f
  u_cp/u_bfeed/U2915/CO (AD1V2_140P7T30R)                 0.03       3.15 f
  u_cp/u_bfeed/U2896/CO (AD1V2_140P7T30R)                 0.03       3.18 f
  u_cp/u_bfeed/U2880/CO (AD1V2_140P7T30R)                 0.03       3.21 f
  u_cp/u_bfeed/U2866/CO (AD1V2_140P7T30R)                 0.03       3.25 f
  u_cp/u_bfeed/U2858/CO (AD1V2_140P7T30R)                 0.03       3.28 f
  u_cp/u_bfeed/U2838/CO (AD1V2_140P7T30R)                 0.03       3.31 f
  u_cp/u_bfeed/U2826/CO (AD1V2_140P7T30R)                 0.03       3.34 f
  u_cp/u_bfeed/U2812/CO (AD1V2_140P7T30R)                 0.03       3.37 f
  u_cp/u_bfeed/U2804/CO (AD1V2_140P7T30R)                 0.03       3.41 f
  u_cp/u_bfeed/U2794/CO (AD1V2_140P7T30R)                 0.03       3.44 f
  u_cp/u_bfeed/U2783/CO (AD1V2_140P7T30R)                 0.03       3.47 f
  u_cp/u_bfeed/U2778/CO (AD1V2_140P7T30R)                 0.03       3.50 f
  u_cp/u_bfeed/U2768/CO (AD1V2_140P7T30R)                 0.03       3.54 f
  u_cp/u_bfeed/U9919/ZN (XNOR2V2_140P7T30R)               0.03       3.57 f
  u_cp/u_bfeed/U9895/ZN (NAND2XBV2_140P7T30R)             0.03       3.59 f
  u_cp/u_bfeed/U2751/ZN (NOR2V2_140P7T30R)                0.02       3.61 r
  u_cp/u_bfeed/U2746/ZN (NAND2XBV2_140P7T30R)             0.03       3.64 f
  u_cp/u_bfeed/U2134/ZN (NOR2V2_140P7T30R)                0.03       3.67 r
  u_cp/u_bfeed/U2740/ZN (NAND2V2_140P7T30R)               0.02       3.69 f
  u_cp/u_bfeed/U56323/ZN (OAI12V2_140P7T30R)              0.02       3.71 r
  u_cp/u_bfeed/U56328/ZN (AOI12V2_140P7T30R)              0.01       3.72 f
  u_cp/u_bfeed/U56329/ZN (OAI112V2_140P7T30R)             0.01       3.73 r
  u_cp/u_bfeed/U56331/ZN (AOI12V2_140P7T30R)              0.02       3.75 f
  u_cp/u_bfeed/U2107/ZN (NOR2V4_140P7T30R)                0.03       3.78 r
  u_cp/u_bfeed/U9372/Z (OR2V2_140P7T30R)                  0.02       3.80 r
  u_cp/u_bfeed/U56365/CO (AD1V2_140P7T30R)                0.03       3.83 r
  u_cp/u_bfeed/U56361/CO (AD1V2_140P7T30R)                0.03       3.86 r
  u_cp/u_bfeed/U56357/CO (AD1V2_140P7T30R)                0.03       3.89 r
  u_cp/u_bfeed/U9149/CO (AD1V2_140P7T30R)                 0.03       3.92 r
  u_cp/u_bfeed/U9093/CO (AD1V2_140P7T30R)                 0.03       3.95 r
  u_cp/u_bfeed/U8983/S (AD1V2_140P7T30R)                  0.04       4.00 f
  u_cp/u_bfeed/U56375/Z (AO1B2V2_140P7T30R)               0.02       4.02 f
  u_cp/u_bfeed/U34334/ZN (NAND4XXBBV2_140P7T30R)          0.01       4.03 r
  u_cp/u_bfeed/U3761/ZN (OAI12V2_140P7T30R)               0.01       4.04 f
  u_cp/u_bfeed/U2060/ZN (NOR2V2_140P7T30R)                0.02       4.07 r
  u_cp/u_bfeed/U2696/ZN (NAND2XBV2_140P7T30R)             0.03       4.10 f
  u_cp/u_bfeed/U2047/ZN (NOR2V4_140P7T30R)                0.03       4.12 r
  u_cp/u_bfeed/U4631/ZN (NAND2V2_140P7T30R)               0.03       4.16 f
  u_cp/u_bfeed/U8628/ZN (NOR2V2_140P7T30R)                0.03       4.19 r
  u_cp/u_bfeed/U112092/ZN (NAND2V2_140P7T30R)             0.01       4.20 f
  u_cp/u_bfeed/U112093/ZN (NAND4V1P5_140P7T30R)           0.01       4.21 r
  u_cp/u_bfeed/s_u3_reg[3][11]/D (DQV2_140P7T30R)         0.00       4.21 r
  data arrival time                                                  4.21

  clock clk (rise edge)                                   1.00       1.00
  clock network delay (ideal)                             0.00       1.00
  u_cp/u_bfeed/s_u3_reg[3][11]/CK (DQV2_140P7T30R)        0.00       1.00 r
  library setup time                                     -0.02       0.98
  data required time                                                 0.98
  --------------------------------------------------------------------------
  data required time                                                 0.98
  data arrival time                                                 -4.21
  --------------------------------------------------------------------------
  slack (VIOLATED)                                                  -3.23


 
****************************************
Report : area
Design : synth_top
Version: O-2018.06-SP1
Date   : Mon Aug 17 11:17:35 2026
****************************************

Library(s) Used:

    scc28nhkcp_hdc30p140_rvt_tt_v0p9_25c_basic (File: /home/lzl/project/newlpu/asic/dc/db/scc28nhkcp_hdc30p140_rvt_tt_v0p9_25c_basic.db)
    kn128x16_tt_ctypical_0p90v_0p90v_25c (File: /home/lzl/project/newlpu/asic/dc/db/kn128x16_tt_025C_1v80.db)
    kh4096x64_tt_ctypical_0p90v_0p90v_25c (File: /home/lzl/project/newlpu/asic/dc/db/kh4096x64_tt_025C_1v80.db)

Number of ports:                         4710
Number of nets:                        291103
Number of cells:                       265148
Number of combinational cells:         234548
Number of sequential cells:             30596
Number of macros/black boxes:               2
Number of buf/inv:                      31501
Number of references:                     132

Combinational area:             137731.551451
Buf/Inv area:                     8028.453876
Noncombinational area:           54016.229757
Macro/Black Box area:            80076.837646
Net Interconnect area:      undefined  (No wire load specified)

Total cell area:                271824.618854
Total area:                 undefined

Hierarchical area distribution
------------------------------

                                  Global cell area                Local cell area
                                  --------------------  ----------------------------------- 
Hierarchical cell                 Absolute     Percent  Combi-       Noncombi-   Black-
                                  Total        Total    national     national    boxes       Design
--------------------------------  -----------  -------  -----------  ----------  ----------  -----------------
synth_top                         271824.6189    100.0   35792.7357  37293.1172      0.0000  synth_top
u_cp/u_bfeed                      158855.7054     58.4   65757.4114  13021.4564  80076.8376  kv_bfeed_MAX_N128
u_cp/u_kvqd                        39883.0605     14.7   36181.4043   3701.6561      0.0000  kv_quantdequant
--------------------------------  -----------  -------  -----------  ----------  ----------  -----------------
Total                                                   137731.5515  54016.2298  80076.8376

 
****************************************
Report : power
        -analysis_effort low
Design : synth_top
Version: O-2018.06-SP1
Date   : Mon Aug 17 11:17:37 2026
****************************************


Library(s) Used:

    scc28nhkcp_hdc30p140_rvt_tt_v0p9_25c_basic (File: /home/lzl/project/newlpu/asic/dc/db/scc28nhkcp_hdc30p140_rvt_tt_v0p9_25c_basic.db)
    kn128x16_tt_ctypical_0p90v_0p90v_25c (File: /home/lzl/project/newlpu/asic/dc/db/kn128x16_tt_025C_1v80.db)
    kh4096x64_tt_ctypical_0p90v_0p90v_25c (File: /home/lzl/project/newlpu/asic/dc/db/kh4096x64_tt_025C_1v80.db)


Operating Conditions: tt_v0p9_25c   Library: scc28nhkcp_hdc30p140_rvt_tt_v0p9_25c_basic
Wire Load Model Mode: top


Global Operating Voltage = 0.9  
Power-specific unit information :
    Voltage Units = 1V
    Capacitance Units = 1.000000pf
    Time Units = 1ns
    Dynamic Power Units = 1mW    (derived from V,C,T units)
    Leakage Power Units = 1uW


  Cell Internal Power  = 106.6432 mW   (99%)
  Net Switching Power  = 751.7108 uW    (1%)
                         ---------
Total Dynamic Power    = 107.3949 mW  (100%)

Cell Leakage Power     =   1.5548 mW


                 Internal         Switching           Leakage            Total
Power Group      Power            Power               Power              Power   (   %    )  Attrs
--------------------------------------------------------------------------------------------------
io_pad             0.0000            0.0000            0.0000            0.0000  (   0.00%)
memory             0.1477        4.6493e-03           65.2204            0.2176  (   0.20%)
black_box          0.0000        9.6201e-02            0.0000        9.6201e-02  (   0.09%)
clock_network      0.1044            0.5015          191.8253            0.7977  (   0.73%)
register         106.2028        6.4938e-03          383.0114          106.5923  (  97.85%)
sequential         0.0000            0.0000            0.0000            0.0000  (   0.00%)
combinational      0.1707            0.1429          914.7374            1.2283  (   1.13%)
--------------------------------------------------------------------------------------------------
Total            106.6256 mW         0.7517 mW     1.5548e+03 uW       108.9321 mW
 
****************************************
Report : reference
Design : synth_top
Version: O-2018.06-SP1
Date   : Mon Aug 17 11:17:38 2026
****************************************

Attributes:
    b - black box (unknown)
   bo - allows boundary optimization
    d - dont_touch
   mo - map_only
    h - hierarchical
    n - noncombinational
    r - removable
    s - synthetic operator
    u - contains unmapped logic

Reference          Library       Unit Area   Count    Total Area   Attributes
-----------------------------------------------------------------------------
AD1V2_140P7T30R    scc28nhkcp_hdc30p140_rvt_tt_v0p9_25c_basic
                                  1.568000    3224   5055.231868  r
ADH1V2_140P7T30R   scc28nhkcp_hdc30p140_rvt_tt_v0p9_25c_basic
                                  0.980000     764    748.720015  r
ADH1V4_140P7T30R   scc28nhkcp_hdc30p140_rvt_tt_v0p9_25c_basic
                                  1.176000       1      1.176000  r
AND2V2_140P7T30R   scc28nhkcp_hdc30p140_rvt_tt_v0p9_25c_basic
                                  0.392000     250     97.999997  
AND2V4_140P7T30R   scc28nhkcp_hdc30p140_rvt_tt_v0p9_25c_basic
                                  0.490000       9      4.410000  
AND3V2_140P7T30R   scc28nhkcp_hdc30p140_rvt_tt_v0p9_25c_basic
                                  0.490000      28     13.720000  
AND3V4_140P7T30R   scc28nhkcp_hdc30p140_rvt_tt_v0p9_25c_basic
                                  0.588000       1      0.588000  
AND4V2_140P7T30R   scc28nhkcp_hdc30p140_rvt_tt_v0p9_25c_basic
                                  0.588000      11      6.468000  
AO1B2V2_140P7T30R  scc28nhkcp_hdc30p140_rvt_tt_v0p9_25c_basic
                                  0.490000    1464    717.360014  
AO12V2_140P7T30R   scc28nhkcp_hdc30p140_rvt_tt_v0p9_25c_basic
                                  0.490000     211    103.390002  
AO12V4_140P7T30R   scc28nhkcp_hdc30p140_rvt_tt_v0p9_25c_basic
                                  0.588000       1      0.588000  
AO22V2_140P7T30R   scc28nhkcp_hdc30p140_rvt_tt_v0p9_25c_basic
                                  0.686000     714    489.803993  
AO112V2_140P7T30R  scc28nhkcp_hdc30p140_rvt_tt_v0p9_25c_basic
                                  0.588000      23     13.524000  
AO212V2_140P7T30R  scc28nhkcp_hdc30p140_rvt_tt_v0p9_25c_basic
                                  0.784000       2      1.568000  
AO222V2_140P7T30R  scc28nhkcp_hdc30p140_rvt_tt_v0p9_25c_basic
                                  0.882000     101     89.082003  
AOI12V2M_140P7T30R scc28nhkcp_hdc30p140_rvt_tt_v0p9_25c_basic
                                  0.490000      12      5.880000  
AOI12V2_140P7T30R  scc28nhkcp_hdc30p140_rvt_tt_v0p9_25c_basic
                                  0.392000    1446    566.831985  
AOI12V4_140P7T30R  scc28nhkcp_hdc30p140_rvt_tt_v0p9_25c_basic
                                  0.686000      11      7.546000  
AOI12V6_140P7T30R  scc28nhkcp_hdc30p140_rvt_tt_v0p9_25c_basic
                                  0.980000       2      1.960000  
AOI12V8_140P7T30R  scc28nhkcp_hdc30p140_rvt_tt_v0p9_25c_basic
                                  1.274000       4      5.096000  
AOI12V12_140P7T30R scc28nhkcp_hdc30p140_rvt_tt_v0p9_25c_basic
                                  1.960000       1      1.960000  
AOI13V2M_140P7T30R scc28nhkcp_hdc30p140_rvt_tt_v0p9_25c_basic
                                  0.588000       1      0.588000  
AOI13V2_140P7T30R  scc28nhkcp_hdc30p140_rvt_tt_v0p9_25c_basic
                                  0.490000      40     19.600000  
AOI21BV2_140P7T30R scc28nhkcp_hdc30p140_rvt_tt_v0p9_25c_basic
                                  0.588000      37     21.756000  
AOI22BBV2_140P7T30R
                   scc28nhkcp_hdc30p140_rvt_tt_v0p9_25c_basic
                                  0.686000   13541   9289.125858  
AOI22V1_140P7T30R  scc28nhkcp_hdc30p140_rvt_tt_v0p9_25c_basic
                                  0.490000   11580   5674.200110  
AOI22V4_140P7T30R  scc28nhkcp_hdc30p140_rvt_tt_v0p9_25c_basic
                                  0.882000       4      3.528000  
AOI22V6_140P7T30R  scc28nhkcp_hdc30p140_rvt_tt_v0p9_25c_basic
                                  1.274000       1      1.274000  
AOI32V2_140P7T30R  scc28nhkcp_hdc30p140_rvt_tt_v0p9_25c_basic
                                  0.588000      36     21.168000  
AOI33V2_140P7T30R  scc28nhkcp_hdc30p140_rvt_tt_v0p9_25c_basic
                                  0.686000       2      1.372000  
AOI112V1P5M_140P7T30R
                   scc28nhkcp_hdc30p140_rvt_tt_v0p9_25c_basic
                                  0.588000       4      2.352000  
AOI112V2_140P7T30R scc28nhkcp_hdc30p140_rvt_tt_v0p9_25c_basic
                                  0.490000     223    109.270002  
AOI112V6_140P7T30R scc28nhkcp_hdc30p140_rvt_tt_v0p9_25c_basic
                                  1.274000      13     16.562001  
AOI212V2_140P7T30R scc28nhkcp_hdc30p140_rvt_tt_v0p9_25c_basic
                                  0.588000     560    329.280000  
AOI222V2_140P7T30R scc28nhkcp_hdc30p140_rvt_tt_v0p9_25c_basic
                                  0.784000     160    125.439997  
BUFV2_140P7T30R    scc28nhkcp_hdc30p140_rvt_tt_v0p9_25c_basic
                                  0.294000     214     62.916000  
BUFV4_140P7T30R    scc28nhkcp_hdc30p140_rvt_tt_v0p9_25c_basic
                                  0.392000      27     10.584000  
BUFV5_140P7T30R    scc28nhkcp_hdc30p140_rvt_tt_v0p9_25c_basic
                                  0.490000       9      4.410000  
BUFV6_140P7T30R    scc28nhkcp_hdc30p140_rvt_tt_v0p9_25c_basic
                                  0.588000       2      1.176000  
BUFV8_140P7T30R    scc28nhkcp_hdc30p140_rvt_tt_v0p9_25c_basic
                                  0.686000       2      1.372000  
BUFV10_140P7T30R   scc28nhkcp_hdc30p140_rvt_tt_v0p9_25c_basic
                                  0.882000       1      0.882000  
CLKINV3_140P7T30R  scc28nhkcp_hdc30p140_rvt_tt_v0p9_25c_basic
                                  0.294000       7      2.058000  
CLKINV5_140P7T30R  scc28nhkcp_hdc30p140_rvt_tt_v0p9_25c_basic
                                  0.392000       2      0.784000  
CLKINV10_140P7T30R scc28nhkcp_hdc30p140_rvt_tt_v0p9_25c_basic
                                  0.588000       3      1.764000  
CLKMUX2V2_140P7T30R
                   scc28nhkcp_hdc30p140_rvt_tt_v0p9_25c_basic
                                  0.882000     149    131.418004  
CLKNAND2V4_140P7T30R
                   scc28nhkcp_hdc30p140_rvt_tt_v0p9_25c_basic
                                  0.490000      40     19.600000  
CLKNOR2V3_140P7T30R
                   scc28nhkcp_hdc30p140_rvt_tt_v0p9_25c_basic
                                  0.490000      24     11.760000  
CLKXOR2V1P5_140P7T30R
                   scc28nhkcp_hdc30p140_rvt_tt_v0p9_25c_basic
                                  0.588000       5      2.940000  
DQV2_140P7T30R     scc28nhkcp_hdc30p140_rvt_tt_v0p9_25c_basic
                                  1.764000   21067  37162.189226  n
DQV4_140P7T30R     scc28nhkcp_hdc30p140_rvt_tt_v0p9_25c_basic
                                  1.862000      45     83.789999  n
DQV6_140P7T30R     scc28nhkcp_hdc30p140_rvt_tt_v0p9_25c_basic
                                  1.960000      23     45.080001  n
DRNQV2_140P7T30R   scc28nhkcp_hdc30p140_rvt_tt_v0p9_25c_basic
                                  2.058000       1      2.058000  n
INV2_140P7T30R     scc28nhkcp_hdc30p140_rvt_tt_v0p9_25c_basic
                                  0.196000    4759    932.763976  
INV3_140P7T30R     scc28nhkcp_hdc30p140_rvt_tt_v0p9_25c_basic
                                  0.294000       3      0.882000  
INV4_140P7T30R     scc28nhkcp_hdc30p140_rvt_tt_v0p9_25c_basic
                                  0.294000     133     39.102000  
INV5_140P7T30R     scc28nhkcp_hdc30p140_rvt_tt_v0p9_25c_basic
                                  0.392000       3      1.176000  
INV6_140P7T30R     scc28nhkcp_hdc30p140_rvt_tt_v0p9_25c_basic
                                  0.392000      25      9.800000  
INV8_140P7T30R     scc28nhkcp_hdc30p140_rvt_tt_v0p9_25c_basic
                                  0.490000      19      9.310000  
INV10_140P7T30R    scc28nhkcp_hdc30p140_rvt_tt_v0p9_25c_basic
                                  0.588000       3      1.764000  
MAJ23V2_140P7T30R  scc28nhkcp_hdc30p140_rvt_tt_v0p9_25c_basic
                                  0.686000     146    100.155998  
MUX2NV2_140P7T30R  scc28nhkcp_hdc30p140_rvt_tt_v0p9_25c_basic
                                  0.784000    2447   1918.447950  
MUX2NV4_140P7T30R  scc28nhkcp_hdc30p140_rvt_tt_v0p9_25c_basic
                                  1.470000       1      1.470000  
MUX2V2_140P7T30R   scc28nhkcp_hdc30p140_rvt_tt_v0p9_25c_basic
                                  0.882000       1      0.882000  
NAND2V2_140P7T30R  scc28nhkcp_hdc30p140_rvt_tt_v0p9_25c_basic
                                  0.294000    5148   1513.511999  
NAND2V6_140P7T30R  scc28nhkcp_hdc30p140_rvt_tt_v0p9_25c_basic
                                  0.686000       2      1.372000  
NAND2V8_140P7T30R  scc28nhkcp_hdc30p140_rvt_tt_v0p9_25c_basic
                                  0.882000       3      2.646000  
NAND2XBV2_140P7T30R
                   scc28nhkcp_hdc30p140_rvt_tt_v0p9_25c_basic
                                  0.392000     288    112.895997  
NAND2XBV4_140P7T30R
                   scc28nhkcp_hdc30p140_rvt_tt_v0p9_25c_basic
                                  0.588000      26     15.288000  
NAND2XBV6_140P7T30R
                   scc28nhkcp_hdc30p140_rvt_tt_v0p9_25c_basic
                                  0.784000       1      0.784000  
NAND2XBV8_140P7T30R
                   scc28nhkcp_hdc30p140_rvt_tt_v0p9_25c_basic
                                  1.176000       1      1.176000  
NAND3BBV2_140P7T30R
                   scc28nhkcp_hdc30p140_rvt_tt_v0p9_25c_basic
                                  0.686000       2      1.372000  
NAND3V1P5_140P7T30R
                   scc28nhkcp_hdc30p140_rvt_tt_v0p9_25c_basic
                                  0.392000      60     23.519999  
NAND3V2_140P7T30R  scc28nhkcp_hdc30p140_rvt_tt_v0p9_25c_basic
                                  0.392000     218     85.455998  
NAND3V4_140P7T30R  scc28nhkcp_hdc30p140_rvt_tt_v0p9_25c_basic
                                  0.686000       5      3.430000  
NAND4V1P5_140P7T30R
                   scc28nhkcp_hdc30p140_rvt_tt_v0p9_25c_basic
                                  0.490000    2252   1103.480021  
NAND4V4_140P7T30R  scc28nhkcp_hdc30p140_rvt_tt_v0p9_25c_basic
                                  0.980000       1      0.980000  
NAND4XXBBV2_140P7T30R
                   scc28nhkcp_hdc30p140_rvt_tt_v0p9_25c_basic
                                  0.588000      99     58.212000  
NOR2V2_140P7T30R   scc28nhkcp_hdc30p140_rvt_tt_v0p9_25c_basic
                                  0.294000    2513    738.821999  
NOR2V4_140P7T30R   scc28nhkcp_hdc30p140_rvt_tt_v0p9_25c_basic
                                  0.490000     111     54.390001  
NOR2V6_140P7T30R   scc28nhkcp_hdc30p140_rvt_tt_v0p9_25c_basic
                                  0.686000       8      5.488000  
NOR2V8_140P7T30R   scc28nhkcp_hdc30p140_rvt_tt_v0p9_25c_basic
                                  0.882000       7      6.174000  
NOR2V12_140P7T30R  scc28nhkcp_hdc30p140_rvt_tt_v0p9_25c_basic
                                  1.274000       1      1.274000  
NOR2XBV2_140P7T30R scc28nhkcp_hdc30p140_rvt_tt_v0p9_25c_basic
                                  0.392000     169     66.247998  
NOR2XBV4_140P7T30R scc28nhkcp_hdc30p140_rvt_tt_v0p9_25c_basic
                                  0.588000      14      8.232000  
NOR3BBV2_140P7T30R scc28nhkcp_hdc30p140_rvt_tt_v0p9_25c_basic
                                  0.686000       2      1.372000  
NOR3V2_140P7T30R   scc28nhkcp_hdc30p140_rvt_tt_v0p9_25c_basic
                                  0.392000     203     79.575998  
NOR3V3_140P7T30R   scc28nhkcp_hdc30p140_rvt_tt_v0p9_25c_basic
                                  0.686000       2      1.372000  
NOR3V4_140P7T30R   scc28nhkcp_hdc30p140_rvt_tt_v0p9_25c_basic
                                  0.686000       2      1.372000  
NOR3V6_140P7T30R   scc28nhkcp_hdc30p140_rvt_tt_v0p9_25c_basic
                                  0.980000       1      0.980000  
NOR4V2_140P7T30R   scc28nhkcp_hdc30p140_rvt_tt_v0p9_25c_basic
                                  0.490000     690    338.100007  
NOR4XXBBV2_140P7T30R
                   scc28nhkcp_hdc30p140_rvt_tt_v0p9_25c_basic
                                  0.588000      23     13.524000  
OA1B2V2_140P7T30R  scc28nhkcp_hdc30p140_rvt_tt_v0p9_25c_basic
                                  0.490000      20      9.800000  
OA12V2_140P7T30R   scc28nhkcp_hdc30p140_rvt_tt_v0p9_25c_basic
                                  0.490000      12      5.880000  
OA12V4_140P7T30R   scc28nhkcp_hdc30p140_rvt_tt_v0p9_25c_basic
                                  0.588000      17      9.996000  
OA13V4_140P7T30R   scc28nhkcp_hdc30p140_rvt_tt_v0p9_25c_basic
                                  0.686000       3      2.058000  
OA22V2_140P7T30R   scc28nhkcp_hdc30p140_rvt_tt_v0p9_25c_basic
                                  0.686000      18     12.348000  
OA112V2_140P7T30R  scc28nhkcp_hdc30p140_rvt_tt_v0p9_25c_basic
                                  0.588000      13      7.644000  
OAI12V2M_140P7T30R scc28nhkcp_hdc30p140_rvt_tt_v0p9_25c_basic
                                  0.490000     102     49.980001  
OAI12V2_140P7T30R  scc28nhkcp_hdc30p140_rvt_tt_v0p9_25c_basic
                                  0.392000    5254   2059.567946  
OAI12V4_140P7T30R  scc28nhkcp_hdc30p140_rvt_tt_v0p9_25c_basic
                                  0.686000      10      6.860000  
OAI12V6_140P7T30R  scc28nhkcp_hdc30p140_rvt_tt_v0p9_25c_basic
                                  0.980000       3      2.940000  
OAI13V2_140P7T30R  scc28nhkcp_hdc30p140_rvt_tt_v0p9_25c_basic
                                  0.490000      63     30.870001  
OAI21BV2_140P7T30R scc28nhkcp_hdc30p140_rvt_tt_v0p9_25c_basic
                                  0.588000       4      2.352000  
OAI22BBV2_140P7T30R
                   scc28nhkcp_hdc30p140_rvt_tt_v0p9_25c_basic
                                  0.686000      24     16.464000  
OAI22V1_140P7T30R  scc28nhkcp_hdc30p140_rvt_tt_v0p9_25c_basic
                                  0.490000    1342    657.580013  
OAI22V4_140P7T30R  scc28nhkcp_hdc30p140_rvt_tt_v0p9_25c_basic
                                  0.882000       1      0.882000  
OAI22V6_140P7T30R  scc28nhkcp_hdc30p140_rvt_tt_v0p9_25c_basic
                                  1.274000       1      1.274000  
OAI32V2_140P7T30R  scc28nhkcp_hdc30p140_rvt_tt_v0p9_25c_basic
                                  0.588000      54     31.752000  
OAI112V2_140P7T30R scc28nhkcp_hdc30p140_rvt_tt_v0p9_25c_basic
                                  0.490000     375    183.750004  
OAI212V1P5_140P7T30R
                   scc28nhkcp_hdc30p140_rvt_tt_v0p9_25c_basic
                                  0.588000       4      2.352000  
OAI212V2_140P7T30R scc28nhkcp_hdc30p140_rvt_tt_v0p9_25c_basic
                                  0.588000      10      5.880000  
OAI212V4_140P7T30R scc28nhkcp_hdc30p140_rvt_tt_v0p9_25c_basic
                                  1.078000       4      4.312000  
OAI212V8_140P7T30R scc28nhkcp_hdc30p140_rvt_tt_v0p9_25c_basic
                                  2.156000       2      4.312000  
OAI222V1P5_140P7T30R
                   scc28nhkcp_hdc30p140_rvt_tt_v0p9_25c_basic
                                  0.784000      46     36.063999  
OAI222V2_140P7T30R scc28nhkcp_hdc30p140_rvt_tt_v0p9_25c_basic
                                  0.784000      79     61.935998  
OR2V2_140P7T30R    scc28nhkcp_hdc30p140_rvt_tt_v0p9_25c_basic
                                  0.392000     220     86.239998  
OR2V4_140P7T30R    scc28nhkcp_hdc30p140_rvt_tt_v0p9_25c_basic
                                  0.490000      11      5.390000  
OR3V2_140P7T30R    scc28nhkcp_hdc30p140_rvt_tt_v0p9_25c_basic
                                  0.490000      81     39.690001  
OR4V2_140P7T30R    scc28nhkcp_hdc30p140_rvt_tt_v0p9_25c_basic
                                  0.588000      30     17.640000  
PULL0_140P7T30R    scc28nhkcp_hdc30p140_rvt_tt_v0p9_25c_basic
                                  0.196000       1      0.196000  
PULL1_140P7T30R    scc28nhkcp_hdc30p140_rvt_tt_v0p9_25c_basic
                                  0.196000       1      0.196000  
XNOR2V2_140P7T30R  scc28nhkcp_hdc30p140_rvt_tt_v0p9_25c_basic
                                  0.588000     890    523.320000  
XNOR2V4_140P7T30R  scc28nhkcp_hdc30p140_rvt_tt_v0p9_25c_basic
                                  0.980000       2      1.960000  
XNOR3V2_140P7T30R  scc28nhkcp_hdc30p140_rvt_tt_v0p9_25c_basic
                                  1.176000      17     19.992000  
XOR2V2_140P7T30R   scc28nhkcp_hdc30p140_rvt_tt_v0p9_25c_basic
                                  0.588000    1313    772.043999  
XOR3V2_140P7T30R   scc28nhkcp_hdc30p140_rvt_tt_v0p9_25c_basic
                                  1.176000      53     62.328000  
bb_sram_AW12_DW128                0.000000       1      0.000000  b
kv_bfeed_MAX_N128             158855.705428
                                                 1  158855.705428 b, h, n
kv_quantdequant               39883.060451       1  39883.060451  h, n
matrix_engine_MAX_M128_MAX_N128_MAX_K4096
                                  0.000000       1      0.000000  b
sram_macro                        0.000000       1      0.000000  b
vector_engine_MAX_VEC128          0.000000       1      0.000000  b
-----------------------------------------------------------------------------
Total 132 references                                271824.618854
1
