==== DC tech=smic28 corner=ss_100C_1v60 design=synth_top compile=1 ====
Information: Updating design information... (UID-85)
Warning: Design 'synth_top' contains 1 high-fanout nets. A fanout number of 1000 will be used for delay calculations involving these nets. (TIM-134)
 
****************************************
Report : timing
        -path full
        -delay max
        -max_paths 10
        -sort_by slack
Design : synth_top
Version: O-2018.06-SP1
Date   : Tue Aug 18 02:22:19 2026
****************************************

 # A fanout number of 1000 was used for high fanout net computations.

Operating Conditions: ssg_v0p81_125c   Library: scc28nhkcp_hdc30p140_rvt_ssg_v0p81_125c_basic
Wire Load Model Mode: top

  Startpoint: u_cp/u_kvqd/s_bits_reg[5]
              (rising edge-triggered flip-flop clocked by clk)
  Endpoint: hbm_wdata[2]
            (output port clocked by clk)
  Path Group: clk
  Path Type: max

  Point                                                   Incr       Path
  --------------------------------------------------------------------------
  clock clk (rise edge)                                   0.00       0.00
  clock network delay (ideal)                             0.00       0.00
  u_cp/u_kvqd/s_bits_reg[5]/CK (DQV4_140P7T30R)           0.00 #     0.00 r
  u_cp/u_kvqd/s_bits_reg[5]/Q (DQV4_140P7T30R)            0.07       0.07 f
  u_cp/u_kvqd/U9397/ZN (INV2_140P7T30R)                   0.04       0.11 r
  u_cp/u_kvqd/U24551/ZN (INV4_140P7T30R)                  0.06       0.17 f
  u_cp/u_kvqd/U11300/ZN (OAI22V1_140P7T30R)               0.10       0.27 r
  u_cp/u_kvqd/U13843/ZN (XNOR2V2_140P7T30R)               0.03       0.30 f
  u_cp/u_kvqd/U1521/S (AD1V2_140P7T30R)                   0.08       0.38 r
  u_cp/u_kvqd/U9279/ZN (NAND2V2_140P7T30R)                0.02       0.40 f
  u_cp/u_kvqd/U13846/ZN (OAI12V2_140P7T30R)               0.03       0.43 r
  u_cp/u_kvqd/U13847/ZN (AOI12V2_140P7T30R)               0.02       0.45 f
  u_cp/u_kvqd/U9163/ZN (OAI12V2_140P7T30R)                0.03       0.49 r
  u_cp/u_kvqd/U2402/Z (AO12V4_140P7T30R)                  0.04       0.52 r
  u_cp/u_kvqd/U9046/ZN (AOI12V4_140P7T30R)                0.02       0.54 f
  u_cp/u_kvqd/U13859/Z (CLKXOR2V6_140P7T30R)              0.03       0.57 f
  u_cp/u_kvqd/U619/ZN (NOR2V2_140P7T30R)                  0.03       0.60 r
  u_cp/u_kvqd/U2798/ZN (INV4_140P7T30R)                   0.02       0.62 f
  u_cp/u_kvqd/U13877/ZN (NOR2V2_140P7T30R)                0.02       0.64 r
  u_cp/u_kvqd/U8989/ZN (NOR2V2_140P7T30R)                 0.01       0.65 f
  u_cp/u_kvqd/U13878/ZN (INV2_140P7T30R)                  0.01       0.66 r
  u_cp/u_kvqd/U13881/ZN (MUX2NV2_140P7T30R)               0.02       0.68 f
  u_cp/u_kvqd/U12567/ZN (AOI21BV2_140P7T30R)              0.04       0.72 r
  u_cp/u_kvqd/U10567/Z (XOR2V2_140P7T30R)                 0.04       0.76 r
  u_cp/u_kvqd/U10566/ZN (INV2_140P7T30R)                  0.01       0.77 f
  u_cp/u_kvqd/U13886/ZN (NAND2V2_140P7T30R)               0.01       0.79 r
  u_cp/u_kvqd/U12650/ZN (NAND2V2_140P7T30R)               0.01       0.80 f
  u_cp/u_kvqd/U12377/Z (OR2V2_140P7T30R)                  0.03       0.82 f
  u_cp/u_kvqd/U13889/ZN (NOR2V2_140P7T30R)                0.06       0.88 r
  u_cp/u_kvqd/U14058/ZN (XNOR2V2_140P7T30R)               0.04       0.92 r
  u_cp/u_kvqd/U14083/ZN (OAI22V1_140P7T30R)               0.03       0.95 f
  u_cp/u_kvqd/U1513/CO (AD1V2_140P7T30R)                  0.07       1.02 f
  u_cp/u_kvqd/U1870/S (AD1V2_140P7T30R)                   0.07       1.09 r
  u_cp/u_kvqd/U2264/S (AD1V2_140P7T30R)                   0.06       1.16 f
  u_cp/u_kvqd/U8632/ZN (CLKNOR2V3_140P7T30R)              0.02       1.18 r
  u_cp/u_kvqd/U14085/ZN (OAI12V2_140P7T30R)               0.02       1.20 f
  u_cp/u_kvqd/U14087/ZN (AOI12V2_140P7T30R)               0.03       1.23 r
  u_cp/u_kvqd/U14091/ZN (OAI12V2_140P7T30R)               0.02       1.26 f
  u_cp/u_kvqd/U14092/ZN (AOI12V6_140P7T30R)               0.04       1.30 r
  u_cp/u_kvqd/U8369/ZN (OAI12V4_140P7T30R)                0.02       1.31 f
  u_cp/u_kvqd/U14127/ZN (XNOR2V2_140P7T30R)               0.03       1.35 f
  u_cp/u_kvqd/U985/Z (BUFV6_140P7T30R)                    0.03       1.37 f
  u_cp/u_kvqd/U14139/ZN (MUX2NV2_140P7T30R)               0.03       1.40 f
  u_cp/u_kvqd/U14140/ZN (NAND4V1P5_140P7T30R)             0.03       1.43 r
  u_cp/u_kvqd/U14142/ZN (OAI112V6_140P7T30R)              0.04       1.47 f
  u_cp/u_kvqd/U744/ZN (NOR2V12_140P7T30R)                 0.03       1.50 r
  u_cp/u_kvqd/U1260/ZN (NAND2V12_140P7T30R)               0.03       1.53 f
  u_cp/u_kvqd/U14278/ZN (OAI22V4_140P7T30R)               0.06       1.59 r
  u_cp/u_kvqd/U14294/ZN (XNOR2V2_140P7T30R)               0.04       1.63 r
  u_cp/u_kvqd/U14303/ZN (OAI22V1_140P7T30R)               0.02       1.65 f
  u_cp/u_kvqd/U11381/CO (AD1V2_140P7T30R)                 0.05       1.70 f
  u_cp/u_kvqd/U1494/S (AD1V2_140P7T30R)                   0.07       1.78 r
  u_cp/u_kvqd/U1484/S (AD1V2_140P7T30R)                   0.06       1.84 f
  u_cp/u_kvqd/U1475/ZN (NOR2V2_140P7T30R)                 0.03       1.87 r
  u_cp/u_kvqd/U14374/ZN (OAI12V2_140P7T30R)               0.02       1.89 f
  u_cp/u_kvqd/U14376/ZN (AOI12V2_140P7T30R)               0.03       1.92 r
  u_cp/u_kvqd/U14380/ZN (OAI12V2_140P7T30R)               0.03       1.95 f
  u_cp/u_kvqd/U788/ZN (AOI12V8_140P7T30R)                 0.04       1.99 r
  u_cp/u_kvqd/U14409/ZN (OAI12V4_140P7T30R)               0.02       2.00 f
  u_cp/u_kvqd/U677/ZN (XNOR2V4_140P7T30R)                 0.03       2.03 f
  u_cp/u_kvqd/U2253/Z (BUFV8_140P7T30R)                   0.03       2.06 f
  u_cp/u_kvqd/U14437/ZN (MUX2NV2_140P7T30R)               0.03       2.09 f
  u_cp/u_kvqd/U14438/ZN (NAND4V1P5_140P7T30R)             0.03       2.12 r
  u_cp/u_kvqd/U14454/ZN (OAI12V4_140P7T30R)               0.02       2.14 f
  u_cp/u_kvqd/U12170/ZN (NOR2V8_140P7T30R)                0.03       2.17 r
  u_cp/u_kvqd/U14463/ZN (CLKNAND2V4_140P7T30R)            0.02       2.19 f
  u_cp/u_kvqd/U14466/ZN (NOR2V4_140P7T30R)                0.02       2.21 r
  u_cp/u_kvqd/U7874/ZN (INV2_140P7T30R)                   0.01       2.23 f
  u_cp/u_kvqd/U812/ZN (CLKNAND2V4_140P7T30R)              0.01       2.24 r
  u_cp/u_kvqd/U7859/ZN (INV6_140P7T30R)                   0.02       2.26 f
  u_cp/u_kvqd/U14483/ZN (INV8_140P7T30R)                  0.03       2.29 r
  u_cp/u_kvqd/U14534/Z (AO12V4_140P7T30R)                 0.05       2.34 r
  u_cp/u_kvqd/U14535/ZN (INV4_140P7T30R)                  0.03       2.37 f
  u_cp/u_kvqd/U14629/ZN (NOR2V4_140P7T30R)                0.03       2.40 r
  u_cp/u_kvqd/U12880/ZN (NAND2V2_140P7T30R)               0.01       2.41 f
  u_cp/u_kvqd/U14645/ZN (AOI22V2_140P7T30R)               0.02       2.43 r
  u_cp/u_kvqd/U9851/ZN (NAND2XBV2_140P7T30R)              0.02       2.45 r
  u_cp/u_kvqd/U2250/Z (OA22V2_140P7T30R)                  0.03       2.49 r
  u_cp/u_kvqd/U14647/ZN (INV2_140P7T30R)                  0.01       2.50 f
  u_cp/u_kvqd/U10899/ZN (NOR2V2_140P7T30R)                0.01       2.51 r
  u_cp/u_kvqd/U14677/ZN (NAND2V2_140P7T30R)               0.01       2.52 f
  u_cp/u_kvqd/U14690/ZN (NOR2V2_140P7T30R)                0.01       2.54 r
  u_cp/u_kvqd/U14691/ZN (NAND2V2_140P7T30R)               0.02       2.55 f
  u_cp/u_kvqd/U984/Z (OA12V6_140P7T30R)                   0.04       2.59 f
  u_cp/u_kvqd/U1468/ZN (INV12_140P7T30R)                  0.02       2.61 r
  u_cp/u_kvqd/U12616/Z (AND2V2_140P7T30R)                 0.03       2.64 r
  u_cp/u_kvqd/U14718/Z (XOR2V2_140P7T30R)                 0.02       2.66 f
  u_cp/u_kvqd/U1250/ZN (NAND2V2_140P7T30R)                0.03       2.69 r
  u_cp/u_kvqd/U14725/ZN (OAI12V2_140P7T30R)               0.02       2.71 f
  u_cp/u_kvqd/U14726/ZN (AOI12V2_140P7T30R)               0.03       2.73 r
  u_cp/u_kvqd/U14727/ZN (OAI12V2_140P7T30R)               0.03       2.77 f
  u_cp/u_kvqd/U14758/ZN (AOI12V6_140P7T30R)               0.03       2.80 r
  u_cp/u_kvqd/U14804/ZN (OAI12V2_140P7T30R)               0.02       2.82 f
  u_cp/u_kvqd/U14805/ZN (XNOR2V4_140P7T30R)               0.04       2.86 f
  u_cp/u_kvqd/U14808/Z (OR2V4_140P7T30R)                  0.03       2.89 f
  u_cp/u_kvqd/U1459/ZN (CLKNOR2V3_140P7T30R)              0.02       2.92 r
  u_cp/u_kvqd/U639/ZN (CLKNAND2V6_140P7T30R)              0.02       2.94 f
  u_cp/u_kvqd/U638/ZN (NOR2V6_140P7T30R)                  0.02       2.95 r
  u_cp/u_kvqd/U14822/ZN (CLKNAND2V4_140P7T30R)            0.02       2.97 f
  u_cp/u_kvqd/U665/ZN (NOR2V6_140P7T30R)                  0.02       2.99 r
  u_cp/u_kvqd/U14829/ZN (AOI12V2_140P7T30R)               0.01       3.00 f
  u_cp/u_kvqd/U14830/ZN (OAI12V2_140P7T30R)               0.02       3.02 r
  u_cp/u_kvqd/U7382/ZN (NAND2V2_140P7T30R)                0.01       3.03 f
  u_cp/u_kvqd/U7378/ZN (NAND2V2_140P7T30R)                0.01       3.05 r
  u_cp/u_kvqd/U681/ZN (AOI12V4_140P7T30R)                 0.01       3.06 f
  u_cp/u_kvqd/U14831/ZN (OAI12V4_140P7T30R)               0.02       3.08 r
  u_cp/u_kvqd/U14837/Z (OR2V4_140P7T30R)                  0.03       3.11 r
  u_cp/u_kvqd/U1175/ZN (INV4_140P7T30R)                   0.01       3.12 f
  u_cp/u_kvqd/U14872/ZN (CLKNAND2V4_140P7T30R)            0.02       3.15 r
  u_cp/u_kvqd/U7351/ZN (INV2_140P7T30R)                   0.02       3.17 f
  u_cp/u_kvqd/U14896/ZN (AOI22V2_140P7T30R)               0.03       3.19 r
  u_cp/u_kvqd/U1174/ZN (NAND3V2_140P7T30R)                0.03       3.22 f
  u_cp/u_kvqd/U7309/ZN (INV2_140P7T30R)                   0.02       3.24 r
  u_cp/u_kvqd/U15089/ZN (MUX2NV2_140P7T30R)               0.02       3.26 f
  u_cp/u_kvqd/U15090/ZN (MUX2NV2_140P7T30R)               0.03       3.29 r
  u_cp/u_kvqd/U15091/Z (OA1B2V2_140P7T30R)                0.01       3.30 f
  u_cp/u_kvqd/U7238/ZN (OAI12V4_140P7T30R)                0.06       3.36 r
  u_cp/u_kvqd/U15280/ZN (XNOR2V2_140P7T30R)               0.04       3.40 r
  u_cp/u_kvqd/U15347/ZN (OAI22V1_140P7T30R)               0.03       3.43 f
  u_cp/u_kvqd/U15359/CO (AD1V4_140P7T30R)                 0.07       3.50 f
  u_cp/u_kvqd/U15360/CO (AD1V4_140P7T30R)                 0.05       3.55 f
  u_cp/u_kvqd/U15416/CO (AD1V4_140P7T30R)                 0.04       3.59 f
  u_cp/u_kvqd/U15417/CO (AD1V4_140P7T30R)                 0.04       3.63 f
  u_cp/u_kvqd/U15462/S (AD1V4_140P7T30R)                  0.07       3.69 r
  u_cp/u_kvqd/U1227/S (AD1V2_140P7T30R)                   0.06       3.75 f
  u_cp/u_kvqd/U1425/ZN (CLKNOR2V3_140P7T30R)              0.02       3.78 r
  u_cp/u_kvqd/U15549/ZN (OAI12V2_140P7T30R)               0.02       3.80 f
  u_cp/u_kvqd/U15551/ZN (AOI12V2_140P7T30R)               0.04       3.83 r
  u_cp/u_kvqd/U710/ZN (OAI12V4_140P7T30R)                 0.02       3.86 f
  u_cp/u_kvqd/U15555/ZN (AOI12V8_140P7T30R)               0.04       3.90 r
  u_cp/u_kvqd/U2221/ZN (OAI12V4_140P7T30R)                0.02       3.91 f
  u_cp/u_kvqd/U1590/ZN (XNOR2V2_140P7T30R)                0.03       3.94 f
  u_cp/u_kvqd/U2715/Z (BUFV8_140P7T30R)                   0.03       3.97 f
  u_cp/u_kvqd/U15653/ZN (MUX2NV2_140P7T30R)               0.03       4.00 f
  u_cp/u_kvqd/U15654/ZN (NAND4V1P5_140P7T30R)             0.03       4.03 r
  u_cp/u_kvqd/U15657/ZN (OAI112V6_140P7T30R)              0.03       4.06 f
  u_cp/u_kvqd/U652/ZN (NOR2V4_140P7T30R)                  0.03       4.09 r
  u_cp/u_kvqd/U15664/ZN (NAND2XBV4_140P7T30R)             0.02       4.11 f
  u_cp/u_kvqd/U686/ZN (INV6_140P7T30R)                    0.01       4.12 r
  u_cp/u_kvqd/U2031/ZN (NAND2V12_140P7T30R)               0.03       4.15 f
  u_cp/u_kvqd/U15807/ZN (OAI12V2_140P7T30R)               0.08       4.23 r
  u_cp/u_kvqd/U15826/ZN (XNOR2V2_140P7T30R)               0.04       4.27 r
  u_cp/u_kvqd/U15835/ZN (OAI22V1_140P7T30R)               0.02       4.29 f
  u_cp/u_kvqd/U866/CO (AD1V2_140P7T30R)                   0.05       4.35 f
  u_cp/u_kvqd/U1219/S (AD1V2_140P7T30R)                   0.07       4.42 r
  u_cp/u_kvqd/U2024/S (AD1V2_140P7T30R)                   0.06       4.48 f
  u_cp/u_kvqd/U6392/ZN (CLKNOR2V3_140P7T30R)              0.02       4.50 r
  u_cp/u_kvqd/U15909/ZN (OAI12V2_140P7T30R)               0.02       4.52 f
  u_cp/u_kvqd/U15911/ZN (AOI12V2_140P7T30R)               0.03       4.56 r
  u_cp/u_kvqd/U15915/ZN (OAI12V2_140P7T30R)               0.03       4.58 f
  u_cp/u_kvqd/U800/ZN (AOI12V8_140P7T30R)                 0.03       4.62 r
  u_cp/u_kvqd/U15944/ZN (OAI12V4_140P7T30R)               0.02       4.63 f
  u_cp/u_kvqd/U15945/ZN (XNOR2V2_140P7T30R)               0.03       4.67 f
  u_cp/u_kvqd/U2365/Z (BUFV8_140P7T30R)                   0.03       4.69 f
  u_cp/u_kvqd/U15971/ZN (MUX2NV2_140P7T30R)               0.03       4.72 f
  u_cp/u_kvqd/U15972/ZN (NOR4V2_140P7T30R)                0.05       4.77 r
  u_cp/u_kvqd/U15993/ZN (AOI13V4_140P7T30R)               0.03       4.80 f
  u_cp/u_kvqd/U15994/ZN (CLKNAND2V4_140P7T30R)            0.02       4.82 r
  u_cp/u_kvqd/U1584/ZN (CLKNAND2V6_140P7T30R)             0.02       4.84 f
  u_cp/u_kvqd/U16002/ZN (NOR2V4_140P7T30R)                0.04       4.88 r
  u_cp/u_kvqd/U6149/ZN (INV2_140P7T30R)                   0.04       4.92 f
  u_cp/u_kvqd/U16048/Z (XOR2V2_140P7T30R)                 0.04       4.96 f
  u_cp/u_kvqd/U16049/Z (AO12V4_140P7T30R)                 0.04       5.00 f
  u_cp/u_kvqd/U1854/ZN (INV4_140P7T30R)                   0.04       5.03 r
  u_cp/u_kvqd/U10359/ZN (NAND2V2_140P7T30R)               0.02       5.06 f
  u_cp/u_kvqd/U16154/ZN (AOI12V2_140P7T30R)               0.03       5.08 r
  u_cp/u_kvqd/U11020/ZN (NOR2V2_140P7T30R)                0.01       5.09 f
  u_cp/u_kvqd/U1852/Z (CLKMUX2V2_140P7T30R)               0.04       5.13 f
  u_cp/u_kvqd/U6004/ZN (NAND2V2_140P7T30R)                0.01       5.14 r
  u_cp/u_kvqd/U1583/ZN (NAND3V2_140P7T30R)                0.02       5.16 f
  u_cp/u_kvqd/U5986/ZN (NOR2V2_140P7T30R)                 0.02       5.18 r
  u_cp/u_kvqd/U16192/ZN (NAND2V2_140P7T30R)               0.01       5.19 f
  u_cp/u_kvqd/U16209/ZN (NOR2V2_140P7T30R)                0.01       5.21 r
  u_cp/u_kvqd/U16210/ZN (NAND2V2_140P7T30R)               0.01       5.22 f
  u_cp/u_kvqd/U16215/ZN (OAI12V2_140P7T30R)               0.02       5.24 r
  u_cp/u_kvqd/U2014/ZN (NOR2V4_140P7T30R)                 0.02       5.26 f
  u_cp/u_kvqd/U714/Z (CLKBUFV16_140P7T30R)                0.03       5.28 f
  u_cp/u_kvqd/U16216/ZN (NOR2V2_140P7T30R)                0.02       5.30 r
  u_cp/u_kvqd/U16217/Z (XOR2V2_140P7T30R)                 0.04       5.34 r
  u_cp/u_kvqd/U16229/ZN (CLKNAND2V4_140P7T30R)            0.02       5.36 f
  u_cp/u_kvqd/U16230/ZN (OAI12V2_140P7T30R)               0.03       5.39 r
  u_cp/u_kvqd/U16231/ZN (AOI12V2_140P7T30R)               0.01       5.40 f
  u_cp/u_kvqd/U16250/ZN (OAI12V2_140P7T30R)               0.04       5.44 r
  u_cp/u_kvqd/U16290/ZN (AOI12V6_140P7T30R)               0.03       5.47 f
  u_cp/u_kvqd/U16348/ZN (OAI12V2_140P7T30R)               0.03       5.50 r
  u_cp/u_kvqd/U16349/ZN (XNOR2V4_140P7T30R)               0.04       5.54 r
  u_cp/u_kvqd/U16350/Z (OR2V4_140P7T30R)                  0.03       5.56 r
  u_cp/u_kvqd/U1820/ZN (NOR3V3_140P7T30R)                 0.01       5.57 f
  u_cp/u_kvqd/U16354/ZN (CLKNAND2V4_140P7T30R)            0.02       5.59 r
  u_cp/u_kvqd/U16355/ZN (INV4_140P7T30R)                  0.01       5.61 f
  u_cp/u_kvqd/U16356/ZN (NAND2XBV4_140P7T30R)             0.02       5.62 r
  u_cp/u_kvqd/U16365/ZN (NOR2V4_140P7T30R)                0.01       5.63 f
  u_cp/u_kvqd/U673/ZN (NAND2XBV4_140P7T30R)               0.01       5.64 r
  u_cp/u_kvqd/U16368/ZN (NAND3V2_140P7T30R)               0.02       5.66 f
  u_cp/u_kvqd/U802/ZN (AOI12V4_140P7T30R)                 0.02       5.68 r
  u_cp/u_kvqd/U5732/ZN (OAI12V4_140P7T30R)                0.05       5.73 f
  u_cp/u_kvqd/U16407/ZN (NAND2XBV4_140P7T30R)             0.06       5.79 f
  u_cp/u_kvqd/U5704/ZN (INV2_140P7T30R)                   0.03       5.82 r
  u_cp/u_kvqd/U412/ZN (AOI22V2_140P7T30R)                 0.02       5.84 f
  u_cp/u_kvqd/U699/ZN (OAI12V4_140P7T30R)                 0.02       5.86 r
  u_cp/u_kvqd/U16424/ZN (MUX2NV2_140P7T30R)               0.03       5.89 f
  u_cp/u_kvqd/U701/ZN (CLKNAND2V4_140P7T30R)              0.02       5.91 r
  u_cp/u_kvqd/U702/ZN (OAI112V4_140P7T30R)                0.02       5.92 f
  u_cp/u_kvqd/U16840/ZN (AOI22V2_140P7T30R)               0.03       5.95 r
  u_cp/u_kvqd/U16842/ZN (AOI12V2_140P7T30R)               0.02       5.97 f
  u_cp/u_kvqd/U5560/Z (BUFV6_140P7T30R)                   0.03       6.01 f
  u_cp/u_kvqd/U16843/ZN (XNOR2V2_140P7T30R)               0.04       6.04 f
  u_cp/u_kvqd/U16956/ZN (OAI22V1_140P7T30R)               0.04       6.08 r
  u_cp/u_kvqd/U16957/S (AD1V4_140P7T30R)                  0.07       6.15 f
  u_cp/u_kvqd/U16959/CO (AD1V4_140P7T30R)                 0.04       6.20 f
  u_cp/u_kvqd/U16958/CO (AD1V4_140P7T30R)                 0.04       6.24 f
  u_cp/u_kvqd/U17007/CO (AD1V4_140P7T30R)                 0.04       6.27 f
  u_cp/u_kvqd/U1204/S (AD1V2_140P7T30R)                   0.07       6.34 r
  u_cp/u_kvqd/U1775/S (AD1V2_140P7T30R)                   0.06       6.41 f
  u_cp/u_kvqd/U5226/ZN (CLKNOR2V3_140P7T30R)              0.02       6.43 r
  u_cp/u_kvqd/U17081/ZN (OAI12V2_140P7T30R)               0.02       6.44 f
  u_cp/u_kvqd/U794/ZN (AOI12V4_140P7T30R)                 0.03       6.47 r
  u_cp/u_kvqd/U17085/ZN (OAI12V2_140P7T30R)               0.03       6.50 f
  u_cp/u_kvqd/U727/ZN (AOI12V12_140P7T30R)                0.03       6.53 r
  u_cp/u_kvqd/U17180/ZN (OAI12V4_140P7T30R)               0.02       6.55 f
  u_cp/u_kvqd/U17181/ZN (XNOR2V2_140P7T30R)               0.03       6.58 f
  u_cp/u_kvqd/U2351/Z (BUFV8_140P7T30R)                   0.03       6.61 f
  u_cp/u_kvqd/U17197/ZN (MUX2NV2_140P7T30R)               0.03       6.64 f
  u_cp/u_kvqd/U1764/ZN (INV2_140P7T30R)                   0.02       6.65 r
  u_cp/u_kvqd/U17200/ZN (NAND4V1P5_140P7T30R)             0.02       6.68 f
  u_cp/u_kvqd/U9664/ZN (NOR2V2_140P7T30R)                 0.02       6.70 r
  u_cp/u_kvqd/U5101/ZN (NOR2V4_140P7T30R)                 0.01       6.72 f
  u_cp/u_kvqd/U17237/ZN (CLKNAND2V4_140P7T30R)            0.02       6.73 r
  u_cp/u_kvqd/U722/ZN (NOR2V8_140P7T30R)                  0.01       6.75 f
  u_cp/u_kvqd/U17243/ZN (INV8_140P7T30R)                  0.02       6.77 r
  u_cp/u_kvqd/U17262/ZN (OAI12V2_140P7T30R)               0.06       6.83 f
  u_cp/u_kvqd/U17365/ZN (XNOR2V2_140P7T30R)               0.05       6.88 f
  u_cp/u_kvqd/U17366/ZN (OAI22V1_140P7T30R)               0.04       6.92 r
  u_cp/u_kvqd/U857/CO (AD1V2_140P7T30R)                   0.05       6.97 r
  u_cp/u_kvqd/U864/S (AD1V2_140P7T30R)                    0.07       7.03 f
  u_cp/u_kvqd/U1345/S (AD1V2_140P7T30R)                   0.07       7.10 r
  u_cp/u_kvqd/U1745/ZN (CLKNOR2V3_140P7T30R)              0.02       7.12 f
  u_cp/u_kvqd/U1983/ZN (NOR2V2_140P7T30R)                 0.02       7.14 r
  u_cp/u_kvqd/U9636/ZN (NAND2V2_140P7T30R)                0.01       7.16 f
  u_cp/u_kvqd/U17402/ZN (OAI12V2_140P7T30R)               0.04       7.19 r
  u_cp/u_kvqd/U734/ZN (AOI12V6_140P7T30R)                 0.03       7.22 f
  u_cp/u_kvqd/U735/ZN (OAI12V8_140P7T30R)                 0.02       7.24 r
  u_cp/u_kvqd/U17523/ZN (XNOR2V2_140P7T30R)               0.03       7.27 r
  u_cp/u_kvqd/U17524/Z (BUFV8_140P7T30R)                  0.03       7.30 r
  u_cp/u_kvqd/U17545/ZN (MUX2NV2_140P7T30R)               0.03       7.33 r
  u_cp/u_kvqd/U17546/ZN (NAND4V1P5_140P7T30R)             0.03       7.35 f
  u_cp/u_kvqd/U1145/ZN (OAI112V2_140P7T30R)               0.04       7.39 r
  u_cp/u_kvqd/U17550/Z (AO1B2V4_140P7T30R)                0.03       7.42 f
  u_cp/u_kvqd/U2572/ZN (INV2_140P7T30R)                   0.04       7.46 r
  u_cp/u_kvqd/U13318/ZN (INV2_140P7T30R)                  0.03       7.48 f
  u_cp/u_kvqd/U17570/ZN (OAI12V2_140P7T30R)               0.03       7.51 r
  u_cp/u_kvqd/U4699/ZN (INV2_140P7T30R)                   0.01       7.52 f
  u_cp/u_kvqd/U1561/ZN (NOR2V2_140P7T30R)                 0.04       7.56 r
  u_cp/u_kvqd/U17612/Z (AO12V4_140P7T30R)                 0.05       7.61 r
  u_cp/u_kvqd/U17627/ZN (INV2_140P7T30R)                  0.05       7.66 f
  u_cp/u_kvqd/U17704/ZN (NOR2V4_140P7T30R)                0.04       7.70 r
  u_cp/u_kvqd/U4580/ZN (INV2_140P7T30R)                   0.02       7.71 f
  u_cp/u_kvqd/U17747/ZN (OAI22V1_140P7T30R)               0.02       7.74 r
  u_cp/u_kvqd/U17748/ZN (AOI12V2_140P7T30R)               0.01       7.75 f
  u_cp/u_kvqd/U17749/ZN (MUX2NV2_140P7T30R)               0.02       7.77 r
  u_cp/u_kvqd/U2553/Z (OA22V2_140P7T30R)                  0.03       7.81 r
  u_cp/u_kvqd/U2551/ZN (NAND2V2_140P7T30R)                0.01       7.82 f
  u_cp/u_kvqd/U688/ZN (NAND3BBV4_140P7T30R)               0.02       7.85 f
  u_cp/u_kvqd/U17750/ZN (NOR2V2_140P7T30R)                0.02       7.86 r
  u_cp/u_kvqd/U17751/ZN (NAND2V2_140P7T30R)               0.02       7.88 f
  u_cp/u_kvqd/U690/ZN (OAI12V4_140P7T30R)                 0.02       7.90 r
  u_cp/u_kvqd/U17754/ZN (NOR2V4_140P7T30R)                0.01       7.91 f
  u_cp/u_kvqd/U755/ZN (INV8_140P7T30R)                    0.01       7.92 r
  u_cp/u_kvqd/U4462/ZN (INV8_140P7T30R)                   0.01       7.93 f
  u_cp/u_kvqd/U17758/ZN (NOR2V2_140P7T30R)                0.02       7.95 r
  u_cp/u_kvqd/U17759/Z (XOR2V2_140P7T30R)                 0.02       7.98 f
  u_cp/u_kvqd/U1721/ZN (NAND2V2_140P7T30R)                0.03       8.00 r
  u_cp/u_kvqd/U17767/ZN (OAI12V2_140P7T30R)               0.02       8.02 f
  u_cp/u_kvqd/U17768/ZN (AOI12V2_140P7T30R)               0.03       8.05 r
  u_cp/u_kvqd/U17786/ZN (OAI12V2_140P7T30R)               0.03       8.09 f
  u_cp/u_kvqd/U683/ZN (AOI12V8_140P7T30R)                 0.03       8.12 r
  u_cp/u_kvqd/U17878/ZN (OAI12V2_140P7T30R)               0.02       8.14 f
  u_cp/u_kvqd/U17879/ZN (XNOR2V2_140P7T30R)               0.04       8.18 f
  u_cp/u_kvqd/U17882/Z (OR2V4_140P7T30R)                  0.03       8.21 f
  u_cp/u_kvqd/U1707/ZN (CLKNOR2V3_140P7T30R)              0.02       8.23 r
  u_cp/u_kvqd/U17883/ZN (CLKNAND2V4_140P7T30R)            0.02       8.25 f
  u_cp/u_kvqd/U17894/ZN (NOR2V4_140P7T30R)                0.02       8.26 r
  u_cp/u_kvqd/U17903/ZN (CLKNAND2V4_140P7T30R)            0.02       8.28 f
  u_cp/u_kvqd/U666/ZN (INV8_140P7T30R)                    0.01       8.30 r
  u_cp/u_kvqd/U17913/ZN (CLKNAND2V4_140P7T30R)            0.01       8.31 f
  u_cp/u_kvqd/U765/ZN (INV4_140P7T30R)                    0.01       8.32 r
  u_cp/u_kvqd/U17915/ZN (AOI12V2_140P7T30R)               0.01       8.33 f
  u_cp/u_kvqd/U17916/ZN (OAI12V2_140P7T30R)               0.02       8.35 r
  u_cp/u_kvqd/U17917/ZN (AOI12V2_140P7T30R)               0.02       8.37 f
  u_cp/u_kvqd/U753/ZN (OAI12V4_140P7T30R)                 0.02       8.39 r
  u_cp/u_kvqd/U17921/ZN (AOI12V4_140P7T30R)               0.02       8.40 f
  u_cp/u_kvqd/U17922/ZN (OAI12V4_140P7T30R)               0.03       8.43 r
  u_cp/u_kvqd/U4210/ZN (INV2_140P7T30R)                   0.02       8.45 f
  u_cp/u_kvqd/U17945/ZN (CLKNAND2V4_140P7T30R)            0.03       8.48 r
  u_cp/u_kvqd/U4185/ZN (INV2_140P7T30R)                   0.02       8.50 f
  u_cp/u_kvqd/U17985/ZN (AOI22V2_140P7T30R)               0.02       8.52 r
  u_cp/u_kvqd/U17986/ZN (OAI112V2_140P7T30R)              0.03       8.55 f
  u_cp/u_kvqd/U1705/Z (CLKMUX2V2_140P7T30R)               0.04       8.60 f
  u_cp/u_kvqd/U18262/ZN (AOI222V2_140P7T30R)              0.04       8.64 r
  u_cp/u_kvqd/U18265/ZN (OAI12V2_140P7T30R)               0.02       8.66 f
  u_cp/u_kvqd/U18266/Z (BUFV4_140P7T30R)                  0.04       8.70 f
  u_cp/u_kvqd/U18522/ZN (XNOR2V2_140P7T30R)               0.04       8.74 f
  u_cp/u_kvqd/U18523/ZN (OAI22V1_140P7T30R)               0.04       8.78 r
  u_cp/u_kvqd/U10685/S (AD1V2_140P7T30R)                  0.08       8.86 f
  u_cp/u_kvqd/U18575/S (AD1V4_140P7T30R)                  0.07       8.93 r
  u_cp/u_kvqd/U18561/CO (AD1V4_140P7T30R)                 0.04       8.97 r
  u_cp/u_kvqd/U18579/S (AD1V4_140P7T30R)                  0.06       9.03 f
  u_cp/u_kvqd/U18580/S (AD1V4_140P7T30R)                  0.07       9.09 r
  u_cp/u_kvqd/U1664/ZN (NOR2V2_140P7T30R)                 0.01       9.10 f
  u_cp/u_kvqd/U910/ZN (NOR2V2_140P7T30R)                  0.03       9.14 r
  u_cp/u_kvqd/U13312/ZN (NAND2V2_140P7T30R)               0.02       9.16 f
  u_cp/u_kvqd/U9963/ZN (NOR2V2_140P7T30R)                 0.04       9.20 r
  u_cp/u_kvqd/U712/ZN (AOI12V12_140P7T30R)                0.03       9.22 f
  u_cp/u_kvqd/U3697/ZN (OAI12V4_140P7T30R)                0.02       9.24 r
  u_cp/u_kvqd/U18724/ZN (XNOR2V2_140P7T30R)               0.03       9.28 r
  u_cp/u_kvqd/U18725/Z (BUFV8_140P7T30R)                  0.03       9.30 r
  u_cp/u_kvqd/U18757/ZN (MUX2NV2_140P7T30R)               0.03       9.33 r
  u_cp/u_kvqd/U1658/ZN (INV2_140P7T30R)                   0.01       9.34 f
  u_cp/u_kvqd/U18959/ZN (NAND4V1P5_140P7T30R)             0.02       9.37 r
  u_cp/u_kvqd/U672/ZN (OAI12V4_140P7T30R)                 0.02       9.39 f
  u_cp/u_kvqd/U11019/ZN (NOR3V2_140P7T30R)                0.05       9.44 r
  u_cp/u_kvqd/U641/Z (BUFV8_140P7T30R)                    0.04       9.47 r
  u_cp/u_kvqd/U12156/Z (AO1B2V4_140P7T30R)                0.04       9.52 r
  u_cp/u_kvqd/U11697/ZN (NAND2V2_140P7T30R)               0.02       9.54 f
  u_cp/u_kvqd/U19690/ZN (OAI12V2_140P7T30R)               0.03       9.57 r
  u_cp/u_kvqd/U19720/ZN (AOI12V2_140P7T30R)               0.02       9.59 f
  u_cp/u_kvqd/U19721/ZN (OAI12V2_140P7T30R)               0.02       9.61 r
  u_cp/u_kvqd/U19873/ZN (AOI12V4_140P7T30R)               0.02       9.63 f
  u_cp/u_kvqd/U1909/ZN (INV2_140P7T30R)                   0.02       9.66 r
  u_cp/u_kvqd/U19913/ZN (AOI12V2_140P7T30R)               0.02       9.67 f
  u_cp/u_kvqd/U19914/ZN (XNOR2V2_140P7T30R)               0.04       9.71 f
  u_cp/u_kvqd/U19916/ZN (OAI12V2_140P7T30R)               0.02       9.74 r
  u_cp/u_kvqd/U19917/Z (XOR2V2_140P7T30R)                 0.04       9.78 r
  u_cp/u_kvqd/U3473/ZN (INV2_140P7T30R)                   0.01       9.79 f
  u_cp/u_kvqd/U3446/ZN (NOR2V2_140P7T30R)                 0.03       9.82 r
  u_cp/u_kvqd/U19923/S (AD1V4_140P7T30R)                  0.07       9.88 f
  u_cp/u_kvqd/U19937/S (AD1V4_140P7T30R)                  0.07       9.95 r
  u_cp/u_kvqd/U86/ZN (NOR2V2_140P7T30R)                   0.01       9.96 f
  u_cp/u_kvqd/U19939/ZN (NOR2V4_140P7T30R)                0.02       9.98 r
  u_cp/u_kvqd/U1893/ZN (NAND2V2_140P7T30R)                0.02      10.00 f
  u_cp/u_kvqd/U957/ZN (NOR2V2_140P7T30R)                  0.03      10.03 r
  u_cp/u_kvqd/U19978/ZN (CLKNAND2V4_140P7T30R)            0.03      10.06 f
  u_cp/u_kvqd/U10473/ZN (NOR2V2_140P7T30R)                0.03      10.10 r
  u_cp/u_kvqd/U743/ZN (AOI12V6_140P7T30R)                 0.02      10.12 f
  u_cp/u_kvqd/U12165/Z (CLKXOR2V12_140P7T30R)             0.04      10.16 f
  u_cp/u_kvqd/U20545/ZN (MUX2NV2_140P7T30R)               0.03      10.19 f
  u_cp/u_kvqd/U20546/ZN (NOR2V2_140P7T30R)                0.03      10.21 r
  u_cp/u_kvqd/U20550/ZN (NAND2V2_140P7T30R)               0.01      10.23 f
  u_cp/u_kvqd/U20558/ZN (OAI12V2_140P7T30R)               0.02      10.25 r
  u_cp/u_kvqd/U2445/ZN (NAND2V2_140P7T30R)                0.02      10.26 f
  u_cp/u_kvqd/U1891/Z (OA12V4_140P7T30R)                  0.04      10.30 f
  u_cp/u_kvqd/U1274/ZN (OAI12V4_140P7T30R)                0.04      10.35 r
  u_cp/u_kvqd/U3198/ZN (INV4_140P7T30R)                   0.03      10.38 f
  u_cp/u_kvqd/U20584/ZN (CLKNAND2V4_140P7T30R)            0.04      10.41 r
  u_cp/u_kvqd/U2438/ZN (INV6_140P7T30R)                   0.03      10.44 f
  u_cp/u_kvqd/U20624/ZN (INV4_140P7T30R)                  0.03      10.47 r
  u_cp/u_kvqd/U20785/ZN (OAI22V1_140P7T30R)               0.02      10.49 f
  u_cp/u_kvqd/U13445/ZN (NOR2V2_140P7T30R)                0.03      10.52 r
  u_cp/u_kvqd/U20788/ZN (MUX2NV2_140P7T30R)               0.02      10.54 f
  u_cp/u_kvqd/U12102/Z (CLKMUX2V2_140P7T30R)              0.05      10.59 f
  u_cp/u_kvqd/U20789/ZN (AOI22V4_140P7T30R)               0.04      10.63 r
  u_cp/u_kvqd/U2956/ZN (NOR2V2_140P7T30R)                 0.01      10.64 f
  u_cp/u_kvqd/U2929/ZN (AOI12V2_140P7T30R)                0.02      10.66 r
  u_cp/u_kvqd/U20921/Z (OR2V4_140P7T30R)                  0.03      10.69 r
  u_cp/u_kvqd/U2906/ZN (INV4_140P7T30R)                   0.02      10.72 f
  u_cp/u_kvqd/U20984/ZN (MUX2NV2_140P7T30R)               0.03      10.74 r
  u_cp/u_kvqd/U2897/ZN (OAI12V2_140P7T30R)                0.03      10.77 f
  u_cp/u_kvqd/U1527/ZN (NOR2V2_140P7T30R)                 0.03      10.80 r
  u_cp/u_kvqd/U2884/ZN (INV2_140P7T30R)                   0.02      10.82 f
  u_cp/u_kvqd/U689/ZN (NOR2V4_140P7T30R)                  0.02      10.84 r
  u_cp/u_kvqd/U20989/ZN (CLKNAND2V4_140P7T30R)            0.02      10.86 f
  u_cp/u_kvqd/U661/ZN (NOR2V4_140P7T30R)                  0.01      10.87 r
  u_cp/u_kvqd/U28176/CO (ADH1V4_140P7T30R)                0.03      10.91 r
  u_cp/u_kvqd/U745/ZN (INV4_140P7T30R)                    0.01      10.91 f
  u_cp/u_kvqd/U2861/ZN (CLKNOR2V3_140P7T30R)              0.02      10.93 r
  u_cp/u_kvqd/U28174/CO (ADH1V4_140P7T30R)                0.03      10.96 r
  u_cp/u_kvqd/U1113/ZN (INV3_140P7T30R)                   0.01      10.97 f
  u_cp/u_kvqd/U1526/ZN (NOR2V4_140P7T30R)                 0.02      10.98 r
  u_cp/u_kvqd/U1270/ZN (NAND2V3_140P7T30R)                0.02      11.00 f
  u_cp/u_kvqd/U1635/ZN (NOR2V4_140P7T30R)                 0.02      11.02 r
  u_cp/u_kvqd/U1269/ZN (NAND2V3_140P7T30R)                0.02      11.04 f
  u_cp/u_kvqd/U715/ZN (NOR2V6_140P7T30R)                  0.02      11.06 r
  u_cp/u_kvqd/U716/ZN (CLKNAND2V6_140P7T30R)              0.01      11.07 f
  u_cp/u_kvqd/U20995/ZN (NOR2V4_140P7T30R)                0.02      11.09 r
  u_cp/u_kvqd/U1634/ZN (NAND2V3_140P7T30R)                0.02      11.11 f
  u_cp/u_kvqd/U2289/ZN (NOR2V4_140P7T30R)                 0.02      11.13 r
  u_cp/u_kvqd/U709/Z (AND2V6_140P7T30R)                   0.02      11.15 r
  u_cp/u_kvqd/U20996/ZN (CLKNAND2V4_140P7T30R)            0.02      11.17 f
  u_cp/u_kvqd/U741/ZN (NOR2V6_140P7T30R)                  0.02      11.19 r
  u_cp/u_kvqd/U742/ZN (CLKNAND2V6_140P7T30R)              0.01      11.20 f
  u_cp/u_kvqd/U1633/ZN (NOR2V6_140P7T30R)                 0.02      11.23 r
  u_cp/u_kvqd/U2288/ZN (NAND2V3_140P7T30R)                0.01      11.24 f
  u_cp/u_kvqd/U28166/Z (XOR2V2_140P7T30R)                 0.03      11.27 f
  u_cp/u_kvqd/U2845/ZN (NAND2XBV2_140P7T30R)              0.03      11.30 f
  u_cp/u_kvqd/U28232/ZN (NOR4V2_140P7T30R)                0.03      11.32 r
  u_cp/u_kvqd/U1884/ZN (OAI112V2_140P7T30R)               0.03      11.35 f
  u_cp/u_kvqd/U28392/ZN (OAI12V2_140P7T30R)               0.04      11.39 r
  u_cp/u_kvqd/U32641/ZN (OAI12V2_140P7T30R)               0.03      11.42 f
  u_cp/u_kvqd/U32642/ZN (NAND2V2_140P7T30R)               0.01      11.43 r
  u_cp/u_kvqd/U32643/ZN (NAND2XBV2_140P7T30R)             0.02      11.45 r
  u_cp/u_kvqd/U2427/ZN (NAND3V1P5_140P7T30R)              0.02      11.47 f
  u_cp/u_kvqd/wr_data[2] (kv_quantdequant)                0.00      11.47 f
  u_cp/U40315/Z (AO1B2V2_140P7T30R)                       0.02      11.49 f
  u_cp/mem_wr_data[2] (command_processor_NINST4096_MAX_VEC128)     0.00    11.49 f
  hbm_wdata[2] (out)                                      0.00      11.49 f
  data arrival time                                                 11.49

  clock clk (rise edge)                                   1.00       1.00
  clock network delay (ideal)                             0.00       1.00
  output external delay                                   0.00       1.00
  data required time                                                 1.00
  --------------------------------------------------------------------------
  data required time                                                 1.00
  data arrival time                                                -11.49
  --------------------------------------------------------------------------
  slack (VIOLATED)                                                 -10.49


  Startpoint: u_cp/u_kvqd/s_bits_reg[5]
              (rising edge-triggered flip-flop clocked by clk)
  Endpoint: hbm_wdata[1]
            (output port clocked by clk)
  Path Group: clk
  Path Type: max

  Point                                                   Incr       Path
  --------------------------------------------------------------------------
  clock clk (rise edge)                                   0.00       0.00
  clock network delay (ideal)                             0.00       0.00
  u_cp/u_kvqd/s_bits_reg[5]/CK (DQV4_140P7T30R)           0.00 #     0.00 r
  u_cp/u_kvqd/s_bits_reg[5]/Q (DQV4_140P7T30R)            0.07       0.07 f
  u_cp/u_kvqd/U9397/ZN (INV2_140P7T30R)                   0.04       0.11 r
  u_cp/u_kvqd/U24551/ZN (INV4_140P7T30R)                  0.06       0.17 f
  u_cp/u_kvqd/U11300/ZN (OAI22V1_140P7T30R)               0.10       0.27 r
  u_cp/u_kvqd/U13843/ZN (XNOR2V2_140P7T30R)               0.03       0.30 f
  u_cp/u_kvqd/U1521/S (AD1V2_140P7T30R)                   0.08       0.38 r
  u_cp/u_kvqd/U9279/ZN (NAND2V2_140P7T30R)                0.02       0.40 f
  u_cp/u_kvqd/U13846/ZN (OAI12V2_140P7T30R)               0.03       0.43 r
  u_cp/u_kvqd/U13847/ZN (AOI12V2_140P7T30R)               0.02       0.45 f
  u_cp/u_kvqd/U9163/ZN (OAI12V2_140P7T30R)                0.03       0.49 r
  u_cp/u_kvqd/U2402/Z (AO12V4_140P7T30R)                  0.04       0.52 r
  u_cp/u_kvqd/U9046/ZN (AOI12V4_140P7T30R)                0.02       0.54 f
  u_cp/u_kvqd/U13859/Z (CLKXOR2V6_140P7T30R)              0.03       0.57 f
  u_cp/u_kvqd/U13860/ZN (INV4_140P7T30R)                  0.01       0.58 r
  u_cp/u_kvqd/U9005/Z (OR2V6_140P7T30R)                   0.03       0.61 r
  u_cp/u_kvqd/U8996/ZN (CLKNAND2V4_140P7T30R)             0.02       0.63 f
  u_cp/u_kvqd/U2270/ZN (INV6_140P7T30R)                   0.02       0.65 r
  u_cp/u_kvqd/U13931/ZN (MUX2NV2_140P7T30R)               0.03       0.68 r
  u_cp/u_kvqd/U8955/ZN (INV2_140P7T30R)                   0.01       0.69 f
  u_cp/u_kvqd/U1517/Z (CLKMUX2V2_140P7T30R)               0.03       0.72 f
  u_cp/u_kvqd/U13932/ZN (NOR2XBV2_140P7T30R)              0.02       0.74 r
  u_cp/u_kvqd/U653/ZN (NOR2XBV2_140P7T30R)                0.01       0.75 f
  u_cp/u_kvqd/U10061/Z (XOR2V2_140P7T30R)                 0.03       0.79 f
  u_cp/u_kvqd/U10040/ZN (NAND2V2_140P7T30R)               0.02       0.81 r
  u_cp/u_kvqd/U21351/ZN (OAI12V2_140P7T30R)               0.02       0.82 f
  u_cp/u_kvqd/U8780/Z (OR2V2_140P7T30R)                   0.04       0.87 f
  u_cp/u_kvqd/U21352/ZN (XNOR2V2_140P7T30R)               0.04       0.91 f
  u_cp/u_kvqd/U21400/ZN (OAI22V1_140P7T30R)               0.05       0.96 r
  u_cp/u_kvqd/U11247/S (AD1V2_140P7T30R)                  0.07       1.03 f
  u_cp/u_kvqd/U8635/S (AD1V2_140P7T30R)                   0.07       1.10 r
  u_cp/u_kvqd/U8554/S (AD1V2_140P7T30R)                   0.06       1.17 f
  u_cp/u_kvqd/U8483/ZN (NOR2V2_140P7T30R)                 0.03       1.20 r
  u_cp/u_kvqd/U8456/ZN (NOR2V2_140P7T30R)                 0.02       1.21 f
  u_cp/u_kvqd/U21493/ZN (AOI12V2_140P7T30R)               0.02       1.23 r
  u_cp/u_kvqd/U8405/ZN (OAI12V2_140P7T30R)                0.02       1.26 f
  u_cp/u_kvqd/U770/ZN (AOI12V6_140P7T30R)                 0.04       1.30 r
  u_cp/u_kvqd/U1501/ZN (OAI12V2_140P7T30R)                0.02       1.32 f
  u_cp/u_kvqd/U8361/ZN (XNOR2V2_140P7T30R)                0.03       1.35 f
  u_cp/u_kvqd/U669/Z (BUFV8_140P7T30R)                    0.03       1.38 f
  u_cp/u_kvqd/U21529/ZN (MUX2NV2_140P7T30R)               0.02       1.41 r
  u_cp/u_kvqd/U8341/ZN (INV2_140P7T30R)                   0.01       1.42 f
  u_cp/u_kvqd/U21530/ZN (NAND4V1P5_140P7T30R)             0.02       1.44 r
  u_cp/u_kvqd/U2257/ZN (OAI12V2_140P7T30R)                0.02       1.46 f
  u_cp/u_kvqd/U8333/ZN (INV4_140P7T30R)                   0.02       1.48 r
  u_cp/u_kvqd/U21537/ZN (CLKNAND2V4_140P7T30R)            0.02       1.49 f
  u_cp/u_kvqd/U804/ZN (INV4_140P7T30R)                    0.01       1.51 r
  u_cp/u_kvqd/U2763/ZN (CLKNAND2V6_140P7T30R)             0.04       1.54 f
  u_cp/u_kvqd/U21583/ZN (OAI12V2_140P7T30R)               0.09       1.64 r
  u_cp/u_kvqd/U21628/ZN (XNOR2V2_140P7T30R)               0.04       1.68 r
  u_cp/u_kvqd/U21629/ZN (OAI22V1_140P7T30R)               0.03       1.70 f
  u_cp/u_kvqd/U10622/CO (AD1V2_140P7T30R)                 0.06       1.76 f
  u_cp/u_kvqd/U8096/S (AD1V2_140P7T30R)                   0.07       1.83 r
  u_cp/u_kvqd/U8047/S (AD1V2_140P7T30R)                   0.06       1.89 f
  u_cp/u_kvqd/U7998/ZN (NOR2V2_140P7T30R)                 0.03       1.92 r
  u_cp/u_kvqd/U21678/ZN (OAI12V2_140P7T30R)               0.02       1.94 f
  u_cp/u_kvqd/U7915/ZN (AOI12V2_140P7T30R)                0.03       1.97 r
  u_cp/u_kvqd/U7912/ZN (OAI12V2_140P7T30R)                0.02       1.99 f
  u_cp/u_kvqd/U21807/ZN (AOI12V4_140P7T30R)               0.04       2.03 r
  u_cp/u_kvqd/U7903/ZN (OAI12V4_140P7T30R)                0.02       2.05 f
  u_cp/u_kvqd/U7898/ZN (XNOR2V4_140P7T30R)                0.06       2.11 f
  u_cp/u_kvqd/U21841/ZN (MUX2NV2_140P7T30R)               0.04       2.16 f
  u_cp/u_kvqd/U7884/ZN (NOR3V2_140P7T30R)                 0.04       2.20 r
  u_cp/u_kvqd/U2752/ZN (AOI13V2_140P7T30R)                0.04       2.24 f
  u_cp/u_kvqd/U10933/ZN (NAND2V2_140P7T30R)               0.03       2.27 r
  u_cp/u_kvqd/U811/ZN (CLKNAND2V6_140P7T30R)              0.02       2.29 f
  u_cp/u_kvqd/U7840/ZN (NOR2V4_140P7T30R)                 0.02       2.32 r
  u_cp/u_kvqd/U7823/ZN (NAND2V2_140P7T30R)                0.02       2.34 f
  u_cp/u_kvqd/U756/Z (AND2V6_140P7T30R)                   0.03       2.37 f
  u_cp/u_kvqd/U1470/ZN (INV10_140P7T30R)                  0.03       2.39 r
  u_cp/u_kvqd/U7788/ZN (AOI12V6_140P7T30R)                0.02       2.42 f
  u_cp/u_kvqd/U21909/ZN (NAND2V2_140P7T30R)               0.03       2.45 r
  u_cp/u_kvqd/U7764/ZN (INV2_140P7T30R)                   0.04       2.48 f
  u_cp/u_kvqd/U7748/ZN (AOI22V2_140P7T30R)                0.03       2.51 r
  u_cp/u_kvqd/U2747/ZN (OAI12V2_140P7T30R)                0.02       2.53 f
  u_cp/u_kvqd/U7722/ZN (NAND2XBV2_140P7T30R)              0.03       2.56 f
  u_cp/u_kvqd/U7718/ZN (MUX2NV2_140P7T30R)                0.02       2.58 r
  u_cp/u_kvqd/U7705/ZN (NAND2V2_140P7T30R)                0.02       2.60 f
  u_cp/u_kvqd/U2744/ZN (OAI12V2_140P7T30R)                0.02       2.62 r
  u_cp/u_kvqd/U7674/ZN (NAND2V2_140P7T30R)                0.02       2.64 f
  u_cp/u_kvqd/U691/ZN (NAND3V4_140P7T30R)                 0.02       2.65 r
  u_cp/u_kvqd/U692/ZN (NOR2V4_140P7T30R)                  0.01       2.66 f
  u_cp/u_kvqd/U22048/ZN (NAND2V2_140P7T30R)               0.01       2.67 r
  u_cp/u_kvqd/U22062/ZN (NOR2V2_140P7T30R)                0.01       2.68 f
  u_cp/u_kvqd/U22063/ZN (NAND2V2_140P7T30R)               0.01       2.69 r
  u_cp/u_kvqd/U7654/Z (OA12V4_140P7T30R)                  0.03       2.72 r
  u_cp/u_kvqd/U22070/ZN (INV4_140P7T30R)                  0.01       2.73 f
  u_cp/u_kvqd/U22071/ZN (INV4_140P7T30R)                  0.02       2.75 r
  u_cp/u_kvqd/U22075/ZN (NOR2V2_140P7T30R)                0.01       2.77 f
  u_cp/u_kvqd/U22076/Z (XOR2V2_140P7T30R)                 0.03       2.80 f
  u_cp/u_kvqd/U7549/ZN (NOR2V2_140P7T30R)                 0.03       2.83 r
  u_cp/u_kvqd/U22078/ZN (OAI12V2_140P7T30R)               0.02       2.85 f
  u_cp/u_kvqd/U22079/ZN (AOI12V2_140P7T30R)               0.03       2.88 r
  u_cp/u_kvqd/U22094/ZN (OAI12V2_140P7T30R)               0.02       2.90 f
  u_cp/u_kvqd/U7436/ZN (INV2_140P7T30R)                   0.04       2.94 r
  u_cp/u_kvqd/U22175/ZN (OAI12V2_140P7T30R)               0.02       2.96 f
  u_cp/u_kvqd/U22176/ZN (XNOR2V2_140P7T30R)               0.05       3.02 f
  u_cp/u_kvqd/U7407/Z (OR2V2_140P7T30R)                   0.04       3.06 f
  u_cp/u_kvqd/U7396/ZN (NOR2V2_140P7T30R)                 0.02       3.08 r
  u_cp/u_kvqd/U7389/ZN (NAND2V2_140P7T30R)                0.02       3.10 f
  u_cp/u_kvqd/U2740/ZN (NOR2V4_140P7T30R)                 0.02       3.12 r
  u_cp/u_kvqd/U792/ZN (CLKNAND2V4_140P7T30R)              0.01       3.14 f
  u_cp/u_kvqd/U7377/ZN (NOR2XBV2_140P7T30R)               0.03       3.16 r
  u_cp/u_kvqd/U7374/ZN (NAND2XBV2_140P7T30R)              0.03       3.20 r
  u_cp/u_kvqd/U22199/ZN (OAI12V2_140P7T30R)               0.02       3.21 f
  u_cp/u_kvqd/U9612/ZN (NAND2V2_140P7T30R)                0.01       3.22 r
  u_cp/u_kvqd/U7360/ZN (NAND2V2_140P7T30R)                0.01       3.24 f
  u_cp/u_kvqd/U22200/ZN (NAND2XBV4_140P7T30R)             0.02       3.26 r
  u_cp/u_kvqd/U2248/ZN (INV6_140P7T30R)                   0.02       3.28 f
  u_cp/u_kvqd/U7337/ZN (CLKNOR2V3_140P7T30R)              0.03       3.31 r
  u_cp/u_kvqd/U22688/ZN (OAI112V2_140P7T30R)              0.03       3.33 f
  u_cp/u_kvqd/U22689/ZN (OAI12V2_140P7T30R)               0.02       3.36 r
  u_cp/u_kvqd/U22690/ZN (AOI12V2_140P7T30R)               0.01       3.37 f
  u_cp/u_kvqd/U22691/ZN (OAI12V2_140P7T30R)               0.02       3.39 r
  u_cp/u_kvqd/U22692/ZN (AOI13V2_140P7T30R)               0.03       3.43 f
  u_cp/u_kvqd/U7193/Z (BUFV6_140P7T30R)                   0.04       3.46 f
  u_cp/u_kvqd/U22693/ZN (XNOR2V2_140P7T30R)               0.04       3.50 f
  u_cp/u_kvqd/U22694/ZN (OAI22V1_140P7T30R)               0.04       3.54 r
  u_cp/u_kvqd/U7066/CO (AD1V2_140P7T30R)                  0.05       3.60 r
  u_cp/u_kvqd/U7011/S (AD1V2_140P7T30R)                   0.07       3.67 f
  u_cp/u_kvqd/U22776/CO (AD1V4_140P7T30R)                 0.05       3.72 f
  u_cp/u_kvqd/U22818/CO (AD1V4_140P7T30R)                 0.04       3.75 f
  u_cp/u_kvqd/U1446/S (AD1V2_140P7T30R)                   0.07       3.82 r
  u_cp/u_kvqd/U6798/S (AD1V2_140P7T30R)                   0.06       3.89 f
  u_cp/u_kvqd/U6770/ZN (NAND2V2_140P7T30R)                0.02       3.90 r
  u_cp/u_kvqd/U22902/ZN (OAI12V2_140P7T30R)               0.02       3.92 f
  u_cp/u_kvqd/U769/ZN (AOI12V4_140P7T30R)                 0.03       3.95 r
  u_cp/u_kvqd/U22907/ZN (OAI12V2_140P7T30R)               0.02       3.97 f
  u_cp/u_kvqd/U6664/ZN (AOI12V6_140P7T30R)                0.05       4.02 r
  u_cp/u_kvqd/U751/ZN (OAI12V6_140P7T30R)                 0.02       4.03 f
  u_cp/u_kvqd/U22977/ZN (XNOR2V2_140P7T30R)               0.03       4.07 f
  u_cp/u_kvqd/U662/Z (BUFV8_140P7T30R)                    0.03       4.10 f
  u_cp/u_kvqd/U22981/ZN (MUX2NV2_140P7T30R)               0.02       4.12 r
  u_cp/u_kvqd/U6646/ZN (INV2_140P7T30R)                   0.01       4.13 f
  u_cp/u_kvqd/U6643/ZN (CLKNOR2V3_140P7T30R)              0.02       4.15 r
  u_cp/u_kvqd/U6640/ZN (OAI12V2_140P7T30R)                0.02       4.18 f
  u_cp/u_kvqd/U6637/ZN (NOR2V2_140P7T30R)                 0.02       4.20 r
  u_cp/u_kvqd/U6635/Z (AND2V4_140P7T30R)                  0.03       4.23 r
  u_cp/u_kvqd/U472/ZN (INV16_140P7T30R)                   0.02       4.25 f
  u_cp/u_kvqd/U23006/ZN (OAI22V1_140P7T30R)               0.10       4.35 r
  u_cp/u_kvqd/U23047/ZN (OAI22V1_140P7T30R)               0.04       4.39 f
  u_cp/u_kvqd/U6516/CO (AD1V2_140P7T30R)                  0.06       4.46 f
  u_cp/u_kvqd/U6463/S (AD1V2_140P7T30R)                   0.07       4.53 r
  u_cp/u_kvqd/U1419/S (AD1V2_140P7T30R)                   0.06       4.59 f
  u_cp/u_kvqd/U1415/ZN (NOR2V2_140P7T30R)                 0.03       4.62 r
  u_cp/u_kvqd/U23098/ZN (OAI12V2_140P7T30R)               0.02       4.63 f
  u_cp/u_kvqd/U23099/ZN (AOI12V2_140P7T30R)               0.03       4.67 r
  u_cp/u_kvqd/U23142/ZN (OAI12V2_140P7T30R)               0.02       4.69 f
  u_cp/u_kvqd/U23224/ZN (AOI12V4_140P7T30R)               0.04       4.73 r
  u_cp/u_kvqd/U775/ZN (OAI12V6_140P7T30R)                 0.02       4.75 f
  u_cp/u_kvqd/U6219/ZN (XNOR2V4_140P7T30R)                0.06       4.81 f
  u_cp/u_kvqd/U23253/ZN (MUX2NV2_140P7T30R)               0.05       4.86 f
  u_cp/u_kvqd/U6191/ZN (INV2_140P7T30R)                   0.03       4.89 r
  u_cp/u_kvqd/U23297/ZN (NAND4V1P5_140P7T30R)             0.03       4.92 f
  u_cp/u_kvqd/U6181/ZN (OAI13V4_140P7T30R)                0.05       4.97 r
  u_cp/u_kvqd/U23298/ZN (OAI12V2_140P7T30R)               0.04       5.01 f
  u_cp/u_kvqd/U12192/ZN (NOR2V6_140P7T30R)                0.03       5.04 r
  u_cp/u_kvqd/U23306/ZN (CLKNAND2V4_140P7T30R)            0.03       5.07 f
  u_cp/u_kvqd/U2688/ZN (CLKNOR2V3_140P7T30R)              0.02       5.08 r
  u_cp/u_kvqd/U23312/ZN (XNOR2V2_140P7T30R)               0.01       5.10 f
  u_cp/u_kvqd/U2687/Z (OA13V2_140P7T30R)                  0.05       5.14 f
  u_cp/u_kvqd/U23313/ZN (NOR3V4_140P7T30R)                0.02       5.17 r
  u_cp/u_kvqd/U6091/ZN (CLKNAND2V6_140P7T30R)             0.03       5.20 f
  u_cp/u_kvqd/U23316/ZN (NOR2XBV4_140P7T30R)              0.03       5.22 r
  u_cp/u_kvqd/U1402/ZN (NOR2V2_140P7T30R)                 0.01       5.24 f
  u_cp/u_kvqd/U1401/ZN (CLKNOR2V3_140P7T30R)              0.02       5.26 r
  u_cp/u_kvqd/U2211/ZN (NAND2V2_140P7T30R)                0.02       5.29 f
  u_cp/u_kvqd/U23506/ZN (OAI22V1_140P7T30R)               0.04       5.33 r
  u_cp/u_kvqd/U658/ZN (NAND3BBV2_140P7T30R)               0.03       5.35 r
  u_cp/u_kvqd/U23507/ZN (NOR2V2_140P7T30R)                0.01       5.36 f
  u_cp/u_kvqd/U11009/ZN (NAND2V2_140P7T30R)               0.01       5.37 r
  u_cp/u_kvqd/U23513/ZN (OAI12V2_140P7T30R)               0.01       5.38 f
  u_cp/u_kvqd/U2209/ZN (NAND2XBV6_140P7T30R)              0.04       5.42 f
  u_cp/u_kvqd/U2017/ZN (INV8_140P7T30R)                   0.02       5.45 r
  u_cp/u_kvqd/U23518/ZN (NOR2V2_140P7T30R)                0.01       5.46 f
  u_cp/u_kvqd/U23519/Z (XOR2V2_140P7T30R)                 0.03       5.49 f
  u_cp/u_kvqd/U2203/ZN (CLKNOR2V3_140P7T30R)              0.02       5.51 r
  u_cp/u_kvqd/U23525/ZN (OAI12V2_140P7T30R)               0.02       5.53 f
  u_cp/u_kvqd/U23526/ZN (AOI12V2_140P7T30R)               0.03       5.56 r
  u_cp/u_kvqd/U23545/ZN (OAI12V2_140P7T30R)               0.03       5.59 f
  u_cp/u_kvqd/U12197/ZN (AOI12V6_140P7T30R)               0.03       5.62 r
  u_cp/u_kvqd/U23617/ZN (OAI12V2_140P7T30R)               0.02       5.64 f
  u_cp/u_kvqd/U23618/ZN (XNOR2V2_140P7T30R)               0.05       5.69 f
  u_cp/u_kvqd/U1392/Z (OR2V2_140P7T30R)                   0.04       5.73 f
  u_cp/u_kvqd/U2360/ZN (CLKNOR2V3_140P7T30R)              0.02       5.75 r
  u_cp/u_kvqd/U23623/ZN (CLKNAND2V4_140P7T30R)            0.02       5.76 f
  u_cp/u_kvqd/U760/ZN (NOR2V6_140P7T30R)                  0.02       5.78 r
  u_cp/u_kvqd/U761/ZN (NAND2V8_140P7T30R)                 0.01       5.80 f
  u_cp/u_kvqd/U1390/ZN (NOR2V4_140P7T30R)                 0.02       5.82 r
  u_cp/u_kvqd/U713/ZN (NAND3V8_140P7T30R)                 0.01       5.83 f
  u_cp/u_kvqd/U2660/ZN (OAI112V2_140P7T30R)               0.02       5.85 r
  u_cp/u_kvqd/U23652/ZN (AOI12V2_140P7T30R)               0.01       5.87 f
  u_cp/u_kvqd/U23654/ZN (OAI112V2_140P7T30R)              0.03       5.90 r
  u_cp/u_kvqd/U684/ZN (NAND2XBV6_140P7T30R)               0.03       5.92 r
  u_cp/u_kvqd/U23657/ZN (NOR2V4_140P7T30R)                0.01       5.94 f
  u_cp/u_kvqd/U5742/ZN (NOR2V12_140P7T30R)                0.03       5.97 r
  u_cp/u_kvqd/U23697/ZN (CLKNAND2V4_140P7T30R)            0.03       6.00 f
  u_cp/u_kvqd/U23748/ZN (OAI22V1_140P7T30R)               0.04       6.03 r
  u_cp/u_kvqd/U1388/ZN (NOR2V2_140P7T30R)                 0.02       6.05 f
  u_cp/u_kvqd/U23830/ZN (MUX2NV2_140P7T30R)               0.02       6.07 r
  u_cp/u_kvqd/U1386/Z (OR2V2_140P7T30R)                   0.03       6.10 r
  u_cp/u_kvqd/U5634/ZN (OAI112V2_140P7T30R)               0.02       6.12 f
  u_cp/u_kvqd/U24157/ZN (AOI22V2_140P7T30R)               0.02       6.14 r
  u_cp/u_kvqd/U24158/ZN (AOI12V2_140P7T30R)               0.02       6.16 f
  u_cp/u_kvqd/U5594/Z (BUFV6_140P7T30R)                   0.03       6.20 f
  u_cp/u_kvqd/U24159/ZN (XNOR2V2_140P7T30R)               0.03       6.23 f
  u_cp/u_kvqd/U656/ZN (OAI22V1_140P7T30R)                 0.05       6.28 r
  u_cp/u_kvqd/U24219/S (AD1V4_140P7T30R)                  0.08       6.36 f
  u_cp/u_kvqd/U24220/CO (AD1V4_140P7T30R)                 0.04       6.40 f
  u_cp/u_kvqd/U12196/Z (MAJ23V4_140P7T30R)                0.03       6.43 f
  u_cp/u_kvqd/U24275/CO (AD1V4_140P7T30R)                 0.04       6.47 f
  u_cp/u_kvqd/U24286/S (AD1V4_140P7T30R)                  0.07       6.54 r
  u_cp/u_kvqd/U24300/S (AD1V4_140P7T30R)                  0.06       6.60 f
  u_cp/u_kvqd/U1365/ZN (CLKNOR2V3_140P7T30R)              0.02       6.62 r
  u_cp/u_kvqd/U24404/ZN (OAI12V2_140P7T30R)               0.02       6.64 f
  u_cp/u_kvqd/U12194/ZN (AOI12V4_140P7T30R)               0.03       6.66 r
  u_cp/u_kvqd/U24410/ZN (OAI12V2_140P7T30R)               0.02       6.69 f
  u_cp/u_kvqd/U2151/ZN (AOI12V6_140P7T30R)                0.04       6.73 r
  u_cp/u_kvqd/U24481/ZN (OAI12V4_140P7T30R)               0.02       6.75 f
  u_cp/u_kvqd/U24482/ZN (XNOR2V2_140P7T30R)               0.03       6.78 f
  u_cp/u_kvqd/U1990/Z (BUFV6_140P7T30R)                   0.03       6.81 f
  u_cp/u_kvqd/U24496/ZN (MUX2NV2_140P7T30R)               0.03       6.84 f
  u_cp/u_kvqd/U24497/ZN (NOR2V2_140P7T30R)                0.02       6.86 r
  u_cp/u_kvqd/U24498/ZN (NAND4V1P5_140P7T30R)             0.03       6.89 f
  u_cp/u_kvqd/U24500/ZN (AOI12V2_140P7T30R)               0.03       6.91 r
  u_cp/u_kvqd/U717/ZN (INV2M_140P7T30R)                   0.01       6.92 f
  u_cp/u_kvqd/U2606/ZN (NAND2V2_140P7T30R)                0.02       6.94 r
  u_cp/u_kvqd/U312/ZN (NOR2V2_140P7T30R)                  0.01       6.95 f
  u_cp/u_kvqd/U5090/ZN (INV2_140P7T30R)                   0.06       7.01 r
  u_cp/u_kvqd/U24645/ZN (OAI22V4_140P7T30R)               0.05       7.06 f
  u_cp/u_kvqd/U24646/ZN (XNOR2V2_140P7T30R)               0.04       7.10 f
  u_cp/u_kvqd/U24647/ZN (OAI22V1_140P7T30R)               0.05       7.15 r
  u_cp/u_kvqd/U24678/CO (AD1V4_140P7T30R)                 0.05       7.20 r
  u_cp/u_kvqd/U24686/S (AD1V4_140P7T30R)                  0.06       7.26 f
  u_cp/u_kvqd/U24692/S (AD1V4_140P7T30R)                  0.07       7.32 r
  u_cp/u_kvqd/U24766/ZN (CLKNAND2V4_140P7T30R)            0.01       7.34 f
  u_cp/u_kvqd/U24767/ZN (OAI12V2_140P7T30R)               0.03       7.37 r
  u_cp/u_kvqd/U24769/ZN (AOI12V2_140P7T30R)               0.03       7.39 f
  u_cp/u_kvqd/U24773/ZN (OAI12V2_140P7T30R)               0.03       7.42 r
  u_cp/u_kvqd/U729/ZN (AOI12V6_140P7T30R)                 0.02       7.44 f
  u_cp/u_kvqd/U655/ZN (OAI12V4_140P7T30R)                 0.02       7.46 r
  u_cp/u_kvqd/U654/ZN (XNOR2V4_140P7T30R)                 0.03       7.50 r
  u_cp/u_kvqd/U288/Z (BUFV12_140P7T30R)                   0.03       7.52 r
  u_cp/u_kvqd/U24858/ZN (MUX2NV2_140P7T30R)               0.03       7.55 r
  u_cp/u_kvqd/U4710/ZN (INV2_140P7T30R)                   0.01       7.56 f
  u_cp/u_kvqd/U12198/ZN (NAND4V4_140P7T30R)               0.02       7.58 r
  u_cp/u_kvqd/U24868/ZN (OAI12V4_140P7T30R)               0.02       7.60 f
  u_cp/u_kvqd/U4703/ZN (AOI12V6_140P7T30R)                0.04       7.65 r
  u_cp/u_kvqd/U286/ZN (NAND2V2_140P7T30R)                 0.03       7.68 f
  u_cp/u_kvqd/U24876/ZN (NOR2V4_140P7T30R)                0.03       7.71 r
  u_cp/u_kvqd/U4648/ZN (NAND2V2_140P7T30R)                0.02       7.73 f
  u_cp/u_kvqd/U24892/Z (XOR2V2_140P7T30R)                 0.04       7.76 f
  u_cp/u_kvqd/U281/ZN (AOI12V2_140P7T30R)                 0.05       7.82 r
  u_cp/u_kvqd/U4592/ZN (INV2_140P7T30R)                   0.05       7.86 f
  u_cp/u_kvqd/U25019/ZN (NAND3V2_140P7T30R)               0.03       7.89 r
  u_cp/u_kvqd/U272/ZN (NOR2XBV2_140P7T30R)                0.05       7.94 r
  u_cp/u_kvqd/U4512/Z (OR2V2_140P7T30R)                   0.03       7.97 r
  u_cp/u_kvqd/U25056/ZN (OAI22V1_140P7T30R)               0.02       7.99 f
  u_cp/u_kvqd/U11947/ZN (NOR2V2_140P7T30R)                0.02       8.01 r
  u_cp/u_kvqd/U4466/ZN (NAND2V2_140P7T30R)                0.01       8.02 f
  u_cp/u_kvqd/U4464/ZN (NOR2V2_140P7T30R)                 0.02       8.03 r
  u_cp/u_kvqd/U25061/ZN (NAND2V2_140P7T30R)               0.02       8.05 f
  u_cp/u_kvqd/U25070/ZN (OAI12V4_140P7T30R)               0.02       8.07 r
  u_cp/u_kvqd/U25073/ZN (NOR2V4_140P7T30R)                0.01       8.08 f
  u_cp/u_kvqd/U4463/ZN (INV8_140P7T30R)                   0.03       8.11 r
  u_cp/u_kvqd/U809/ZN (CLKNAND2V16_140P7T30R)             0.03       8.14 f
  u_cp/u_kvqd/U25107/Z (XOR2V2_140P7T30R)                 0.04       8.18 f
  u_cp/u_kvqd/U269/ZN (NAND2V2_140P7T30R)                 0.02       8.20 r
  u_cp/u_kvqd/U12189/ZN (OAI12V4_140P7T30R)               0.02       8.22 f
  u_cp/u_kvqd/U25121/ZN (AOI12V2_140P7T30R)               0.03       8.25 r
  u_cp/u_kvqd/U25145/ZN (OAI12V2_140P7T30R)               0.03       8.27 f
  u_cp/u_kvqd/U670/ZN (AOI12V8_140P7T30R)                 0.03       8.31 r
  u_cp/u_kvqd/U25187/ZN (OAI12V2_140P7T30R)               0.02       8.33 f
  u_cp/u_kvqd/U25188/ZN (XNOR2V2_140P7T30R)               0.04       8.37 f
  u_cp/u_kvqd/U25189/Z (OR2V4_140P7T30R)                  0.04       8.40 f
  u_cp/u_kvqd/U1711/ZN (CLKNOR2V3_140P7T30R)              0.02       8.43 r
  u_cp/u_kvqd/U25200/ZN (CLKNAND2V4_140P7T30R)            0.02       8.45 f
  u_cp/u_kvqd/U695/ZN (NOR2V6_140P7T30R)                  0.02       8.46 r
  u_cp/u_kvqd/U25212/ZN (NAND2XBV4_140P7T30R)             0.02       8.48 f
  u_cp/u_kvqd/U704/ZN (NOR2V8_140P7T30R)                  0.02       8.50 r
  u_cp/u_kvqd/U25220/ZN (CLKNAND2V4_140P7T30R)            0.01       8.51 f
  u_cp/u_kvqd/U10852/ZN (OAI12V2_140P7T30R)               0.02       8.53 r
  u_cp/u_kvqd/U4260/ZN (NAND2XBV2_140P7T30R)              0.01       8.55 f
  u_cp/u_kvqd/U2543/ZN (AOI12V2_140P7T30R)                0.02       8.56 r
  u_cp/u_kvqd/U25222/ZN (OAI12V2_140P7T30R)               0.01       8.58 f
  u_cp/u_kvqd/U25223/ZN (AOI12V2_140P7T30R)               0.02       8.60 r
  u_cp/u_kvqd/U25224/ZN (OAI12V2_140P7T30R)               0.04       8.64 f
  u_cp/u_kvqd/U12204/ZN (INV4_140P7T30R)                  0.03       8.67 r
  u_cp/u_kvqd/U25275/ZN (CLKNAND2V4_140P7T30R)            0.03       8.70 f
  u_cp/u_kvqd/U4209/ZN (INV2_140P7T30R)                   0.04       8.74 r
  u_cp/u_kvqd/U25315/ZN (AOI22V2_140P7T30R)               0.02       8.76 f
  u_cp/u_kvqd/U10144/ZN (NAND2V2_140P7T30R)               0.02       8.78 r
  u_cp/u_kvqd/U25368/ZN (MUX2NV2_140P7T30R)               0.02       8.80 f
  u_cp/u_kvqd/U4166/ZN (NAND2V2_140P7T30R)                0.02       8.82 r
  u_cp/u_kvqd/U25461/ZN (OAI112V2_140P7T30R)              0.03       8.85 f
  u_cp/u_kvqd/U25462/ZN (AOI22V2_140P7T30R)               0.04       8.89 r
  u_cp/u_kvqd/U2533/ZN (OAI12V6_140P7T30R)                0.04       8.93 f
  u_cp/u_kvqd/U25463/ZN (XNOR2V2_140P7T30R)               0.04       8.97 f
  u_cp/u_kvqd/U25507/ZN (OAI22V1_140P7T30R)               0.04       9.01 r
  u_cp/u_kvqd/U1700/CO (AD1V2_140P7T30R)                  0.05       9.06 r
  u_cp/u_kvqd/U1317/S (AD1V2_140P7T30R)                   0.07       9.13 f
  u_cp/u_kvqd/U25840/S (AD1V4_140P7T30R)                  0.07       9.20 r
  u_cp/u_kvqd/U25863/S (AD1V4_140P7T30R)                  0.06       9.26 f
  u_cp/u_kvqd/U25864/S (AD1V4_140P7T30R)                  0.07       9.33 r
  u_cp/u_kvqd/U907/ZN (NAND2V2_140P7T30R)                 0.02       9.35 f
  u_cp/u_kvqd/U25935/ZN (OAI12V2_140P7T30R)               0.04       9.38 r
  u_cp/u_kvqd/U12193/ZN (AOI12V4_140P7T30R)               0.02       9.41 f
  u_cp/u_kvqd/U767/ZN (OAI12V4_140P7T30R)                 0.02       9.42 r
  u_cp/u_kvqd/U768/ZN (AOI12V4_140P7T30R)                 0.01       9.44 f
  u_cp/u_kvqd/U26040/ZN (OAI12V2_140P7T30R)               0.02       9.46 r
  u_cp/u_kvqd/U26041/ZN (XNOR2V2_140P7T30R)               0.03       9.49 r
  u_cp/u_kvqd/U726/Z (BUFV8_140P7T30R)                    0.03       9.52 r
  u_cp/u_kvqd/U26050/ZN (MUX2NV2_140P7T30R)               0.03       9.55 r
  u_cp/u_kvqd/U26063/ZN (INV2M_140P7T30R)                 0.01       9.56 f
  u_cp/u_kvqd/U26064/ZN (NAND4V1P5_140P7T30R)             0.02       9.57 r
  u_cp/u_kvqd/U12200/ZN (NOR2V2_140P7T30R)                0.01       9.58 f
  u_cp/u_kvqd/U12201/ZN (NOR2XBV2_140P7T30R)              0.02       9.60 r
  u_cp/u_kvqd/U26771/ZN (NAND2V2_140P7T30R)               0.02       9.62 f
  u_cp/u_kvqd/U786/ZN (INV4_140P7T30R)                    0.01       9.64 r
  u_cp/u_kvqd/U26772/ZN (CLKNAND2V6_140P7T30R)            0.04       9.68 f
  u_cp/u_kvqd/U26953/ZN (OAI22V1_140P7T30R)               0.09       9.77 r
  u_cp/u_kvqd/U27419/ZN (XNOR2V2_140P7T30R)               0.04       9.81 r
  u_cp/u_kvqd/U27420/ZN (OAI22V1_140P7T30R)               0.03       9.84 f
  u_cp/u_kvqd/U3621/S (AD1V2_140P7T30R)                   0.09       9.93 r
  u_cp/u_kvqd/U1290/S (AD1V2_140P7T30R)                   0.06       9.99 f
  u_cp/u_kvqd/U1286/ZN (NAND2V2_140P7T30R)                0.02      10.01 r
  u_cp/u_kvqd/U3549/ZN (INV2_140P7T30R)                   0.01      10.02 f
  u_cp/u_kvqd/U27461/ZN (AOI12V2_140P7T30R)               0.02      10.04 r
  u_cp/u_kvqd/U27462/ZN (OAI12V2_140P7T30R)               0.02      10.06 f
  u_cp/u_kvqd/U27464/ZN (AOI12V2_140P7T30R)               0.03      10.09 r
  u_cp/u_kvqd/U27513/ZN (OAI12V2_140P7T30R)               0.03      10.12 f
  u_cp/u_kvqd/U12195/ZN (AOI12V6_140P7T30R)               0.04      10.15 r
  u_cp/u_kvqd/U749/ZN (OAI12V6_140P7T30R)                 0.01      10.17 f
  u_cp/u_kvqd/U27657/ZN (XNOR2V2_140P7T30R)               0.03      10.20 f
  u_cp/u_kvqd/U27658/Z (BUFV8_140P7T30R)                  0.03      10.23 f
  u_cp/u_kvqd/U57/Z (MUX2V2_140P7T30R)                    0.04      10.27 r
  u_cp/u_kvqd/U3363/ZN (INV2_140P7T30R)                   0.01      10.28 f
  u_cp/u_kvqd/U27699/ZN (NAND4V1P5_140P7T30R)             0.01      10.30 r
  u_cp/u_kvqd/U27701/ZN (OAI21BV2_140P7T30R)              0.02      10.31 f
  u_cp/u_kvqd/U27702/ZN (NOR3V2_140P7T30R)                0.05      10.36 r
  u_cp/u_kvqd/U27703/ZN (NAND2V2_140P7T30R)               0.02      10.38 f
  u_cp/u_kvqd/U27704/Z (BUFV4_140P7T30R)                  0.04      10.42 f
  u_cp/u_kvqd/U27731/ZN (OAI22V1_140P7T30R)               0.06      10.48 r
  u_cp/u_kvqd/U3328/ZN (INV2_140P7T30R)                   0.03      10.51 f
  u_cp/u_kvqd/U27807/ZN (AOI22V2_140P7T30R)               0.04      10.55 r
  u_cp/u_kvqd/U27882/ZN (NAND3V2_140P7T30R)               0.03      10.58 f
  u_cp/u_kvqd/U27918/ZN (AOI22V2_140P7T30R)               0.03      10.61 r
  u_cp/u_kvqd/U27919/ZN (OAI12V2_140P7T30R)               0.02      10.63 f
  u_cp/u_kvqd/U27920/ZN (AOI12V2_140P7T30R)               0.03      10.66 r
  u_cp/u_kvqd/U27921/ZN (NAND3V2_140P7T30R)               0.02      10.68 f
  u_cp/u_kvqd/U27922/ZN (OAI22V1_140P7T30R)               0.04      10.73 r
  u_cp/u_kvqd/U9421/ZN (NAND2V2_140P7T30R)                0.02      10.74 f
  u_cp/u_kvqd/U2439/ZN (NOR2V2_140P7T30R)                 0.02      10.77 r
  u_cp/u_kvqd/U3095/ZN (INV2_140P7T30R)                   0.02      10.78 f
  u_cp/u_kvqd/U1119/ZN (NOR2V2_140P7T30R)                 0.02      10.80 r
  u_cp/u_kvqd/U28069/ZN (XNOR2V2_140P7T30R)               0.01      10.82 f
  u_cp/u_kvqd/U28071/Z (AO1B2V2_140P7T30R)                0.03      10.85 f
  u_cp/u_kvqd/U1273/ZN (NOR2V2_140P7T30R)                 0.02      10.88 r
  u_cp/u_kvqd/U28074/ZN (CLKNAND2V4_140P7T30R)            0.02      10.89 f
  u_cp/u_kvqd/U668/ZN (NOR2V4_140P7T30R)                  0.01      10.91 r
  u_cp/u_kvqd/U28340/CO (ADH1V4_140P7T30R)                0.03      10.94 r
  u_cp/u_kvqd/U28337/CO (ADH1V4_140P7T30R)                0.03      10.97 r
  u_cp/u_kvqd/U28334/CO (ADH1V4_140P7T30R)                0.03      11.00 r
  u_cp/u_kvqd/U28331/CO (ADH1V4_140P7T30R)                0.03      11.03 r
  u_cp/u_kvqd/U28084/ZN (CLKNAND2V4_140P7T30R)            0.02      11.05 f
  u_cp/u_kvqd/U772/ZN (NOR2V6_140P7T30R)                  0.02      11.07 r
  u_cp/u_kvqd/U773/ZN (CLKNAND2V6_140P7T30R)              0.01      11.08 f
  u_cp/u_kvqd/U953/ZN (NOR2V4_140P7T30R)                  0.02      11.10 r
  u_cp/u_kvqd/U28085/ZN (CLKNAND2V4_140P7T30R)            0.02      11.12 f
  u_cp/u_kvqd/U671/ZN (NOR2V6_140P7T30R)                  0.02      11.14 r
  u_cp/u_kvqd/U12191/Z (AND2V6_140P7T30R)                 0.03      11.16 r
  u_cp/u_kvqd/U705/ZN (NAND2V8_140P7T30R)                 0.01      11.17 f
  u_cp/u_kvqd/U706/ZN (NOR2V8_140P7T30R)                  0.02      11.19 r
  u_cp/u_kvqd/U28086/ZN (CLKNAND2V4_140P7T30R)            0.02      11.21 f
  u_cp/u_kvqd/U1114/ZN (NOR2V4_140P7T30R)                 0.02      11.23 r
  u_cp/u_kvqd/U696/ZN (CLKNAND2V6_140P7T30R)              0.02      11.24 f
  u_cp/u_kvqd/U2858/ZN (NOR2V8_140P7T30R)                 0.02      11.27 r
  u_cp/u_kvqd/U12114/ZN (NAND2V2_140P7T30R)               0.02      11.28 f
  u_cp/u_kvqd/U2290/Z (CLKXOR2V1P5_140P7T30R)             0.02      11.30 r
  u_cp/u_kvqd/U28088/ZN (NAND2XBV2_140P7T30R)             0.02      11.32 r
  u_cp/u_kvqd/U28095/ZN (AOI12V2_140P7T30R)               0.01      11.34 f
  u_cp/u_kvqd/U4/ZN (OAI22V1_140P7T30R)                   0.04      11.38 r
  u_cp/u_kvqd/U946/Z (OA12V2_140P7T30R)                   0.04      11.42 r
  u_cp/u_kvqd/U11192/ZN (NOR2V2_140P7T30R)                0.01      11.43 f
  u_cp/u_kvqd/U3/ZN (NAND4XXBBV2_140P7T30R)               0.04      11.47 f
  u_cp/u_kvqd/wr_data[1] (kv_quantdequant)                0.00      11.47 f
  u_cp/U40338/Z (AO1B2V2_140P7T30R)                       0.02      11.49 f
  u_cp/mem_wr_data[1] (command_processor_NINST4096_MAX_VEC128)     0.00    11.49 f
  hbm_wdata[1] (out)                                      0.00      11.49 f
  data arrival time                                                 11.49

  clock clk (rise edge)                                   1.00       1.00
  clock network delay (ideal)                             0.00       1.00
  output external delay                                   0.00       1.00
  data required time                                                 1.00
  --------------------------------------------------------------------------
  data required time                                                 1.00
  data arrival time                                                -11.49
  --------------------------------------------------------------------------
  slack (VIOLATED)                                                 -10.49


  Startpoint: u_cp/u_kvqd/s_bits_reg[5]
              (rising edge-triggered flip-flop clocked by clk)
  Endpoint: hbm_wdata[0]
            (output port clocked by clk)
  Path Group: clk
  Path Type: max

  Point                                                   Incr       Path
  --------------------------------------------------------------------------
  clock clk (rise edge)                                   0.00       0.00
  clock network delay (ideal)                             0.00       0.00
  u_cp/u_kvqd/s_bits_reg[5]/CK (DQV4_140P7T30R)           0.00 #     0.00 r
  u_cp/u_kvqd/s_bits_reg[5]/Q (DQV4_140P7T30R)            0.07       0.07 f
  u_cp/u_kvqd/U9397/ZN (INV2_140P7T30R)                   0.04       0.11 r
  u_cp/u_kvqd/U24551/ZN (INV4_140P7T30R)                  0.06       0.17 f
  u_cp/u_kvqd/U11300/ZN (OAI22V1_140P7T30R)               0.10       0.27 r
  u_cp/u_kvqd/U13843/ZN (XNOR2V2_140P7T30R)               0.03       0.30 f
  u_cp/u_kvqd/U1521/S (AD1V2_140P7T30R)                   0.08       0.38 r
  u_cp/u_kvqd/U9279/ZN (NAND2V2_140P7T30R)                0.02       0.40 f
  u_cp/u_kvqd/U13846/ZN (OAI12V2_140P7T30R)               0.03       0.43 r
  u_cp/u_kvqd/U13847/ZN (AOI12V2_140P7T30R)               0.02       0.45 f
  u_cp/u_kvqd/U9163/ZN (OAI12V2_140P7T30R)                0.03       0.49 r
  u_cp/u_kvqd/U2402/Z (AO12V4_140P7T30R)                  0.04       0.52 r
  u_cp/u_kvqd/U9046/ZN (AOI12V4_140P7T30R)                0.02       0.54 f
  u_cp/u_kvqd/U13859/Z (CLKXOR2V6_140P7T30R)              0.03       0.57 f
  u_cp/u_kvqd/U13860/ZN (INV4_140P7T30R)                  0.01       0.58 r
  u_cp/u_kvqd/U9005/Z (OR2V6_140P7T30R)                   0.03       0.61 r
  u_cp/u_kvqd/U8996/ZN (CLKNAND2V4_140P7T30R)             0.02       0.63 f
  u_cp/u_kvqd/U2270/ZN (INV6_140P7T30R)                   0.02       0.65 r
  u_cp/u_kvqd/U13931/ZN (MUX2NV2_140P7T30R)               0.03       0.68 r
  u_cp/u_kvqd/U8955/ZN (INV2_140P7T30R)                   0.01       0.69 f
  u_cp/u_kvqd/U1517/Z (CLKMUX2V2_140P7T30R)               0.03       0.72 f
  u_cp/u_kvqd/U13932/ZN (NOR2XBV2_140P7T30R)              0.02       0.74 r
  u_cp/u_kvqd/U653/ZN (NOR2XBV2_140P7T30R)                0.01       0.75 f
  u_cp/u_kvqd/U10061/Z (XOR2V2_140P7T30R)                 0.03       0.79 f
  u_cp/u_kvqd/U10040/ZN (NAND2V2_140P7T30R)               0.02       0.81 r
  u_cp/u_kvqd/U21351/ZN (OAI12V2_140P7T30R)               0.02       0.82 f
  u_cp/u_kvqd/U8780/Z (OR2V2_140P7T30R)                   0.04       0.87 f
  u_cp/u_kvqd/U21352/ZN (XNOR2V2_140P7T30R)               0.04       0.91 f
  u_cp/u_kvqd/U21400/ZN (OAI22V1_140P7T30R)               0.05       0.96 r
  u_cp/u_kvqd/U11247/S (AD1V2_140P7T30R)                  0.07       1.03 f
  u_cp/u_kvqd/U8635/S (AD1V2_140P7T30R)                   0.07       1.10 r
  u_cp/u_kvqd/U8554/S (AD1V2_140P7T30R)                   0.06       1.17 f
  u_cp/u_kvqd/U8483/ZN (NOR2V2_140P7T30R)                 0.03       1.20 r
  u_cp/u_kvqd/U8456/ZN (NOR2V2_140P7T30R)                 0.02       1.21 f
  u_cp/u_kvqd/U21493/ZN (AOI12V2_140P7T30R)               0.02       1.23 r
  u_cp/u_kvqd/U8405/ZN (OAI12V2_140P7T30R)                0.02       1.26 f
  u_cp/u_kvqd/U770/ZN (AOI12V6_140P7T30R)                 0.04       1.30 r
  u_cp/u_kvqd/U1501/ZN (OAI12V2_140P7T30R)                0.02       1.32 f
  u_cp/u_kvqd/U8361/ZN (XNOR2V2_140P7T30R)                0.03       1.35 f
  u_cp/u_kvqd/U669/Z (BUFV8_140P7T30R)                    0.03       1.38 f
  u_cp/u_kvqd/U21529/ZN (MUX2NV2_140P7T30R)               0.02       1.41 r
  u_cp/u_kvqd/U8341/ZN (INV2_140P7T30R)                   0.01       1.42 f
  u_cp/u_kvqd/U21530/ZN (NAND4V1P5_140P7T30R)             0.02       1.44 r
  u_cp/u_kvqd/U2257/ZN (OAI12V2_140P7T30R)                0.02       1.46 f
  u_cp/u_kvqd/U8333/ZN (INV4_140P7T30R)                   0.02       1.48 r
  u_cp/u_kvqd/U21537/ZN (CLKNAND2V4_140P7T30R)            0.02       1.49 f
  u_cp/u_kvqd/U804/ZN (INV4_140P7T30R)                    0.01       1.51 r
  u_cp/u_kvqd/U2763/ZN (CLKNAND2V6_140P7T30R)             0.04       1.54 f
  u_cp/u_kvqd/U21583/ZN (OAI12V2_140P7T30R)               0.09       1.64 r
  u_cp/u_kvqd/U21628/ZN (XNOR2V2_140P7T30R)               0.04       1.68 r
  u_cp/u_kvqd/U21629/ZN (OAI22V1_140P7T30R)               0.03       1.70 f
  u_cp/u_kvqd/U10622/CO (AD1V2_140P7T30R)                 0.06       1.76 f
  u_cp/u_kvqd/U8096/S (AD1V2_140P7T30R)                   0.07       1.83 r
  u_cp/u_kvqd/U8047/S (AD1V2_140P7T30R)                   0.06       1.89 f
  u_cp/u_kvqd/U7998/ZN (NOR2V2_140P7T30R)                 0.03       1.92 r
  u_cp/u_kvqd/U21678/ZN (OAI12V2_140P7T30R)               0.02       1.94 f
  u_cp/u_kvqd/U7915/ZN (AOI12V2_140P7T30R)                0.03       1.97 r
  u_cp/u_kvqd/U7912/ZN (OAI12V2_140P7T30R)                0.02       1.99 f
  u_cp/u_kvqd/U21807/ZN (AOI12V4_140P7T30R)               0.04       2.03 r
  u_cp/u_kvqd/U7903/ZN (OAI12V4_140P7T30R)                0.02       2.05 f
  u_cp/u_kvqd/U7898/ZN (XNOR2V4_140P7T30R)                0.06       2.11 f
  u_cp/u_kvqd/U21841/ZN (MUX2NV2_140P7T30R)               0.04       2.16 f
  u_cp/u_kvqd/U7884/ZN (NOR3V2_140P7T30R)                 0.04       2.20 r
  u_cp/u_kvqd/U2752/ZN (AOI13V2_140P7T30R)                0.04       2.24 f
  u_cp/u_kvqd/U10933/ZN (NAND2V2_140P7T30R)               0.03       2.27 r
  u_cp/u_kvqd/U811/ZN (CLKNAND2V6_140P7T30R)              0.02       2.29 f
  u_cp/u_kvqd/U7840/ZN (NOR2V4_140P7T30R)                 0.02       2.32 r
  u_cp/u_kvqd/U7823/ZN (NAND2V2_140P7T30R)                0.02       2.34 f
  u_cp/u_kvqd/U756/Z (AND2V6_140P7T30R)                   0.03       2.37 f
  u_cp/u_kvqd/U1470/ZN (INV10_140P7T30R)                  0.03       2.39 r
  u_cp/u_kvqd/U7788/ZN (AOI12V6_140P7T30R)                0.02       2.42 f
  u_cp/u_kvqd/U21909/ZN (NAND2V2_140P7T30R)               0.03       2.45 r
  u_cp/u_kvqd/U7764/ZN (INV2_140P7T30R)                   0.04       2.48 f
  u_cp/u_kvqd/U7748/ZN (AOI22V2_140P7T30R)                0.03       2.51 r
  u_cp/u_kvqd/U2747/ZN (OAI12V2_140P7T30R)                0.02       2.53 f
  u_cp/u_kvqd/U7722/ZN (NAND2XBV2_140P7T30R)              0.03       2.56 f
  u_cp/u_kvqd/U7718/ZN (MUX2NV2_140P7T30R)                0.02       2.58 r
  u_cp/u_kvqd/U7705/ZN (NAND2V2_140P7T30R)                0.02       2.60 f
  u_cp/u_kvqd/U2744/ZN (OAI12V2_140P7T30R)                0.02       2.62 r
  u_cp/u_kvqd/U7674/ZN (NAND2V2_140P7T30R)                0.02       2.64 f
  u_cp/u_kvqd/U691/ZN (NAND3V4_140P7T30R)                 0.02       2.65 r
  u_cp/u_kvqd/U692/ZN (NOR2V4_140P7T30R)                  0.01       2.66 f
  u_cp/u_kvqd/U22048/ZN (NAND2V2_140P7T30R)               0.01       2.67 r
  u_cp/u_kvqd/U22062/ZN (NOR2V2_140P7T30R)                0.01       2.68 f
  u_cp/u_kvqd/U22063/ZN (NAND2V2_140P7T30R)               0.01       2.69 r
  u_cp/u_kvqd/U7654/Z (OA12V4_140P7T30R)                  0.03       2.72 r
  u_cp/u_kvqd/U22070/ZN (INV4_140P7T30R)                  0.01       2.73 f
  u_cp/u_kvqd/U22071/ZN (INV4_140P7T30R)                  0.02       2.75 r
  u_cp/u_kvqd/U22075/ZN (NOR2V2_140P7T30R)                0.01       2.77 f
  u_cp/u_kvqd/U22076/Z (XOR2V2_140P7T30R)                 0.03       2.80 f
  u_cp/u_kvqd/U7549/ZN (NOR2V2_140P7T30R)                 0.03       2.83 r
  u_cp/u_kvqd/U22078/ZN (OAI12V2_140P7T30R)               0.02       2.85 f
  u_cp/u_kvqd/U22079/ZN (AOI12V2_140P7T30R)               0.03       2.88 r
  u_cp/u_kvqd/U22094/ZN (OAI12V2_140P7T30R)               0.02       2.90 f
  u_cp/u_kvqd/U7436/ZN (INV2_140P7T30R)                   0.04       2.94 r
  u_cp/u_kvqd/U22175/ZN (OAI12V2_140P7T30R)               0.02       2.96 f
  u_cp/u_kvqd/U22176/ZN (XNOR2V2_140P7T30R)               0.05       3.02 f
  u_cp/u_kvqd/U7407/Z (OR2V2_140P7T30R)                   0.04       3.06 f
  u_cp/u_kvqd/U7396/ZN (NOR2V2_140P7T30R)                 0.02       3.08 r
  u_cp/u_kvqd/U7389/ZN (NAND2V2_140P7T30R)                0.02       3.10 f
  u_cp/u_kvqd/U2740/ZN (NOR2V4_140P7T30R)                 0.02       3.12 r
  u_cp/u_kvqd/U792/ZN (CLKNAND2V4_140P7T30R)              0.01       3.14 f
  u_cp/u_kvqd/U7377/ZN (NOR2XBV2_140P7T30R)               0.03       3.16 r
  u_cp/u_kvqd/U7374/ZN (NAND2XBV2_140P7T30R)              0.03       3.20 r
  u_cp/u_kvqd/U22199/ZN (OAI12V2_140P7T30R)               0.02       3.21 f
  u_cp/u_kvqd/U9612/ZN (NAND2V2_140P7T30R)                0.01       3.22 r
  u_cp/u_kvqd/U7360/ZN (NAND2V2_140P7T30R)                0.01       3.24 f
  u_cp/u_kvqd/U22200/ZN (NAND2XBV4_140P7T30R)             0.02       3.26 r
  u_cp/u_kvqd/U2248/ZN (INV6_140P7T30R)                   0.02       3.28 f
  u_cp/u_kvqd/U7337/ZN (CLKNOR2V3_140P7T30R)              0.03       3.31 r
  u_cp/u_kvqd/U22688/ZN (OAI112V2_140P7T30R)              0.03       3.33 f
  u_cp/u_kvqd/U22689/ZN (OAI12V2_140P7T30R)               0.02       3.36 r
  u_cp/u_kvqd/U22690/ZN (AOI12V2_140P7T30R)               0.01       3.37 f
  u_cp/u_kvqd/U22691/ZN (OAI12V2_140P7T30R)               0.02       3.39 r
  u_cp/u_kvqd/U22692/ZN (AOI13V2_140P7T30R)               0.03       3.43 f
  u_cp/u_kvqd/U7193/Z (BUFV6_140P7T30R)                   0.04       3.46 f
  u_cp/u_kvqd/U22693/ZN (XNOR2V2_140P7T30R)               0.04       3.50 f
  u_cp/u_kvqd/U22694/ZN (OAI22V1_140P7T30R)               0.04       3.54 r
  u_cp/u_kvqd/U7066/CO (AD1V2_140P7T30R)                  0.05       3.60 r
  u_cp/u_kvqd/U7011/S (AD1V2_140P7T30R)                   0.07       3.67 f
  u_cp/u_kvqd/U22776/CO (AD1V4_140P7T30R)                 0.05       3.72 f
  u_cp/u_kvqd/U22818/CO (AD1V4_140P7T30R)                 0.04       3.75 f
  u_cp/u_kvqd/U1446/S (AD1V2_140P7T30R)                   0.07       3.82 r
  u_cp/u_kvqd/U6798/S (AD1V2_140P7T30R)                   0.06       3.89 f
  u_cp/u_kvqd/U6770/ZN (NAND2V2_140P7T30R)                0.02       3.90 r
  u_cp/u_kvqd/U22902/ZN (OAI12V2_140P7T30R)               0.02       3.92 f
  u_cp/u_kvqd/U769/ZN (AOI12V4_140P7T30R)                 0.03       3.95 r
  u_cp/u_kvqd/U22907/ZN (OAI12V2_140P7T30R)               0.02       3.97 f
  u_cp/u_kvqd/U6664/ZN (AOI12V6_140P7T30R)                0.05       4.02 r
  u_cp/u_kvqd/U751/ZN (OAI12V6_140P7T30R)                 0.02       4.03 f
  u_cp/u_kvqd/U22977/ZN (XNOR2V2_140P7T30R)               0.03       4.07 f
  u_cp/u_kvqd/U662/Z (BUFV8_140P7T30R)                    0.03       4.10 f
  u_cp/u_kvqd/U22981/ZN (MUX2NV2_140P7T30R)               0.02       4.12 r
  u_cp/u_kvqd/U6646/ZN (INV2_140P7T30R)                   0.01       4.13 f
  u_cp/u_kvqd/U6643/ZN (CLKNOR2V3_140P7T30R)              0.02       4.15 r
  u_cp/u_kvqd/U6640/ZN (OAI12V2_140P7T30R)                0.02       4.18 f
  u_cp/u_kvqd/U6637/ZN (NOR2V2_140P7T30R)                 0.02       4.20 r
  u_cp/u_kvqd/U6635/Z (AND2V4_140P7T30R)                  0.03       4.23 r
  u_cp/u_kvqd/U472/ZN (INV16_140P7T30R)                   0.02       4.25 f
  u_cp/u_kvqd/U23006/ZN (OAI22V1_140P7T30R)               0.10       4.35 r
  u_cp/u_kvqd/U23047/ZN (OAI22V1_140P7T30R)               0.04       4.39 f
  u_cp/u_kvqd/U6516/CO (AD1V2_140P7T30R)                  0.06       4.46 f
  u_cp/u_kvqd/U6463/S (AD1V2_140P7T30R)                   0.07       4.53 r
  u_cp/u_kvqd/U1419/S (AD1V2_140P7T30R)                   0.06       4.59 f
  u_cp/u_kvqd/U1415/ZN (NOR2V2_140P7T30R)                 0.03       4.62 r
  u_cp/u_kvqd/U23098/ZN (OAI12V2_140P7T30R)               0.02       4.63 f
  u_cp/u_kvqd/U23099/ZN (AOI12V2_140P7T30R)               0.03       4.67 r
  u_cp/u_kvqd/U23142/ZN (OAI12V2_140P7T30R)               0.02       4.69 f
  u_cp/u_kvqd/U23224/ZN (AOI12V4_140P7T30R)               0.04       4.73 r
  u_cp/u_kvqd/U775/ZN (OAI12V6_140P7T30R)                 0.02       4.75 f
  u_cp/u_kvqd/U6219/ZN (XNOR2V4_140P7T30R)                0.06       4.81 f
  u_cp/u_kvqd/U23253/ZN (MUX2NV2_140P7T30R)               0.05       4.86 f
  u_cp/u_kvqd/U6191/ZN (INV2_140P7T30R)                   0.03       4.89 r
  u_cp/u_kvqd/U23297/ZN (NAND4V1P5_140P7T30R)             0.03       4.92 f
  u_cp/u_kvqd/U6181/ZN (OAI13V4_140P7T30R)                0.05       4.97 r
  u_cp/u_kvqd/U23298/ZN (OAI12V2_140P7T30R)               0.04       5.01 f
  u_cp/u_kvqd/U12192/ZN (NOR2V6_140P7T30R)                0.03       5.04 r
  u_cp/u_kvqd/U23306/ZN (CLKNAND2V4_140P7T30R)            0.03       5.07 f
  u_cp/u_kvqd/U2688/ZN (CLKNOR2V3_140P7T30R)              0.02       5.08 r
  u_cp/u_kvqd/U23312/ZN (XNOR2V2_140P7T30R)               0.01       5.10 f
  u_cp/u_kvqd/U2687/Z (OA13V2_140P7T30R)                  0.05       5.14 f
  u_cp/u_kvqd/U23313/ZN (NOR3V4_140P7T30R)                0.02       5.17 r
  u_cp/u_kvqd/U6091/ZN (CLKNAND2V6_140P7T30R)             0.03       5.20 f
  u_cp/u_kvqd/U23316/ZN (NOR2XBV4_140P7T30R)              0.03       5.22 r
  u_cp/u_kvqd/U1402/ZN (NOR2V2_140P7T30R)                 0.01       5.24 f
  u_cp/u_kvqd/U1401/ZN (CLKNOR2V3_140P7T30R)              0.02       5.26 r
  u_cp/u_kvqd/U2211/ZN (NAND2V2_140P7T30R)                0.02       5.29 f
  u_cp/u_kvqd/U23506/ZN (OAI22V1_140P7T30R)               0.04       5.33 r
  u_cp/u_kvqd/U658/ZN (NAND3BBV2_140P7T30R)               0.03       5.35 r
  u_cp/u_kvqd/U23507/ZN (NOR2V2_140P7T30R)                0.01       5.36 f
  u_cp/u_kvqd/U11009/ZN (NAND2V2_140P7T30R)               0.01       5.37 r
  u_cp/u_kvqd/U23513/ZN (OAI12V2_140P7T30R)               0.01       5.38 f
  u_cp/u_kvqd/U2209/ZN (NAND2XBV6_140P7T30R)              0.04       5.42 f
  u_cp/u_kvqd/U2017/ZN (INV8_140P7T30R)                   0.02       5.45 r
  u_cp/u_kvqd/U23518/ZN (NOR2V2_140P7T30R)                0.01       5.46 f
  u_cp/u_kvqd/U23519/Z (XOR2V2_140P7T30R)                 0.03       5.49 f
  u_cp/u_kvqd/U2203/ZN (CLKNOR2V3_140P7T30R)              0.02       5.51 r
  u_cp/u_kvqd/U23525/ZN (OAI12V2_140P7T30R)               0.02       5.53 f
  u_cp/u_kvqd/U23526/ZN (AOI12V2_140P7T30R)               0.03       5.56 r
  u_cp/u_kvqd/U23545/ZN (OAI12V2_140P7T30R)               0.03       5.59 f
  u_cp/u_kvqd/U12197/ZN (AOI12V6_140P7T30R)               0.03       5.62 r
  u_cp/u_kvqd/U23617/ZN (OAI12V2_140P7T30R)               0.02       5.64 f
  u_cp/u_kvqd/U23618/ZN (XNOR2V2_140P7T30R)               0.05       5.69 f
  u_cp/u_kvqd/U1392/Z (OR2V2_140P7T30R)                   0.04       5.73 f
  u_cp/u_kvqd/U2360/ZN (CLKNOR2V3_140P7T30R)              0.02       5.75 r
  u_cp/u_kvqd/U23623/ZN (CLKNAND2V4_140P7T30R)            0.02       5.76 f
  u_cp/u_kvqd/U760/ZN (NOR2V6_140P7T30R)                  0.02       5.78 r
  u_cp/u_kvqd/U761/ZN (NAND2V8_140P7T30R)                 0.01       5.80 f
  u_cp/u_kvqd/U1390/ZN (NOR2V4_140P7T30R)                 0.02       5.82 r
  u_cp/u_kvqd/U713/ZN (NAND3V8_140P7T30R)                 0.01       5.83 f
  u_cp/u_kvqd/U2660/ZN (OAI112V2_140P7T30R)               0.02       5.85 r
  u_cp/u_kvqd/U23652/ZN (AOI12V2_140P7T30R)               0.01       5.87 f
  u_cp/u_kvqd/U23654/ZN (OAI112V2_140P7T30R)              0.03       5.90 r
  u_cp/u_kvqd/U684/ZN (NAND2XBV6_140P7T30R)               0.03       5.92 r
  u_cp/u_kvqd/U23657/ZN (NOR2V4_140P7T30R)                0.01       5.94 f
  u_cp/u_kvqd/U5742/ZN (NOR2V12_140P7T30R)                0.03       5.97 r
  u_cp/u_kvqd/U23697/ZN (CLKNAND2V4_140P7T30R)            0.03       6.00 f
  u_cp/u_kvqd/U23748/ZN (OAI22V1_140P7T30R)               0.04       6.03 r
  u_cp/u_kvqd/U1388/ZN (NOR2V2_140P7T30R)                 0.02       6.05 f
  u_cp/u_kvqd/U23830/ZN (MUX2NV2_140P7T30R)               0.02       6.07 r
  u_cp/u_kvqd/U1386/Z (OR2V2_140P7T30R)                   0.03       6.10 r
  u_cp/u_kvqd/U5634/ZN (OAI112V2_140P7T30R)               0.02       6.12 f
  u_cp/u_kvqd/U24157/ZN (AOI22V2_140P7T30R)               0.02       6.14 r
  u_cp/u_kvqd/U24158/ZN (AOI12V2_140P7T30R)               0.02       6.16 f
  u_cp/u_kvqd/U5594/Z (BUFV6_140P7T30R)                   0.03       6.20 f
  u_cp/u_kvqd/U24159/ZN (XNOR2V2_140P7T30R)               0.03       6.23 f
  u_cp/u_kvqd/U656/ZN (OAI22V1_140P7T30R)                 0.05       6.28 r
  u_cp/u_kvqd/U24219/S (AD1V4_140P7T30R)                  0.08       6.36 f
  u_cp/u_kvqd/U24220/CO (AD1V4_140P7T30R)                 0.04       6.40 f
  u_cp/u_kvqd/U12196/Z (MAJ23V4_140P7T30R)                0.03       6.43 f
  u_cp/u_kvqd/U24275/CO (AD1V4_140P7T30R)                 0.04       6.47 f
  u_cp/u_kvqd/U24286/S (AD1V4_140P7T30R)                  0.07       6.54 r
  u_cp/u_kvqd/U24300/S (AD1V4_140P7T30R)                  0.06       6.60 f
  u_cp/u_kvqd/U1365/ZN (CLKNOR2V3_140P7T30R)              0.02       6.62 r
  u_cp/u_kvqd/U24404/ZN (OAI12V2_140P7T30R)               0.02       6.64 f
  u_cp/u_kvqd/U12194/ZN (AOI12V4_140P7T30R)               0.03       6.66 r
  u_cp/u_kvqd/U24410/ZN (OAI12V2_140P7T30R)               0.02       6.69 f
  u_cp/u_kvqd/U2151/ZN (AOI12V6_140P7T30R)                0.04       6.73 r
  u_cp/u_kvqd/U24481/ZN (OAI12V4_140P7T30R)               0.02       6.75 f
  u_cp/u_kvqd/U24482/ZN (XNOR2V2_140P7T30R)               0.03       6.78 f
  u_cp/u_kvqd/U1990/Z (BUFV6_140P7T30R)                   0.03       6.81 f
  u_cp/u_kvqd/U24496/ZN (MUX2NV2_140P7T30R)               0.03       6.84 f
  u_cp/u_kvqd/U24497/ZN (NOR2V2_140P7T30R)                0.02       6.86 r
  u_cp/u_kvqd/U24498/ZN (NAND4V1P5_140P7T30R)             0.03       6.89 f
  u_cp/u_kvqd/U24500/ZN (AOI12V2_140P7T30R)               0.03       6.91 r
  u_cp/u_kvqd/U717/ZN (INV2M_140P7T30R)                   0.01       6.92 f
  u_cp/u_kvqd/U2606/ZN (NAND2V2_140P7T30R)                0.02       6.94 r
  u_cp/u_kvqd/U312/ZN (NOR2V2_140P7T30R)                  0.01       6.95 f
  u_cp/u_kvqd/U5090/ZN (INV2_140P7T30R)                   0.06       7.01 r
  u_cp/u_kvqd/U24645/ZN (OAI22V4_140P7T30R)               0.05       7.06 f
  u_cp/u_kvqd/U24646/ZN (XNOR2V2_140P7T30R)               0.04       7.10 f
  u_cp/u_kvqd/U24647/ZN (OAI22V1_140P7T30R)               0.05       7.15 r
  u_cp/u_kvqd/U24678/CO (AD1V4_140P7T30R)                 0.05       7.20 r
  u_cp/u_kvqd/U24686/S (AD1V4_140P7T30R)                  0.06       7.26 f
  u_cp/u_kvqd/U24692/S (AD1V4_140P7T30R)                  0.07       7.32 r
  u_cp/u_kvqd/U24766/ZN (CLKNAND2V4_140P7T30R)            0.01       7.34 f
  u_cp/u_kvqd/U24767/ZN (OAI12V2_140P7T30R)               0.03       7.37 r
  u_cp/u_kvqd/U24769/ZN (AOI12V2_140P7T30R)               0.03       7.39 f
  u_cp/u_kvqd/U24773/ZN (OAI12V2_140P7T30R)               0.03       7.42 r
  u_cp/u_kvqd/U729/ZN (AOI12V6_140P7T30R)                 0.02       7.44 f
  u_cp/u_kvqd/U655/ZN (OAI12V4_140P7T30R)                 0.02       7.46 r
  u_cp/u_kvqd/U654/ZN (XNOR2V4_140P7T30R)                 0.03       7.50 r
  u_cp/u_kvqd/U288/Z (BUFV12_140P7T30R)                   0.03       7.52 r
  u_cp/u_kvqd/U24858/ZN (MUX2NV2_140P7T30R)               0.03       7.55 r
  u_cp/u_kvqd/U4710/ZN (INV2_140P7T30R)                   0.01       7.56 f
  u_cp/u_kvqd/U12198/ZN (NAND4V4_140P7T30R)               0.02       7.58 r
  u_cp/u_kvqd/U24868/ZN (OAI12V4_140P7T30R)               0.02       7.60 f
  u_cp/u_kvqd/U4703/ZN (AOI12V6_140P7T30R)                0.04       7.65 r
  u_cp/u_kvqd/U286/ZN (NAND2V2_140P7T30R)                 0.03       7.68 f
  u_cp/u_kvqd/U24876/ZN (NOR2V4_140P7T30R)                0.03       7.71 r
  u_cp/u_kvqd/U4648/ZN (NAND2V2_140P7T30R)                0.02       7.73 f
  u_cp/u_kvqd/U24892/Z (XOR2V2_140P7T30R)                 0.04       7.76 f
  u_cp/u_kvqd/U281/ZN (AOI12V2_140P7T30R)                 0.05       7.82 r
  u_cp/u_kvqd/U4592/ZN (INV2_140P7T30R)                   0.05       7.86 f
  u_cp/u_kvqd/U25019/ZN (NAND3V2_140P7T30R)               0.03       7.89 r
  u_cp/u_kvqd/U272/ZN (NOR2XBV2_140P7T30R)                0.05       7.94 r
  u_cp/u_kvqd/U4512/Z (OR2V2_140P7T30R)                   0.03       7.97 r
  u_cp/u_kvqd/U25056/ZN (OAI22V1_140P7T30R)               0.02       7.99 f
  u_cp/u_kvqd/U11947/ZN (NOR2V2_140P7T30R)                0.02       8.01 r
  u_cp/u_kvqd/U4466/ZN (NAND2V2_140P7T30R)                0.01       8.02 f
  u_cp/u_kvqd/U4464/ZN (NOR2V2_140P7T30R)                 0.02       8.03 r
  u_cp/u_kvqd/U25061/ZN (NAND2V2_140P7T30R)               0.02       8.05 f
  u_cp/u_kvqd/U25070/ZN (OAI12V4_140P7T30R)               0.02       8.07 r
  u_cp/u_kvqd/U25073/ZN (NOR2V4_140P7T30R)                0.01       8.08 f
  u_cp/u_kvqd/U4463/ZN (INV8_140P7T30R)                   0.03       8.11 r
  u_cp/u_kvqd/U809/ZN (CLKNAND2V16_140P7T30R)             0.03       8.14 f
  u_cp/u_kvqd/U25107/Z (XOR2V2_140P7T30R)                 0.04       8.18 f
  u_cp/u_kvqd/U269/ZN (NAND2V2_140P7T30R)                 0.02       8.20 r
  u_cp/u_kvqd/U12189/ZN (OAI12V4_140P7T30R)               0.02       8.22 f
  u_cp/u_kvqd/U25121/ZN (AOI12V2_140P7T30R)               0.03       8.25 r
  u_cp/u_kvqd/U25145/ZN (OAI12V2_140P7T30R)               0.03       8.27 f
  u_cp/u_kvqd/U670/ZN (AOI12V8_140P7T30R)                 0.03       8.31 r
  u_cp/u_kvqd/U25187/ZN (OAI12V2_140P7T30R)               0.02       8.33 f
  u_cp/u_kvqd/U25188/ZN (XNOR2V2_140P7T30R)               0.04       8.37 f
  u_cp/u_kvqd/U25189/Z (OR2V4_140P7T30R)                  0.04       8.40 f
  u_cp/u_kvqd/U1711/ZN (CLKNOR2V3_140P7T30R)              0.02       8.43 r
  u_cp/u_kvqd/U25200/ZN (CLKNAND2V4_140P7T30R)            0.02       8.45 f
  u_cp/u_kvqd/U695/ZN (NOR2V6_140P7T30R)                  0.02       8.46 r
  u_cp/u_kvqd/U25212/ZN (NAND2XBV4_140P7T30R)             0.02       8.48 f
  u_cp/u_kvqd/U704/ZN (NOR2V8_140P7T30R)                  0.02       8.50 r
  u_cp/u_kvqd/U25220/ZN (CLKNAND2V4_140P7T30R)            0.01       8.51 f
  u_cp/u_kvqd/U10852/ZN (OAI12V2_140P7T30R)               0.02       8.53 r
  u_cp/u_kvqd/U4260/ZN (NAND2XBV2_140P7T30R)              0.01       8.55 f
  u_cp/u_kvqd/U2543/ZN (AOI12V2_140P7T30R)                0.02       8.56 r
  u_cp/u_kvqd/U25222/ZN (OAI12V2_140P7T30R)               0.01       8.58 f
  u_cp/u_kvqd/U25223/ZN (AOI12V2_140P7T30R)               0.02       8.60 r
  u_cp/u_kvqd/U25224/ZN (OAI12V2_140P7T30R)               0.04       8.64 f
  u_cp/u_kvqd/U12204/ZN (INV4_140P7T30R)                  0.03       8.67 r
  u_cp/u_kvqd/U25275/ZN (CLKNAND2V4_140P7T30R)            0.03       8.70 f
  u_cp/u_kvqd/U4209/ZN (INV2_140P7T30R)                   0.04       8.74 r
  u_cp/u_kvqd/U25315/ZN (AOI22V2_140P7T30R)               0.02       8.76 f
  u_cp/u_kvqd/U10144/ZN (NAND2V2_140P7T30R)               0.02       8.78 r
  u_cp/u_kvqd/U25368/ZN (MUX2NV2_140P7T30R)               0.02       8.80 f
  u_cp/u_kvqd/U4166/ZN (NAND2V2_140P7T30R)                0.02       8.82 r
  u_cp/u_kvqd/U25461/ZN (OAI112V2_140P7T30R)              0.03       8.85 f
  u_cp/u_kvqd/U25462/ZN (AOI22V2_140P7T30R)               0.04       8.89 r
  u_cp/u_kvqd/U2533/ZN (OAI12V6_140P7T30R)                0.04       8.93 f
  u_cp/u_kvqd/U25463/ZN (XNOR2V2_140P7T30R)               0.04       8.97 f
  u_cp/u_kvqd/U25507/ZN (OAI22V1_140P7T30R)               0.04       9.01 r
  u_cp/u_kvqd/U1700/CO (AD1V2_140P7T30R)                  0.05       9.06 r
  u_cp/u_kvqd/U1317/S (AD1V2_140P7T30R)                   0.07       9.13 f
  u_cp/u_kvqd/U25840/S (AD1V4_140P7T30R)                  0.07       9.20 r
  u_cp/u_kvqd/U25863/S (AD1V4_140P7T30R)                  0.06       9.26 f
  u_cp/u_kvqd/U25864/S (AD1V4_140P7T30R)                  0.07       9.33 r
  u_cp/u_kvqd/U907/ZN (NAND2V2_140P7T30R)                 0.02       9.35 f
  u_cp/u_kvqd/U25935/ZN (OAI12V2_140P7T30R)               0.04       9.38 r
  u_cp/u_kvqd/U12193/ZN (AOI12V4_140P7T30R)               0.02       9.41 f
  u_cp/u_kvqd/U767/ZN (OAI12V4_140P7T30R)                 0.02       9.42 r
  u_cp/u_kvqd/U768/ZN (AOI12V4_140P7T30R)                 0.01       9.44 f
  u_cp/u_kvqd/U26040/ZN (OAI12V2_140P7T30R)               0.02       9.46 r
  u_cp/u_kvqd/U26041/ZN (XNOR2V2_140P7T30R)               0.03       9.49 r
  u_cp/u_kvqd/U726/Z (BUFV8_140P7T30R)                    0.03       9.52 r
  u_cp/u_kvqd/U26050/ZN (MUX2NV2_140P7T30R)               0.03       9.55 r
  u_cp/u_kvqd/U26063/ZN (INV2M_140P7T30R)                 0.01       9.56 f
  u_cp/u_kvqd/U26064/ZN (NAND4V1P5_140P7T30R)             0.02       9.57 r
  u_cp/u_kvqd/U12200/ZN (NOR2V2_140P7T30R)                0.01       9.58 f
  u_cp/u_kvqd/U12201/ZN (NOR2XBV2_140P7T30R)              0.02       9.60 r
  u_cp/u_kvqd/U26771/ZN (NAND2V2_140P7T30R)               0.02       9.62 f
  u_cp/u_kvqd/U786/ZN (INV4_140P7T30R)                    0.01       9.64 r
  u_cp/u_kvqd/U26772/ZN (CLKNAND2V6_140P7T30R)            0.04       9.68 f
  u_cp/u_kvqd/U26953/ZN (OAI22V1_140P7T30R)               0.09       9.77 r
  u_cp/u_kvqd/U27419/ZN (XNOR2V2_140P7T30R)               0.04       9.81 r
  u_cp/u_kvqd/U27420/ZN (OAI22V1_140P7T30R)               0.03       9.84 f
  u_cp/u_kvqd/U3621/S (AD1V2_140P7T30R)                   0.09       9.93 r
  u_cp/u_kvqd/U1290/S (AD1V2_140P7T30R)                   0.06       9.99 f
  u_cp/u_kvqd/U1286/ZN (NAND2V2_140P7T30R)                0.02      10.01 r
  u_cp/u_kvqd/U3549/ZN (INV2_140P7T30R)                   0.01      10.02 f
  u_cp/u_kvqd/U27461/ZN (AOI12V2_140P7T30R)               0.02      10.04 r
  u_cp/u_kvqd/U27462/ZN (OAI12V2_140P7T30R)               0.02      10.06 f
  u_cp/u_kvqd/U27464/ZN (AOI12V2_140P7T30R)               0.03      10.09 r
  u_cp/u_kvqd/U27513/ZN (OAI12V2_140P7T30R)               0.03      10.12 f
  u_cp/u_kvqd/U12195/ZN (AOI12V6_140P7T30R)               0.04      10.15 r
  u_cp/u_kvqd/U749/ZN (OAI12V6_140P7T30R)                 0.01      10.17 f
  u_cp/u_kvqd/U27657/ZN (XNOR2V2_140P7T30R)               0.03      10.20 f
  u_cp/u_kvqd/U27658/Z (BUFV8_140P7T30R)                  0.03      10.23 f
  u_cp/u_kvqd/U57/Z (MUX2V2_140P7T30R)                    0.04      10.27 r
  u_cp/u_kvqd/U3363/ZN (INV2_140P7T30R)                   0.01      10.28 f
  u_cp/u_kvqd/U27699/ZN (NAND4V1P5_140P7T30R)             0.01      10.30 r
  u_cp/u_kvqd/U27701/ZN (OAI21BV2_140P7T30R)              0.02      10.31 f
  u_cp/u_kvqd/U27702/ZN (NOR3V2_140P7T30R)                0.05      10.36 r
  u_cp/u_kvqd/U27703/ZN (NAND2V2_140P7T30R)               0.02      10.38 f
  u_cp/u_kvqd/U27704/Z (BUFV4_140P7T30R)                  0.04      10.42 f
  u_cp/u_kvqd/U27731/ZN (OAI22V1_140P7T30R)               0.06      10.48 r
  u_cp/u_kvqd/U3328/ZN (INV2_140P7T30R)                   0.03      10.51 f
  u_cp/u_kvqd/U27807/ZN (AOI22V2_140P7T30R)               0.04      10.55 r
  u_cp/u_kvqd/U27882/ZN (NAND3V2_140P7T30R)               0.03      10.58 f
  u_cp/u_kvqd/U27918/ZN (AOI22V2_140P7T30R)               0.03      10.61 r
  u_cp/u_kvqd/U27919/ZN (OAI12V2_140P7T30R)               0.02      10.63 f
  u_cp/u_kvqd/U27920/ZN (AOI12V2_140P7T30R)               0.03      10.66 r
  u_cp/u_kvqd/U27921/ZN (NAND3V2_140P7T30R)               0.02      10.68 f
  u_cp/u_kvqd/U27922/ZN (OAI22V1_140P7T30R)               0.04      10.73 r
  u_cp/u_kvqd/U9421/ZN (NAND2V2_140P7T30R)                0.02      10.74 f
  u_cp/u_kvqd/U2439/ZN (NOR2V2_140P7T30R)                 0.02      10.77 r
  u_cp/u_kvqd/U3095/ZN (INV2_140P7T30R)                   0.02      10.78 f
  u_cp/u_kvqd/U1119/ZN (NOR2V2_140P7T30R)                 0.02      10.80 r
  u_cp/u_kvqd/U28069/ZN (XNOR2V2_140P7T30R)               0.01      10.82 f
  u_cp/u_kvqd/U28071/Z (AO1B2V2_140P7T30R)                0.03      10.85 f
  u_cp/u_kvqd/U1273/ZN (NOR2V2_140P7T30R)                 0.02      10.88 r
  u_cp/u_kvqd/U28074/ZN (CLKNAND2V4_140P7T30R)            0.02      10.89 f
  u_cp/u_kvqd/U668/ZN (NOR2V4_140P7T30R)                  0.01      10.91 r
  u_cp/u_kvqd/U28340/CO (ADH1V4_140P7T30R)                0.03      10.94 r
  u_cp/u_kvqd/U28337/CO (ADH1V4_140P7T30R)                0.03      10.97 r
  u_cp/u_kvqd/U28334/CO (ADH1V4_140P7T30R)                0.03      11.00 r
  u_cp/u_kvqd/U28331/CO (ADH1V4_140P7T30R)                0.03      11.03 r
  u_cp/u_kvqd/U28084/ZN (CLKNAND2V4_140P7T30R)            0.02      11.05 f
  u_cp/u_kvqd/U772/ZN (NOR2V6_140P7T30R)                  0.02      11.07 r
  u_cp/u_kvqd/U773/ZN (CLKNAND2V6_140P7T30R)              0.01      11.08 f
  u_cp/u_kvqd/U953/ZN (NOR2V4_140P7T30R)                  0.02      11.10 r
  u_cp/u_kvqd/U28085/ZN (CLKNAND2V4_140P7T30R)            0.02      11.12 f
  u_cp/u_kvqd/U671/ZN (NOR2V6_140P7T30R)                  0.02      11.14 r
  u_cp/u_kvqd/U12191/Z (AND2V6_140P7T30R)                 0.03      11.16 r
  u_cp/u_kvqd/U705/ZN (NAND2V8_140P7T30R)                 0.01      11.17 f
  u_cp/u_kvqd/U706/ZN (NOR2V8_140P7T30R)                  0.02      11.19 r
  u_cp/u_kvqd/U28086/ZN (CLKNAND2V4_140P7T30R)            0.02      11.21 f
  u_cp/u_kvqd/U1114/ZN (NOR2V4_140P7T30R)                 0.02      11.23 r
  u_cp/u_kvqd/U696/ZN (CLKNAND2V6_140P7T30R)              0.02      11.24 f
  u_cp/u_kvqd/U2858/ZN (NOR2V8_140P7T30R)                 0.02      11.27 r
  u_cp/u_kvqd/U7/ZN (NAND2V2_140P7T30R)                   0.02      11.28 f
  u_cp/u_kvqd/U28306/Z (XOR2V2_140P7T30R)                 0.03      11.32 f
  u_cp/u_kvqd/U758/Z (AO1B2V4_140P7T30R)                  0.03      11.35 f
  u_cp/u_kvqd/U759/ZN (INV4_140P7T30R)                    0.01      11.36 r
  u_cp/u_kvqd/U28389/ZN (NAND4V1P5_140P7T30R)             0.02      11.38 f
  u_cp/u_kvqd/U13530/ZN (NOR2V2_140P7T30R)                0.03      11.40 r
  u_cp/u_kvqd/U28390/ZN (OAI12V4_140P7T30R)               0.02      11.43 f
  u_cp/u_kvqd/U785/ZN (OAI13V4_140P7T30R)                 0.03      11.45 r
  u_cp/u_kvqd/U28398/ZN (NAND2V2_140P7T30R)               0.01      11.47 f
  u_cp/u_kvqd/wr_data[0] (kv_quantdequant)                0.00      11.47 f
  u_cp/U475/Z (AO1B2V2_140P7T30R)                         0.02      11.49 f
  u_cp/mem_wr_data[0] (command_processor_NINST4096_MAX_VEC128)     0.00    11.49 f
  hbm_wdata[0] (out)                                      0.00      11.49 f
  data arrival time                                                 11.49

  clock clk (rise edge)                                   1.00       1.00
  clock network delay (ideal)                             0.00       1.00
  output external delay                                   0.00       1.00
  data required time                                                 1.00
  --------------------------------------------------------------------------
  data required time                                                 1.00
  data arrival time                                                -11.49
  --------------------------------------------------------------------------
  slack (VIOLATED)                                                 -10.49


  Startpoint: u_cp/u_kvqd/s_bits_reg[5]
              (rising edge-triggered flip-flop clocked by clk)
  Endpoint: hbm_wdata[4]
            (output port clocked by clk)
  Path Group: clk
  Path Type: max

  Point                                                   Incr       Path
  --------------------------------------------------------------------------
  clock clk (rise edge)                                   0.00       0.00
  clock network delay (ideal)                             0.00       0.00
  u_cp/u_kvqd/s_bits_reg[5]/CK (DQV4_140P7T30R)           0.00 #     0.00 r
  u_cp/u_kvqd/s_bits_reg[5]/Q (DQV4_140P7T30R)            0.07       0.07 f
  u_cp/u_kvqd/U9397/ZN (INV2_140P7T30R)                   0.04       0.11 r
  u_cp/u_kvqd/U24551/ZN (INV4_140P7T30R)                  0.06       0.17 f
  u_cp/u_kvqd/U11300/ZN (OAI22V1_140P7T30R)               0.10       0.27 r
  u_cp/u_kvqd/U13843/ZN (XNOR2V2_140P7T30R)               0.03       0.30 f
  u_cp/u_kvqd/U1521/S (AD1V2_140P7T30R)                   0.08       0.38 r
  u_cp/u_kvqd/U9279/ZN (NAND2V2_140P7T30R)                0.02       0.40 f
  u_cp/u_kvqd/U13846/ZN (OAI12V2_140P7T30R)               0.03       0.43 r
  u_cp/u_kvqd/U13847/ZN (AOI12V2_140P7T30R)               0.02       0.45 f
  u_cp/u_kvqd/U9163/ZN (OAI12V2_140P7T30R)                0.03       0.49 r
  u_cp/u_kvqd/U2402/Z (AO12V4_140P7T30R)                  0.04       0.52 r
  u_cp/u_kvqd/U9046/ZN (AOI12V4_140P7T30R)                0.02       0.54 f
  u_cp/u_kvqd/U13859/Z (CLKXOR2V6_140P7T30R)              0.03       0.57 f
  u_cp/u_kvqd/U619/ZN (NOR2V2_140P7T30R)                  0.03       0.60 r
  u_cp/u_kvqd/U2798/ZN (INV4_140P7T30R)                   0.02       0.62 f
  u_cp/u_kvqd/U13877/ZN (NOR2V2_140P7T30R)                0.02       0.64 r
  u_cp/u_kvqd/U8989/ZN (NOR2V2_140P7T30R)                 0.01       0.65 f
  u_cp/u_kvqd/U13878/ZN (INV2_140P7T30R)                  0.01       0.66 r
  u_cp/u_kvqd/U13881/ZN (MUX2NV2_140P7T30R)               0.02       0.68 f
  u_cp/u_kvqd/U12567/ZN (AOI21BV2_140P7T30R)              0.04       0.72 r
  u_cp/u_kvqd/U10567/Z (XOR2V2_140P7T30R)                 0.04       0.76 r
  u_cp/u_kvqd/U10566/ZN (INV2_140P7T30R)                  0.01       0.77 f
  u_cp/u_kvqd/U13886/ZN (NAND2V2_140P7T30R)               0.01       0.79 r
  u_cp/u_kvqd/U12650/ZN (NAND2V2_140P7T30R)               0.01       0.80 f
  u_cp/u_kvqd/U12377/Z (OR2V2_140P7T30R)                  0.03       0.82 f
  u_cp/u_kvqd/U13889/ZN (NOR2V2_140P7T30R)                0.06       0.88 r
  u_cp/u_kvqd/U14058/ZN (XNOR2V2_140P7T30R)               0.04       0.92 r
  u_cp/u_kvqd/U14083/ZN (OAI22V1_140P7T30R)               0.03       0.95 f
  u_cp/u_kvqd/U1513/CO (AD1V2_140P7T30R)                  0.07       1.02 f
  u_cp/u_kvqd/U1870/S (AD1V2_140P7T30R)                   0.07       1.09 r
  u_cp/u_kvqd/U2264/S (AD1V2_140P7T30R)                   0.06       1.16 f
  u_cp/u_kvqd/U8632/ZN (CLKNOR2V3_140P7T30R)              0.02       1.18 r
  u_cp/u_kvqd/U14085/ZN (OAI12V2_140P7T30R)               0.02       1.20 f
  u_cp/u_kvqd/U14087/ZN (AOI12V2_140P7T30R)               0.03       1.23 r
  u_cp/u_kvqd/U14091/ZN (OAI12V2_140P7T30R)               0.02       1.26 f
  u_cp/u_kvqd/U14092/ZN (AOI12V6_140P7T30R)               0.04       1.30 r
  u_cp/u_kvqd/U8369/ZN (OAI12V4_140P7T30R)                0.02       1.31 f
  u_cp/u_kvqd/U14127/ZN (XNOR2V2_140P7T30R)               0.03       1.35 f
  u_cp/u_kvqd/U985/Z (BUFV6_140P7T30R)                    0.03       1.37 f
  u_cp/u_kvqd/U14139/ZN (MUX2NV2_140P7T30R)               0.03       1.40 f
  u_cp/u_kvqd/U14140/ZN (NAND4V1P5_140P7T30R)             0.03       1.43 r
  u_cp/u_kvqd/U14142/ZN (OAI112V6_140P7T30R)              0.04       1.47 f
  u_cp/u_kvqd/U744/ZN (NOR2V12_140P7T30R)                 0.03       1.50 r
  u_cp/u_kvqd/U1260/ZN (NAND2V12_140P7T30R)               0.03       1.53 f
  u_cp/u_kvqd/U14278/ZN (OAI22V4_140P7T30R)               0.06       1.59 r
  u_cp/u_kvqd/U14294/ZN (XNOR2V2_140P7T30R)               0.04       1.63 r
  u_cp/u_kvqd/U14303/ZN (OAI22V1_140P7T30R)               0.02       1.65 f
  u_cp/u_kvqd/U11381/CO (AD1V2_140P7T30R)                 0.05       1.70 f
  u_cp/u_kvqd/U1494/S (AD1V2_140P7T30R)                   0.07       1.78 r
  u_cp/u_kvqd/U1484/S (AD1V2_140P7T30R)                   0.06       1.84 f
  u_cp/u_kvqd/U1475/ZN (NOR2V2_140P7T30R)                 0.03       1.87 r
  u_cp/u_kvqd/U14374/ZN (OAI12V2_140P7T30R)               0.02       1.89 f
  u_cp/u_kvqd/U14376/ZN (AOI12V2_140P7T30R)               0.03       1.92 r
  u_cp/u_kvqd/U14380/ZN (OAI12V2_140P7T30R)               0.03       1.95 f
  u_cp/u_kvqd/U788/ZN (AOI12V8_140P7T30R)                 0.04       1.99 r
  u_cp/u_kvqd/U14409/ZN (OAI12V4_140P7T30R)               0.02       2.00 f
  u_cp/u_kvqd/U677/ZN (XNOR2V4_140P7T30R)                 0.03       2.03 f
  u_cp/u_kvqd/U2253/Z (BUFV8_140P7T30R)                   0.03       2.06 f
  u_cp/u_kvqd/U14437/ZN (MUX2NV2_140P7T30R)               0.03       2.09 f
  u_cp/u_kvqd/U14438/ZN (NAND4V1P5_140P7T30R)             0.03       2.12 r
  u_cp/u_kvqd/U14454/ZN (OAI12V4_140P7T30R)               0.02       2.14 f
  u_cp/u_kvqd/U12170/ZN (NOR2V8_140P7T30R)                0.03       2.17 r
  u_cp/u_kvqd/U14463/ZN (CLKNAND2V4_140P7T30R)            0.02       2.19 f
  u_cp/u_kvqd/U14466/ZN (NOR2V4_140P7T30R)                0.02       2.21 r
  u_cp/u_kvqd/U7874/ZN (INV2_140P7T30R)                   0.01       2.23 f
  u_cp/u_kvqd/U812/ZN (CLKNAND2V4_140P7T30R)              0.01       2.24 r
  u_cp/u_kvqd/U7859/ZN (INV6_140P7T30R)                   0.02       2.26 f
  u_cp/u_kvqd/U14483/ZN (INV8_140P7T30R)                  0.03       2.29 r
  u_cp/u_kvqd/U14534/Z (AO12V4_140P7T30R)                 0.05       2.34 r
  u_cp/u_kvqd/U14535/ZN (INV4_140P7T30R)                  0.03       2.37 f
  u_cp/u_kvqd/U14629/ZN (NOR2V4_140P7T30R)                0.03       2.40 r
  u_cp/u_kvqd/U12880/ZN (NAND2V2_140P7T30R)               0.01       2.41 f
  u_cp/u_kvqd/U14645/ZN (AOI22V2_140P7T30R)               0.02       2.43 r
  u_cp/u_kvqd/U9851/ZN (NAND2XBV2_140P7T30R)              0.02       2.45 r
  u_cp/u_kvqd/U2250/Z (OA22V2_140P7T30R)                  0.03       2.49 r
  u_cp/u_kvqd/U14647/ZN (INV2_140P7T30R)                  0.01       2.50 f
  u_cp/u_kvqd/U10899/ZN (NOR2V2_140P7T30R)                0.01       2.51 r
  u_cp/u_kvqd/U14677/ZN (NAND2V2_140P7T30R)               0.01       2.52 f
  u_cp/u_kvqd/U14690/ZN (NOR2V2_140P7T30R)                0.01       2.54 r
  u_cp/u_kvqd/U14691/ZN (NAND2V2_140P7T30R)               0.02       2.55 f
  u_cp/u_kvqd/U984/Z (OA12V6_140P7T30R)                   0.04       2.59 f
  u_cp/u_kvqd/U1468/ZN (INV12_140P7T30R)                  0.02       2.61 r
  u_cp/u_kvqd/U12616/Z (AND2V2_140P7T30R)                 0.03       2.64 r
  u_cp/u_kvqd/U14718/Z (XOR2V2_140P7T30R)                 0.02       2.66 f
  u_cp/u_kvqd/U1250/ZN (NAND2V2_140P7T30R)                0.03       2.69 r
  u_cp/u_kvqd/U14725/ZN (OAI12V2_140P7T30R)               0.02       2.71 f
  u_cp/u_kvqd/U14726/ZN (AOI12V2_140P7T30R)               0.03       2.73 r
  u_cp/u_kvqd/U14727/ZN (OAI12V2_140P7T30R)               0.03       2.77 f
  u_cp/u_kvqd/U14758/ZN (AOI12V6_140P7T30R)               0.03       2.80 r
  u_cp/u_kvqd/U14804/ZN (OAI12V2_140P7T30R)               0.02       2.82 f
  u_cp/u_kvqd/U14805/ZN (XNOR2V4_140P7T30R)               0.04       2.86 f
  u_cp/u_kvqd/U14808/Z (OR2V4_140P7T30R)                  0.03       2.89 f
  u_cp/u_kvqd/U1459/ZN (CLKNOR2V3_140P7T30R)              0.02       2.92 r
  u_cp/u_kvqd/U639/ZN (CLKNAND2V6_140P7T30R)              0.02       2.94 f
  u_cp/u_kvqd/U638/ZN (NOR2V6_140P7T30R)                  0.02       2.95 r
  u_cp/u_kvqd/U14822/ZN (CLKNAND2V4_140P7T30R)            0.02       2.97 f
  u_cp/u_kvqd/U665/ZN (NOR2V6_140P7T30R)                  0.02       2.99 r
  u_cp/u_kvqd/U14829/ZN (AOI12V2_140P7T30R)               0.01       3.00 f
  u_cp/u_kvqd/U14830/ZN (OAI12V2_140P7T30R)               0.02       3.02 r
  u_cp/u_kvqd/U7382/ZN (NAND2V2_140P7T30R)                0.01       3.03 f
  u_cp/u_kvqd/U7378/ZN (NAND2V2_140P7T30R)                0.01       3.05 r
  u_cp/u_kvqd/U681/ZN (AOI12V4_140P7T30R)                 0.01       3.06 f
  u_cp/u_kvqd/U14831/ZN (OAI12V4_140P7T30R)               0.02       3.08 r
  u_cp/u_kvqd/U14837/Z (OR2V4_140P7T30R)                  0.03       3.11 r
  u_cp/u_kvqd/U1175/ZN (INV4_140P7T30R)                   0.01       3.12 f
  u_cp/u_kvqd/U14872/ZN (CLKNAND2V4_140P7T30R)            0.02       3.15 r
  u_cp/u_kvqd/U7351/ZN (INV2_140P7T30R)                   0.02       3.17 f
  u_cp/u_kvqd/U14896/ZN (AOI22V2_140P7T30R)               0.03       3.19 r
  u_cp/u_kvqd/U1174/ZN (NAND3V2_140P7T30R)                0.03       3.22 f
  u_cp/u_kvqd/U7309/ZN (INV2_140P7T30R)                   0.02       3.24 r
  u_cp/u_kvqd/U15089/ZN (MUX2NV2_140P7T30R)               0.02       3.26 f
  u_cp/u_kvqd/U15090/ZN (MUX2NV2_140P7T30R)               0.03       3.29 r
  u_cp/u_kvqd/U15091/Z (OA1B2V2_140P7T30R)                0.01       3.30 f
  u_cp/u_kvqd/U7238/ZN (OAI12V4_140P7T30R)                0.06       3.36 r
  u_cp/u_kvqd/U15280/ZN (XNOR2V2_140P7T30R)               0.04       3.40 r
  u_cp/u_kvqd/U15347/ZN (OAI22V1_140P7T30R)               0.03       3.43 f
  u_cp/u_kvqd/U15359/CO (AD1V4_140P7T30R)                 0.07       3.50 f
  u_cp/u_kvqd/U15360/CO (AD1V4_140P7T30R)                 0.05       3.55 f
  u_cp/u_kvqd/U15416/CO (AD1V4_140P7T30R)                 0.04       3.59 f
  u_cp/u_kvqd/U15417/CO (AD1V4_140P7T30R)                 0.04       3.63 f
  u_cp/u_kvqd/U15462/S (AD1V4_140P7T30R)                  0.07       3.69 r
  u_cp/u_kvqd/U1227/S (AD1V2_140P7T30R)                   0.06       3.75 f
  u_cp/u_kvqd/U1425/ZN (CLKNOR2V3_140P7T30R)              0.02       3.78 r
  u_cp/u_kvqd/U15549/ZN (OAI12V2_140P7T30R)               0.02       3.80 f
  u_cp/u_kvqd/U15551/ZN (AOI12V2_140P7T30R)               0.04       3.83 r
  u_cp/u_kvqd/U710/ZN (OAI12V4_140P7T30R)                 0.02       3.86 f
  u_cp/u_kvqd/U15555/ZN (AOI12V8_140P7T30R)               0.04       3.90 r
  u_cp/u_kvqd/U2221/ZN (OAI12V4_140P7T30R)                0.02       3.91 f
  u_cp/u_kvqd/U1590/ZN (XNOR2V2_140P7T30R)                0.03       3.94 f
  u_cp/u_kvqd/U2715/Z (BUFV8_140P7T30R)                   0.03       3.97 f
  u_cp/u_kvqd/U15653/ZN (MUX2NV2_140P7T30R)               0.03       4.00 f
  u_cp/u_kvqd/U15654/ZN (NAND4V1P5_140P7T30R)             0.03       4.03 r
  u_cp/u_kvqd/U15657/ZN (OAI112V6_140P7T30R)              0.03       4.06 f
  u_cp/u_kvqd/U652/ZN (NOR2V4_140P7T30R)                  0.03       4.09 r
  u_cp/u_kvqd/U15664/ZN (NAND2XBV4_140P7T30R)             0.02       4.11 f
  u_cp/u_kvqd/U686/ZN (INV6_140P7T30R)                    0.01       4.12 r
  u_cp/u_kvqd/U2031/ZN (NAND2V12_140P7T30R)               0.03       4.15 f
  u_cp/u_kvqd/U15807/ZN (OAI12V2_140P7T30R)               0.08       4.23 r
  u_cp/u_kvqd/U15826/ZN (XNOR2V2_140P7T30R)               0.04       4.27 r
  u_cp/u_kvqd/U15835/ZN (OAI22V1_140P7T30R)               0.02       4.29 f
  u_cp/u_kvqd/U866/CO (AD1V2_140P7T30R)                   0.05       4.35 f
  u_cp/u_kvqd/U1219/S (AD1V2_140P7T30R)                   0.07       4.42 r
  u_cp/u_kvqd/U2024/S (AD1V2_140P7T30R)                   0.06       4.48 f
  u_cp/u_kvqd/U6392/ZN (CLKNOR2V3_140P7T30R)              0.02       4.50 r
  u_cp/u_kvqd/U15909/ZN (OAI12V2_140P7T30R)               0.02       4.52 f
  u_cp/u_kvqd/U15911/ZN (AOI12V2_140P7T30R)               0.03       4.56 r
  u_cp/u_kvqd/U15915/ZN (OAI12V2_140P7T30R)               0.03       4.58 f
  u_cp/u_kvqd/U800/ZN (AOI12V8_140P7T30R)                 0.03       4.62 r
  u_cp/u_kvqd/U15944/ZN (OAI12V4_140P7T30R)               0.02       4.63 f
  u_cp/u_kvqd/U15945/ZN (XNOR2V2_140P7T30R)               0.03       4.67 f
  u_cp/u_kvqd/U2365/Z (BUFV8_140P7T30R)                   0.03       4.69 f
  u_cp/u_kvqd/U15971/ZN (MUX2NV2_140P7T30R)               0.03       4.72 f
  u_cp/u_kvqd/U15972/ZN (NOR4V2_140P7T30R)                0.05       4.77 r
  u_cp/u_kvqd/U15993/ZN (AOI13V4_140P7T30R)               0.03       4.80 f
  u_cp/u_kvqd/U15994/ZN (CLKNAND2V4_140P7T30R)            0.02       4.82 r
  u_cp/u_kvqd/U1584/ZN (CLKNAND2V6_140P7T30R)             0.02       4.84 f
  u_cp/u_kvqd/U16002/ZN (NOR2V4_140P7T30R)                0.04       4.88 r
  u_cp/u_kvqd/U6149/ZN (INV2_140P7T30R)                   0.04       4.92 f
  u_cp/u_kvqd/U16048/Z (XOR2V2_140P7T30R)                 0.04       4.96 f
  u_cp/u_kvqd/U16049/Z (AO12V4_140P7T30R)                 0.04       5.00 f
  u_cp/u_kvqd/U1854/ZN (INV4_140P7T30R)                   0.04       5.03 r
  u_cp/u_kvqd/U10359/ZN (NAND2V2_140P7T30R)               0.02       5.06 f
  u_cp/u_kvqd/U16154/ZN (AOI12V2_140P7T30R)               0.03       5.08 r
  u_cp/u_kvqd/U11020/ZN (NOR2V2_140P7T30R)                0.01       5.09 f
  u_cp/u_kvqd/U1852/Z (CLKMUX2V2_140P7T30R)               0.04       5.13 f
  u_cp/u_kvqd/U6004/ZN (NAND2V2_140P7T30R)                0.01       5.14 r
  u_cp/u_kvqd/U1583/ZN (NAND3V2_140P7T30R)                0.02       5.16 f
  u_cp/u_kvqd/U5986/ZN (NOR2V2_140P7T30R)                 0.02       5.18 r
  u_cp/u_kvqd/U16192/ZN (NAND2V2_140P7T30R)               0.01       5.19 f
  u_cp/u_kvqd/U16209/ZN (NOR2V2_140P7T30R)                0.01       5.21 r
  u_cp/u_kvqd/U16210/ZN (NAND2V2_140P7T30R)               0.01       5.22 f
  u_cp/u_kvqd/U16215/ZN (OAI12V2_140P7T30R)               0.02       5.24 r
  u_cp/u_kvqd/U2014/ZN (NOR2V4_140P7T30R)                 0.02       5.26 f
  u_cp/u_kvqd/U714/Z (CLKBUFV16_140P7T30R)                0.03       5.28 f
  u_cp/u_kvqd/U16216/ZN (NOR2V2_140P7T30R)                0.02       5.30 r
  u_cp/u_kvqd/U16217/Z (XOR2V2_140P7T30R)                 0.04       5.34 r
  u_cp/u_kvqd/U16229/ZN (CLKNAND2V4_140P7T30R)            0.02       5.36 f
  u_cp/u_kvqd/U16230/ZN (OAI12V2_140P7T30R)               0.03       5.39 r
  u_cp/u_kvqd/U16231/ZN (AOI12V2_140P7T30R)               0.01       5.40 f
  u_cp/u_kvqd/U16250/ZN (OAI12V2_140P7T30R)               0.04       5.44 r
  u_cp/u_kvqd/U16290/ZN (AOI12V6_140P7T30R)               0.03       5.47 f
  u_cp/u_kvqd/U16348/ZN (OAI12V2_140P7T30R)               0.03       5.50 r
  u_cp/u_kvqd/U16349/ZN (XNOR2V4_140P7T30R)               0.04       5.54 r
  u_cp/u_kvqd/U16350/Z (OR2V4_140P7T30R)                  0.03       5.56 r
  u_cp/u_kvqd/U1820/ZN (NOR3V3_140P7T30R)                 0.01       5.57 f
  u_cp/u_kvqd/U16354/ZN (CLKNAND2V4_140P7T30R)            0.02       5.59 r
  u_cp/u_kvqd/U16355/ZN (INV4_140P7T30R)                  0.01       5.61 f
  u_cp/u_kvqd/U16356/ZN (NAND2XBV4_140P7T30R)             0.02       5.62 r
  u_cp/u_kvqd/U16365/ZN (NOR2V4_140P7T30R)                0.01       5.63 f
  u_cp/u_kvqd/U673/ZN (NAND2XBV4_140P7T30R)               0.01       5.64 r
  u_cp/u_kvqd/U16368/ZN (NAND3V2_140P7T30R)               0.02       5.66 f
  u_cp/u_kvqd/U802/ZN (AOI12V4_140P7T30R)                 0.02       5.68 r
  u_cp/u_kvqd/U5732/ZN (OAI12V4_140P7T30R)                0.05       5.73 f
  u_cp/u_kvqd/U16407/ZN (NAND2XBV4_140P7T30R)             0.06       5.79 f
  u_cp/u_kvqd/U5704/ZN (INV2_140P7T30R)                   0.03       5.82 r
  u_cp/u_kvqd/U412/ZN (AOI22V2_140P7T30R)                 0.02       5.84 f
  u_cp/u_kvqd/U699/ZN (OAI12V4_140P7T30R)                 0.02       5.86 r
  u_cp/u_kvqd/U16424/ZN (MUX2NV2_140P7T30R)               0.03       5.89 f
  u_cp/u_kvqd/U701/ZN (CLKNAND2V4_140P7T30R)              0.02       5.91 r
  u_cp/u_kvqd/U702/ZN (OAI112V4_140P7T30R)                0.02       5.92 f
  u_cp/u_kvqd/U16840/ZN (AOI22V2_140P7T30R)               0.03       5.95 r
  u_cp/u_kvqd/U16842/ZN (AOI12V2_140P7T30R)               0.02       5.97 f
  u_cp/u_kvqd/U5560/Z (BUFV6_140P7T30R)                   0.03       6.01 f
  u_cp/u_kvqd/U16843/ZN (XNOR2V2_140P7T30R)               0.04       6.04 f
  u_cp/u_kvqd/U16956/ZN (OAI22V1_140P7T30R)               0.04       6.08 r
  u_cp/u_kvqd/U16957/S (AD1V4_140P7T30R)                  0.07       6.15 f
  u_cp/u_kvqd/U16959/CO (AD1V4_140P7T30R)                 0.04       6.20 f
  u_cp/u_kvqd/U16958/CO (AD1V4_140P7T30R)                 0.04       6.24 f
  u_cp/u_kvqd/U17007/CO (AD1V4_140P7T30R)                 0.04       6.27 f
  u_cp/u_kvqd/U1204/S (AD1V2_140P7T30R)                   0.07       6.34 r
  u_cp/u_kvqd/U1775/S (AD1V2_140P7T30R)                   0.06       6.41 f
  u_cp/u_kvqd/U5226/ZN (CLKNOR2V3_140P7T30R)              0.02       6.43 r
  u_cp/u_kvqd/U17081/ZN (OAI12V2_140P7T30R)               0.02       6.44 f
  u_cp/u_kvqd/U794/ZN (AOI12V4_140P7T30R)                 0.03       6.47 r
  u_cp/u_kvqd/U17085/ZN (OAI12V2_140P7T30R)               0.03       6.50 f
  u_cp/u_kvqd/U727/ZN (AOI12V12_140P7T30R)                0.03       6.53 r
  u_cp/u_kvqd/U17180/ZN (OAI12V4_140P7T30R)               0.02       6.55 f
  u_cp/u_kvqd/U17181/ZN (XNOR2V2_140P7T30R)               0.03       6.58 f
  u_cp/u_kvqd/U2351/Z (BUFV8_140P7T30R)                   0.03       6.61 f
  u_cp/u_kvqd/U17197/ZN (MUX2NV2_140P7T30R)               0.03       6.64 f
  u_cp/u_kvqd/U1764/ZN (INV2_140P7T30R)                   0.02       6.65 r
  u_cp/u_kvqd/U17200/ZN (NAND4V1P5_140P7T30R)             0.02       6.68 f
  u_cp/u_kvqd/U9664/ZN (NOR2V2_140P7T30R)                 0.02       6.70 r
  u_cp/u_kvqd/U5101/ZN (NOR2V4_140P7T30R)                 0.01       6.72 f
  u_cp/u_kvqd/U17237/ZN (CLKNAND2V4_140P7T30R)            0.02       6.73 r
  u_cp/u_kvqd/U722/ZN (NOR2V8_140P7T30R)                  0.01       6.75 f
  u_cp/u_kvqd/U17243/ZN (INV8_140P7T30R)                  0.02       6.77 r
  u_cp/u_kvqd/U17262/ZN (OAI12V2_140P7T30R)               0.06       6.83 f
  u_cp/u_kvqd/U17365/ZN (XNOR2V2_140P7T30R)               0.05       6.88 f
  u_cp/u_kvqd/U17366/ZN (OAI22V1_140P7T30R)               0.04       6.92 r
  u_cp/u_kvqd/U857/CO (AD1V2_140P7T30R)                   0.05       6.97 r
  u_cp/u_kvqd/U864/S (AD1V2_140P7T30R)                    0.07       7.03 f
  u_cp/u_kvqd/U1345/S (AD1V2_140P7T30R)                   0.07       7.10 r
  u_cp/u_kvqd/U1745/ZN (CLKNOR2V3_140P7T30R)              0.02       7.12 f
  u_cp/u_kvqd/U1983/ZN (NOR2V2_140P7T30R)                 0.02       7.14 r
  u_cp/u_kvqd/U9636/ZN (NAND2V2_140P7T30R)                0.01       7.16 f
  u_cp/u_kvqd/U17402/ZN (OAI12V2_140P7T30R)               0.04       7.19 r
  u_cp/u_kvqd/U734/ZN (AOI12V6_140P7T30R)                 0.03       7.22 f
  u_cp/u_kvqd/U735/ZN (OAI12V8_140P7T30R)                 0.02       7.24 r
  u_cp/u_kvqd/U17523/ZN (XNOR2V2_140P7T30R)               0.03       7.27 r
  u_cp/u_kvqd/U17524/Z (BUFV8_140P7T30R)                  0.03       7.30 r
  u_cp/u_kvqd/U17545/ZN (MUX2NV2_140P7T30R)               0.03       7.33 r
  u_cp/u_kvqd/U17546/ZN (NAND4V1P5_140P7T30R)             0.03       7.35 f
  u_cp/u_kvqd/U1145/ZN (OAI112V2_140P7T30R)               0.04       7.39 r
  u_cp/u_kvqd/U17550/Z (AO1B2V4_140P7T30R)                0.03       7.42 f
  u_cp/u_kvqd/U2572/ZN (INV2_140P7T30R)                   0.04       7.46 r
  u_cp/u_kvqd/U13318/ZN (INV2_140P7T30R)                  0.03       7.48 f
  u_cp/u_kvqd/U17570/ZN (OAI12V2_140P7T30R)               0.03       7.51 r
  u_cp/u_kvqd/U4699/ZN (INV2_140P7T30R)                   0.01       7.52 f
  u_cp/u_kvqd/U1561/ZN (NOR2V2_140P7T30R)                 0.04       7.56 r
  u_cp/u_kvqd/U17612/Z (AO12V4_140P7T30R)                 0.05       7.61 r
  u_cp/u_kvqd/U17627/ZN (INV2_140P7T30R)                  0.05       7.66 f
  u_cp/u_kvqd/U17704/ZN (NOR2V4_140P7T30R)                0.04       7.70 r
  u_cp/u_kvqd/U4580/ZN (INV2_140P7T30R)                   0.02       7.71 f
  u_cp/u_kvqd/U17747/ZN (OAI22V1_140P7T30R)               0.02       7.74 r
  u_cp/u_kvqd/U17748/ZN (AOI12V2_140P7T30R)               0.01       7.75 f
  u_cp/u_kvqd/U17749/ZN (MUX2NV2_140P7T30R)               0.02       7.77 r
  u_cp/u_kvqd/U2553/Z (OA22V2_140P7T30R)                  0.03       7.81 r
  u_cp/u_kvqd/U2551/ZN (NAND2V2_140P7T30R)                0.01       7.82 f
  u_cp/u_kvqd/U688/ZN (NAND3BBV4_140P7T30R)               0.02       7.85 f
  u_cp/u_kvqd/U17750/ZN (NOR2V2_140P7T30R)                0.02       7.86 r
  u_cp/u_kvqd/U17751/ZN (NAND2V2_140P7T30R)               0.02       7.88 f
  u_cp/u_kvqd/U690/ZN (OAI12V4_140P7T30R)                 0.02       7.90 r
  u_cp/u_kvqd/U17754/ZN (NOR2V4_140P7T30R)                0.01       7.91 f
  u_cp/u_kvqd/U755/ZN (INV8_140P7T30R)                    0.01       7.92 r
  u_cp/u_kvqd/U4462/ZN (INV8_140P7T30R)                   0.01       7.93 f
  u_cp/u_kvqd/U17758/ZN (NOR2V2_140P7T30R)                0.02       7.95 r
  u_cp/u_kvqd/U17759/Z (XOR2V2_140P7T30R)                 0.02       7.98 f
  u_cp/u_kvqd/U1721/ZN (NAND2V2_140P7T30R)                0.03       8.00 r
  u_cp/u_kvqd/U17767/ZN (OAI12V2_140P7T30R)               0.02       8.02 f
  u_cp/u_kvqd/U17768/ZN (AOI12V2_140P7T30R)               0.03       8.05 r
  u_cp/u_kvqd/U17786/ZN (OAI12V2_140P7T30R)               0.03       8.09 f
  u_cp/u_kvqd/U683/ZN (AOI12V8_140P7T30R)                 0.03       8.12 r
  u_cp/u_kvqd/U17878/ZN (OAI12V2_140P7T30R)               0.02       8.14 f
  u_cp/u_kvqd/U17879/ZN (XNOR2V2_140P7T30R)               0.04       8.18 f
  u_cp/u_kvqd/U17882/Z (OR2V4_140P7T30R)                  0.03       8.21 f
  u_cp/u_kvqd/U1707/ZN (CLKNOR2V3_140P7T30R)              0.02       8.23 r
  u_cp/u_kvqd/U17883/ZN (CLKNAND2V4_140P7T30R)            0.02       8.25 f
  u_cp/u_kvqd/U17894/ZN (NOR2V4_140P7T30R)                0.02       8.26 r
  u_cp/u_kvqd/U17903/ZN (CLKNAND2V4_140P7T30R)            0.02       8.28 f
  u_cp/u_kvqd/U666/ZN (INV8_140P7T30R)                    0.01       8.30 r
  u_cp/u_kvqd/U17913/ZN (CLKNAND2V4_140P7T30R)            0.01       8.31 f
  u_cp/u_kvqd/U765/ZN (INV4_140P7T30R)                    0.01       8.32 r
  u_cp/u_kvqd/U17915/ZN (AOI12V2_140P7T30R)               0.01       8.33 f
  u_cp/u_kvqd/U17916/ZN (OAI12V2_140P7T30R)               0.02       8.35 r
  u_cp/u_kvqd/U17917/ZN (AOI12V2_140P7T30R)               0.02       8.37 f
  u_cp/u_kvqd/U753/ZN (OAI12V4_140P7T30R)                 0.02       8.39 r
  u_cp/u_kvqd/U17921/ZN (AOI12V4_140P7T30R)               0.02       8.40 f
  u_cp/u_kvqd/U17922/ZN (OAI12V4_140P7T30R)               0.03       8.43 r
  u_cp/u_kvqd/U4210/ZN (INV2_140P7T30R)                   0.02       8.45 f
  u_cp/u_kvqd/U17945/ZN (CLKNAND2V4_140P7T30R)            0.03       8.48 r
  u_cp/u_kvqd/U4185/ZN (INV2_140P7T30R)                   0.02       8.50 f
  u_cp/u_kvqd/U17985/ZN (AOI22V2_140P7T30R)               0.02       8.52 r
  u_cp/u_kvqd/U17986/ZN (OAI112V2_140P7T30R)              0.03       8.55 f
  u_cp/u_kvqd/U1705/Z (CLKMUX2V2_140P7T30R)               0.04       8.60 f
  u_cp/u_kvqd/U18262/ZN (AOI222V2_140P7T30R)              0.04       8.64 r
  u_cp/u_kvqd/U18265/ZN (OAI12V2_140P7T30R)               0.02       8.66 f
  u_cp/u_kvqd/U18266/Z (BUFV4_140P7T30R)                  0.04       8.70 f
  u_cp/u_kvqd/U18522/ZN (XNOR2V2_140P7T30R)               0.04       8.74 f
  u_cp/u_kvqd/U18523/ZN (OAI22V1_140P7T30R)               0.04       8.78 r
  u_cp/u_kvqd/U10685/S (AD1V2_140P7T30R)                  0.08       8.86 f
  u_cp/u_kvqd/U18575/S (AD1V4_140P7T30R)                  0.07       8.93 r
  u_cp/u_kvqd/U18561/CO (AD1V4_140P7T30R)                 0.04       8.97 r
  u_cp/u_kvqd/U18579/S (AD1V4_140P7T30R)                  0.06       9.03 f
  u_cp/u_kvqd/U18580/S (AD1V4_140P7T30R)                  0.07       9.09 r
  u_cp/u_kvqd/U1664/ZN (NOR2V2_140P7T30R)                 0.01       9.10 f
  u_cp/u_kvqd/U910/ZN (NOR2V2_140P7T30R)                  0.03       9.14 r
  u_cp/u_kvqd/U13312/ZN (NAND2V2_140P7T30R)               0.02       9.16 f
  u_cp/u_kvqd/U9963/ZN (NOR2V2_140P7T30R)                 0.04       9.20 r
  u_cp/u_kvqd/U712/ZN (AOI12V12_140P7T30R)                0.03       9.22 f
  u_cp/u_kvqd/U3697/ZN (OAI12V4_140P7T30R)                0.02       9.24 r
  u_cp/u_kvqd/U18724/ZN (XNOR2V2_140P7T30R)               0.03       9.28 r
  u_cp/u_kvqd/U18725/Z (BUFV8_140P7T30R)                  0.03       9.30 r
  u_cp/u_kvqd/U18757/ZN (MUX2NV2_140P7T30R)               0.03       9.33 r
  u_cp/u_kvqd/U1658/ZN (INV2_140P7T30R)                   0.01       9.34 f
  u_cp/u_kvqd/U18959/ZN (NAND4V1P5_140P7T30R)             0.02       9.37 r
  u_cp/u_kvqd/U672/ZN (OAI12V4_140P7T30R)                 0.02       9.39 f
  u_cp/u_kvqd/U11019/ZN (NOR3V2_140P7T30R)                0.05       9.44 r
  u_cp/u_kvqd/U641/Z (BUFV8_140P7T30R)                    0.04       9.47 r
  u_cp/u_kvqd/U12156/Z (AO1B2V4_140P7T30R)                0.04       9.52 r
  u_cp/u_kvqd/U11697/ZN (NAND2V2_140P7T30R)               0.02       9.54 f
  u_cp/u_kvqd/U19690/ZN (OAI12V2_140P7T30R)               0.03       9.57 r
  u_cp/u_kvqd/U19720/ZN (AOI12V2_140P7T30R)               0.02       9.59 f
  u_cp/u_kvqd/U19721/ZN (OAI12V2_140P7T30R)               0.02       9.61 r
  u_cp/u_kvqd/U19873/ZN (AOI12V4_140P7T30R)               0.02       9.63 f
  u_cp/u_kvqd/U1909/ZN (INV2_140P7T30R)                   0.02       9.66 r
  u_cp/u_kvqd/U19913/ZN (AOI12V2_140P7T30R)               0.02       9.67 f
  u_cp/u_kvqd/U19914/ZN (XNOR2V2_140P7T30R)               0.04       9.71 f
  u_cp/u_kvqd/U19916/ZN (OAI12V2_140P7T30R)               0.02       9.74 r
  u_cp/u_kvqd/U19917/Z (XOR2V2_140P7T30R)                 0.04       9.78 r
  u_cp/u_kvqd/U3473/ZN (INV2_140P7T30R)                   0.01       9.79 f
  u_cp/u_kvqd/U3446/ZN (NOR2V2_140P7T30R)                 0.03       9.82 r
  u_cp/u_kvqd/U19923/S (AD1V4_140P7T30R)                  0.07       9.88 f
  u_cp/u_kvqd/U19937/S (AD1V4_140P7T30R)                  0.07       9.95 r
  u_cp/u_kvqd/U86/ZN (NOR2V2_140P7T30R)                   0.01       9.96 f
  u_cp/u_kvqd/U19939/ZN (NOR2V4_140P7T30R)                0.02       9.98 r
  u_cp/u_kvqd/U1893/ZN (NAND2V2_140P7T30R)                0.02      10.00 f
  u_cp/u_kvqd/U957/ZN (NOR2V2_140P7T30R)                  0.03      10.03 r
  u_cp/u_kvqd/U19978/ZN (CLKNAND2V4_140P7T30R)            0.03      10.06 f
  u_cp/u_kvqd/U10473/ZN (NOR2V2_140P7T30R)                0.03      10.10 r
  u_cp/u_kvqd/U743/ZN (AOI12V6_140P7T30R)                 0.02      10.12 f
  u_cp/u_kvqd/U12165/Z (CLKXOR2V12_140P7T30R)             0.04      10.16 f
  u_cp/u_kvqd/U20545/ZN (MUX2NV2_140P7T30R)               0.03      10.19 f
  u_cp/u_kvqd/U20546/ZN (NOR2V2_140P7T30R)                0.03      10.21 r
  u_cp/u_kvqd/U20550/ZN (NAND2V2_140P7T30R)               0.01      10.23 f
  u_cp/u_kvqd/U20558/ZN (OAI12V2_140P7T30R)               0.02      10.25 r
  u_cp/u_kvqd/U2445/ZN (NAND2V2_140P7T30R)                0.02      10.26 f
  u_cp/u_kvqd/U1891/Z (OA12V4_140P7T30R)                  0.04      10.30 f
  u_cp/u_kvqd/U1274/ZN (OAI12V4_140P7T30R)                0.04      10.35 r
  u_cp/u_kvqd/U3198/ZN (INV4_140P7T30R)                   0.03      10.38 f
  u_cp/u_kvqd/U20584/ZN (CLKNAND2V4_140P7T30R)            0.04      10.41 r
  u_cp/u_kvqd/U2438/ZN (INV6_140P7T30R)                   0.03      10.44 f
  u_cp/u_kvqd/U20624/ZN (INV4_140P7T30R)                  0.03      10.47 r
  u_cp/u_kvqd/U20785/ZN (OAI22V1_140P7T30R)               0.02      10.49 f
  u_cp/u_kvqd/U13445/ZN (NOR2V2_140P7T30R)                0.03      10.52 r
  u_cp/u_kvqd/U20788/ZN (MUX2NV2_140P7T30R)               0.02      10.54 f
  u_cp/u_kvqd/U12102/Z (CLKMUX2V2_140P7T30R)              0.05      10.59 f
  u_cp/u_kvqd/U20789/ZN (AOI22V4_140P7T30R)               0.04      10.63 r
  u_cp/u_kvqd/U2956/ZN (NOR2V2_140P7T30R)                 0.01      10.64 f
  u_cp/u_kvqd/U2929/ZN (AOI12V2_140P7T30R)                0.02      10.66 r
  u_cp/u_kvqd/U20921/Z (OR2V4_140P7T30R)                  0.03      10.69 r
  u_cp/u_kvqd/U2906/ZN (INV4_140P7T30R)                   0.02      10.72 f
  u_cp/u_kvqd/U20984/ZN (MUX2NV2_140P7T30R)               0.03      10.74 r
  u_cp/u_kvqd/U2897/ZN (OAI12V2_140P7T30R)                0.03      10.77 f
  u_cp/u_kvqd/U1527/ZN (NOR2V2_140P7T30R)                 0.03      10.80 r
  u_cp/u_kvqd/U2884/ZN (INV2_140P7T30R)                   0.02      10.82 f
  u_cp/u_kvqd/U689/ZN (NOR2V4_140P7T30R)                  0.02      10.84 r
  u_cp/u_kvqd/U20989/ZN (CLKNAND2V4_140P7T30R)            0.02      10.86 f
  u_cp/u_kvqd/U661/ZN (NOR2V4_140P7T30R)                  0.01      10.87 r
  u_cp/u_kvqd/U28176/CO (ADH1V4_140P7T30R)                0.03      10.91 r
  u_cp/u_kvqd/U745/ZN (INV4_140P7T30R)                    0.01      10.91 f
  u_cp/u_kvqd/U2861/ZN (CLKNOR2V3_140P7T30R)              0.02      10.93 r
  u_cp/u_kvqd/U28174/CO (ADH1V4_140P7T30R)                0.03      10.96 r
  u_cp/u_kvqd/U1113/ZN (INV3_140P7T30R)                   0.01      10.97 f
  u_cp/u_kvqd/U1526/ZN (NOR2V4_140P7T30R)                 0.02      10.98 r
  u_cp/u_kvqd/U1270/ZN (NAND2V3_140P7T30R)                0.02      11.00 f
  u_cp/u_kvqd/U1635/ZN (NOR2V4_140P7T30R)                 0.02      11.02 r
  u_cp/u_kvqd/U1269/ZN (NAND2V3_140P7T30R)                0.02      11.04 f
  u_cp/u_kvqd/U715/ZN (NOR2V6_140P7T30R)                  0.02      11.06 r
  u_cp/u_kvqd/U716/ZN (CLKNAND2V6_140P7T30R)              0.01      11.07 f
  u_cp/u_kvqd/U20995/ZN (NOR2V4_140P7T30R)                0.02      11.09 r
  u_cp/u_kvqd/U1634/ZN (NAND2V3_140P7T30R)                0.02      11.11 f
  u_cp/u_kvqd/U2289/ZN (NOR2V4_140P7T30R)                 0.02      11.13 r
  u_cp/u_kvqd/U709/Z (AND2V6_140P7T30R)                   0.02      11.15 r
  u_cp/u_kvqd/U20996/ZN (CLKNAND2V4_140P7T30R)            0.02      11.17 f
  u_cp/u_kvqd/U741/ZN (NOR2V6_140P7T30R)                  0.02      11.19 r
  u_cp/u_kvqd/U742/ZN (CLKNAND2V6_140P7T30R)              0.01      11.20 f
  u_cp/u_kvqd/U1633/ZN (NOR2V6_140P7T30R)                 0.02      11.23 r
  u_cp/u_kvqd/U2288/ZN (NAND2V3_140P7T30R)                0.01      11.24 f
  u_cp/u_kvqd/U28166/Z (XOR2V2_140P7T30R)                 0.03      11.27 f
  u_cp/u_kvqd/U2845/ZN (NAND2XBV2_140P7T30R)              0.03      11.30 f
  u_cp/u_kvqd/U28232/ZN (NOR4V2_140P7T30R)                0.03      11.32 r
  u_cp/u_kvqd/U1884/ZN (OAI112V2_140P7T30R)               0.03      11.35 f
  u_cp/u_kvqd/U1525/ZN (INV2_140P7T30R)                   0.02      11.37 r
  u_cp/u_kvqd/U2841/ZN (NOR2V4_140P7T30R)                 0.01      11.39 f
  u_cp/u_kvqd/U2840/ZN (INV2_140P7T30R)                   0.01      11.40 r
  u_cp/u_kvqd/U28399/ZN (OAI12V2_140P7T30R)               0.02      11.42 f
  u_cp/u_kvqd/U28400/ZN (AOI12V2_140P7T30R)               0.03      11.45 r
  u_cp/u_kvqd/U28408/ZN (NAND2V2_140P7T30R)               0.01      11.46 f
  u_cp/u_kvqd/wr_data[4] (kv_quantdequant)                0.00      11.46 f
  u_cp/U40299/Z (AO1B2V2_140P7T30R)                       0.02      11.48 f
  u_cp/mem_wr_data[4] (command_processor_NINST4096_MAX_VEC128)     0.00    11.48 f
  hbm_wdata[4] (out)                                      0.00      11.48 f
  data arrival time                                                 11.48

  clock clk (rise edge)                                   1.00       1.00
  clock network delay (ideal)                             0.00       1.00
  output external delay                                   0.00       1.00
  data required time                                                 1.00
  --------------------------------------------------------------------------
  data required time                                                 1.00
  data arrival time                                                -11.48
  --------------------------------------------------------------------------
  slack (VIOLATED)                                                 -10.48


  Startpoint: u_cp/u_kvqd/s_bits_reg[5]
              (rising edge-triggered flip-flop clocked by clk)
  Endpoint: hbm_wdata[5]
            (output port clocked by clk)
  Path Group: clk
  Path Type: max

  Point                                                   Incr       Path
  --------------------------------------------------------------------------
  clock clk (rise edge)                                   0.00       0.00
  clock network delay (ideal)                             0.00       0.00
  u_cp/u_kvqd/s_bits_reg[5]/CK (DQV4_140P7T30R)           0.00 #     0.00 r
  u_cp/u_kvqd/s_bits_reg[5]/Q (DQV4_140P7T30R)            0.07       0.07 f
  u_cp/u_kvqd/U9397/ZN (INV2_140P7T30R)                   0.04       0.11 r
  u_cp/u_kvqd/U24551/ZN (INV4_140P7T30R)                  0.06       0.17 f
  u_cp/u_kvqd/U11300/ZN (OAI22V1_140P7T30R)               0.10       0.27 r
  u_cp/u_kvqd/U13843/ZN (XNOR2V2_140P7T30R)               0.03       0.30 f
  u_cp/u_kvqd/U1521/S (AD1V2_140P7T30R)                   0.08       0.38 r
  u_cp/u_kvqd/U9279/ZN (NAND2V2_140P7T30R)                0.02       0.40 f
  u_cp/u_kvqd/U13846/ZN (OAI12V2_140P7T30R)               0.03       0.43 r
  u_cp/u_kvqd/U13847/ZN (AOI12V2_140P7T30R)               0.02       0.45 f
  u_cp/u_kvqd/U9163/ZN (OAI12V2_140P7T30R)                0.03       0.49 r
  u_cp/u_kvqd/U2402/Z (AO12V4_140P7T30R)                  0.04       0.52 r
  u_cp/u_kvqd/U9046/ZN (AOI12V4_140P7T30R)                0.02       0.54 f
  u_cp/u_kvqd/U13859/Z (CLKXOR2V6_140P7T30R)              0.03       0.57 f
  u_cp/u_kvqd/U619/ZN (NOR2V2_140P7T30R)                  0.03       0.60 r
  u_cp/u_kvqd/U2798/ZN (INV4_140P7T30R)                   0.02       0.62 f
  u_cp/u_kvqd/U13877/ZN (NOR2V2_140P7T30R)                0.02       0.64 r
  u_cp/u_kvqd/U8989/ZN (NOR2V2_140P7T30R)                 0.01       0.65 f
  u_cp/u_kvqd/U13878/ZN (INV2_140P7T30R)                  0.01       0.66 r
  u_cp/u_kvqd/U13881/ZN (MUX2NV2_140P7T30R)               0.02       0.68 f
  u_cp/u_kvqd/U12567/ZN (AOI21BV2_140P7T30R)              0.04       0.72 r
  u_cp/u_kvqd/U10567/Z (XOR2V2_140P7T30R)                 0.04       0.76 r
  u_cp/u_kvqd/U10566/ZN (INV2_140P7T30R)                  0.01       0.77 f
  u_cp/u_kvqd/U13886/ZN (NAND2V2_140P7T30R)               0.01       0.79 r
  u_cp/u_kvqd/U12650/ZN (NAND2V2_140P7T30R)               0.01       0.80 f
  u_cp/u_kvqd/U12377/Z (OR2V2_140P7T30R)                  0.03       0.82 f
  u_cp/u_kvqd/U13889/ZN (NOR2V2_140P7T30R)                0.06       0.88 r
  u_cp/u_kvqd/U14058/ZN (XNOR2V2_140P7T30R)               0.04       0.92 r
  u_cp/u_kvqd/U14083/ZN (OAI22V1_140P7T30R)               0.03       0.95 f
  u_cp/u_kvqd/U1513/CO (AD1V2_140P7T30R)                  0.07       1.02 f
  u_cp/u_kvqd/U1870/S (AD1V2_140P7T30R)                   0.07       1.09 r
  u_cp/u_kvqd/U2264/S (AD1V2_140P7T30R)                   0.06       1.16 f
  u_cp/u_kvqd/U8632/ZN (CLKNOR2V3_140P7T30R)              0.02       1.18 r
  u_cp/u_kvqd/U14085/ZN (OAI12V2_140P7T30R)               0.02       1.20 f
  u_cp/u_kvqd/U14087/ZN (AOI12V2_140P7T30R)               0.03       1.23 r
  u_cp/u_kvqd/U14091/ZN (OAI12V2_140P7T30R)               0.02       1.26 f
  u_cp/u_kvqd/U14092/ZN (AOI12V6_140P7T30R)               0.04       1.30 r
  u_cp/u_kvqd/U8369/ZN (OAI12V4_140P7T30R)                0.02       1.31 f
  u_cp/u_kvqd/U14127/ZN (XNOR2V2_140P7T30R)               0.03       1.35 f
  u_cp/u_kvqd/U985/Z (BUFV6_140P7T30R)                    0.03       1.37 f
  u_cp/u_kvqd/U14139/ZN (MUX2NV2_140P7T30R)               0.03       1.40 f
  u_cp/u_kvqd/U14140/ZN (NAND4V1P5_140P7T30R)             0.03       1.43 r
  u_cp/u_kvqd/U14142/ZN (OAI112V6_140P7T30R)              0.04       1.47 f
  u_cp/u_kvqd/U744/ZN (NOR2V12_140P7T30R)                 0.03       1.50 r
  u_cp/u_kvqd/U1260/ZN (NAND2V12_140P7T30R)               0.03       1.53 f
  u_cp/u_kvqd/U14278/ZN (OAI22V4_140P7T30R)               0.06       1.59 r
  u_cp/u_kvqd/U14294/ZN (XNOR2V2_140P7T30R)               0.04       1.63 r
  u_cp/u_kvqd/U14303/ZN (OAI22V1_140P7T30R)               0.02       1.65 f
  u_cp/u_kvqd/U11381/CO (AD1V2_140P7T30R)                 0.05       1.70 f
  u_cp/u_kvqd/U1494/S (AD1V2_140P7T30R)                   0.07       1.78 r
  u_cp/u_kvqd/U1484/S (AD1V2_140P7T30R)                   0.06       1.84 f
  u_cp/u_kvqd/U1475/ZN (NOR2V2_140P7T30R)                 0.03       1.87 r
  u_cp/u_kvqd/U14374/ZN (OAI12V2_140P7T30R)               0.02       1.89 f
  u_cp/u_kvqd/U14376/ZN (AOI12V2_140P7T30R)               0.03       1.92 r
  u_cp/u_kvqd/U14380/ZN (OAI12V2_140P7T30R)               0.03       1.95 f
  u_cp/u_kvqd/U788/ZN (AOI12V8_140P7T30R)                 0.04       1.99 r
  u_cp/u_kvqd/U14409/ZN (OAI12V4_140P7T30R)               0.02       2.00 f
  u_cp/u_kvqd/U677/ZN (XNOR2V4_140P7T30R)                 0.03       2.03 f
  u_cp/u_kvqd/U2253/Z (BUFV8_140P7T30R)                   0.03       2.06 f
  u_cp/u_kvqd/U14437/ZN (MUX2NV2_140P7T30R)               0.03       2.09 f
  u_cp/u_kvqd/U14438/ZN (NAND4V1P5_140P7T30R)             0.03       2.12 r
  u_cp/u_kvqd/U14454/ZN (OAI12V4_140P7T30R)               0.02       2.14 f
  u_cp/u_kvqd/U12170/ZN (NOR2V8_140P7T30R)                0.03       2.17 r
  u_cp/u_kvqd/U14463/ZN (CLKNAND2V4_140P7T30R)            0.02       2.19 f
  u_cp/u_kvqd/U14466/ZN (NOR2V4_140P7T30R)                0.02       2.21 r
  u_cp/u_kvqd/U7874/ZN (INV2_140P7T30R)                   0.01       2.23 f
  u_cp/u_kvqd/U812/ZN (CLKNAND2V4_140P7T30R)              0.01       2.24 r
  u_cp/u_kvqd/U7859/ZN (INV6_140P7T30R)                   0.02       2.26 f
  u_cp/u_kvqd/U14483/ZN (INV8_140P7T30R)                  0.03       2.29 r
  u_cp/u_kvqd/U14534/Z (AO12V4_140P7T30R)                 0.05       2.34 r
  u_cp/u_kvqd/U14535/ZN (INV4_140P7T30R)                  0.03       2.37 f
  u_cp/u_kvqd/U14629/ZN (NOR2V4_140P7T30R)                0.03       2.40 r
  u_cp/u_kvqd/U12880/ZN (NAND2V2_140P7T30R)               0.01       2.41 f
  u_cp/u_kvqd/U14645/ZN (AOI22V2_140P7T30R)               0.02       2.43 r
  u_cp/u_kvqd/U9851/ZN (NAND2XBV2_140P7T30R)              0.02       2.45 r
  u_cp/u_kvqd/U2250/Z (OA22V2_140P7T30R)                  0.03       2.49 r
  u_cp/u_kvqd/U14647/ZN (INV2_140P7T30R)                  0.01       2.50 f
  u_cp/u_kvqd/U10899/ZN (NOR2V2_140P7T30R)                0.01       2.51 r
  u_cp/u_kvqd/U14677/ZN (NAND2V2_140P7T30R)               0.01       2.52 f
  u_cp/u_kvqd/U14690/ZN (NOR2V2_140P7T30R)                0.01       2.54 r
  u_cp/u_kvqd/U14691/ZN (NAND2V2_140P7T30R)               0.02       2.55 f
  u_cp/u_kvqd/U984/Z (OA12V6_140P7T30R)                   0.04       2.59 f
  u_cp/u_kvqd/U1468/ZN (INV12_140P7T30R)                  0.02       2.61 r
  u_cp/u_kvqd/U12616/Z (AND2V2_140P7T30R)                 0.03       2.64 r
  u_cp/u_kvqd/U14718/Z (XOR2V2_140P7T30R)                 0.02       2.66 f
  u_cp/u_kvqd/U1250/ZN (NAND2V2_140P7T30R)                0.03       2.69 r
  u_cp/u_kvqd/U14725/ZN (OAI12V2_140P7T30R)               0.02       2.71 f
  u_cp/u_kvqd/U14726/ZN (AOI12V2_140P7T30R)               0.03       2.73 r
  u_cp/u_kvqd/U14727/ZN (OAI12V2_140P7T30R)               0.03       2.77 f
  u_cp/u_kvqd/U14758/ZN (AOI12V6_140P7T30R)               0.03       2.80 r
  u_cp/u_kvqd/U14804/ZN (OAI12V2_140P7T30R)               0.02       2.82 f
  u_cp/u_kvqd/U14805/ZN (XNOR2V4_140P7T30R)               0.04       2.86 f
  u_cp/u_kvqd/U14808/Z (OR2V4_140P7T30R)                  0.03       2.89 f
  u_cp/u_kvqd/U1459/ZN (CLKNOR2V3_140P7T30R)              0.02       2.92 r
  u_cp/u_kvqd/U639/ZN (CLKNAND2V6_140P7T30R)              0.02       2.94 f
  u_cp/u_kvqd/U638/ZN (NOR2V6_140P7T30R)                  0.02       2.95 r
  u_cp/u_kvqd/U14822/ZN (CLKNAND2V4_140P7T30R)            0.02       2.97 f
  u_cp/u_kvqd/U665/ZN (NOR2V6_140P7T30R)                  0.02       2.99 r
  u_cp/u_kvqd/U14829/ZN (AOI12V2_140P7T30R)               0.01       3.00 f
  u_cp/u_kvqd/U14830/ZN (OAI12V2_140P7T30R)               0.02       3.02 r
  u_cp/u_kvqd/U7382/ZN (NAND2V2_140P7T30R)                0.01       3.03 f
  u_cp/u_kvqd/U7378/ZN (NAND2V2_140P7T30R)                0.01       3.05 r
  u_cp/u_kvqd/U681/ZN (AOI12V4_140P7T30R)                 0.01       3.06 f
  u_cp/u_kvqd/U14831/ZN (OAI12V4_140P7T30R)               0.02       3.08 r
  u_cp/u_kvqd/U14837/Z (OR2V4_140P7T30R)                  0.03       3.11 r
  u_cp/u_kvqd/U1175/ZN (INV4_140P7T30R)                   0.01       3.12 f
  u_cp/u_kvqd/U14872/ZN (CLKNAND2V4_140P7T30R)            0.02       3.15 r
  u_cp/u_kvqd/U7351/ZN (INV2_140P7T30R)                   0.02       3.17 f
  u_cp/u_kvqd/U14896/ZN (AOI22V2_140P7T30R)               0.03       3.19 r
  u_cp/u_kvqd/U1174/ZN (NAND3V2_140P7T30R)                0.03       3.22 f
  u_cp/u_kvqd/U7309/ZN (INV2_140P7T30R)                   0.02       3.24 r
  u_cp/u_kvqd/U15089/ZN (MUX2NV2_140P7T30R)               0.02       3.26 f
  u_cp/u_kvqd/U15090/ZN (MUX2NV2_140P7T30R)               0.03       3.29 r
  u_cp/u_kvqd/U15091/Z (OA1B2V2_140P7T30R)                0.01       3.30 f
  u_cp/u_kvqd/U7238/ZN (OAI12V4_140P7T30R)                0.06       3.36 r
  u_cp/u_kvqd/U15280/ZN (XNOR2V2_140P7T30R)               0.04       3.40 r
  u_cp/u_kvqd/U15347/ZN (OAI22V1_140P7T30R)               0.03       3.43 f
  u_cp/u_kvqd/U15359/CO (AD1V4_140P7T30R)                 0.07       3.50 f
  u_cp/u_kvqd/U15360/CO (AD1V4_140P7T30R)                 0.05       3.55 f
  u_cp/u_kvqd/U15416/CO (AD1V4_140P7T30R)                 0.04       3.59 f
  u_cp/u_kvqd/U15417/CO (AD1V4_140P7T30R)                 0.04       3.63 f
  u_cp/u_kvqd/U15462/S (AD1V4_140P7T30R)                  0.07       3.69 r
  u_cp/u_kvqd/U1227/S (AD1V2_140P7T30R)                   0.06       3.75 f
  u_cp/u_kvqd/U1425/ZN (CLKNOR2V3_140P7T30R)              0.02       3.78 r
  u_cp/u_kvqd/U15549/ZN (OAI12V2_140P7T30R)               0.02       3.80 f
  u_cp/u_kvqd/U15551/ZN (AOI12V2_140P7T30R)               0.04       3.83 r
  u_cp/u_kvqd/U710/ZN (OAI12V4_140P7T30R)                 0.02       3.86 f
  u_cp/u_kvqd/U15555/ZN (AOI12V8_140P7T30R)               0.04       3.90 r
  u_cp/u_kvqd/U2221/ZN (OAI12V4_140P7T30R)                0.02       3.91 f
  u_cp/u_kvqd/U1590/ZN (XNOR2V2_140P7T30R)                0.03       3.94 f
  u_cp/u_kvqd/U2715/Z (BUFV8_140P7T30R)                   0.03       3.97 f
  u_cp/u_kvqd/U15653/ZN (MUX2NV2_140P7T30R)               0.03       4.00 f
  u_cp/u_kvqd/U15654/ZN (NAND4V1P5_140P7T30R)             0.03       4.03 r
  u_cp/u_kvqd/U15657/ZN (OAI112V6_140P7T30R)              0.03       4.06 f
  u_cp/u_kvqd/U652/ZN (NOR2V4_140P7T30R)                  0.03       4.09 r
  u_cp/u_kvqd/U15664/ZN (NAND2XBV4_140P7T30R)             0.02       4.11 f
  u_cp/u_kvqd/U686/ZN (INV6_140P7T30R)                    0.01       4.12 r
  u_cp/u_kvqd/U2031/ZN (NAND2V12_140P7T30R)               0.03       4.15 f
  u_cp/u_kvqd/U15807/ZN (OAI12V2_140P7T30R)               0.08       4.23 r
  u_cp/u_kvqd/U15826/ZN (XNOR2V2_140P7T30R)               0.04       4.27 r
  u_cp/u_kvqd/U15835/ZN (OAI22V1_140P7T30R)               0.02       4.29 f
  u_cp/u_kvqd/U866/CO (AD1V2_140P7T30R)                   0.05       4.35 f
  u_cp/u_kvqd/U1219/S (AD1V2_140P7T30R)                   0.07       4.42 r
  u_cp/u_kvqd/U2024/S (AD1V2_140P7T30R)                   0.06       4.48 f
  u_cp/u_kvqd/U6392/ZN (CLKNOR2V3_140P7T30R)              0.02       4.50 r
  u_cp/u_kvqd/U15909/ZN (OAI12V2_140P7T30R)               0.02       4.52 f
  u_cp/u_kvqd/U15911/ZN (AOI12V2_140P7T30R)               0.03       4.56 r
  u_cp/u_kvqd/U15915/ZN (OAI12V2_140P7T30R)               0.03       4.58 f
  u_cp/u_kvqd/U800/ZN (AOI12V8_140P7T30R)                 0.03       4.62 r
  u_cp/u_kvqd/U15944/ZN (OAI12V4_140P7T30R)               0.02       4.63 f
  u_cp/u_kvqd/U15945/ZN (XNOR2V2_140P7T30R)               0.03       4.67 f
  u_cp/u_kvqd/U2365/Z (BUFV8_140P7T30R)                   0.03       4.69 f
  u_cp/u_kvqd/U15971/ZN (MUX2NV2_140P7T30R)               0.03       4.72 f
  u_cp/u_kvqd/U15972/ZN (NOR4V2_140P7T30R)                0.05       4.77 r
  u_cp/u_kvqd/U15993/ZN (AOI13V4_140P7T30R)               0.03       4.80 f
  u_cp/u_kvqd/U15994/ZN (CLKNAND2V4_140P7T30R)            0.02       4.82 r
  u_cp/u_kvqd/U1584/ZN (CLKNAND2V6_140P7T30R)             0.02       4.84 f
  u_cp/u_kvqd/U16002/ZN (NOR2V4_140P7T30R)                0.04       4.88 r
  u_cp/u_kvqd/U6149/ZN (INV2_140P7T30R)                   0.04       4.92 f
  u_cp/u_kvqd/U16048/Z (XOR2V2_140P7T30R)                 0.04       4.96 f
  u_cp/u_kvqd/U16049/Z (AO12V4_140P7T30R)                 0.04       5.00 f
  u_cp/u_kvqd/U1854/ZN (INV4_140P7T30R)                   0.04       5.03 r
  u_cp/u_kvqd/U10359/ZN (NAND2V2_140P7T30R)               0.02       5.06 f
  u_cp/u_kvqd/U16154/ZN (AOI12V2_140P7T30R)               0.03       5.08 r
  u_cp/u_kvqd/U11020/ZN (NOR2V2_140P7T30R)                0.01       5.09 f
  u_cp/u_kvqd/U1852/Z (CLKMUX2V2_140P7T30R)               0.04       5.13 f
  u_cp/u_kvqd/U6004/ZN (NAND2V2_140P7T30R)                0.01       5.14 r
  u_cp/u_kvqd/U1583/ZN (NAND3V2_140P7T30R)                0.02       5.16 f
  u_cp/u_kvqd/U5986/ZN (NOR2V2_140P7T30R)                 0.02       5.18 r
  u_cp/u_kvqd/U16192/ZN (NAND2V2_140P7T30R)               0.01       5.19 f
  u_cp/u_kvqd/U16209/ZN (NOR2V2_140P7T30R)                0.01       5.21 r
  u_cp/u_kvqd/U16210/ZN (NAND2V2_140P7T30R)               0.01       5.22 f
  u_cp/u_kvqd/U16215/ZN (OAI12V2_140P7T30R)               0.02       5.24 r
  u_cp/u_kvqd/U2014/ZN (NOR2V4_140P7T30R)                 0.02       5.26 f
  u_cp/u_kvqd/U714/Z (CLKBUFV16_140P7T30R)                0.03       5.28 f
  u_cp/u_kvqd/U16216/ZN (NOR2V2_140P7T30R)                0.02       5.30 r
  u_cp/u_kvqd/U16217/Z (XOR2V2_140P7T30R)                 0.04       5.34 r
  u_cp/u_kvqd/U16229/ZN (CLKNAND2V4_140P7T30R)            0.02       5.36 f
  u_cp/u_kvqd/U16230/ZN (OAI12V2_140P7T30R)               0.03       5.39 r
  u_cp/u_kvqd/U16231/ZN (AOI12V2_140P7T30R)               0.01       5.40 f
  u_cp/u_kvqd/U16250/ZN (OAI12V2_140P7T30R)               0.04       5.44 r
  u_cp/u_kvqd/U16290/ZN (AOI12V6_140P7T30R)               0.03       5.47 f
  u_cp/u_kvqd/U16348/ZN (OAI12V2_140P7T30R)               0.03       5.50 r
  u_cp/u_kvqd/U16349/ZN (XNOR2V4_140P7T30R)               0.04       5.54 r
  u_cp/u_kvqd/U16350/Z (OR2V4_140P7T30R)                  0.03       5.56 r
  u_cp/u_kvqd/U1820/ZN (NOR3V3_140P7T30R)                 0.01       5.57 f
  u_cp/u_kvqd/U16354/ZN (CLKNAND2V4_140P7T30R)            0.02       5.59 r
  u_cp/u_kvqd/U16355/ZN (INV4_140P7T30R)                  0.01       5.61 f
  u_cp/u_kvqd/U16356/ZN (NAND2XBV4_140P7T30R)             0.02       5.62 r
  u_cp/u_kvqd/U16365/ZN (NOR2V4_140P7T30R)                0.01       5.63 f
  u_cp/u_kvqd/U673/ZN (NAND2XBV4_140P7T30R)               0.01       5.64 r
  u_cp/u_kvqd/U16368/ZN (NAND3V2_140P7T30R)               0.02       5.66 f
  u_cp/u_kvqd/U802/ZN (AOI12V4_140P7T30R)                 0.02       5.68 r
  u_cp/u_kvqd/U5732/ZN (OAI12V4_140P7T30R)                0.05       5.73 f
  u_cp/u_kvqd/U16407/ZN (NAND2XBV4_140P7T30R)             0.06       5.79 f
  u_cp/u_kvqd/U5704/ZN (INV2_140P7T30R)                   0.03       5.82 r
  u_cp/u_kvqd/U412/ZN (AOI22V2_140P7T30R)                 0.02       5.84 f
  u_cp/u_kvqd/U699/ZN (OAI12V4_140P7T30R)                 0.02       5.86 r
  u_cp/u_kvqd/U16424/ZN (MUX2NV2_140P7T30R)               0.03       5.89 f
  u_cp/u_kvqd/U701/ZN (CLKNAND2V4_140P7T30R)              0.02       5.91 r
  u_cp/u_kvqd/U702/ZN (OAI112V4_140P7T30R)                0.02       5.92 f
  u_cp/u_kvqd/U16840/ZN (AOI22V2_140P7T30R)               0.03       5.95 r
  u_cp/u_kvqd/U16842/ZN (AOI12V2_140P7T30R)               0.02       5.97 f
  u_cp/u_kvqd/U5560/Z (BUFV6_140P7T30R)                   0.03       6.01 f
  u_cp/u_kvqd/U16843/ZN (XNOR2V2_140P7T30R)               0.04       6.04 f
  u_cp/u_kvqd/U16956/ZN (OAI22V1_140P7T30R)               0.04       6.08 r
  u_cp/u_kvqd/U16957/S (AD1V4_140P7T30R)                  0.07       6.15 f
  u_cp/u_kvqd/U16959/CO (AD1V4_140P7T30R)                 0.04       6.20 f
  u_cp/u_kvqd/U16958/CO (AD1V4_140P7T30R)                 0.04       6.24 f
  u_cp/u_kvqd/U17007/CO (AD1V4_140P7T30R)                 0.04       6.27 f
  u_cp/u_kvqd/U1204/S (AD1V2_140P7T30R)                   0.07       6.34 r
  u_cp/u_kvqd/U1775/S (AD1V2_140P7T30R)                   0.06       6.41 f
  u_cp/u_kvqd/U5226/ZN (CLKNOR2V3_140P7T30R)              0.02       6.43 r
  u_cp/u_kvqd/U17081/ZN (OAI12V2_140P7T30R)               0.02       6.44 f
  u_cp/u_kvqd/U794/ZN (AOI12V4_140P7T30R)                 0.03       6.47 r
  u_cp/u_kvqd/U17085/ZN (OAI12V2_140P7T30R)               0.03       6.50 f
  u_cp/u_kvqd/U727/ZN (AOI12V12_140P7T30R)                0.03       6.53 r
  u_cp/u_kvqd/U17180/ZN (OAI12V4_140P7T30R)               0.02       6.55 f
  u_cp/u_kvqd/U17181/ZN (XNOR2V2_140P7T30R)               0.03       6.58 f
  u_cp/u_kvqd/U2351/Z (BUFV8_140P7T30R)                   0.03       6.61 f
  u_cp/u_kvqd/U17197/ZN (MUX2NV2_140P7T30R)               0.03       6.64 f
  u_cp/u_kvqd/U1764/ZN (INV2_140P7T30R)                   0.02       6.65 r
  u_cp/u_kvqd/U17200/ZN (NAND4V1P5_140P7T30R)             0.02       6.68 f
  u_cp/u_kvqd/U9664/ZN (NOR2V2_140P7T30R)                 0.02       6.70 r
  u_cp/u_kvqd/U5101/ZN (NOR2V4_140P7T30R)                 0.01       6.72 f
  u_cp/u_kvqd/U17237/ZN (CLKNAND2V4_140P7T30R)            0.02       6.73 r
  u_cp/u_kvqd/U722/ZN (NOR2V8_140P7T30R)                  0.01       6.75 f
  u_cp/u_kvqd/U17243/ZN (INV8_140P7T30R)                  0.02       6.77 r
  u_cp/u_kvqd/U17262/ZN (OAI12V2_140P7T30R)               0.06       6.83 f
  u_cp/u_kvqd/U17365/ZN (XNOR2V2_140P7T30R)               0.05       6.88 f
  u_cp/u_kvqd/U17366/ZN (OAI22V1_140P7T30R)               0.04       6.92 r
  u_cp/u_kvqd/U857/CO (AD1V2_140P7T30R)                   0.05       6.97 r
  u_cp/u_kvqd/U864/S (AD1V2_140P7T30R)                    0.07       7.03 f
  u_cp/u_kvqd/U1345/S (AD1V2_140P7T30R)                   0.07       7.10 r
  u_cp/u_kvqd/U1745/ZN (CLKNOR2V3_140P7T30R)              0.02       7.12 f
  u_cp/u_kvqd/U1983/ZN (NOR2V2_140P7T30R)                 0.02       7.14 r
  u_cp/u_kvqd/U9636/ZN (NAND2V2_140P7T30R)                0.01       7.16 f
  u_cp/u_kvqd/U17402/ZN (OAI12V2_140P7T30R)               0.04       7.19 r
  u_cp/u_kvqd/U734/ZN (AOI12V6_140P7T30R)                 0.03       7.22 f
  u_cp/u_kvqd/U735/ZN (OAI12V8_140P7T30R)                 0.02       7.24 r
  u_cp/u_kvqd/U17523/ZN (XNOR2V2_140P7T30R)               0.03       7.27 r
  u_cp/u_kvqd/U17524/Z (BUFV8_140P7T30R)                  0.03       7.30 r
  u_cp/u_kvqd/U17545/ZN (MUX2NV2_140P7T30R)               0.03       7.33 r
  u_cp/u_kvqd/U17546/ZN (NAND4V1P5_140P7T30R)             0.03       7.35 f
  u_cp/u_kvqd/U1145/ZN (OAI112V2_140P7T30R)               0.04       7.39 r
  u_cp/u_kvqd/U17550/Z (AO1B2V4_140P7T30R)                0.03       7.42 f
  u_cp/u_kvqd/U2572/ZN (INV2_140P7T30R)                   0.04       7.46 r
  u_cp/u_kvqd/U13318/ZN (INV2_140P7T30R)                  0.03       7.48 f
  u_cp/u_kvqd/U17570/ZN (OAI12V2_140P7T30R)               0.03       7.51 r
  u_cp/u_kvqd/U4699/ZN (INV2_140P7T30R)                   0.01       7.52 f
  u_cp/u_kvqd/U1561/ZN (NOR2V2_140P7T30R)                 0.04       7.56 r
  u_cp/u_kvqd/U17612/Z (AO12V4_140P7T30R)                 0.05       7.61 r
  u_cp/u_kvqd/U17627/ZN (INV2_140P7T30R)                  0.05       7.66 f
  u_cp/u_kvqd/U17704/ZN (NOR2V4_140P7T30R)                0.04       7.70 r
  u_cp/u_kvqd/U4580/ZN (INV2_140P7T30R)                   0.02       7.71 f
  u_cp/u_kvqd/U17747/ZN (OAI22V1_140P7T30R)               0.02       7.74 r
  u_cp/u_kvqd/U17748/ZN (AOI12V2_140P7T30R)               0.01       7.75 f
  u_cp/u_kvqd/U17749/ZN (MUX2NV2_140P7T30R)               0.02       7.77 r
  u_cp/u_kvqd/U2553/Z (OA22V2_140P7T30R)                  0.03       7.81 r
  u_cp/u_kvqd/U2551/ZN (NAND2V2_140P7T30R)                0.01       7.82 f
  u_cp/u_kvqd/U688/ZN (NAND3BBV4_140P7T30R)               0.02       7.85 f
  u_cp/u_kvqd/U17750/ZN (NOR2V2_140P7T30R)                0.02       7.86 r
  u_cp/u_kvqd/U17751/ZN (NAND2V2_140P7T30R)               0.02       7.88 f
  u_cp/u_kvqd/U690/ZN (OAI12V4_140P7T30R)                 0.02       7.90 r
  u_cp/u_kvqd/U17754/ZN (NOR2V4_140P7T30R)                0.01       7.91 f
  u_cp/u_kvqd/U755/ZN (INV8_140P7T30R)                    0.01       7.92 r
  u_cp/u_kvqd/U4462/ZN (INV8_140P7T30R)                   0.01       7.93 f
  u_cp/u_kvqd/U17758/ZN (NOR2V2_140P7T30R)                0.02       7.95 r
  u_cp/u_kvqd/U17759/Z (XOR2V2_140P7T30R)                 0.02       7.98 f
  u_cp/u_kvqd/U1721/ZN (NAND2V2_140P7T30R)                0.03       8.00 r
  u_cp/u_kvqd/U17767/ZN (OAI12V2_140P7T30R)               0.02       8.02 f
  u_cp/u_kvqd/U17768/ZN (AOI12V2_140P7T30R)               0.03       8.05 r
  u_cp/u_kvqd/U17786/ZN (OAI12V2_140P7T30R)               0.03       8.09 f
  u_cp/u_kvqd/U683/ZN (AOI12V8_140P7T30R)                 0.03       8.12 r
  u_cp/u_kvqd/U17878/ZN (OAI12V2_140P7T30R)               0.02       8.14 f
  u_cp/u_kvqd/U17879/ZN (XNOR2V2_140P7T30R)               0.04       8.18 f
  u_cp/u_kvqd/U17882/Z (OR2V4_140P7T30R)                  0.03       8.21 f
  u_cp/u_kvqd/U1707/ZN (CLKNOR2V3_140P7T30R)              0.02       8.23 r
  u_cp/u_kvqd/U17883/ZN (CLKNAND2V4_140P7T30R)            0.02       8.25 f
  u_cp/u_kvqd/U17894/ZN (NOR2V4_140P7T30R)                0.02       8.26 r
  u_cp/u_kvqd/U17903/ZN (CLKNAND2V4_140P7T30R)            0.02       8.28 f
  u_cp/u_kvqd/U666/ZN (INV8_140P7T30R)                    0.01       8.30 r
  u_cp/u_kvqd/U17913/ZN (CLKNAND2V4_140P7T30R)            0.01       8.31 f
  u_cp/u_kvqd/U765/ZN (INV4_140P7T30R)                    0.01       8.32 r
  u_cp/u_kvqd/U17915/ZN (AOI12V2_140P7T30R)               0.01       8.33 f
  u_cp/u_kvqd/U17916/ZN (OAI12V2_140P7T30R)               0.02       8.35 r
  u_cp/u_kvqd/U17917/ZN (AOI12V2_140P7T30R)               0.02       8.37 f
  u_cp/u_kvqd/U753/ZN (OAI12V4_140P7T30R)                 0.02       8.39 r
  u_cp/u_kvqd/U17921/ZN (AOI12V4_140P7T30R)               0.02       8.40 f
  u_cp/u_kvqd/U17922/ZN (OAI12V4_140P7T30R)               0.03       8.43 r
  u_cp/u_kvqd/U4210/ZN (INV2_140P7T30R)                   0.02       8.45 f
  u_cp/u_kvqd/U17945/ZN (CLKNAND2V4_140P7T30R)            0.03       8.48 r
  u_cp/u_kvqd/U4185/ZN (INV2_140P7T30R)                   0.02       8.50 f
  u_cp/u_kvqd/U17985/ZN (AOI22V2_140P7T30R)               0.02       8.52 r
  u_cp/u_kvqd/U17986/ZN (OAI112V2_140P7T30R)              0.03       8.55 f
  u_cp/u_kvqd/U1705/Z (CLKMUX2V2_140P7T30R)               0.04       8.60 f
  u_cp/u_kvqd/U18262/ZN (AOI222V2_140P7T30R)              0.04       8.64 r
  u_cp/u_kvqd/U18265/ZN (OAI12V2_140P7T30R)               0.02       8.66 f
  u_cp/u_kvqd/U18266/Z (BUFV4_140P7T30R)                  0.04       8.70 f
  u_cp/u_kvqd/U18522/ZN (XNOR2V2_140P7T30R)               0.04       8.74 f
  u_cp/u_kvqd/U18523/ZN (OAI22V1_140P7T30R)               0.04       8.78 r
  u_cp/u_kvqd/U10685/S (AD1V2_140P7T30R)                  0.08       8.86 f
  u_cp/u_kvqd/U18575/S (AD1V4_140P7T30R)                  0.07       8.93 r
  u_cp/u_kvqd/U18561/CO (AD1V4_140P7T30R)                 0.04       8.97 r
  u_cp/u_kvqd/U18579/S (AD1V4_140P7T30R)                  0.06       9.03 f
  u_cp/u_kvqd/U18580/S (AD1V4_140P7T30R)                  0.07       9.09 r
  u_cp/u_kvqd/U1664/ZN (NOR2V2_140P7T30R)                 0.01       9.10 f
  u_cp/u_kvqd/U910/ZN (NOR2V2_140P7T30R)                  0.03       9.14 r
  u_cp/u_kvqd/U13312/ZN (NAND2V2_140P7T30R)               0.02       9.16 f
  u_cp/u_kvqd/U9963/ZN (NOR2V2_140P7T30R)                 0.04       9.20 r
  u_cp/u_kvqd/U712/ZN (AOI12V12_140P7T30R)                0.03       9.22 f
  u_cp/u_kvqd/U3697/ZN (OAI12V4_140P7T30R)                0.02       9.24 r
  u_cp/u_kvqd/U18724/ZN (XNOR2V2_140P7T30R)               0.03       9.28 r
  u_cp/u_kvqd/U18725/Z (BUFV8_140P7T30R)                  0.03       9.30 r
  u_cp/u_kvqd/U18757/ZN (MUX2NV2_140P7T30R)               0.03       9.33 r
  u_cp/u_kvqd/U1658/ZN (INV2_140P7T30R)                   0.01       9.34 f
  u_cp/u_kvqd/U18959/ZN (NAND4V1P5_140P7T30R)             0.02       9.37 r
  u_cp/u_kvqd/U672/ZN (OAI12V4_140P7T30R)                 0.02       9.39 f
  u_cp/u_kvqd/U11019/ZN (NOR3V2_140P7T30R)                0.05       9.44 r
  u_cp/u_kvqd/U641/Z (BUFV8_140P7T30R)                    0.04       9.47 r
  u_cp/u_kvqd/U12156/Z (AO1B2V4_140P7T30R)                0.04       9.52 r
  u_cp/u_kvqd/U11697/ZN (NAND2V2_140P7T30R)               0.02       9.54 f
  u_cp/u_kvqd/U19690/ZN (OAI12V2_140P7T30R)               0.03       9.57 r
  u_cp/u_kvqd/U19720/ZN (AOI12V2_140P7T30R)               0.02       9.59 f
  u_cp/u_kvqd/U19721/ZN (OAI12V2_140P7T30R)               0.02       9.61 r
  u_cp/u_kvqd/U19873/ZN (AOI12V4_140P7T30R)               0.02       9.63 f
  u_cp/u_kvqd/U1909/ZN (INV2_140P7T30R)                   0.02       9.66 r
  u_cp/u_kvqd/U19913/ZN (AOI12V2_140P7T30R)               0.02       9.67 f
  u_cp/u_kvqd/U19914/ZN (XNOR2V2_140P7T30R)               0.04       9.71 f
  u_cp/u_kvqd/U19916/ZN (OAI12V2_140P7T30R)               0.02       9.74 r
  u_cp/u_kvqd/U19917/Z (XOR2V2_140P7T30R)                 0.04       9.78 r
  u_cp/u_kvqd/U3473/ZN (INV2_140P7T30R)                   0.01       9.79 f
  u_cp/u_kvqd/U3446/ZN (NOR2V2_140P7T30R)                 0.03       9.82 r
  u_cp/u_kvqd/U19923/S (AD1V4_140P7T30R)                  0.07       9.88 f
  u_cp/u_kvqd/U19937/S (AD1V4_140P7T30R)                  0.07       9.95 r
  u_cp/u_kvqd/U86/ZN (NOR2V2_140P7T30R)                   0.01       9.96 f
  u_cp/u_kvqd/U19939/ZN (NOR2V4_140P7T30R)                0.02       9.98 r
  u_cp/u_kvqd/U1893/ZN (NAND2V2_140P7T30R)                0.02      10.00 f
  u_cp/u_kvqd/U957/ZN (NOR2V2_140P7T30R)                  0.03      10.03 r
  u_cp/u_kvqd/U19978/ZN (CLKNAND2V4_140P7T30R)            0.03      10.06 f
  u_cp/u_kvqd/U10473/ZN (NOR2V2_140P7T30R)                0.03      10.10 r
  u_cp/u_kvqd/U743/ZN (AOI12V6_140P7T30R)                 0.02      10.12 f
  u_cp/u_kvqd/U12165/Z (CLKXOR2V12_140P7T30R)             0.04      10.16 f
  u_cp/u_kvqd/U20545/ZN (MUX2NV2_140P7T30R)               0.03      10.19 f
  u_cp/u_kvqd/U20546/ZN (NOR2V2_140P7T30R)                0.03      10.21 r
  u_cp/u_kvqd/U20550/ZN (NAND2V2_140P7T30R)               0.01      10.23 f
  u_cp/u_kvqd/U20558/ZN (OAI12V2_140P7T30R)               0.02      10.25 r
  u_cp/u_kvqd/U2445/ZN (NAND2V2_140P7T30R)                0.02      10.26 f
  u_cp/u_kvqd/U1891/Z (OA12V4_140P7T30R)                  0.04      10.30 f
  u_cp/u_kvqd/U1274/ZN (OAI12V4_140P7T30R)                0.04      10.35 r
  u_cp/u_kvqd/U3198/ZN (INV4_140P7T30R)                   0.03      10.38 f
  u_cp/u_kvqd/U20584/ZN (CLKNAND2V4_140P7T30R)            0.04      10.41 r
  u_cp/u_kvqd/U2438/ZN (INV6_140P7T30R)                   0.03      10.44 f
  u_cp/u_kvqd/U20624/ZN (INV4_140P7T30R)                  0.03      10.47 r
  u_cp/u_kvqd/U20785/ZN (OAI22V1_140P7T30R)               0.02      10.49 f
  u_cp/u_kvqd/U13445/ZN (NOR2V2_140P7T30R)                0.03      10.52 r
  u_cp/u_kvqd/U20788/ZN (MUX2NV2_140P7T30R)               0.02      10.54 f
  u_cp/u_kvqd/U12102/Z (CLKMUX2V2_140P7T30R)              0.05      10.59 f
  u_cp/u_kvqd/U20789/ZN (AOI22V4_140P7T30R)               0.04      10.63 r
  u_cp/u_kvqd/U2956/ZN (NOR2V2_140P7T30R)                 0.01      10.64 f
  u_cp/u_kvqd/U2929/ZN (AOI12V2_140P7T30R)                0.02      10.66 r
  u_cp/u_kvqd/U20921/Z (OR2V4_140P7T30R)                  0.03      10.69 r
  u_cp/u_kvqd/U2906/ZN (INV4_140P7T30R)                   0.02      10.72 f
  u_cp/u_kvqd/U20984/ZN (MUX2NV2_140P7T30R)               0.03      10.74 r
  u_cp/u_kvqd/U2897/ZN (OAI12V2_140P7T30R)                0.03      10.77 f
  u_cp/u_kvqd/U1527/ZN (NOR2V2_140P7T30R)                 0.03      10.80 r
  u_cp/u_kvqd/U2884/ZN (INV2_140P7T30R)                   0.02      10.82 f
  u_cp/u_kvqd/U689/ZN (NOR2V4_140P7T30R)                  0.02      10.84 r
  u_cp/u_kvqd/U20989/ZN (CLKNAND2V4_140P7T30R)            0.02      10.86 f
  u_cp/u_kvqd/U661/ZN (NOR2V4_140P7T30R)                  0.01      10.87 r
  u_cp/u_kvqd/U28176/CO (ADH1V4_140P7T30R)                0.03      10.91 r
  u_cp/u_kvqd/U745/ZN (INV4_140P7T30R)                    0.01      10.91 f
  u_cp/u_kvqd/U2861/ZN (CLKNOR2V3_140P7T30R)              0.02      10.93 r
  u_cp/u_kvqd/U28174/CO (ADH1V4_140P7T30R)                0.03      10.96 r
  u_cp/u_kvqd/U1113/ZN (INV3_140P7T30R)                   0.01      10.97 f
  u_cp/u_kvqd/U1526/ZN (NOR2V4_140P7T30R)                 0.02      10.98 r
  u_cp/u_kvqd/U1270/ZN (NAND2V3_140P7T30R)                0.02      11.00 f
  u_cp/u_kvqd/U1635/ZN (NOR2V4_140P7T30R)                 0.02      11.02 r
  u_cp/u_kvqd/U1269/ZN (NAND2V3_140P7T30R)                0.02      11.04 f
  u_cp/u_kvqd/U715/ZN (NOR2V6_140P7T30R)                  0.02      11.06 r
  u_cp/u_kvqd/U716/ZN (CLKNAND2V6_140P7T30R)              0.01      11.07 f
  u_cp/u_kvqd/U20995/ZN (NOR2V4_140P7T30R)                0.02      11.09 r
  u_cp/u_kvqd/U1634/ZN (NAND2V3_140P7T30R)                0.02      11.11 f
  u_cp/u_kvqd/U2289/ZN (NOR2V4_140P7T30R)                 0.02      11.13 r
  u_cp/u_kvqd/U709/Z (AND2V6_140P7T30R)                   0.02      11.15 r
  u_cp/u_kvqd/U20996/ZN (CLKNAND2V4_140P7T30R)            0.02      11.17 f
  u_cp/u_kvqd/U741/ZN (NOR2V6_140P7T30R)                  0.02      11.19 r
  u_cp/u_kvqd/U742/ZN (CLKNAND2V6_140P7T30R)              0.01      11.20 f
  u_cp/u_kvqd/U1633/ZN (NOR2V6_140P7T30R)                 0.02      11.23 r
  u_cp/u_kvqd/U2288/ZN (NAND2V3_140P7T30R)                0.01      11.24 f
  u_cp/u_kvqd/U28166/Z (XOR2V2_140P7T30R)                 0.03      11.27 f
  u_cp/u_kvqd/U2845/ZN (NAND2XBV2_140P7T30R)              0.03      11.30 f
  u_cp/u_kvqd/U28232/ZN (NOR4V2_140P7T30R)                0.03      11.32 r
  u_cp/u_kvqd/U1884/ZN (OAI112V2_140P7T30R)               0.03      11.35 f
  u_cp/u_kvqd/U1525/ZN (INV2_140P7T30R)                   0.02      11.37 r
  u_cp/u_kvqd/U2841/ZN (NOR2V4_140P7T30R)                 0.01      11.39 f
  u_cp/u_kvqd/U2840/ZN (INV2_140P7T30R)                   0.01      11.40 r
  u_cp/u_kvqd/U28399/ZN (OAI12V2_140P7T30R)               0.02      11.42 f
  u_cp/u_kvqd/U2837/ZN (INV2_140P7T30R)                   0.02      11.44 r
  u_cp/u_kvqd/U1110/ZN (NAND3V2_140P7T30R)                0.02      11.45 f
  u_cp/u_kvqd/wr_data[5] (kv_quantdequant)                0.00      11.45 f
  u_cp/U40279/Z (AO12V2_140P7T30R)                        0.02      11.48 f
  u_cp/mem_wr_data[5] (command_processor_NINST4096_MAX_VEC128)     0.00    11.48 f
  hbm_wdata[5] (out)                                      0.00      11.48 f
  data arrival time                                                 11.48

  clock clk (rise edge)                                   1.00       1.00
  clock network delay (ideal)                             0.00       1.00
  output external delay                                   0.00       1.00
  data required time                                                 1.00
  --------------------------------------------------------------------------
  data required time                                                 1.00
  data arrival time                                                -11.48
  --------------------------------------------------------------------------
  slack (VIOLATED)                                                 -10.48


  Startpoint: u_cp/pos_base_reg[2]
              (rising edge-triggered flip-flop clocked by clk)
  Endpoint: u_cp/u_bfeed/row_reg[88][26]
            (rising edge-triggered flip-flop clocked by clk)
  Path Group: clk
  Path Type: max

  Point                                                   Incr       Path
  --------------------------------------------------------------------------
  clock clk (rise edge)                                   0.00       0.00
  clock network delay (ideal)                             0.00       0.00
  u_cp/pos_base_reg[2]/CK (DQV6_140P7T30R)                0.00 #     0.00 r
  u_cp/pos_base_reg[2]/Q (DQV6_140P7T30R)                 0.06       0.06 r
  u_cp/u_bfeed/pos_base[2] (kv_bfeed_MAX_N128)            0.00       0.06 r
  u_cp/u_bfeed/U147343/ZN (CLKNAND2V16_140P7T30R)         0.02       0.07 f
  u_cp/u_bfeed/U40799/ZN (INV8_140P7T30R)                 0.02       0.09 r
  u_cp/u_bfeed/U40789/ZN (INV10_140P7T30R)                0.01       0.10 f
  u_cp/u_bfeed/U40785/ZN (NOR2V12_140P7T30R)              0.01       0.12 r
  u_cp/u_bfeed/U48769/ZN (CLKNAND2V16_140P7T30R)          0.01       0.13 f
  u_cp/u_bfeed/U45457/ZN (NAND3V12_140P7T30R)             0.01       0.14 r
  u_cp/u_bfeed/U43247/ZN (CLKINV20_140P7T30R)             0.01       0.15 f
  u_cp/u_bfeed/U43150/ZN (INV24_140P7T30R)                0.01       0.16 r
  u_cp/u_bfeed/U70702/ZN (CLKNAND2V16_140P7T30R)          0.01       0.17 f
  u_cp/u_bfeed/U40735/ZN (CLKINV10_140P7T30R)             0.01       0.18 r
  u_cp/u_bfeed/U43114/ZN (NOR2V16_140P7T30R)              0.01       0.19 f
  u_cp/u_bfeed/U41515/ZN (OAI12V8_140P7T30R)              0.01       0.21 r
  u_cp/u_bfeed/U40703/ZN (NAND2V8_140P7T30R)              0.01       0.22 f
  u_cp/u_bfeed/U148440/ZN (NOR2V16_140P7T30R)             0.03       0.25 r
  u_cp/u_bfeed/U56754/ZN (INV32_140P7T30R)                0.01       0.26 f
  u_cp/u_bfeed/U46465/ZN (CLKNAND2V16_140P7T30R)          0.02       0.28 r
  u_cp/u_bfeed/U46464/ZN (CLKINV32_140P7T30R)             0.01       0.29 f
  u_cp/u_bfeed/U65292/ZN (NAND2XBV16_140P7T30R)           0.01       0.30 r
  u_cp/u_bfeed/U50558/ZN (NAND2XBV16_140P7T30R)           0.01       0.31 f
  u_cp/u_bfeed/U51015/ZN (NOR2V16_140P7T30R)              0.02       0.32 r
  u_cp/u_bfeed/U56774/ZN (AOI22V12_140P7T30R)             0.02       0.34 f
  u_cp/u_bfeed/U65317/ZN (CLKNAND2V16_140P7T30R)          0.02       0.35 r
  u_cp/u_bfeed/U65316/ZN (CLKINV32_140P7T30R)             0.01       0.36 f
  u_cp/u_bfeed/U40494/ZN (INV6_140P7T30R)                 0.02       0.38 r
  u_cp/u_bfeed/U150252/ZN (XNOR2V4_140P7T30R)             0.03       0.41 r
  u_cp/u_bfeed/U157296/ZN (OAI22V4_140P7T30R)             0.02       0.43 f
  u_cp/u_bfeed/U153468/ZN (XNOR2V2_140P7T30R)             0.04       0.47 f
  u_cp/u_bfeed/U76072/ZN (XNOR2V4_140P7T30R)              0.04       0.51 f
  u_cp/u_bfeed/U153737/ZN (XNOR2V2_140P7T30R)             0.03       0.54 f
  u_cp/u_bfeed/U40289/ZN (XNOR2V2_140P7T30R)              0.04       0.58 r
  u_cp/u_bfeed/U40262/ZN (OAI12V2_140P7T30R)              0.03       0.61 f
  u_cp/u_bfeed/U176331/Z (AO1B2V4_140P7T30R)              0.02       0.63 r
  u_cp/u_bfeed/U41632/ZN (NOR2V8_140P7T30R)               0.01       0.64 f
  u_cp/u_bfeed/U53409/ZN (NOR2V12_140P7T30R)              0.02       0.66 r
  u_cp/u_bfeed/U40178/ZN (NAND2V8_140P7T30R)              0.02       0.67 f
  u_cp/u_bfeed/U40161/ZN (NOR2V12_140P7T30R)              0.01       0.69 r
  u_cp/u_bfeed/U40151/ZN (NAND2V12_140P7T30R)             0.02       0.70 f
  u_cp/u_bfeed/U148417/ZN (CLKNAND2V16_140P7T30R)         0.02       0.72 r
  u_cp/u_bfeed/U148416/ZN (CLKNAND2V16_140P7T30R)         0.01       0.74 f
  u_cp/u_bfeed/U147430/ZN (CLKNAND2V16_140P7T30R)         0.01       0.75 r
  u_cp/u_bfeed/U59487/ZN (NAND2XBV16_140P7T30R)           0.02       0.77 f
  u_cp/u_bfeed/U59486/ZN (CLKINV32_140P7T30R)             0.02       0.79 r
  u_cp/u_bfeed/U39943/ZN (NAND2V8_140P7T30R)              0.01       0.81 f
  u_cp/u_bfeed/U45699/ZN (CLKNAND2V16_140P7T30R)          0.02       0.82 r
  u_cp/u_bfeed/U186040/CO (AD1V4_140P7T30R)               0.04       0.87 r
  u_cp/u_bfeed/U50021/ZN (OAI12V6_140P7T30R)              0.02       0.88 f
  u_cp/u_bfeed/U50022/ZN (NAND2V8_140P7T30R)              0.01       0.90 r
  u_cp/u_bfeed/U67522/ZN (OAI12V6_140P7T30R)              0.01       0.91 f
  u_cp/u_bfeed/U73109/ZN (CLKNAND2V6_140P7T30R)           0.02       0.92 r
  u_cp/u_bfeed/U72297/Z (CLKXOR2V6_140P7T30R)             0.02       0.95 r
  u_cp/u_bfeed/U150237/ZN (XNOR2V4_140P7T30R)             0.03       0.98 r
  u_cp/u_bfeed/U45193/ZN (NAND2V8_140P7T30R)              0.01       1.00 f
  u_cp/u_bfeed/U39608/ZN (NAND3V3_140P7T30R)              0.01       1.01 r
  u_cp/u_bfeed/U64132/ZN (OAI112V6_140P7T30R)             0.03       1.04 f
  u_cp/u_bfeed/U150238/ZN (AOI12V12_140P7T30R)            0.02       1.06 r
  u_cp/u_bfeed/U150812/ZN (OAI12V12_140P7T30R)            0.02       1.08 f
  u_cp/u_bfeed/U151969/ZN (CLKNAND2V16_140P7T30R)         0.02       1.10 r
  u_cp/u_bfeed/U147743/ZN (CLKNAND2V16_140P7T30R)         0.02       1.12 f
  u_cp/u_bfeed/U69025/ZN (CLKINV20_140P7T30R)             0.01       1.13 r
  u_cp/u_bfeed/U67955/Z (OA12V8_140P7T30R)                0.03       1.16 r
  u_cp/u_bfeed/U39251/ZN (INV5_140P7T30R)                 0.01       1.17 f
  u_cp/u_bfeed/U147620/Z (CLKXOR2V6_140P7T30R)            0.03       1.21 f
  u_cp/u_bfeed/U157607/ZN (NOR2V16_140P7T30R)             0.02       1.23 r
  u_cp/u_bfeed/U73084/ZN (NAND3V12_140P7T30R)             0.02       1.25 f
  u_cp/u_bfeed/U68378/ZN (CLKINV20_140P7T30R)             0.02       1.27 r
  u_cp/u_bfeed/U54794/ZN (OAI112V6_140P7T30R)             0.02       1.29 f
  u_cp/u_bfeed/U54711/ZN (NAND2XBV6_140P7T30R)            0.02       1.31 r
  u_cp/u_bfeed/U59982/ZN (NAND2V12_140P7T30R)             0.01       1.32 f
  u_cp/u_bfeed/U43377/ZN (NOR2V16_140P7T30R)              0.02       1.34 r
  u_cp/u_bfeed/U69648/ZN (NAND2V8_140P7T30R)              0.01       1.35 f
  u_cp/u_bfeed/U68917/ZN (NOR2V8_140P7T30R)               0.01       1.36 r
  u_cp/u_bfeed/U68916/Z (CLKXOR2V6_140P7T30R)             0.01       1.38 f
  u_cp/u_bfeed/U60764/ZN (AOI12V12_140P7T30R)             0.02       1.40 r
  u_cp/u_bfeed/U60029/ZN (NAND2V12_140P7T30R)             0.01       1.41 f
  u_cp/u_bfeed/U68903/ZN (NOR2V16_140P7T30R)              0.02       1.43 r
  u_cp/u_bfeed/U57643/ZN (CLKINV16_140P7T30R)             0.01       1.44 f
  u_cp/u_bfeed/U58642/ZN (OAI12V8_140P7T30R)              0.01       1.45 r
  u_cp/u_bfeed/U44442/ZN (NAND3V6_140P7T30R)              0.02       1.47 f
  u_cp/u_bfeed/U60173/ZN (CLKNAND2V16_140P7T30R)          0.02       1.50 r
  u_cp/u_bfeed/U66766/ZN (CLKNAND2V16_140P7T30R)          0.02       1.52 f
  u_cp/u_bfeed/U38100/ZN (NOR2V2_140P7T30R)               0.02       1.54 r
  u_cp/u_bfeed/U57430/ZN (NOR2V6_140P7T30R)               0.01       1.55 f
  u_cp/u_bfeed/U112390/ZN (CLKNAND2V4_140P7T30R)          0.01       1.57 r
  u_cp/u_bfeed/U47765/ZN (NAND2V12_140P7T30R)             0.01       1.58 f
  u_cp/u_bfeed/U105185/ZN (NAND2XBV12_140P7T30R)          0.01       1.60 r
  u_cp/u_bfeed/U72432/ZN (INV32_140P7T30R)                0.01       1.61 f
  u_cp/u_bfeed/U186101/S (AD1V4_140P7T30R)                0.07       1.67 r
  u_cp/u_bfeed/U153470/ZN (XNOR2V4_140P7T30R)             0.03       1.71 r
  u_cp/u_bfeed/U153290/ZN (XNOR2V4_140P7T30R)             0.04       1.74 r
  u_cp/u_bfeed/U59252/ZN (NOR2V8_140P7T30R)               0.01       1.76 f
  u_cp/u_bfeed/U72390/ZN (NOR2V8_140P7T30R)               0.02       1.77 r
  u_cp/u_bfeed/U73371/ZN (NAND2V8_140P7T30R)              0.01       1.78 f
  u_cp/u_bfeed/U47927/ZN (AOI12V8_140P7T30R)              0.02       1.80 r
  u_cp/u_bfeed/U47925/ZN (AOI12V12_140P7T30R)             0.01       1.82 f
  u_cp/u_bfeed/U69308/ZN (NOR2V16_140P7T30R)              0.03       1.84 r
  u_cp/u_bfeed/U121861/ZN (OAI12V8_140P7T30R)             0.02       1.86 f
  u_cp/u_bfeed/U73074/ZN (NAND2V8_140P7T30R)              0.02       1.88 r
  u_cp/u_bfeed/U73406/ZN (AOI12V6_140P7T30R)              0.01       1.89 f
  u_cp/u_bfeed/U58029/ZN (OAI12V8_140P7T30R)              0.02       1.91 r
  u_cp/u_bfeed/U148409/ZN (AOI12V8_140P7T30R)             0.01       1.92 f
  u_cp/u_bfeed/U37318/ZN (CLKNAND2V4_140P7T30R)           0.01       1.93 r
  u_cp/u_bfeed/U37292/ZN (NAND2V8_140P7T30R)              0.02       1.95 f
  u_cp/u_bfeed/U69670/ZN (CLKNAND2V16_140P7T30R)          0.02       1.97 r
  u_cp/u_bfeed/U105118/ZN (NOR2XBV4_140P7T30R)            0.01       1.98 f
  u_cp/u_bfeed/U37149/ZN (AOI12V4_140P7T30R)              0.02       2.00 r
  u_cp/u_bfeed/U37104/ZN (NAND2V8_140P7T30R)              0.02       2.03 f
  u_cp/u_bfeed/U93087/ZN (NAND2V3_140P7T30R)              0.01       2.04 r
  u_cp/u_bfeed/U36973/ZN (CLKNAND2V4_140P7T30R)           0.02       2.05 f
  u_cp/u_bfeed/U36932/ZN (NAND2XBV12_140P7T30R)           0.03       2.08 f
  u_cp/u_bfeed/U36846/ZN (NAND2XBV6_140P7T30R)            0.01       2.09 r
  u_cp/u_bfeed/U36831/ZN (CLKNAND2V4_140P7T30R)           0.02       2.11 f
  u_cp/u_bfeed/U50386/ZN (NOR2V12_140P7T30R)              0.02       2.13 r
  u_cp/u_bfeed/U36706/ZN (NOR2V2_140P7T30R)               0.02       2.14 f
  u_cp/u_bfeed/U105035/ZN (NOR2V6_140P7T30R)              0.02       2.17 r
  u_cp/u_bfeed/U82112/ZN (CLKNAND2V6_140P7T30R)           0.02       2.18 f
  u_cp/u_bfeed/U36654/ZN (NOR2V8_140P7T30R)               0.02       2.21 r
  u_cp/u_bfeed/U52589/ZN (CLKNAND2V16_140P7T30R)          0.02       2.22 f
  u_cp/u_bfeed/U36494/ZN (NOR2V4_140P7T30R)               0.01       2.24 r
  u_cp/u_bfeed/U86072/ZN (NAND2XBV6_140P7T30R)            0.02       2.26 r
  u_cp/u_bfeed/U143656/Z (CLKXOR2V6_140P7T30R)            0.03       2.29 r
  u_cp/u_bfeed/U71266/ZN (OAI12V12_140P7T30R)             0.02       2.31 f
  u_cp/u_bfeed/U51081/ZN (NOR2V8_140P7T30R)               0.02       2.33 r
  u_cp/u_bfeed/U51080/ZN (NAND3V8_140P7T30R)              0.02       2.34 f
  u_cp/u_bfeed/U150976/ZN (NOR3V8_140P7T30R)              0.02       2.36 r
  u_cp/u_bfeed/U151011/ZN (NOR2V12_140P7T30R)             0.01       2.38 f
  u_cp/u_bfeed/U152663/ZN (CLKNAND2V16_140P7T30R)         0.01       2.39 r
  u_cp/u_bfeed/U147776/ZN (CLKNAND2V16_140P7T30R)         0.01       2.40 f
  u_cp/u_bfeed/U41270/ZN (NAND2V8_140P7T30R)              0.01       2.41 r
  u_cp/u_bfeed/U121537/Z (CLKXOR2V6_140P7T30R)            0.03       2.45 r
  u_cp/u_bfeed/U68316/ZN (INV7_140P7T30R)                 0.01       2.45 f
  u_cp/u_bfeed/U60784/ZN (NAND2V12_140P7T30R)             0.01       2.47 r
  u_cp/u_bfeed/U61046/ZN (INV12_140P7T30R)                0.01       2.47 f
  u_cp/u_bfeed/U62439/ZN (NOR2V12_140P7T30R)              0.01       2.48 r
  u_cp/u_bfeed/U41303/ZN (AOI12V8_140P7T30R)              0.01       2.49 f
  u_cp/u_bfeed/U41574/ZN (OAI22V8_140P7T30R)              0.02       2.51 r
  u_cp/u_bfeed/U121488/ZN (NAND2V8_140P7T30R)             0.01       2.52 f
  u_cp/u_bfeed/U72114/ZN (NAND2V12_140P7T30R)             0.01       2.53 r
  u_cp/u_bfeed/U65294/ZN (NAND2V12_140P7T30R)             0.01       2.54 f
  u_cp/u_bfeed/U68953/ZN (CLKNAND2V16_140P7T30R)          0.01       2.55 r
  u_cp/u_bfeed/U54799/ZN (CLKNAND2V16_140P7T30R)          0.02       2.57 f
  u_cp/u_bfeed/U35671/ZN (NAND2V12_140P7T30R)             0.02       2.59 r
  u_cp/u_bfeed/U35616/ZN (INV10_140P7T30R)                0.01       2.60 f
  u_cp/u_bfeed/U148442/ZN (NOR2V16_140P7T30R)             0.02       2.61 r
  u_cp/u_bfeed/U35469/Z (BUFV10_140P7T30R)                0.02       2.64 r
  u_cp/u_bfeed/U111846/ZN (CLKNAND2V4_140P7T30R)          0.01       2.65 f
  u_cp/u_bfeed/U58468/ZN (NAND3V8_140P7T30R)              0.02       2.67 r
  u_cp/u_bfeed/U45001/ZN (INV8_140P7T30R)                 0.01       2.68 f
  u_cp/u_bfeed/U50343/ZN (NAND2V12_140P7T30R)             0.01       2.68 r
  u_cp/u_bfeed/U35199/ZN (CLKNAND2V6_140P7T30R)           0.01       2.69 f
  u_cp/u_bfeed/U35138/ZN (NOR2V8_140P7T30R)               0.02       2.71 r
  u_cp/u_bfeed/U61057/ZN (NOR2V16_140P7T30R)              0.01       2.72 f
  u_cp/u_bfeed/U89884/ZN (NAND2V3_140P7T30R)              0.01       2.73 r
  u_cp/u_bfeed/U34885/ZN (INV5_140P7T30R)                 0.01       2.74 f
  u_cp/u_bfeed/U34860/ZN (AOI12V6_140P7T30R)              0.02       2.77 r
  u_cp/u_bfeed/U45013/ZN (OAI12V8_140P7T30R)              0.02       2.78 f
  u_cp/u_bfeed/U57701/ZN (NAND2XBV4_140P7T30R)            0.01       2.79 r
  u_cp/u_bfeed/U101020/ZN (NAND2V2_140P7T30R)             0.01       2.81 f
  u_cp/u_bfeed/U178746/ZN (AOI12V4_140P7T30R)             0.02       2.83 r
  u_cp/u_bfeed/U96458/ZN (OAI12V4_140P7T30R)              0.02       2.85 f
  u_cp/u_bfeed/U104865/ZN (XNOR2V2_140P7T30R)             0.03       2.87 f
  u_cp/u_bfeed/U89845/ZN (CLKNAND2V4_140P7T30R)           0.02       2.89 r
  u_cp/u_bfeed/U34482/ZN (CLKNAND2V6_140P7T30R)           0.02       2.91 f
  u_cp/u_bfeed/U34468/ZN (NOR2V12_140P7T30R)              0.02       2.93 r
  u_cp/u_bfeed/U54834/ZN (CLKNAND2V16_140P7T30R)          0.02       2.94 f
  u_cp/u_bfeed/U34328/ZN (AOI12V6_140P7T30R)              0.03       2.97 r
  u_cp/u_bfeed/U153084/ZN (OAI22V12_140P7T30R)            0.02       3.00 f
  u_cp/u_bfeed/U70115/ZN (NOR2V16_140P7T30R)              0.01       3.01 r
  u_cp/u_bfeed/U43393/ZN (OAI12V8_140P7T30R)              0.01       3.03 f
  u_cp/u_bfeed/U153218/ZN (OAI12V12_140P7T30R)            0.03       3.05 r
  u_cp/u_bfeed/U34140/ZN (NAND2XBV6_140P7T30R)            0.01       3.06 f
  u_cp/u_bfeed/U42256/ZN (NAND3V6_140P7T30R)              0.01       3.08 r
  u_cp/u_bfeed/U153149/ZN (NAND3V8_140P7T30R)             0.01       3.09 f
  u_cp/u_bfeed/U72257/ZN (NAND2V8_140P7T30R)              0.02       3.10 r
  u_cp/u_bfeed/U41148/ZN (CLKNAND2V16_140P7T30R)          0.01       3.12 f
  u_cp/u_bfeed/U71969/ZN (NOR2V8_140P7T30R)               0.01       3.13 r
  u_cp/u_bfeed/U47548/ZN (NOR2V8_140P7T30R)               0.01       3.14 f
  u_cp/u_bfeed/U58442/ZN (NOR2V12_140P7T30R)              0.01       3.15 r
  u_cp/u_bfeed/U58443/ZN (CLKNAND2V16_140P7T30R)          0.01       3.17 f
  u_cp/u_bfeed/U121085/ZN (CLKINV20_140P7T30R)            0.01       3.18 r
  u_cp/u_bfeed/U62292/ZN (NAND3V12_140P7T30R)             0.02       3.19 f
  u_cp/u_bfeed/U71676/ZN (CLKNAND2V16_140P7T30R)          0.02       3.21 r
  u_cp/u_bfeed/U92851/ZN (INV24_140P7T30R)                0.02       3.22 f
  u_cp/u_bfeed/U41274/ZN (CLKNAND2V4_140P7T30R)           0.01       3.24 r
  u_cp/u_bfeed/U121062/ZN (NAND2V3_140P7T30R)             0.01       3.25 f
  u_cp/u_bfeed/U96363/ZN (OAI12V4_140P7T30R)              0.02       3.27 r
  u_cp/u_bfeed/U100891/Z (AO12V4_140P7T30R)               0.03       3.30 r
  u_cp/u_bfeed/U51018/ZN (NAND2V8_140P7T30R)              0.01       3.31 f
  u_cp/u_bfeed/U150319/ZN (OAI22V12_140P7T30R)            0.02       3.33 r
  u_cp/u_bfeed/U32993/ZN (NOR2V4_140P7T30R)               0.02       3.35 f
  u_cp/u_bfeed/U49982/ZN (NOR2V12_140P7T30R)              0.01       3.36 r
  u_cp/u_bfeed/U32936/ZN (NAND2V8_140P7T30R)              0.01       3.38 f
  u_cp/u_bfeed/U151106/ZN (OAI12V12_140P7T30R)            0.03       3.40 r
  u_cp/u_bfeed/U53873/ZN (INV20_140P7T30R)                0.01       3.42 f
  u_cp/u_bfeed/U52037/ZN (INV40_140P7T30R)                0.01       3.43 r
  u_cp/u_bfeed/U32711/ZN (NAND2XBV4_140P7T30R)            0.01       3.44 f
  u_cp/u_bfeed/U46520/ZN (NAND3V6_140P7T30R)              0.01       3.45 r
  u_cp/u_bfeed/U96284/ZN (XNOR2V4_140P7T30R)              0.03       3.48 r
  u_cp/u_bfeed/U62332/ZN (OAI22V8_140P7T30R)              0.02       3.50 f
  u_cp/u_bfeed/U72391/ZN (NOR2V16_140P7T30R)              0.02       3.52 r
  u_cp/u_bfeed/U65892/ZN (CLKNAND2V16_140P7T30R)          0.02       3.54 f
  u_cp/u_bfeed/U70719/ZN (NOR3V12_140P7T30R)              0.03       3.57 r
  u_cp/u_bfeed/U46849/ZN (CLKNAND2V16_140P7T30R)          0.02       3.59 f
  u_cp/u_bfeed/U45333/ZN (CLKINV20_140P7T30R)             0.01       3.60 r
  u_cp/u_bfeed/U32359/ZN (NOR2V8_140P7T30R)               0.01       3.61 f
  u_cp/u_bfeed/U64731/ZN (NAND2V12_140P7T30R)             0.01       3.62 r
  u_cp/u_bfeed/U43881/ZN (CLKNAND2V16_140P7T30R)          0.01       3.63 f
  u_cp/u_bfeed/U65288/ZN (CLKNAND2V16_140P7T30R)          0.01       3.64 r
  u_cp/u_bfeed/U152740/ZN (AOI12V12_140P7T30R)            0.02       3.66 f
  u_cp/u_bfeed/U57590/Z (CLKXOR2V12_140P7T30R)            0.03       3.69 f
  u_cp/u_bfeed/U142202/ZN (OAI12V8_140P7T30R)             0.02       3.72 r
  u_cp/u_bfeed/U32099/ZN (NAND2XBV6_140P7T30R)            0.02       3.74 f
  u_cp/u_bfeed/U42267/ZN (CLKNAND2V16_140P7T30R)          0.01       3.75 r
  u_cp/u_bfeed/U62441/ZN (INV12_140P7T30R)                0.01       3.76 f
  u_cp/u_bfeed/U31979/Z (CLKXOR2V6_140P7T30R)             0.03       3.79 f
  u_cp/u_bfeed/U152948/ZN (CLKNAND2V16_140P7T30R)         0.01       3.80 r
  u_cp/u_bfeed/U31673/ZN (NAND3V6_140P7T30R)              0.03       3.83 f
  u_cp/u_bfeed/U61773/ZN (NOR2V8_140P7T30R)               0.03       3.86 r
  u_cp/u_bfeed/U42272/Z (AND2V6_140P7T30R)                0.02       3.88 r
  u_cp/u_bfeed/U58427/ZN (NOR2V8_140P7T30R)               0.01       3.89 f
  u_cp/u_bfeed/U58399/ZN (NAND2V12_140P7T30R)             0.01       3.90 r
  u_cp/u_bfeed/U54846/ZN (INV16_140P7T30R)                0.01       3.91 f
  u_cp/u_bfeed/U31316/ZN (NAND2XBV12_140P7T30R)           0.01       3.92 r
  u_cp/u_bfeed/U31237/ZN (CLKNAND2V6_140P7T30R)           0.02       3.94 f
  u_cp/u_bfeed/U31087/ZN (NOR2V2_140P7T30R)               0.02       3.96 r
  u_cp/u_bfeed/U141926/ZN (INV2_140P7T30R)                0.01       3.97 f
  u_cp/u_bfeed/U186740/ZN (NOR2V2_140P7T30R)              0.01       3.99 r
  u_cp/u_bfeed/U153409/ZN (AOI21BV2_140P7T30R)            0.02       4.00 f
  u_cp/u_bfeed/U141878/ZN (XNOR2V2_140P7T30R)             0.03       4.04 f
  u_cp/u_bfeed/U141855/Z (AO22V6_140P7T30R)               0.03       4.07 f
  u_cp/u_bfeed/U68211/ZN (NOR2V12_140P7T30R)              0.02       4.09 r
  u_cp/u_bfeed/U30827/ZN (NAND3V6_140P7T30R)              0.03       4.11 f
  u_cp/u_bfeed/U96108/ZN (NOR2V12_140P7T30R)              0.02       4.13 r
  u_cp/u_bfeed/U153297/ZN (NAND2V3_140P7T30R)             0.01       4.14 f
  u_cp/u_bfeed/U30693/ZN (NOR2V6_140P7T30R)               0.02       4.17 r
  u_cp/u_bfeed/U63206/ZN (CLKNAND2V16_140P7T30R)          0.02       4.18 f
  u_cp/u_bfeed/U59044/ZN (CLKNAND2V16_140P7T30R)          0.01       4.19 r
  u_cp/u_bfeed/U30346/Z (BUFV2_140P7T30R)                 0.02       4.21 r
  u_cp/u_bfeed/U30332/ZN (INV6_140P7T30R)                 0.01       4.23 f
  u_cp/u_bfeed/U30307/ZN (NOR2V2_140P7T30R)               0.05       4.28 r
  u_cp/u_bfeed/U120530/ZN (INV4_140P7T30R)                0.02       4.29 f
  u_cp/u_bfeed/U81681/ZN (OAI22V1_140P7T30R)              0.03       4.32 r
  u_cp/u_bfeed/U110785/Z (AO12V4_140P7T30R)               0.02       4.35 r
  u_cp/u_bfeed/U30156/ZN (CLKNAND2V4_140P7T30R)           0.02       4.36 f
  u_cp/u_bfeed/U153097/ZN (CLKNAND2V16_140P7T30R)         0.02       4.38 r
  u_cp/u_bfeed/U30039/Z (BUFV16_140P7T30R)                0.02       4.40 r
  u_cp/u_bfeed/U62260/Z (AO1B2V4_140P7T30R)               0.03       4.43 r
  u_cp/u_bfeed/U176769/S (AD1V4_140P7T30R)                0.06       4.49 f
  u_cp/u_bfeed/U29809/ZN (OAI12V2_140P7T30R)              0.02       4.51 r
  u_cp/u_bfeed/U50437/ZN (OAI12V4_140P7T30R)              0.02       4.54 f
  u_cp/u_bfeed/U141464/ZN (NOR2V6_140P7T30R)              0.03       4.56 r
  u_cp/u_bfeed/U47564/ZN (OAI12V6_140P7T30R)              0.01       4.58 f
  u_cp/u_bfeed/U47565/ZN (CLKNAND2V6_140P7T30R)           0.01       4.59 r
  u_cp/u_bfeed/U41136/ZN (NAND2V8_140P7T30R)              0.01       4.60 f
  u_cp/u_bfeed/U153940/ZN (OAI12V6_140P7T30R)             0.02       4.61 r
  u_cp/u_bfeed/U152945/ZN (NAND2V8_140P7T30R)             0.01       4.63 f
  u_cp/u_bfeed/U70321/ZN (NAND3V12_140P7T30R)             0.01       4.64 r
  u_cp/u_bfeed/U59082/ZN (CLKNAND2V16_140P7T30R)          0.01       4.65 f
  u_cp/u_bfeed/U57640/ZN (CLKNAND2V16_140P7T30R)          0.01       4.66 r
  u_cp/u_bfeed/U29248/ZN (NAND3V6_140P7T30R)              0.02       4.68 f
  u_cp/u_bfeed/U61147/ZN (OAI12V6_140P7T30R)              0.02       4.70 r
  u_cp/u_bfeed/U73567/ZN (NOR2V12_140P7T30R)              0.01       4.71 f
  u_cp/u_bfeed/U29153/ZN (CLKINV16_140P7T30R)             0.01       4.72 r
  u_cp/u_bfeed/U152936/ZN (CLKNAND2V16_140P7T30R)         0.01       4.74 f
  u_cp/u_bfeed/U29077/ZN (NOR2V12_140P7T30R)              0.02       4.75 r
  u_cp/u_bfeed/U47922/ZN (NOR2V16_140P7T30R)              0.01       4.76 f
  u_cp/u_bfeed/U153057/ZN (NOR2V16_140P7T30R)             0.02       4.78 r
  u_cp/u_bfeed/U28941/ZN (CLKINV16_140P7T30R)             0.01       4.79 f
  u_cp/u_bfeed/U70119/ZN (INV32_140P7T30R)                0.01       4.80 r
  u_cp/u_bfeed/U152496/ZN (NAND2V8_140P7T30R)             0.01       4.81 f
  u_cp/u_bfeed/U45359/ZN (NAND3V12_140P7T30R)             0.01       4.83 r
  u_cp/u_bfeed/U28615/ZN (OAI22V6_140P7T30R)              0.02       4.85 f
  u_cp/u_bfeed/U150261/ZN (OAI12V8_140P7T30R)             0.02       4.87 r
  u_cp/u_bfeed/U62434/ZN (CLKNAND2V16_140P7T30R)          0.02       4.89 f
  u_cp/u_bfeed/U65356/ZN (NOR2V12_140P7T30R)              0.01       4.90 r
  u_cp/u_bfeed/U52460/ZN (NAND3V8_140P7T30R)              0.02       4.92 f
  u_cp/u_bfeed/U67426/ZN (NOR2V8_140P7T30R)               0.02       4.94 r
  u_cp/u_bfeed/U65349/ZN (NAND2V12_140P7T30R)             0.01       4.96 f
  u_cp/u_bfeed/U43567/ZN (AOI13V4_140P7T30R)              0.02       4.98 r
  u_cp/u_bfeed/U151094/Z (CLKXOR2V6_140P7T30R)            0.04       5.01 r
  u_cp/u_bfeed/U45403/ZN (NOR2V12_140P7T30R)              0.01       5.03 f
  u_cp/u_bfeed/U148407/ZN (NOR2V16_140P7T30R)             0.02       5.05 r
  u_cp/u_bfeed/U68712/ZN (OAI12V12_140P7T30R)             0.01       5.06 f
  u_cp/u_bfeed/U72256/ZN (AOI12V8_140P7T30R)              0.02       5.08 r
  u_cp/u_bfeed/U152721/ZN (XNOR2V4_140P7T30R)             0.04       5.12 r
  u_cp/u_bfeed/U152720/ZN (OAI12V12_140P7T30R)            0.02       5.14 f
  u_cp/u_bfeed/U27716/Z (BUFV24_140P7T30R)                0.02       5.16 f
  u_cp/u_bfeed/U27724/ZN (NOR2V6_140P7T30R)               0.01       5.17 r
  u_cp/u_bfeed/U64151/ZN (NAND2V8_140P7T30R)              0.01       5.19 f
  u_cp/u_bfeed/U57410/ZN (NOR2V12_140P7T30R)              0.02       5.20 r
  u_cp/u_bfeed/U95786/ZN (INV3_140P7T30R)                 0.01       5.21 f
  u_cp/u_bfeed/U109877/ZN (OAI12V4_140P7T30R)             0.02       5.22 r
  u_cp/u_bfeed/U109847/ZN (NAND2XBV6_140P7T30R)           0.02       5.24 f
  u_cp/u_bfeed/U47540/ZN (CLKNAND2V16_140P7T30R)          0.02       5.26 r
  u_cp/u_bfeed/U100173/ZN (NOR2V4_140P7T30R)              0.01       5.27 f
  u_cp/u_bfeed/U58168/ZN (NOR2V8_140P7T30R)               0.02       5.29 r
  u_cp/u_bfeed/U27144/ZN (CLKNAND2V6_140P7T30R)           0.02       5.31 f
  u_cp/u_bfeed/U27104/ZN (INV2_140P7T30R)                 0.02       5.33 r
  u_cp/u_bfeed/U109692/ZN (NAND2V2_140P7T30R)             0.02       5.34 f
  u_cp/u_bfeed/U118450/ZN (OAI22V4_140P7T30R)             0.02       5.36 r
  u_cp/u_bfeed/U136944/ZN (AOI12V4_140P7T30R)             0.01       5.38 f
  u_cp/u_bfeed/U136918/ZN (CLKNAND2V4_140P7T30R)          0.01       5.39 r
  u_cp/u_bfeed/U177159/Z (CLKXOR2V6_140P7T30R)            0.03       5.42 r
  u_cp/u_bfeed/U118397/ZN (NOR2V8_140P7T30R)              0.01       5.43 f
  u_cp/u_bfeed/U56457/ZN (NOR2V16_140P7T30R)              0.02       5.45 r
  u_cp/u_bfeed/U26785/ZN (NAND2V12_140P7T30R)             0.02       5.47 f
  u_cp/u_bfeed/U43898/ZN (NOR2V16_140P7T30R)              0.02       5.49 r
  u_cp/u_bfeed/U63210/ZN (OAI12V12_140P7T30R)             0.01       5.50 f
  u_cp/u_bfeed/U59307/ZN (NOR2V12_140P7T30R)              0.02       5.52 r
  u_cp/u_bfeed/U45697/ZN (CLKNAND2V16_140P7T30R)          0.01       5.53 f
  u_cp/u_bfeed/U45696/ZN (NAND2XBV16_140P7T30R)           0.01       5.54 r
  u_cp/u_bfeed/U47935/ZN (NAND2XBV16_140P7T30R)           0.01       5.55 f
  u_cp/u_bfeed/U100087/ZN (INV6_140P7T30R)                0.01       5.56 r
  u_cp/u_bfeed/U158455/ZN (NOR2V4_140P7T30R)              0.01       5.57 f
  u_cp/u_bfeed/U26272/Z (XOR2V2_140P7T30R)                0.03       5.60 f
  u_cp/u_bfeed/U151795/ZN (OAI12V6_140P7T30R)             0.02       5.62 r
  u_cp/u_bfeed/U69270/ZN (NAND3V8_140P7T30R)              0.02       5.64 f
  u_cp/u_bfeed/U95646/ZN (NOR2V12_140P7T30R)              0.01       5.66 r
  u_cp/u_bfeed/U147639/ZN (CLKNAND2V16_140P7T30R)         0.01       5.67 f
  u_cp/u_bfeed/U152507/ZN (NOR2V16_140P7T30R)             0.02       5.69 r
  u_cp/u_bfeed/U66328/ZN (NOR2V16_140P7T30R)              0.01       5.71 f
  u_cp/u_bfeed/U66326/ZN (CLKINV32_140P7T30R)             0.01       5.72 r
  u_cp/u_bfeed/U68302/ZN (NOR2XBV12_140P7T30R)            0.01       5.72 f
  u_cp/u_bfeed/U148413/ZN (AOI12V12_140P7T30R)            0.01       5.74 r
  u_cp/u_bfeed/U71258/ZN (NAND3V8_140P7T30R)              0.02       5.76 f
  u_cp/u_bfeed/U25392/ZN (INV16_140P7T30R)                0.02       5.78 r
  u_cp/u_bfeed/U25342/ZN (NOR2V2_140P7T30R)               0.02       5.79 f
  u_cp/u_bfeed/U55669/ZN (AOI12V8_140P7T30R)              0.02       5.82 r
  u_cp/u_bfeed/U25240/ZN (INV5_140P7T30R)                 0.01       5.82 f
  u_cp/u_bfeed/U25212/ZN (OAI12V4_140P7T30R)              0.02       5.84 r
  u_cp/u_bfeed/U95599/ZN (CLKNAND2V4_140P7T30R)           0.01       5.85 f
  u_cp/u_bfeed/U136018/ZN (XNOR2V2_140P7T30R)             0.03       5.88 f
  u_cp/u_bfeed/U117991/ZN (XNOR2V2_140P7T30R)             0.03       5.91 f
  u_cp/u_bfeed/U78059/ZN (NAND2V2_140P7T30R)              0.03       5.94 r
  u_cp/u_bfeed/U69588/ZN (OAI12V8_140P7T30R)              0.02       5.96 f
  u_cp/u_bfeed/U69587/ZN (NAND2V8_140P7T30R)              0.01       5.97 r
  u_cp/u_bfeed/U24934/ZN (NAND2V12_140P7T30R)             0.01       5.99 f
  u_cp/u_bfeed/U54921/ZN (CLKINV20_140P7T30R)             0.01       6.00 r
  u_cp/u_bfeed/U56461/ZN (OAI12V12_140P7T30R)             0.01       6.01 f
  u_cp/u_bfeed/U56460/ZN (AOI12V12_140P7T30R)             0.02       6.03 r
  u_cp/u_bfeed/U70682/ZN (OAI12V12_140P7T30R)             0.02       6.04 f
  u_cp/u_bfeed/U72431/ZN (AOI12V8_140P7T30R)              0.02       6.06 r
  u_cp/u_bfeed/U52398/Z (CLKXOR2V6_140P7T30R)             0.03       6.10 r
  u_cp/u_bfeed/U49022/ZN (NOR2V8_140P7T30R)               0.01       6.11 f
  u_cp/u_bfeed/U56589/ZN (OAI12V8_140P7T30R)              0.02       6.12 r
  u_cp/u_bfeed/U117577/ZN (INV12_140P7T30R)               0.01       6.13 f
  u_cp/u_bfeed/U134801/ZN (INV24_140P7T30R)               0.01       6.15 r
  u_cp/u_bfeed/U24051/Z (XOR2V2_140P7T30R)                0.03       6.18 r
  u_cp/u_bfeed/U88868/Z (OR2V2_140P7T30R)                 0.02       6.20 r
  u_cp/u_bfeed/U95405/ZN (OAI12V4_140P7T30R)              0.02       6.22 f
  u_cp/u_bfeed/U134354/ZN (XNOR2V2_140P7T30R)             0.03       6.25 f
  u_cp/u_bfeed/U134273/ZN (XNOR2V2_140P7T30R)             0.04       6.29 f
  u_cp/u_bfeed/U191006/CO (AD1V4_140P7T30R)               0.05       6.34 f
  u_cp/u_bfeed/U56555/ZN (OAI12V4_140P7T30R)              0.01       6.36 r
  u_cp/u_bfeed/U91988/ZN (CLKNAND2V4_140P7T30R)           0.02       6.38 f
  u_cp/u_bfeed/U134080/Z (CLKXOR2V6_140P7T30R)            0.03       6.41 f
  u_cp/u_bfeed/U134038/Z (CLKXOR2V6_140P7T30R)            0.03       6.44 f
  u_cp/u_bfeed/U95305/ZN (NAND2V3_140P7T30R)              0.02       6.45 r
  u_cp/u_bfeed/U56567/ZN (OAI12V4_140P7T30R)              0.02       6.47 f
  u_cp/u_bfeed/U23211/ZN (AOI12V6_140P7T30R)              0.02       6.49 r
  u_cp/u_bfeed/U80975/ZN (INV5_140P7T30R)                 0.01       6.50 f
  u_cp/u_bfeed/U49931/ZN (AOI22V8_140P7T30R)              0.02       6.52 r
  u_cp/u_bfeed/U23024/ZN (NAND2V8_140P7T30R)              0.02       6.54 f
  u_cp/u_bfeed/U22967/ZN (NOR2V6_140P7T30R)               0.02       6.55 r
  u_cp/u_bfeed/U52407/ZN (NAND3V12_140P7T30R)             0.02       6.58 f
  u_cp/u_bfeed/U133404/ZN (NAND2V12_140P7T30R)            0.02       6.59 r
  u_cp/u_bfeed/U50072/ZN (INV20_140P7T30R)                0.01       6.60 f
  u_cp/u_bfeed/U22342/ZN (INV40_140P7T30R)                0.01       6.62 r
  u_cp/u_bfeed/U43391/ZN (NOR2V16_140P7T30R)              0.01       6.62 f
  u_cp/u_bfeed/U152314/ZN (NAND2XBV16_140P7T30R)          0.03       6.65 f
  u_cp/u_bfeed/U77858/ZN (INV8_140P7T30R)                 0.01       6.66 r
  u_cp/u_bfeed/U49921/ZN (CLKNAND2V4_140P7T30R)           0.02       6.67 f
  u_cp/u_bfeed/U52479/ZN (INV8_140P7T30R)                 0.01       6.69 r
  u_cp/u_bfeed/U54756/ZN (NOR2V16_140P7T30R)              0.01       6.70 f
  u_cp/u_bfeed/U54824/ZN (NAND3V8_140P7T30R)              0.01       6.71 r
  u_cp/u_bfeed/U58694/ZN (OAI12V8_140P7T30R)              0.02       6.73 f
  u_cp/u_bfeed/U48396/ZN (CLKNAND2V16_140P7T30R)          0.02       6.75 r
  u_cp/u_bfeed/U52417/Z (BUFV40_140P7T30R)                0.02       6.77 r
  u_cp/u_bfeed/U43352/Z (OA22V8_140P7T30R)                0.03       6.80 r
  u_cp/u_bfeed/U76182/ZN (CLKNAND2V16_140P7T30R)          0.02       6.82 f
  u_cp/u_bfeed/U61771/Z (CLKBUFV16_140P7T30R)             0.02       6.84 f
  u_cp/u_bfeed/U21278/ZN (NOR2V6_140P7T30R)               0.01       6.85 r
  u_cp/u_bfeed/U91814/ZN (CLKNAND2V4_140P7T30R)           0.02       6.87 f
  u_cp/u_bfeed/U21196/ZN (INV4_140P7T30R)                 0.02       6.89 r
  u_cp/u_bfeed/U43542/ZN (NOR2V12_140P7T30R)              0.01       6.90 f
  u_cp/u_bfeed/U56709/ZN (NAND2XBV8_140P7T30R)            0.02       6.93 f
  u_cp/u_bfeed/U56708/ZN (NOR2V16_140P7T30R)              0.02       6.95 r
  u_cp/u_bfeed/U43509/ZN (NOR2V16_140P7T30R)              0.01       6.95 f
  u_cp/u_bfeed/U54820/ZN (NOR2V6_140P7T30R)               0.02       6.97 r
  u_cp/u_bfeed/U69652/ZN (AOI12V8_140P7T30R)              0.02       6.99 f
  u_cp/u_bfeed/U61769/ZN (OAI12V12_140P7T30R)             0.03       7.01 r
  u_cp/u_bfeed/U44596/ZN (CLKNAND2V16_140P7T30R)          0.01       7.03 f
  u_cp/u_bfeed/U99292/ZN (INV3_140P7T30R)                 0.01       7.04 r
  u_cp/u_bfeed/U132112/ZN (OAI22V4_140P7T30R)             0.01       7.05 f
  u_cp/u_bfeed/U108157/ZN (XNOR2V2_140P7T30R)             0.03       7.08 r
  u_cp/u_bfeed/U53246/ZN (OAI22V6_140P7T30R)              0.02       7.10 f
  u_cp/u_bfeed/U65312/ZN (NOR2V6_140P7T30R)               0.03       7.12 r
  u_cp/u_bfeed/U99253/ZN (NAND2V8_140P7T30R)              0.02       7.14 f
  u_cp/u_bfeed/U61389/ZN (NOR2V16_140P7T30R)              0.02       7.16 r
  u_cp/u_bfeed/U116280/ZN (NAND2V12_140P7T30R)            0.02       7.18 f
  u_cp/u_bfeed/U56665/ZN (INV8_140P7T30R)                 0.01       7.19 r
  u_cp/u_bfeed/U62499/ZN (OAI22V6_140P7T30R)              0.02       7.21 f
  u_cp/u_bfeed/U103142/ZN (INV7_140P7T30R)                0.02       7.22 r
  u_cp/u_bfeed/U131573/ZN (NAND2V12_140P7T30R)            0.02       7.24 f
  u_cp/u_bfeed/U18939/ZN (CLKINV10_140P7T30R)             0.01       7.25 r
  u_cp/u_bfeed/U18745/ZN (NAND3V6_140P7T30R)              0.01       7.26 f
  u_cp/u_bfeed/U18666/ZN (OAI22V4_140P7T30R)              0.03       7.29 r
  u_cp/u_bfeed/U69614/ZN (NOR2V8_140P7T30R)               0.01       7.30 f
  u_cp/u_bfeed/U43315/ZN (OAI112V6_140P7T30R)             0.02       7.32 r
  u_cp/u_bfeed/U43314/ZN (NAND2V8_140P7T30R)              0.01       7.33 f
  u_cp/u_bfeed/U84027/ZN (NOR2V12_140P7T30R)              0.02       7.35 r
  u_cp/u_bfeed/U151905/ZN (CLKNAND2V16_140P7T30R)         0.02       7.37 f
  u_cp/u_bfeed/U149714/ZN (NAND2XBV16_140P7T30R)          0.02       7.39 r
  u_cp/u_bfeed/U99180/ZN (OAI12V4_140P7T30R)              0.01       7.41 f
  u_cp/u_bfeed/U65477/ZN (NAND2XBV8_140P7T30R)            0.03       7.43 f
  u_cp/u_bfeed/U58702/ZN (CLKNAND2V16_140P7T30R)          0.02       7.45 r
  u_cp/u_bfeed/U77585/Z (XOR2V4_140P7T30R)                0.03       7.48 r
  u_cp/u_bfeed/U91565/ZN (NOR2V2_140P7T30R)               0.01       7.49 f
  u_cp/u_bfeed/U155950/ZN (OAI21BV4_140P7T30R)            0.03       7.52 f
  u_cp/u_bfeed/U191516/CO (AD1V4_140P7T30R)               0.05       7.57 f
  u_cp/u_bfeed/U115686/ZN (OAI12V4_140P7T30R)             0.02       7.58 r
  u_cp/u_bfeed/U107718/ZN (CLKNAND2V4_140P7T30R)          0.01       7.60 f
  u_cp/u_bfeed/U191534/CO (AD1V4_140P7T30R)               0.04       7.64 f
  u_cp/u_bfeed/U152698/Z (MAJ23V4_140P7T30R)              0.04       7.68 f
  u_cp/u_bfeed/U130060/ZN (OAI12V4_140P7T30R)             0.02       7.70 r
  u_cp/u_bfeed/U66314/ZN (NAND2V8_140P7T30R)              0.01       7.71 f
  u_cp/u_bfeed/U158929/Z (CLKXOR2V6_140P7T30R)            0.03       7.74 f
  u_cp/u_bfeed/U152055/ZN (XNOR2V4_140P7T30R)             0.03       7.77 f
  u_cp/u_bfeed/U66268/ZN (NOR2V8_140P7T30R)               0.02       7.79 r
  u_cp/u_bfeed/U44580/ZN (OAI12V6_140P7T30R)              0.01       7.81 f
  u_cp/u_bfeed/U102892/ZN (AOI12V8_140P7T30R)             0.03       7.83 r
  u_cp/u_bfeed/U88130/Z (CLKOR2V16_140P7T30R)             0.02       7.85 r
  u_cp/u_bfeed/U70661/ZN (NAND3V8_140P7T30R)              0.02       7.87 f
  u_cp/u_bfeed/U70660/ZN (NAND2XBV12_140P7T30R)           0.01       7.88 r
  u_cp/u_bfeed/U57376/ZN (CLKNAND2V16_140P7T30R)          0.02       7.90 f
  u_cp/u_bfeed/U15853/ZN (INV20_140P7T30R)                0.02       7.92 r
  u_cp/u_bfeed/U129397/ZN (INV32_140P7T30R)               0.01       7.93 f
  u_cp/u_bfeed/U15669/ZN (NAND2XBV8_140P7T30R)            0.01       7.93 r
  u_cp/u_bfeed/U98891/ZN (NAND2V8_140P7T30R)              0.01       7.95 f
  u_cp/u_bfeed/U68372/ZN (CLKINV12_140P7T30R)             0.01       7.96 r
  u_cp/u_bfeed/U149905/ZN (NAND2XBV16_140P7T30R)          0.01       7.96 f
  u_cp/u_bfeed/U59293/ZN (NAND2V12_140P7T30R)             0.01       7.98 r
  u_cp/u_bfeed/U47772/ZN (CLKNAND2V16_140P7T30R)          0.01       7.99 f
  u_cp/u_bfeed/U15265/ZN (OAI12V6_140P7T30R)              0.02       8.00 r
  u_cp/u_bfeed/U52122/ZN (NAND2XBV12_140P7T30R)           0.02       8.03 r
  u_cp/u_bfeed/U68333/ZN (INV7_140P7T30R)                 0.01       8.03 f
  u_cp/u_bfeed/U56717/ZN (OAI22V6_140P7T30R)              0.01       8.04 r
  u_cp/u_bfeed/U43601/ZN (XNOR2V2_140P7T30R)              0.03       8.08 r
  u_cp/u_bfeed/U52466/ZN (MUX2NV4_140P7T30R)              0.02       8.10 f
  u_cp/u_bfeed/U48443/ZN (NOR2V12_140P7T30R)              0.03       8.12 r
  u_cp/u_bfeed/U15041/ZN (NAND2V12_140P7T30R)             0.02       8.14 f
  u_cp/u_bfeed/U150535/ZN (NOR2XBV16_140P7T30R)           0.02       8.17 r
  u_cp/u_bfeed/U149943/ZN (INV32_140P7T30R)               0.02       8.18 f
  u_cp/u_bfeed/U14678/ZN (OAI22V6_140P7T30R)              0.02       8.20 r
  u_cp/u_bfeed/U47761/Z (CLKOR2V16_140P7T30R)             0.02       8.22 r
  u_cp/u_bfeed/U83486/ZN (INV5_140P7T30R)                 0.01       8.23 f
  u_cp/u_bfeed/U80251/ZN (CLKNAND2V4_140P7T30R)           0.01       8.25 r
  u_cp/u_bfeed/U87938/ZN (OAI12V6_140P7T30R)              0.02       8.26 f
  u_cp/u_bfeed/U83458/ZN (AOI12V4_140P7T30R)              0.02       8.28 r
  u_cp/u_bfeed/U98680/ZN (OAI12V6_140P7T30R)              0.02       8.30 f
  u_cp/u_bfeed/U50082/ZN (INV6_140P7T30R)                 0.01       8.32 r
  u_cp/u_bfeed/U50083/ZN (CLKNAND2V16_140P7T30R)          0.01       8.33 f
  u_cp/u_bfeed/U98635/ZN (NAND2XBV4_140P7T30R)            0.01       8.34 r
  u_cp/u_bfeed/U68913/ZN (NAND2V8_140P7T30R)              0.01       8.35 f
  u_cp/u_bfeed/U153819/Z (CLKXOR2V6_140P7T30R)            0.03       8.38 f
  u_cp/u_bfeed/U107098/ZN (CLKNAND2V4_140P7T30R)          0.01       8.39 r
  u_cp/u_bfeed/U114876/ZN (NAND3V8_140P7T30R)             0.02       8.41 f
  u_cp/u_bfeed/U114868/ZN (CLKINV12_140P7T30R)            0.01       8.42 r
  u_cp/u_bfeed/U83389/ZN (NAND3V3_140P7T30R)              0.01       8.43 f
  u_cp/u_bfeed/U114845/ZN (INV4_140P7T30R)                0.01       8.45 r
  u_cp/u_bfeed/U80157/ZN (NAND2V8_140P7T30R)              0.01       8.46 f
  u_cp/u_bfeed/U158136/ZN (NOR2V12_140P7T30R)             0.01       8.47 r
  u_cp/u_bfeed/U12724/ZN (INV8_140P7T30R)                 0.01       8.48 f
  u_cp/u_bfeed/U48523/ZN (NAND2XBV8_140P7T30R)            0.01       8.49 r
  u_cp/u_bfeed/U127644/ZN (OAI12V6_140P7T30R)             0.01       8.51 f
  u_cp/u_bfeed/U114794/ZN (INV7_140P7T30R)                0.01       8.52 r
  u_cp/u_bfeed/U43325/Z (OR2V16_140P7T30R)                0.02       8.54 r
  u_cp/u_bfeed/U127584/ZN (NAND2XBV12_140P7T30R)          0.01       8.55 f
  u_cp/u_bfeed/U158989/ZN (OAI22V12_140P7T30R)            0.02       8.57 r
  u_cp/u_bfeed/U114766/ZN (AOI22V4_140P7T30R)             0.01       8.58 f
  u_cp/u_bfeed/U159741/ZN (AOI21BV4_140P7T30R)            0.03       8.61 f
  u_cp/u_bfeed/U149891/ZN (NOR2V8_140P7T30R)              0.02       8.63 r
  u_cp/u_bfeed/U12080/ZN (INV5_140P7T30R)                 0.01       8.64 f
  u_cp/u_bfeed/U69612/ZN (NOR2V12_140P7T30R)              0.02       8.66 r
  u_cp/u_bfeed/U69611/ZN (CLKNAND2V16_140P7T30R)          0.02       8.67 f
  u_cp/u_bfeed/U11837/Z (BUFV4_140P7T30R)                 0.02       8.70 f
  u_cp/u_bfeed/U70673/ZN (CLKNAND2V6_140P7T30R)           0.01       8.71 r
  u_cp/u_bfeed/U66286/ZN (NOR2XBV16_140P7T30R)            0.02       8.73 r
  u_cp/u_bfeed/U154058/ZN (CLKNAND2V16_140P7T30R)         0.03       8.76 f
  u_cp/u_bfeed/U191941/ZN (XNOR2V2_140P7T30R)             0.04       8.80 f
  u_cp/u_bfeed/U162765/ZN (OAI22V1_140P7T30R)             0.04       8.83 r
  u_cp/u_bfeed/U177290/Z (XOR3V2_140P7T30R)               0.06       8.90 f
  u_cp/u_bfeed/U68224/ZN (XNOR2V4_140P7T30R)              0.04       8.93 f
  u_cp/u_bfeed/U68223/ZN (XNOR2V4_140P7T30R)              0.03       8.96 f
  u_cp/u_bfeed/U102346/ZN (XNOR2V2_140P7T30R)             0.03       9.00 f
  u_cp/u_bfeed/U102334/ZN (NAND2V2_140P7T30R)             0.02       9.01 r
  u_cp/u_bfeed/U94145/ZN (OAI12V2_140P7T30R)              0.02       9.03 f
  u_cp/u_bfeed/U94142/ZN (AOI12V2_140P7T30R)              0.03       9.06 r
  u_cp/u_bfeed/U61415/ZN (OAI12V4_140P7T30R)              0.01       9.07 f
  u_cp/u_bfeed/U98298/ZN (AOI12V4_140P7T30R)              0.02       9.09 r
  u_cp/u_bfeed/U59318/ZN (OAI12V6_140P7T30R)              0.01       9.11 f
  u_cp/u_bfeed/U60755/ZN (AOI12V8_140P7T30R)              0.02       9.13 r
  u_cp/u_bfeed/U157760/ZN (OAI12V12_140P7T30R)            0.02       9.14 f
  u_cp/u_bfeed/U43375/ZN (NAND3V12_140P7T30R)             0.01       9.15 r
  u_cp/u_bfeed/U43374/ZN (NAND2V8_140P7T30R)              0.01       9.17 f
  u_cp/u_bfeed/U41669/ZN (NAND2XBV8_140P7T30R)            0.01       9.18 r
  u_cp/u_bfeed/U59257/ZN (CLKNAND2V16_140P7T30R)          0.02       9.20 f
  u_cp/u_bfeed/U68315/ZN (CLKINV32_140P7T30R)             0.01       9.21 r
  u_cp/u_bfeed/U52486/ZN (INV24_140P7T30R)                0.01       9.22 f
  u_cp/u_bfeed/U58669/ZN (NAND2XBV12_140P7T30R)           0.01       9.23 r
  u_cp/u_bfeed/U152075/ZN (OAI12V12_140P7T30R)            0.02       9.24 f
  u_cp/u_bfeed/U94063/ZN (NOR2V6_140P7T30R)               0.02       9.26 r
  u_cp/u_bfeed/U153072/ZN (OAI13V6_140P7T30R)             0.01       9.27 f
  u_cp/u_bfeed/U153070/Z (AO1B2V4_140P7T30R)              0.03       9.30 f
  u_cp/u_bfeed/U43501/ZN (NAND3V8_140P7T30R)              0.01       9.31 r
  u_cp/u_bfeed/U43500/ZN (NAND2V12_140P7T30R)             0.01       9.33 f
  u_cp/u_bfeed/U98138/ZN (INV20_140P7T30R)                0.01       9.34 r
  u_cp/u_bfeed/U152279/ZN (INV40_140P7T30R)               0.01       9.35 f
  u_cp/u_bfeed/U8977/ZN (NOR2XBV6_140P7T30R)              0.02       9.37 f
  u_cp/u_bfeed/U159823/ZN (AOI12V12_140P7T30R)            0.02       9.39 r
  u_cp/u_bfeed/U153147/ZN (OAI12V12_140P7T30R)            0.01       9.41 f
  u_cp/u_bfeed/U8738/Z (BUFV10_140P7T30R)                 0.02       9.43 f
  u_cp/u_bfeed/U90809/ZN (CLKNAND2V4_140P7T30R)           0.01       9.44 r
  u_cp/u_bfeed/U90806/ZN (OAI12V4_140P7T30R)              0.02       9.45 f
  u_cp/u_bfeed/U61171/ZN (NOR2V8_140P7T30R)               0.02       9.47 r
  u_cp/u_bfeed/U93922/ZN (INV6_140P7T30R)                 0.01       9.48 f
  u_cp/u_bfeed/U8267/ZN (AOI22V8_140P7T30R)               0.03       9.51 r
  u_cp/u_bfeed/U8025/ZN (NAND3V1P5_140P7T30R)             0.03       9.53 f
  u_cp/u_bfeed/U159187/ZN (OAI13V6_140P7T30R)             0.04       9.57 r
  u_cp/u_bfeed/U7784/ZN (AOI12V6_140P7T30R)               0.02       9.59 f
  u_cp/u_bfeed/U48510/ZN (OAI12V8_140P7T30R)              0.02       9.60 r
  u_cp/u_bfeed/U54806/ZN (NOR2V12_140P7T30R)              0.01       9.61 f
  u_cp/u_bfeed/U72393/ZN (NAND2V8_140P7T30R)              0.01       9.62 r
  u_cp/u_bfeed/U113834/ZN (INV7_140P7T30R)                0.01       9.63 f
  u_cp/u_bfeed/U54842/ZN (CLKNAND2V16_140P7T30R)          0.01       9.64 r
  u_cp/u_bfeed/U54841/ZN (CLKINV32_140P7T30R)             0.01       9.65 f
  u_cp/u_bfeed/U6827/Z (AO22V4_140P7T30R)                 0.04       9.69 f
  u_cp/u_bfeed/U160304/ZN (AOI12V12_140P7T30R)            0.02       9.71 r
  u_cp/u_bfeed/U102016/ZN (CLKNAND2V6_140P7T30R)          0.02       9.73 f
  u_cp/u_bfeed/U82855/ZN (NOR2V6_140P7T30R)               0.02       9.75 r
  u_cp/u_bfeed/U90672/ZN (OAI12V4_140P7T30R)              0.02       9.77 f
  u_cp/u_bfeed/U59382/ZN (NAND3V6_140P7T30R)              0.01       9.78 r
  u_cp/u_bfeed/U90658/ZN (OAI12V8_140P7T30R)              0.01       9.80 f
  u_cp/u_bfeed/U6171/ZN (NAND2XBV12_140P7T30R)            0.03       9.83 f
  u_cp/u_bfeed/U6083/ZN (CLKINV3_140P7T30R)               0.01       9.84 r
  u_cp/u_bfeed/U56732/ZN (NAND2XBV8_140P7T30R)            0.02       9.86 r
  u_cp/u_bfeed/U50407/ZN (OAI12V8_140P7T30R)              0.01       9.87 f
  u_cp/u_bfeed/U152985/Z (CLKXOR2V6_140P7T30R)            0.03       9.90 f
  u_cp/u_bfeed/U69637/ZN (OAI12V8_140P7T30R)              0.02       9.92 r
  u_cp/u_bfeed/U64736/ZN (NAND2V12_140P7T30R)             0.01       9.93 f
  u_cp/u_bfeed/U150257/ZN (NOR2V12_140P7T30R)             0.02       9.94 r
  u_cp/u_bfeed/U61320/ZN (CLKNAND2V16_140P7T30R)          0.02       9.97 f
  u_cp/u_bfeed/U5644/ZN (NAND2XBV12_140P7T30R)            0.02       9.99 r
  u_cp/u_bfeed/U150783/ZN (OAI12V8_140P7T30R)             0.01      10.00 f
  u_cp/u_bfeed/U151693/ZN (AOI12V12_140P7T30R)            0.02      10.02 r
  u_cp/u_bfeed/U68225/ZN (CLKNAND2V16_140P7T30R)          0.02      10.04 f
  u_cp/u_bfeed/U5433/ZN (NAND3V8_140P7T30R)               0.02      10.06 r
  u_cp/u_bfeed/U79604/ZN (NOR2V12_140P7T30R)              0.01      10.07 f
  u_cp/u_bfeed/U5296/ZN (NOR2V12_140P7T30R)               0.01      10.08 r
  u_cp/u_bfeed/U61238/ZN (NAND3V12_140P7T30R)             0.02      10.10 f
  u_cp/u_bfeed/U61237/ZN (NAND2XBV16_140P7T30R)           0.02      10.11 r
  u_cp/u_bfeed/U61768/ZN (CLKNAND2V16_140P7T30R)          0.01      10.13 f
  u_cp/u_bfeed/U76213/ZN (NOR2V8_140P7T30R)               0.01      10.14 r
  u_cp/u_bfeed/U154055/Z (CLKXOR2V6_140P7T30R)            0.03      10.17 r
  u_cp/u_bfeed/U153115/ZN (XNOR2V4_140P7T30R)             0.03      10.20 r
  u_cp/u_bfeed/U4867/ZN (OAI12V4_140P7T30R)               0.02      10.22 f
  u_cp/u_bfeed/U4809/ZN (CLKNAND2V6_140P7T30R)            0.01      10.24 r
  u_cp/u_bfeed/U156712/Z (CLKXOR2V6_140P7T30R)            0.03      10.26 r
  u_cp/u_bfeed/U153347/ZN (XNOR2V4_140P7T30R)             0.03      10.30 r
  u_cp/u_bfeed/U53405/ZN (NOR2V8_140P7T30R)               0.01      10.31 f
  u_cp/u_bfeed/U4527/ZN (INV4_140P7T30R)                  0.01      10.32 r
  u_cp/u_bfeed/U61346/ZN (NAND2V8_140P7T30R)              0.01      10.33 f
  u_cp/u_bfeed/U113469/ZN (NOR2V8_140P7T30R)              0.02      10.35 r
  u_cp/u_bfeed/U147425/ZN (AOI22V12_140P7T30R)            0.02      10.36 f
  u_cp/u_bfeed/U68927/ZN (NAND2V8_140P7T30R)              0.01      10.38 r
  u_cp/u_bfeed/U54884/ZN (NOR2V12_140P7T30R)              0.01      10.39 f
  u_cp/u_bfeed/U4247/ZN (NOR2XBV8_140P7T30R)              0.02      10.41 r
  u_cp/u_bfeed/U68873/ZN (OAI22V6_140P7T30R)              0.02      10.43 f
  u_cp/u_bfeed/U50062/ZN (NOR2V12_140P7T30R)              0.02      10.44 r
  u_cp/u_bfeed/U50061/ZN (NAND2XBV16_140P7T30R)           0.01      10.46 f
  u_cp/u_bfeed/U4013/ZN (NOR2V12_140P7T30R)               0.02      10.47 r
  u_cp/u_bfeed/U52396/ZN (CLKNAND2V16_140P7T30R)          0.01      10.48 f
  u_cp/u_bfeed/U3896/ZN (NOR2V12_140P7T30R)               0.02      10.50 r
  u_cp/u_bfeed/U53944/ZN (NAND3V6_140P7T30R)              0.02      10.52 f
  u_cp/u_bfeed/U53464/ZN (NAND2V12_140P7T30R)             0.02      10.54 r
  u_cp/u_bfeed/U3660/ZN (NAND4V1P5_140P7T30R)             0.03      10.57 f
  u_cp/u_bfeed/U49005/ZN (NAND4V6_140P7T30R)              0.03      10.60 r
  u_cp/u_bfeed/U152516/ZN (NAND3V8_140P7T30R)             0.01      10.61 f
  u_cp/u_bfeed/U153079/ZN (AOI12V8_140P7T30R)             0.03      10.64 r
  u_cp/u_bfeed/U70310/ZN (NOR2V16_140P7T30R)              0.01      10.65 f
  u_cp/u_bfeed/U46904/Z (CLKAND2V16_140P7T30R)            0.02      10.67 f
  u_cp/u_bfeed/U3426/ZN (INV8_140P7T30R)                  0.01      10.68 r
  u_cp/u_bfeed/U44471/ZN (CLKNAND2V16_140P7T30R)          0.02      10.70 f
  u_cp/u_bfeed/U42001/ZN (INV32_140P7T30R)                0.01      10.71 r
  u_cp/u_bfeed/U3308/ZN (INV16_140P7T30R)                 0.01      10.72 f
  u_cp/u_bfeed/U46335/ZN (NOR2V16_140P7T30R)              0.02      10.74 r
  u_cp/u_bfeed/U3245/ZN (INV12_140P7T30R)                 0.01      10.74 f
  u_cp/u_bfeed/U59140/ZN (CLKNAND2V16_140P7T30R)          0.01      10.75 r
  u_cp/u_bfeed/U3167/ZN (NAND2V8_140P7T30R)               0.01      10.76 f
  u_cp/u_bfeed/U154099/ZN (OAI12V12_140P7T30R)            0.02      10.78 r
  u_cp/u_bfeed/U105718/ZN (NOR2V12_140P7T30R)             0.01      10.80 f
  u_cp/u_bfeed/U54751/ZN (NOR2V16_140P7T30R)              0.02      10.81 r
  u_cp/u_bfeed/U2817/ZN (NOR3V6_140P7T30R)                0.01      10.82 f
  u_cp/u_bfeed/U90420/ZN (INV4_140P7T30R)                 0.02      10.84 r
  u_cp/u_bfeed/U93517/ZN (NAND3V4_140P7T30R)              0.03      10.86 f
  u_cp/u_bfeed/U43241/ZN (NAND3V12_140P7T30R)             0.02      10.88 r
  u_cp/u_bfeed/U2505/ZN (CLKNAND2V6_140P7T30R)            0.02      10.90 f
  u_cp/u_bfeed/U41164/ZN (AOI12V6_140P7T30R)              0.02      10.92 r
  u_cp/u_bfeed/U50178/ZN (OAI12V6_140P7T30R)              0.02      10.93 f
  u_cp/u_bfeed/U41162/Z (OA12V6_140P7T30R)                0.02      10.96 f
  u_cp/u_bfeed/U51089/ZN (NAND2V12_140P7T30R)             0.01      10.97 r
  u_cp/u_bfeed/U2098/ZN (CLKINV10_140P7T30R)              0.01      10.98 f
  u_cp/u_bfeed/U56250/ZN (CLKNAND2V16_140P7T30R)          0.01      10.99 r
  u_cp/u_bfeed/U49071/ZN (NOR2V16_140P7T30R)              0.01      11.00 f
  u_cp/u_bfeed/U59993/Z (BUFV6_140P7T30R)                 0.02      11.02 f
  u_cp/u_bfeed/U1646/ZN (INV2_140P7T30R)                  0.01      11.03 r
  u_cp/u_bfeed/U58704/ZN (CLKNAND2V6_140P7T30R)           0.01      11.04 f
  u_cp/u_bfeed/U43131/ZN (NAND2V8_140P7T30R)              0.01      11.06 r
  u_cp/u_bfeed/U113179/ZN (OAI13V4_140P7T30R)             0.01      11.07 f
  u_cp/u_bfeed/U113174/ZN (NOR2V6_140P7T30R)              0.02      11.09 r
  u_cp/u_bfeed/U41320/ZN (OAI12V8_140P7T30R)              0.02      11.11 f
  u_cp/u_bfeed/U1293/ZN (NOR3V4_140P7T30R)                0.03      11.14 r
  u_cp/u_bfeed/U44897/ZN (NOR2V8_140P7T30R)               0.01      11.15 f
  u_cp/u_bfeed/U41455/ZN (NOR2V12_140P7T30R)              0.01      11.16 r
  u_cp/u_bfeed/U101628/ZN (INV7_140P7T30R)                0.01      11.17 f
  u_cp/u_bfeed/U122975/ZN (NOR2V12_140P7T30R)             0.01      11.18 r
  u_cp/u_bfeed/U56783/ZN (NAND3V12_140P7T30R)             0.02      11.20 f
  u_cp/u_bfeed/U990/ZN (NAND2XBV8_140P7T30R)              0.02      11.22 r
  u_cp/u_bfeed/U66245/ZN (NAND2V8_140P7T30R)              0.01      11.23 f
  u_cp/u_bfeed/U60024/ZN (OAI12V12_140P7T30R)             0.01      11.24 r
  u_cp/u_bfeed/U60025/ZN (NOR2V16_140P7T30R)              0.01      11.25 f
  u_cp/u_bfeed/U44982/ZN (CLKNAND2V16_140P7T30R)          0.01      11.26 r
  u_cp/u_bfeed/U53883/ZN (NAND3V12_140P7T30R)             0.02      11.28 f
  u_cp/u_bfeed/U54856/ZN (NOR2V16_140P7T30R)              0.02      11.30 r
  u_cp/u_bfeed/U56490/ZN (CLKNAND2V16_140P7T30R)          0.02      11.32 f
  u_cp/u_bfeed/U65442/ZN (CLKNAND2V16_140P7T30R)          0.01      11.33 r
  u_cp/u_bfeed/U61977/ZN (NOR2V16_140P7T30R)              0.01      11.34 f
  u_cp/u_bfeed/U41393/ZN (INV20_140P7T30R)                0.01      11.35 r
  u_cp/u_bfeed/U46880/ZN (INV24_140P7T30R)                0.01      11.36 f
  u_cp/u_bfeed/U152052/ZN (NAND2XBV16_140P7T30R)          0.01      11.37 r
  u_cp/u_bfeed/U42694/ZN (CLKNAND2V16_140P7T30R)          0.01      11.38 f
  u_cp/u_bfeed/U405/ZN (NOR2V8_140P7T30R)                 0.02      11.41 r
  u_cp/u_bfeed/U218382/ZN (MUX2NV2_140P7T30R)             0.02      11.43 f
  u_cp/u_bfeed/row_reg[88][26]/D (DQV2_140P7T30R)         0.00      11.43 f
  data arrival time                                                 11.43

  clock clk (rise edge)                                   1.00       1.00
  clock network delay (ideal)                             0.00       1.00
  u_cp/u_bfeed/row_reg[88][26]/CK (DQV2_140P7T30R)        0.00       1.00 r
  library setup time                                     -0.04       0.96
  data required time                                                 0.96
  --------------------------------------------------------------------------
  data required time                                                 0.96
  data arrival time                                                -11.43
  --------------------------------------------------------------------------
  slack (VIOLATED)                                                 -10.47


  Startpoint: u_cp/pos_base_reg[2]
              (rising edge-triggered flip-flop clocked by clk)
  Endpoint: u_cp/u_bfeed/row_reg[112][26]
            (rising edge-triggered flip-flop clocked by clk)
  Path Group: clk
  Path Type: max

  Point                                                   Incr       Path
  --------------------------------------------------------------------------
  clock clk (rise edge)                                   0.00       0.00
  clock network delay (ideal)                             0.00       0.00
  u_cp/pos_base_reg[2]/CK (DQV6_140P7T30R)                0.00 #     0.00 r
  u_cp/pos_base_reg[2]/Q (DQV6_140P7T30R)                 0.06       0.06 r
  u_cp/u_bfeed/pos_base[2] (kv_bfeed_MAX_N128)            0.00       0.06 r
  u_cp/u_bfeed/U147343/ZN (CLKNAND2V16_140P7T30R)         0.02       0.07 f
  u_cp/u_bfeed/U40799/ZN (INV8_140P7T30R)                 0.02       0.09 r
  u_cp/u_bfeed/U40789/ZN (INV10_140P7T30R)                0.01       0.10 f
  u_cp/u_bfeed/U40785/ZN (NOR2V12_140P7T30R)              0.01       0.12 r
  u_cp/u_bfeed/U48769/ZN (CLKNAND2V16_140P7T30R)          0.01       0.13 f
  u_cp/u_bfeed/U45457/ZN (NAND3V12_140P7T30R)             0.01       0.14 r
  u_cp/u_bfeed/U43247/ZN (CLKINV20_140P7T30R)             0.01       0.15 f
  u_cp/u_bfeed/U43150/ZN (INV24_140P7T30R)                0.01       0.16 r
  u_cp/u_bfeed/U70702/ZN (CLKNAND2V16_140P7T30R)          0.01       0.17 f
  u_cp/u_bfeed/U40735/ZN (CLKINV10_140P7T30R)             0.01       0.18 r
  u_cp/u_bfeed/U43114/ZN (NOR2V16_140P7T30R)              0.01       0.19 f
  u_cp/u_bfeed/U41515/ZN (OAI12V8_140P7T30R)              0.01       0.21 r
  u_cp/u_bfeed/U40703/ZN (NAND2V8_140P7T30R)              0.01       0.22 f
  u_cp/u_bfeed/U148440/ZN (NOR2V16_140P7T30R)             0.03       0.25 r
  u_cp/u_bfeed/U56754/ZN (INV32_140P7T30R)                0.01       0.26 f
  u_cp/u_bfeed/U46465/ZN (CLKNAND2V16_140P7T30R)          0.02       0.28 r
  u_cp/u_bfeed/U46464/ZN (CLKINV32_140P7T30R)             0.01       0.29 f
  u_cp/u_bfeed/U65292/ZN (NAND2XBV16_140P7T30R)           0.01       0.30 r
  u_cp/u_bfeed/U50558/ZN (NAND2XBV16_140P7T30R)           0.01       0.31 f
  u_cp/u_bfeed/U51015/ZN (NOR2V16_140P7T30R)              0.02       0.32 r
  u_cp/u_bfeed/U56774/ZN (AOI22V12_140P7T30R)             0.02       0.34 f
  u_cp/u_bfeed/U65317/ZN (CLKNAND2V16_140P7T30R)          0.02       0.35 r
  u_cp/u_bfeed/U65316/ZN (CLKINV32_140P7T30R)             0.01       0.36 f
  u_cp/u_bfeed/U40494/ZN (INV6_140P7T30R)                 0.02       0.38 r
  u_cp/u_bfeed/U150252/ZN (XNOR2V4_140P7T30R)             0.03       0.41 r
  u_cp/u_bfeed/U157296/ZN (OAI22V4_140P7T30R)             0.02       0.43 f
  u_cp/u_bfeed/U153468/ZN (XNOR2V2_140P7T30R)             0.04       0.47 f
  u_cp/u_bfeed/U76072/ZN (XNOR2V4_140P7T30R)              0.04       0.51 f
  u_cp/u_bfeed/U153737/ZN (XNOR2V2_140P7T30R)             0.03       0.54 f
  u_cp/u_bfeed/U40289/ZN (XNOR2V2_140P7T30R)              0.04       0.58 r
  u_cp/u_bfeed/U40262/ZN (OAI12V2_140P7T30R)              0.03       0.61 f
  u_cp/u_bfeed/U176331/Z (AO1B2V4_140P7T30R)              0.02       0.63 r
  u_cp/u_bfeed/U41632/ZN (NOR2V8_140P7T30R)               0.01       0.64 f
  u_cp/u_bfeed/U53409/ZN (NOR2V12_140P7T30R)              0.02       0.66 r
  u_cp/u_bfeed/U40178/ZN (NAND2V8_140P7T30R)              0.02       0.67 f
  u_cp/u_bfeed/U40161/ZN (NOR2V12_140P7T30R)              0.01       0.69 r
  u_cp/u_bfeed/U40151/ZN (NAND2V12_140P7T30R)             0.02       0.70 f
  u_cp/u_bfeed/U148417/ZN (CLKNAND2V16_140P7T30R)         0.02       0.72 r
  u_cp/u_bfeed/U148416/ZN (CLKNAND2V16_140P7T30R)         0.01       0.74 f
  u_cp/u_bfeed/U147430/ZN (CLKNAND2V16_140P7T30R)         0.01       0.75 r
  u_cp/u_bfeed/U59487/ZN (NAND2XBV16_140P7T30R)           0.02       0.77 f
  u_cp/u_bfeed/U59486/ZN (CLKINV32_140P7T30R)             0.02       0.79 r
  u_cp/u_bfeed/U39943/ZN (NAND2V8_140P7T30R)              0.01       0.81 f
  u_cp/u_bfeed/U45699/ZN (CLKNAND2V16_140P7T30R)          0.02       0.82 r
  u_cp/u_bfeed/U186040/CO (AD1V4_140P7T30R)               0.04       0.87 r
  u_cp/u_bfeed/U50021/ZN (OAI12V6_140P7T30R)              0.02       0.88 f
  u_cp/u_bfeed/U50022/ZN (NAND2V8_140P7T30R)              0.01       0.90 r
  u_cp/u_bfeed/U67522/ZN (OAI12V6_140P7T30R)              0.01       0.91 f
  u_cp/u_bfeed/U73109/ZN (CLKNAND2V6_140P7T30R)           0.02       0.92 r
  u_cp/u_bfeed/U72297/Z (CLKXOR2V6_140P7T30R)             0.02       0.95 r
  u_cp/u_bfeed/U150237/ZN (XNOR2V4_140P7T30R)             0.03       0.98 r
  u_cp/u_bfeed/U45193/ZN (NAND2V8_140P7T30R)              0.01       1.00 f
  u_cp/u_bfeed/U39608/ZN (NAND3V3_140P7T30R)              0.01       1.01 r
  u_cp/u_bfeed/U64132/ZN (OAI112V6_140P7T30R)             0.03       1.04 f
  u_cp/u_bfeed/U150238/ZN (AOI12V12_140P7T30R)            0.02       1.06 r
  u_cp/u_bfeed/U150812/ZN (OAI12V12_140P7T30R)            0.02       1.08 f
  u_cp/u_bfeed/U151969/ZN (CLKNAND2V16_140P7T30R)         0.02       1.10 r
  u_cp/u_bfeed/U147743/ZN (CLKNAND2V16_140P7T30R)         0.02       1.12 f
  u_cp/u_bfeed/U69025/ZN (CLKINV20_140P7T30R)             0.01       1.13 r
  u_cp/u_bfeed/U67955/Z (OA12V8_140P7T30R)                0.03       1.16 r
  u_cp/u_bfeed/U39251/ZN (INV5_140P7T30R)                 0.01       1.17 f
  u_cp/u_bfeed/U147620/Z (CLKXOR2V6_140P7T30R)            0.03       1.21 f
  u_cp/u_bfeed/U157607/ZN (NOR2V16_140P7T30R)             0.02       1.23 r
  u_cp/u_bfeed/U73084/ZN (NAND3V12_140P7T30R)             0.02       1.25 f
  u_cp/u_bfeed/U68378/ZN (CLKINV20_140P7T30R)             0.02       1.27 r
  u_cp/u_bfeed/U54794/ZN (OAI112V6_140P7T30R)             0.02       1.29 f
  u_cp/u_bfeed/U54711/ZN (NAND2XBV6_140P7T30R)            0.02       1.31 r
  u_cp/u_bfeed/U59982/ZN (NAND2V12_140P7T30R)             0.01       1.32 f
  u_cp/u_bfeed/U43377/ZN (NOR2V16_140P7T30R)              0.02       1.34 r
  u_cp/u_bfeed/U69648/ZN (NAND2V8_140P7T30R)              0.01       1.35 f
  u_cp/u_bfeed/U68917/ZN (NOR2V8_140P7T30R)               0.01       1.36 r
  u_cp/u_bfeed/U68916/Z (CLKXOR2V6_140P7T30R)             0.01       1.38 f
  u_cp/u_bfeed/U60764/ZN (AOI12V12_140P7T30R)             0.02       1.40 r
  u_cp/u_bfeed/U60029/ZN (NAND2V12_140P7T30R)             0.01       1.41 f
  u_cp/u_bfeed/U68903/ZN (NOR2V16_140P7T30R)              0.02       1.43 r
  u_cp/u_bfeed/U57643/ZN (CLKINV16_140P7T30R)             0.01       1.44 f
  u_cp/u_bfeed/U58642/ZN (OAI12V8_140P7T30R)              0.01       1.45 r
  u_cp/u_bfeed/U44442/ZN (NAND3V6_140P7T30R)              0.02       1.47 f
  u_cp/u_bfeed/U60173/ZN (CLKNAND2V16_140P7T30R)          0.02       1.50 r
  u_cp/u_bfeed/U66766/ZN (CLKNAND2V16_140P7T30R)          0.02       1.52 f
  u_cp/u_bfeed/U38100/ZN (NOR2V2_140P7T30R)               0.02       1.54 r
  u_cp/u_bfeed/U57430/ZN (NOR2V6_140P7T30R)               0.01       1.55 f
  u_cp/u_bfeed/U112390/ZN (CLKNAND2V4_140P7T30R)          0.01       1.57 r
  u_cp/u_bfeed/U47765/ZN (NAND2V12_140P7T30R)             0.01       1.58 f
  u_cp/u_bfeed/U105185/ZN (NAND2XBV12_140P7T30R)          0.01       1.60 r
  u_cp/u_bfeed/U72432/ZN (INV32_140P7T30R)                0.01       1.61 f
  u_cp/u_bfeed/U186101/S (AD1V4_140P7T30R)                0.07       1.67 r
  u_cp/u_bfeed/U153470/ZN (XNOR2V4_140P7T30R)             0.03       1.71 r
  u_cp/u_bfeed/U153290/ZN (XNOR2V4_140P7T30R)             0.04       1.74 r
  u_cp/u_bfeed/U59252/ZN (NOR2V8_140P7T30R)               0.01       1.76 f
  u_cp/u_bfeed/U72390/ZN (NOR2V8_140P7T30R)               0.02       1.77 r
  u_cp/u_bfeed/U73371/ZN (NAND2V8_140P7T30R)              0.01       1.78 f
  u_cp/u_bfeed/U47927/ZN (AOI12V8_140P7T30R)              0.02       1.80 r
  u_cp/u_bfeed/U47925/ZN (AOI12V12_140P7T30R)             0.01       1.82 f
  u_cp/u_bfeed/U69308/ZN (NOR2V16_140P7T30R)              0.03       1.84 r
  u_cp/u_bfeed/U121861/ZN (OAI12V8_140P7T30R)             0.02       1.86 f
  u_cp/u_bfeed/U73074/ZN (NAND2V8_140P7T30R)              0.02       1.88 r
  u_cp/u_bfeed/U73406/ZN (AOI12V6_140P7T30R)              0.01       1.89 f
  u_cp/u_bfeed/U58029/ZN (OAI12V8_140P7T30R)              0.02       1.91 r
  u_cp/u_bfeed/U148409/ZN (AOI12V8_140P7T30R)             0.01       1.92 f
  u_cp/u_bfeed/U37318/ZN (CLKNAND2V4_140P7T30R)           0.01       1.93 r
  u_cp/u_bfeed/U37292/ZN (NAND2V8_140P7T30R)              0.02       1.95 f
  u_cp/u_bfeed/U69670/ZN (CLKNAND2V16_140P7T30R)          0.02       1.97 r
  u_cp/u_bfeed/U105118/ZN (NOR2XBV4_140P7T30R)            0.01       1.98 f
  u_cp/u_bfeed/U37149/ZN (AOI12V4_140P7T30R)              0.02       2.00 r
  u_cp/u_bfeed/U37104/ZN (NAND2V8_140P7T30R)              0.02       2.03 f
  u_cp/u_bfeed/U93087/ZN (NAND2V3_140P7T30R)              0.01       2.04 r
  u_cp/u_bfeed/U36973/ZN (CLKNAND2V4_140P7T30R)           0.02       2.05 f
  u_cp/u_bfeed/U36932/ZN (NAND2XBV12_140P7T30R)           0.03       2.08 f
  u_cp/u_bfeed/U36846/ZN (NAND2XBV6_140P7T30R)            0.01       2.09 r
  u_cp/u_bfeed/U36831/ZN (CLKNAND2V4_140P7T30R)           0.02       2.11 f
  u_cp/u_bfeed/U50386/ZN (NOR2V12_140P7T30R)              0.02       2.13 r
  u_cp/u_bfeed/U36706/ZN (NOR2V2_140P7T30R)               0.02       2.14 f
  u_cp/u_bfeed/U105035/ZN (NOR2V6_140P7T30R)              0.02       2.17 r
  u_cp/u_bfeed/U82112/ZN (CLKNAND2V6_140P7T30R)           0.02       2.18 f
  u_cp/u_bfeed/U36654/ZN (NOR2V8_140P7T30R)               0.02       2.21 r
  u_cp/u_bfeed/U52589/ZN (CLKNAND2V16_140P7T30R)          0.02       2.22 f
  u_cp/u_bfeed/U36494/ZN (NOR2V4_140P7T30R)               0.01       2.24 r
  u_cp/u_bfeed/U86072/ZN (NAND2XBV6_140P7T30R)            0.02       2.26 r
  u_cp/u_bfeed/U143656/Z (CLKXOR2V6_140P7T30R)            0.03       2.29 r
  u_cp/u_bfeed/U71266/ZN (OAI12V12_140P7T30R)             0.02       2.31 f
  u_cp/u_bfeed/U51081/ZN (NOR2V8_140P7T30R)               0.02       2.33 r
  u_cp/u_bfeed/U51080/ZN (NAND3V8_140P7T30R)              0.02       2.34 f
  u_cp/u_bfeed/U150976/ZN (NOR3V8_140P7T30R)              0.02       2.36 r
  u_cp/u_bfeed/U151011/ZN (NOR2V12_140P7T30R)             0.01       2.38 f
  u_cp/u_bfeed/U152663/ZN (CLKNAND2V16_140P7T30R)         0.01       2.39 r
  u_cp/u_bfeed/U147776/ZN (CLKNAND2V16_140P7T30R)         0.01       2.40 f
  u_cp/u_bfeed/U41270/ZN (NAND2V8_140P7T30R)              0.01       2.41 r
  u_cp/u_bfeed/U121537/Z (CLKXOR2V6_140P7T30R)            0.03       2.45 r
  u_cp/u_bfeed/U68316/ZN (INV7_140P7T30R)                 0.01       2.45 f
  u_cp/u_bfeed/U60784/ZN (NAND2V12_140P7T30R)             0.01       2.47 r
  u_cp/u_bfeed/U61046/ZN (INV12_140P7T30R)                0.01       2.47 f
  u_cp/u_bfeed/U62439/ZN (NOR2V12_140P7T30R)              0.01       2.48 r
  u_cp/u_bfeed/U41303/ZN (AOI12V8_140P7T30R)              0.01       2.49 f
  u_cp/u_bfeed/U41574/ZN (OAI22V8_140P7T30R)              0.02       2.51 r
  u_cp/u_bfeed/U121488/ZN (NAND2V8_140P7T30R)             0.01       2.52 f
  u_cp/u_bfeed/U72114/ZN (NAND2V12_140P7T30R)             0.01       2.53 r
  u_cp/u_bfeed/U65294/ZN (NAND2V12_140P7T30R)             0.01       2.54 f
  u_cp/u_bfeed/U68953/ZN (CLKNAND2V16_140P7T30R)          0.01       2.55 r
  u_cp/u_bfeed/U54799/ZN (CLKNAND2V16_140P7T30R)          0.02       2.57 f
  u_cp/u_bfeed/U35671/ZN (NAND2V12_140P7T30R)             0.02       2.59 r
  u_cp/u_bfeed/U35616/ZN (INV10_140P7T30R)                0.01       2.60 f
  u_cp/u_bfeed/U148442/ZN (NOR2V16_140P7T30R)             0.02       2.61 r
  u_cp/u_bfeed/U35469/Z (BUFV10_140P7T30R)                0.02       2.64 r
  u_cp/u_bfeed/U111846/ZN (CLKNAND2V4_140P7T30R)          0.01       2.65 f
  u_cp/u_bfeed/U58468/ZN (NAND3V8_140P7T30R)              0.02       2.67 r
  u_cp/u_bfeed/U45001/ZN (INV8_140P7T30R)                 0.01       2.68 f
  u_cp/u_bfeed/U50343/ZN (NAND2V12_140P7T30R)             0.01       2.68 r
  u_cp/u_bfeed/U35199/ZN (CLKNAND2V6_140P7T30R)           0.01       2.69 f
  u_cp/u_bfeed/U35138/ZN (NOR2V8_140P7T30R)               0.02       2.71 r
  u_cp/u_bfeed/U61057/ZN (NOR2V16_140P7T30R)              0.01       2.72 f
  u_cp/u_bfeed/U89884/ZN (NAND2V3_140P7T30R)              0.01       2.73 r
  u_cp/u_bfeed/U34885/ZN (INV5_140P7T30R)                 0.01       2.74 f
  u_cp/u_bfeed/U34860/ZN (AOI12V6_140P7T30R)              0.02       2.77 r
  u_cp/u_bfeed/U45013/ZN (OAI12V8_140P7T30R)              0.02       2.78 f
  u_cp/u_bfeed/U57701/ZN (NAND2XBV4_140P7T30R)            0.01       2.79 r
  u_cp/u_bfeed/U101020/ZN (NAND2V2_140P7T30R)             0.01       2.81 f
  u_cp/u_bfeed/U178746/ZN (AOI12V4_140P7T30R)             0.02       2.83 r
  u_cp/u_bfeed/U96458/ZN (OAI12V4_140P7T30R)              0.02       2.85 f
  u_cp/u_bfeed/U104865/ZN (XNOR2V2_140P7T30R)             0.03       2.87 f
  u_cp/u_bfeed/U89845/ZN (CLKNAND2V4_140P7T30R)           0.02       2.89 r
  u_cp/u_bfeed/U34482/ZN (CLKNAND2V6_140P7T30R)           0.02       2.91 f
  u_cp/u_bfeed/U34468/ZN (NOR2V12_140P7T30R)              0.02       2.93 r
  u_cp/u_bfeed/U54834/ZN (CLKNAND2V16_140P7T30R)          0.02       2.94 f
  u_cp/u_bfeed/U34328/ZN (AOI12V6_140P7T30R)              0.03       2.97 r
  u_cp/u_bfeed/U153084/ZN (OAI22V12_140P7T30R)            0.02       3.00 f
  u_cp/u_bfeed/U70115/ZN (NOR2V16_140P7T30R)              0.01       3.01 r
  u_cp/u_bfeed/U43393/ZN (OAI12V8_140P7T30R)              0.01       3.03 f
  u_cp/u_bfeed/U153218/ZN (OAI12V12_140P7T30R)            0.03       3.05 r
  u_cp/u_bfeed/U34140/ZN (NAND2XBV6_140P7T30R)            0.01       3.06 f
  u_cp/u_bfeed/U42256/ZN (NAND3V6_140P7T30R)              0.01       3.08 r
  u_cp/u_bfeed/U153149/ZN (NAND3V8_140P7T30R)             0.01       3.09 f
  u_cp/u_bfeed/U72257/ZN (NAND2V8_140P7T30R)              0.02       3.10 r
  u_cp/u_bfeed/U41148/ZN (CLKNAND2V16_140P7T30R)          0.01       3.12 f
  u_cp/u_bfeed/U71969/ZN (NOR2V8_140P7T30R)               0.01       3.13 r
  u_cp/u_bfeed/U47548/ZN (NOR2V8_140P7T30R)               0.01       3.14 f
  u_cp/u_bfeed/U58442/ZN (NOR2V12_140P7T30R)              0.01       3.15 r
  u_cp/u_bfeed/U58443/ZN (CLKNAND2V16_140P7T30R)          0.01       3.17 f
  u_cp/u_bfeed/U121085/ZN (CLKINV20_140P7T30R)            0.01       3.18 r
  u_cp/u_bfeed/U62292/ZN (NAND3V12_140P7T30R)             0.02       3.19 f
  u_cp/u_bfeed/U71676/ZN (CLKNAND2V16_140P7T30R)          0.02       3.21 r
  u_cp/u_bfeed/U92851/ZN (INV24_140P7T30R)                0.02       3.22 f
  u_cp/u_bfeed/U41274/ZN (CLKNAND2V4_140P7T30R)           0.01       3.24 r
  u_cp/u_bfeed/U121062/ZN (NAND2V3_140P7T30R)             0.01       3.25 f
  u_cp/u_bfeed/U96363/ZN (OAI12V4_140P7T30R)              0.02       3.27 r
  u_cp/u_bfeed/U100891/Z (AO12V4_140P7T30R)               0.03       3.30 r
  u_cp/u_bfeed/U51018/ZN (NAND2V8_140P7T30R)              0.01       3.31 f
  u_cp/u_bfeed/U150319/ZN (OAI22V12_140P7T30R)            0.02       3.33 r
  u_cp/u_bfeed/U32993/ZN (NOR2V4_140P7T30R)               0.02       3.35 f
  u_cp/u_bfeed/U49982/ZN (NOR2V12_140P7T30R)              0.01       3.36 r
  u_cp/u_bfeed/U32936/ZN (NAND2V8_140P7T30R)              0.01       3.38 f
  u_cp/u_bfeed/U151106/ZN (OAI12V12_140P7T30R)            0.03       3.40 r
  u_cp/u_bfeed/U53873/ZN (INV20_140P7T30R)                0.01       3.42 f
  u_cp/u_bfeed/U52037/ZN (INV40_140P7T30R)                0.01       3.43 r
  u_cp/u_bfeed/U32711/ZN (NAND2XBV4_140P7T30R)            0.01       3.44 f
  u_cp/u_bfeed/U46520/ZN (NAND3V6_140P7T30R)              0.01       3.45 r
  u_cp/u_bfeed/U96284/ZN (XNOR2V4_140P7T30R)              0.03       3.48 r
  u_cp/u_bfeed/U62332/ZN (OAI22V8_140P7T30R)              0.02       3.50 f
  u_cp/u_bfeed/U72391/ZN (NOR2V16_140P7T30R)              0.02       3.52 r
  u_cp/u_bfeed/U65892/ZN (CLKNAND2V16_140P7T30R)          0.02       3.54 f
  u_cp/u_bfeed/U70719/ZN (NOR3V12_140P7T30R)              0.03       3.57 r
  u_cp/u_bfeed/U46849/ZN (CLKNAND2V16_140P7T30R)          0.02       3.59 f
  u_cp/u_bfeed/U45333/ZN (CLKINV20_140P7T30R)             0.01       3.60 r
  u_cp/u_bfeed/U32359/ZN (NOR2V8_140P7T30R)               0.01       3.61 f
  u_cp/u_bfeed/U64731/ZN (NAND2V12_140P7T30R)             0.01       3.62 r
  u_cp/u_bfeed/U43881/ZN (CLKNAND2V16_140P7T30R)          0.01       3.63 f
  u_cp/u_bfeed/U65288/ZN (CLKNAND2V16_140P7T30R)          0.01       3.64 r
  u_cp/u_bfeed/U152740/ZN (AOI12V12_140P7T30R)            0.02       3.66 f
  u_cp/u_bfeed/U57590/Z (CLKXOR2V12_140P7T30R)            0.03       3.69 f
  u_cp/u_bfeed/U142202/ZN (OAI12V8_140P7T30R)             0.02       3.72 r
  u_cp/u_bfeed/U32099/ZN (NAND2XBV6_140P7T30R)            0.02       3.74 f
  u_cp/u_bfeed/U42267/ZN (CLKNAND2V16_140P7T30R)          0.01       3.75 r
  u_cp/u_bfeed/U62441/ZN (INV12_140P7T30R)                0.01       3.76 f
  u_cp/u_bfeed/U31979/Z (CLKXOR2V6_140P7T30R)             0.03       3.79 f
  u_cp/u_bfeed/U152948/ZN (CLKNAND2V16_140P7T30R)         0.01       3.80 r
  u_cp/u_bfeed/U31673/ZN (NAND3V6_140P7T30R)              0.03       3.83 f
  u_cp/u_bfeed/U61773/ZN (NOR2V8_140P7T30R)               0.03       3.86 r
  u_cp/u_bfeed/U42272/Z (AND2V6_140P7T30R)                0.02       3.88 r
  u_cp/u_bfeed/U58427/ZN (NOR2V8_140P7T30R)               0.01       3.89 f
  u_cp/u_bfeed/U58399/ZN (NAND2V12_140P7T30R)             0.01       3.90 r
  u_cp/u_bfeed/U54846/ZN (INV16_140P7T30R)                0.01       3.91 f
  u_cp/u_bfeed/U31316/ZN (NAND2XBV12_140P7T30R)           0.01       3.92 r
  u_cp/u_bfeed/U31237/ZN (CLKNAND2V6_140P7T30R)           0.02       3.94 f
  u_cp/u_bfeed/U31087/ZN (NOR2V2_140P7T30R)               0.02       3.96 r
  u_cp/u_bfeed/U141926/ZN (INV2_140P7T30R)                0.01       3.97 f
  u_cp/u_bfeed/U186740/ZN (NOR2V2_140P7T30R)              0.01       3.99 r
  u_cp/u_bfeed/U153409/ZN (AOI21BV2_140P7T30R)            0.02       4.00 f
  u_cp/u_bfeed/U141878/ZN (XNOR2V2_140P7T30R)             0.03       4.04 f
  u_cp/u_bfeed/U141855/Z (AO22V6_140P7T30R)               0.03       4.07 f
  u_cp/u_bfeed/U68211/ZN (NOR2V12_140P7T30R)              0.02       4.09 r
  u_cp/u_bfeed/U30827/ZN (NAND3V6_140P7T30R)              0.03       4.11 f
  u_cp/u_bfeed/U96108/ZN (NOR2V12_140P7T30R)              0.02       4.13 r
  u_cp/u_bfeed/U153297/ZN (NAND2V3_140P7T30R)             0.01       4.14 f
  u_cp/u_bfeed/U30693/ZN (NOR2V6_140P7T30R)               0.02       4.17 r
  u_cp/u_bfeed/U63206/ZN (CLKNAND2V16_140P7T30R)          0.02       4.18 f
  u_cp/u_bfeed/U59044/ZN (CLKNAND2V16_140P7T30R)          0.01       4.19 r
  u_cp/u_bfeed/U30346/Z (BUFV2_140P7T30R)                 0.02       4.21 r
  u_cp/u_bfeed/U30332/ZN (INV6_140P7T30R)                 0.01       4.23 f
  u_cp/u_bfeed/U30307/ZN (NOR2V2_140P7T30R)               0.05       4.28 r
  u_cp/u_bfeed/U120530/ZN (INV4_140P7T30R)                0.02       4.29 f
  u_cp/u_bfeed/U81681/ZN (OAI22V1_140P7T30R)              0.03       4.32 r
  u_cp/u_bfeed/U110785/Z (AO12V4_140P7T30R)               0.02       4.35 r
  u_cp/u_bfeed/U30156/ZN (CLKNAND2V4_140P7T30R)           0.02       4.36 f
  u_cp/u_bfeed/U153097/ZN (CLKNAND2V16_140P7T30R)         0.02       4.38 r
  u_cp/u_bfeed/U30039/Z (BUFV16_140P7T30R)                0.02       4.40 r
  u_cp/u_bfeed/U62260/Z (AO1B2V4_140P7T30R)               0.03       4.43 r
  u_cp/u_bfeed/U176769/S (AD1V4_140P7T30R)                0.06       4.49 f
  u_cp/u_bfeed/U29809/ZN (OAI12V2_140P7T30R)              0.02       4.51 r
  u_cp/u_bfeed/U50437/ZN (OAI12V4_140P7T30R)              0.02       4.54 f
  u_cp/u_bfeed/U141464/ZN (NOR2V6_140P7T30R)              0.03       4.56 r
  u_cp/u_bfeed/U47564/ZN (OAI12V6_140P7T30R)              0.01       4.58 f
  u_cp/u_bfeed/U47565/ZN (CLKNAND2V6_140P7T30R)           0.01       4.59 r
  u_cp/u_bfeed/U41136/ZN (NAND2V8_140P7T30R)              0.01       4.60 f
  u_cp/u_bfeed/U153940/ZN (OAI12V6_140P7T30R)             0.02       4.61 r
  u_cp/u_bfeed/U152945/ZN (NAND2V8_140P7T30R)             0.01       4.63 f
  u_cp/u_bfeed/U70321/ZN (NAND3V12_140P7T30R)             0.01       4.64 r
  u_cp/u_bfeed/U59082/ZN (CLKNAND2V16_140P7T30R)          0.01       4.65 f
  u_cp/u_bfeed/U57640/ZN (CLKNAND2V16_140P7T30R)          0.01       4.66 r
  u_cp/u_bfeed/U29248/ZN (NAND3V6_140P7T30R)              0.02       4.68 f
  u_cp/u_bfeed/U61147/ZN (OAI12V6_140P7T30R)              0.02       4.70 r
  u_cp/u_bfeed/U73567/ZN (NOR2V12_140P7T30R)              0.01       4.71 f
  u_cp/u_bfeed/U29153/ZN (CLKINV16_140P7T30R)             0.01       4.72 r
  u_cp/u_bfeed/U152936/ZN (CLKNAND2V16_140P7T30R)         0.01       4.74 f
  u_cp/u_bfeed/U29077/ZN (NOR2V12_140P7T30R)              0.02       4.75 r
  u_cp/u_bfeed/U47922/ZN (NOR2V16_140P7T30R)              0.01       4.76 f
  u_cp/u_bfeed/U153057/ZN (NOR2V16_140P7T30R)             0.02       4.78 r
  u_cp/u_bfeed/U28941/ZN (CLKINV16_140P7T30R)             0.01       4.79 f
  u_cp/u_bfeed/U70119/ZN (INV32_140P7T30R)                0.01       4.80 r
  u_cp/u_bfeed/U152496/ZN (NAND2V8_140P7T30R)             0.01       4.81 f
  u_cp/u_bfeed/U45359/ZN (NAND3V12_140P7T30R)             0.01       4.83 r
  u_cp/u_bfeed/U28615/ZN (OAI22V6_140P7T30R)              0.02       4.85 f
  u_cp/u_bfeed/U150261/ZN (OAI12V8_140P7T30R)             0.02       4.87 r
  u_cp/u_bfeed/U62434/ZN (CLKNAND2V16_140P7T30R)          0.02       4.89 f
  u_cp/u_bfeed/U65356/ZN (NOR2V12_140P7T30R)              0.01       4.90 r
  u_cp/u_bfeed/U52460/ZN (NAND3V8_140P7T30R)              0.02       4.92 f
  u_cp/u_bfeed/U67426/ZN (NOR2V8_140P7T30R)               0.02       4.94 r
  u_cp/u_bfeed/U65349/ZN (NAND2V12_140P7T30R)             0.01       4.96 f
  u_cp/u_bfeed/U43567/ZN (AOI13V4_140P7T30R)              0.02       4.98 r
  u_cp/u_bfeed/U151094/Z (CLKXOR2V6_140P7T30R)            0.04       5.01 r
  u_cp/u_bfeed/U45403/ZN (NOR2V12_140P7T30R)              0.01       5.03 f
  u_cp/u_bfeed/U148407/ZN (NOR2V16_140P7T30R)             0.02       5.05 r
  u_cp/u_bfeed/U68712/ZN (OAI12V12_140P7T30R)             0.01       5.06 f
  u_cp/u_bfeed/U72256/ZN (AOI12V8_140P7T30R)              0.02       5.08 r
  u_cp/u_bfeed/U152721/ZN (XNOR2V4_140P7T30R)             0.04       5.12 r
  u_cp/u_bfeed/U152720/ZN (OAI12V12_140P7T30R)            0.02       5.14 f
  u_cp/u_bfeed/U27716/Z (BUFV24_140P7T30R)                0.02       5.16 f
  u_cp/u_bfeed/U27724/ZN (NOR2V6_140P7T30R)               0.01       5.17 r
  u_cp/u_bfeed/U64151/ZN (NAND2V8_140P7T30R)              0.01       5.19 f
  u_cp/u_bfeed/U57410/ZN (NOR2V12_140P7T30R)              0.02       5.20 r
  u_cp/u_bfeed/U95786/ZN (INV3_140P7T30R)                 0.01       5.21 f
  u_cp/u_bfeed/U109877/ZN (OAI12V4_140P7T30R)             0.02       5.22 r
  u_cp/u_bfeed/U109847/ZN (NAND2XBV6_140P7T30R)           0.02       5.24 f
  u_cp/u_bfeed/U47540/ZN (CLKNAND2V16_140P7T30R)          0.02       5.26 r
  u_cp/u_bfeed/U100173/ZN (NOR2V4_140P7T30R)              0.01       5.27 f
  u_cp/u_bfeed/U58168/ZN (NOR2V8_140P7T30R)               0.02       5.29 r
  u_cp/u_bfeed/U27144/ZN (CLKNAND2V6_140P7T30R)           0.02       5.31 f
  u_cp/u_bfeed/U27104/ZN (INV2_140P7T30R)                 0.02       5.33 r
  u_cp/u_bfeed/U109692/ZN (NAND2V2_140P7T30R)             0.02       5.34 f
  u_cp/u_bfeed/U118450/ZN (OAI22V4_140P7T30R)             0.02       5.36 r
  u_cp/u_bfeed/U136944/ZN (AOI12V4_140P7T30R)             0.01       5.38 f
  u_cp/u_bfeed/U136918/ZN (CLKNAND2V4_140P7T30R)          0.01       5.39 r
  u_cp/u_bfeed/U177159/Z (CLKXOR2V6_140P7T30R)            0.03       5.42 r
  u_cp/u_bfeed/U118397/ZN (NOR2V8_140P7T30R)              0.01       5.43 f
  u_cp/u_bfeed/U56457/ZN (NOR2V16_140P7T30R)              0.02       5.45 r
  u_cp/u_bfeed/U26785/ZN (NAND2V12_140P7T30R)             0.02       5.47 f
  u_cp/u_bfeed/U43898/ZN (NOR2V16_140P7T30R)              0.02       5.49 r
  u_cp/u_bfeed/U63210/ZN (OAI12V12_140P7T30R)             0.01       5.50 f
  u_cp/u_bfeed/U59307/ZN (NOR2V12_140P7T30R)              0.02       5.52 r
  u_cp/u_bfeed/U45697/ZN (CLKNAND2V16_140P7T30R)          0.01       5.53 f
  u_cp/u_bfeed/U45696/ZN (NAND2XBV16_140P7T30R)           0.01       5.54 r
  u_cp/u_bfeed/U47935/ZN (NAND2XBV16_140P7T30R)           0.01       5.55 f
  u_cp/u_bfeed/U100087/ZN (INV6_140P7T30R)                0.01       5.56 r
  u_cp/u_bfeed/U158455/ZN (NOR2V4_140P7T30R)              0.01       5.57 f
  u_cp/u_bfeed/U26272/Z (XOR2V2_140P7T30R)                0.03       5.60 f
  u_cp/u_bfeed/U151795/ZN (OAI12V6_140P7T30R)             0.02       5.62 r
  u_cp/u_bfeed/U69270/ZN (NAND3V8_140P7T30R)              0.02       5.64 f
  u_cp/u_bfeed/U95646/ZN (NOR2V12_140P7T30R)              0.01       5.66 r
  u_cp/u_bfeed/U147639/ZN (CLKNAND2V16_140P7T30R)         0.01       5.67 f
  u_cp/u_bfeed/U152507/ZN (NOR2V16_140P7T30R)             0.02       5.69 r
  u_cp/u_bfeed/U66328/ZN (NOR2V16_140P7T30R)              0.01       5.71 f
  u_cp/u_bfeed/U66326/ZN (CLKINV32_140P7T30R)             0.01       5.72 r
  u_cp/u_bfeed/U68302/ZN (NOR2XBV12_140P7T30R)            0.01       5.72 f
  u_cp/u_bfeed/U148413/ZN (AOI12V12_140P7T30R)            0.01       5.74 r
  u_cp/u_bfeed/U71258/ZN (NAND3V8_140P7T30R)              0.02       5.76 f
  u_cp/u_bfeed/U25392/ZN (INV16_140P7T30R)                0.02       5.78 r
  u_cp/u_bfeed/U25342/ZN (NOR2V2_140P7T30R)               0.02       5.79 f
  u_cp/u_bfeed/U55669/ZN (AOI12V8_140P7T30R)              0.02       5.82 r
  u_cp/u_bfeed/U25240/ZN (INV5_140P7T30R)                 0.01       5.82 f
  u_cp/u_bfeed/U25212/ZN (OAI12V4_140P7T30R)              0.02       5.84 r
  u_cp/u_bfeed/U95599/ZN (CLKNAND2V4_140P7T30R)           0.01       5.85 f
  u_cp/u_bfeed/U136018/ZN (XNOR2V2_140P7T30R)             0.03       5.88 f
  u_cp/u_bfeed/U117991/ZN (XNOR2V2_140P7T30R)             0.03       5.91 f
  u_cp/u_bfeed/U78059/ZN (NAND2V2_140P7T30R)              0.03       5.94 r
  u_cp/u_bfeed/U69588/ZN (OAI12V8_140P7T30R)              0.02       5.96 f
  u_cp/u_bfeed/U69587/ZN (NAND2V8_140P7T30R)              0.01       5.97 r
  u_cp/u_bfeed/U24934/ZN (NAND2V12_140P7T30R)             0.01       5.99 f
  u_cp/u_bfeed/U54921/ZN (CLKINV20_140P7T30R)             0.01       6.00 r
  u_cp/u_bfeed/U56461/ZN (OAI12V12_140P7T30R)             0.01       6.01 f
  u_cp/u_bfeed/U56460/ZN (AOI12V12_140P7T30R)             0.02       6.03 r
  u_cp/u_bfeed/U70682/ZN (OAI12V12_140P7T30R)             0.02       6.04 f
  u_cp/u_bfeed/U72431/ZN (AOI12V8_140P7T30R)              0.02       6.06 r
  u_cp/u_bfeed/U52398/Z (CLKXOR2V6_140P7T30R)             0.03       6.10 r
  u_cp/u_bfeed/U49022/ZN (NOR2V8_140P7T30R)               0.01       6.11 f
  u_cp/u_bfeed/U56589/ZN (OAI12V8_140P7T30R)              0.02       6.12 r
  u_cp/u_bfeed/U117577/ZN (INV12_140P7T30R)               0.01       6.13 f
  u_cp/u_bfeed/U134801/ZN (INV24_140P7T30R)               0.01       6.15 r
  u_cp/u_bfeed/U24051/Z (XOR2V2_140P7T30R)                0.03       6.18 r
  u_cp/u_bfeed/U88868/Z (OR2V2_140P7T30R)                 0.02       6.20 r
  u_cp/u_bfeed/U95405/ZN (OAI12V4_140P7T30R)              0.02       6.22 f
  u_cp/u_bfeed/U134354/ZN (XNOR2V2_140P7T30R)             0.03       6.25 f
  u_cp/u_bfeed/U134273/ZN (XNOR2V2_140P7T30R)             0.04       6.29 f
  u_cp/u_bfeed/U191006/CO (AD1V4_140P7T30R)               0.05       6.34 f
  u_cp/u_bfeed/U56555/ZN (OAI12V4_140P7T30R)              0.01       6.36 r
  u_cp/u_bfeed/U91988/ZN (CLKNAND2V4_140P7T30R)           0.02       6.38 f
  u_cp/u_bfeed/U134080/Z (CLKXOR2V6_140P7T30R)            0.03       6.41 f
  u_cp/u_bfeed/U134038/Z (CLKXOR2V6_140P7T30R)            0.03       6.44 f
  u_cp/u_bfeed/U95305/ZN (NAND2V3_140P7T30R)              0.02       6.45 r
  u_cp/u_bfeed/U56567/ZN (OAI12V4_140P7T30R)              0.02       6.47 f
  u_cp/u_bfeed/U23211/ZN (AOI12V6_140P7T30R)              0.02       6.49 r
  u_cp/u_bfeed/U80975/ZN (INV5_140P7T30R)                 0.01       6.50 f
  u_cp/u_bfeed/U49931/ZN (AOI22V8_140P7T30R)              0.02       6.52 r
  u_cp/u_bfeed/U23024/ZN (NAND2V8_140P7T30R)              0.02       6.54 f
  u_cp/u_bfeed/U22967/ZN (NOR2V6_140P7T30R)               0.02       6.55 r
  u_cp/u_bfeed/U52407/ZN (NAND3V12_140P7T30R)             0.02       6.58 f
  u_cp/u_bfeed/U133404/ZN (NAND2V12_140P7T30R)            0.02       6.59 r
  u_cp/u_bfeed/U50072/ZN (INV20_140P7T30R)                0.01       6.60 f
  u_cp/u_bfeed/U22342/ZN (INV40_140P7T30R)                0.01       6.62 r
  u_cp/u_bfeed/U43391/ZN (NOR2V16_140P7T30R)              0.01       6.62 f
  u_cp/u_bfeed/U152314/ZN (NAND2XBV16_140P7T30R)          0.03       6.65 f
  u_cp/u_bfeed/U77858/ZN (INV8_140P7T30R)                 0.01       6.66 r
  u_cp/u_bfeed/U49921/ZN (CLKNAND2V4_140P7T30R)           0.02       6.67 f
  u_cp/u_bfeed/U52479/ZN (INV8_140P7T30R)                 0.01       6.69 r
  u_cp/u_bfeed/U54756/ZN (NOR2V16_140P7T30R)              0.01       6.70 f
  u_cp/u_bfeed/U54824/ZN (NAND3V8_140P7T30R)              0.01       6.71 r
  u_cp/u_bfeed/U58694/ZN (OAI12V8_140P7T30R)              0.02       6.73 f
  u_cp/u_bfeed/U48396/ZN (CLKNAND2V16_140P7T30R)          0.02       6.75 r
  u_cp/u_bfeed/U52417/Z (BUFV40_140P7T30R)                0.02       6.77 r
  u_cp/u_bfeed/U43352/Z (OA22V8_140P7T30R)                0.03       6.80 r
  u_cp/u_bfeed/U76182/ZN (CLKNAND2V16_140P7T30R)          0.02       6.82 f
  u_cp/u_bfeed/U61771/Z (CLKBUFV16_140P7T30R)             0.02       6.84 f
  u_cp/u_bfeed/U21278/ZN (NOR2V6_140P7T30R)               0.01       6.85 r
  u_cp/u_bfeed/U91814/ZN (CLKNAND2V4_140P7T30R)           0.02       6.87 f
  u_cp/u_bfeed/U21196/ZN (INV4_140P7T30R)                 0.02       6.89 r
  u_cp/u_bfeed/U43542/ZN (NOR2V12_140P7T30R)              0.01       6.90 f
  u_cp/u_bfeed/U56709/ZN (NAND2XBV8_140P7T30R)            0.02       6.93 f
  u_cp/u_bfeed/U56708/ZN (NOR2V16_140P7T30R)              0.02       6.95 r
  u_cp/u_bfeed/U43509/ZN (NOR2V16_140P7T30R)              0.01       6.95 f
  u_cp/u_bfeed/U54820/ZN (NOR2V6_140P7T30R)               0.02       6.97 r
  u_cp/u_bfeed/U69652/ZN (AOI12V8_140P7T30R)              0.02       6.99 f
  u_cp/u_bfeed/U61769/ZN (OAI12V12_140P7T30R)             0.03       7.01 r
  u_cp/u_bfeed/U44596/ZN (CLKNAND2V16_140P7T30R)          0.01       7.03 f
  u_cp/u_bfeed/U99292/ZN (INV3_140P7T30R)                 0.01       7.04 r
  u_cp/u_bfeed/U132112/ZN (OAI22V4_140P7T30R)             0.01       7.05 f
  u_cp/u_bfeed/U108157/ZN (XNOR2V2_140P7T30R)             0.03       7.08 r
  u_cp/u_bfeed/U53246/ZN (OAI22V6_140P7T30R)              0.02       7.10 f
  u_cp/u_bfeed/U65312/ZN (NOR2V6_140P7T30R)               0.03       7.12 r
  u_cp/u_bfeed/U99253/ZN (NAND2V8_140P7T30R)              0.02       7.14 f
  u_cp/u_bfeed/U61389/ZN (NOR2V16_140P7T30R)              0.02       7.16 r
  u_cp/u_bfeed/U116280/ZN (NAND2V12_140P7T30R)            0.02       7.18 f
  u_cp/u_bfeed/U56665/ZN (INV8_140P7T30R)                 0.01       7.19 r
  u_cp/u_bfeed/U62499/ZN (OAI22V6_140P7T30R)              0.02       7.21 f
  u_cp/u_bfeed/U103142/ZN (INV7_140P7T30R)                0.02       7.22 r
  u_cp/u_bfeed/U131573/ZN (NAND2V12_140P7T30R)            0.02       7.24 f
  u_cp/u_bfeed/U18939/ZN (CLKINV10_140P7T30R)             0.01       7.25 r
  u_cp/u_bfeed/U18745/ZN (NAND3V6_140P7T30R)              0.01       7.26 f
  u_cp/u_bfeed/U18666/ZN (OAI22V4_140P7T30R)              0.03       7.29 r
  u_cp/u_bfeed/U69614/ZN (NOR2V8_140P7T30R)               0.01       7.30 f
  u_cp/u_bfeed/U43315/ZN (OAI112V6_140P7T30R)             0.02       7.32 r
  u_cp/u_bfeed/U43314/ZN (NAND2V8_140P7T30R)              0.01       7.33 f
  u_cp/u_bfeed/U84027/ZN (NOR2V12_140P7T30R)              0.02       7.35 r
  u_cp/u_bfeed/U151905/ZN (CLKNAND2V16_140P7T30R)         0.02       7.37 f
  u_cp/u_bfeed/U149714/ZN (NAND2XBV16_140P7T30R)          0.02       7.39 r
  u_cp/u_bfeed/U99180/ZN (OAI12V4_140P7T30R)              0.01       7.41 f
  u_cp/u_bfeed/U65477/ZN (NAND2XBV8_140P7T30R)            0.03       7.43 f
  u_cp/u_bfeed/U58702/ZN (CLKNAND2V16_140P7T30R)          0.02       7.45 r
  u_cp/u_bfeed/U77585/Z (XOR2V4_140P7T30R)                0.03       7.48 r
  u_cp/u_bfeed/U91565/ZN (NOR2V2_140P7T30R)               0.01       7.49 f
  u_cp/u_bfeed/U155950/ZN (OAI21BV4_140P7T30R)            0.03       7.52 f
  u_cp/u_bfeed/U191516/CO (AD1V4_140P7T30R)               0.05       7.57 f
  u_cp/u_bfeed/U115686/ZN (OAI12V4_140P7T30R)             0.02       7.58 r
  u_cp/u_bfeed/U107718/ZN (CLKNAND2V4_140P7T30R)          0.01       7.60 f
  u_cp/u_bfeed/U191534/CO (AD1V4_140P7T30R)               0.04       7.64 f
  u_cp/u_bfeed/U152698/Z (MAJ23V4_140P7T30R)              0.04       7.68 f
  u_cp/u_bfeed/U130060/ZN (OAI12V4_140P7T30R)             0.02       7.70 r
  u_cp/u_bfeed/U66314/ZN (NAND2V8_140P7T30R)              0.01       7.71 f
  u_cp/u_bfeed/U158929/Z (CLKXOR2V6_140P7T30R)            0.03       7.74 f
  u_cp/u_bfeed/U152055/ZN (XNOR2V4_140P7T30R)             0.03       7.77 f
  u_cp/u_bfeed/U66268/ZN (NOR2V8_140P7T30R)               0.02       7.79 r
  u_cp/u_bfeed/U44580/ZN (OAI12V6_140P7T30R)              0.01       7.81 f
  u_cp/u_bfeed/U102892/ZN (AOI12V8_140P7T30R)             0.03       7.83 r
  u_cp/u_bfeed/U88130/Z (CLKOR2V16_140P7T30R)             0.02       7.85 r
  u_cp/u_bfeed/U70661/ZN (NAND3V8_140P7T30R)              0.02       7.87 f
  u_cp/u_bfeed/U70660/ZN (NAND2XBV12_140P7T30R)           0.01       7.88 r
  u_cp/u_bfeed/U57376/ZN (CLKNAND2V16_140P7T30R)          0.02       7.90 f
  u_cp/u_bfeed/U15853/ZN (INV20_140P7T30R)                0.02       7.92 r
  u_cp/u_bfeed/U129397/ZN (INV32_140P7T30R)               0.01       7.93 f
  u_cp/u_bfeed/U15669/ZN (NAND2XBV8_140P7T30R)            0.01       7.93 r
  u_cp/u_bfeed/U98891/ZN (NAND2V8_140P7T30R)              0.01       7.95 f
  u_cp/u_bfeed/U68372/ZN (CLKINV12_140P7T30R)             0.01       7.96 r
  u_cp/u_bfeed/U149905/ZN (NAND2XBV16_140P7T30R)          0.01       7.96 f
  u_cp/u_bfeed/U59293/ZN (NAND2V12_140P7T30R)             0.01       7.98 r
  u_cp/u_bfeed/U47772/ZN (CLKNAND2V16_140P7T30R)          0.01       7.99 f
  u_cp/u_bfeed/U15265/ZN (OAI12V6_140P7T30R)              0.02       8.00 r
  u_cp/u_bfeed/U52122/ZN (NAND2XBV12_140P7T30R)           0.02       8.03 r
  u_cp/u_bfeed/U68333/ZN (INV7_140P7T30R)                 0.01       8.03 f
  u_cp/u_bfeed/U56717/ZN (OAI22V6_140P7T30R)              0.01       8.04 r
  u_cp/u_bfeed/U43601/ZN (XNOR2V2_140P7T30R)              0.03       8.08 r
  u_cp/u_bfeed/U52466/ZN (MUX2NV4_140P7T30R)              0.02       8.10 f
  u_cp/u_bfeed/U48443/ZN (NOR2V12_140P7T30R)              0.03       8.12 r
  u_cp/u_bfeed/U15041/ZN (NAND2V12_140P7T30R)             0.02       8.14 f
  u_cp/u_bfeed/U150535/ZN (NOR2XBV16_140P7T30R)           0.02       8.17 r
  u_cp/u_bfeed/U149943/ZN (INV32_140P7T30R)               0.02       8.18 f
  u_cp/u_bfeed/U14678/ZN (OAI22V6_140P7T30R)              0.02       8.20 r
  u_cp/u_bfeed/U47761/Z (CLKOR2V16_140P7T30R)             0.02       8.22 r
  u_cp/u_bfeed/U83486/ZN (INV5_140P7T30R)                 0.01       8.23 f
  u_cp/u_bfeed/U80251/ZN (CLKNAND2V4_140P7T30R)           0.01       8.25 r
  u_cp/u_bfeed/U87938/ZN (OAI12V6_140P7T30R)              0.02       8.26 f
  u_cp/u_bfeed/U83458/ZN (AOI12V4_140P7T30R)              0.02       8.28 r
  u_cp/u_bfeed/U98680/ZN (OAI12V6_140P7T30R)              0.02       8.30 f
  u_cp/u_bfeed/U50082/ZN (INV6_140P7T30R)                 0.01       8.32 r
  u_cp/u_bfeed/U50083/ZN (CLKNAND2V16_140P7T30R)          0.01       8.33 f
  u_cp/u_bfeed/U98635/ZN (NAND2XBV4_140P7T30R)            0.01       8.34 r
  u_cp/u_bfeed/U68913/ZN (NAND2V8_140P7T30R)              0.01       8.35 f
  u_cp/u_bfeed/U153819/Z (CLKXOR2V6_140P7T30R)            0.03       8.38 f
  u_cp/u_bfeed/U107098/ZN (CLKNAND2V4_140P7T30R)          0.01       8.39 r
  u_cp/u_bfeed/U114876/ZN (NAND3V8_140P7T30R)             0.02       8.41 f
  u_cp/u_bfeed/U114868/ZN (CLKINV12_140P7T30R)            0.01       8.42 r
  u_cp/u_bfeed/U83389/ZN (NAND3V3_140P7T30R)              0.01       8.43 f
  u_cp/u_bfeed/U114845/ZN (INV4_140P7T30R)                0.01       8.45 r
  u_cp/u_bfeed/U80157/ZN (NAND2V8_140P7T30R)              0.01       8.46 f
  u_cp/u_bfeed/U158136/ZN (NOR2V12_140P7T30R)             0.01       8.47 r
  u_cp/u_bfeed/U12724/ZN (INV8_140P7T30R)                 0.01       8.48 f
  u_cp/u_bfeed/U48523/ZN (NAND2XBV8_140P7T30R)            0.01       8.49 r
  u_cp/u_bfeed/U127644/ZN (OAI12V6_140P7T30R)             0.01       8.51 f
  u_cp/u_bfeed/U114794/ZN (INV7_140P7T30R)                0.01       8.52 r
  u_cp/u_bfeed/U43325/Z (OR2V16_140P7T30R)                0.02       8.54 r
  u_cp/u_bfeed/U127584/ZN (NAND2XBV12_140P7T30R)          0.01       8.55 f
  u_cp/u_bfeed/U158989/ZN (OAI22V12_140P7T30R)            0.02       8.57 r
  u_cp/u_bfeed/U114766/ZN (AOI22V4_140P7T30R)             0.01       8.58 f
  u_cp/u_bfeed/U159741/ZN (AOI21BV4_140P7T30R)            0.03       8.61 f
  u_cp/u_bfeed/U149891/ZN (NOR2V8_140P7T30R)              0.02       8.63 r
  u_cp/u_bfeed/U12080/ZN (INV5_140P7T30R)                 0.01       8.64 f
  u_cp/u_bfeed/U69612/ZN (NOR2V12_140P7T30R)              0.02       8.66 r
  u_cp/u_bfeed/U69611/ZN (CLKNAND2V16_140P7T30R)          0.02       8.67 f
  u_cp/u_bfeed/U11837/Z (BUFV4_140P7T30R)                 0.02       8.70 f
  u_cp/u_bfeed/U70673/ZN (CLKNAND2V6_140P7T30R)           0.01       8.71 r
  u_cp/u_bfeed/U66286/ZN (NOR2XBV16_140P7T30R)            0.02       8.73 r
  u_cp/u_bfeed/U154058/ZN (CLKNAND2V16_140P7T30R)         0.03       8.76 f
  u_cp/u_bfeed/U191941/ZN (XNOR2V2_140P7T30R)             0.04       8.80 f
  u_cp/u_bfeed/U162765/ZN (OAI22V1_140P7T30R)             0.04       8.83 r
  u_cp/u_bfeed/U177290/Z (XOR3V2_140P7T30R)               0.06       8.90 f
  u_cp/u_bfeed/U68224/ZN (XNOR2V4_140P7T30R)              0.04       8.93 f
  u_cp/u_bfeed/U68223/ZN (XNOR2V4_140P7T30R)              0.03       8.96 f
  u_cp/u_bfeed/U102346/ZN (XNOR2V2_140P7T30R)             0.03       9.00 f
  u_cp/u_bfeed/U102334/ZN (NAND2V2_140P7T30R)             0.02       9.01 r
  u_cp/u_bfeed/U94145/ZN (OAI12V2_140P7T30R)              0.02       9.03 f
  u_cp/u_bfeed/U94142/ZN (AOI12V2_140P7T30R)              0.03       9.06 r
  u_cp/u_bfeed/U61415/ZN (OAI12V4_140P7T30R)              0.01       9.07 f
  u_cp/u_bfeed/U98298/ZN (AOI12V4_140P7T30R)              0.02       9.09 r
  u_cp/u_bfeed/U59318/ZN (OAI12V6_140P7T30R)              0.01       9.11 f
  u_cp/u_bfeed/U60755/ZN (AOI12V8_140P7T30R)              0.02       9.13 r
  u_cp/u_bfeed/U157760/ZN (OAI12V12_140P7T30R)            0.02       9.14 f
  u_cp/u_bfeed/U43375/ZN (NAND3V12_140P7T30R)             0.01       9.15 r
  u_cp/u_bfeed/U43374/ZN (NAND2V8_140P7T30R)              0.01       9.17 f
  u_cp/u_bfeed/U41669/ZN (NAND2XBV8_140P7T30R)            0.01       9.18 r
  u_cp/u_bfeed/U59257/ZN (CLKNAND2V16_140P7T30R)          0.02       9.20 f
  u_cp/u_bfeed/U68315/ZN (CLKINV32_140P7T30R)             0.01       9.21 r
  u_cp/u_bfeed/U52486/ZN (INV24_140P7T30R)                0.01       9.22 f
  u_cp/u_bfeed/U58669/ZN (NAND2XBV12_140P7T30R)           0.01       9.23 r
  u_cp/u_bfeed/U152075/ZN (OAI12V12_140P7T30R)            0.02       9.24 f
  u_cp/u_bfeed/U94063/ZN (NOR2V6_140P7T30R)               0.02       9.26 r
  u_cp/u_bfeed/U153072/ZN (OAI13V6_140P7T30R)             0.01       9.27 f
  u_cp/u_bfeed/U153070/Z (AO1B2V4_140P7T30R)              0.03       9.30 f
  u_cp/u_bfeed/U43501/ZN (NAND3V8_140P7T30R)              0.01       9.31 r
  u_cp/u_bfeed/U43500/ZN (NAND2V12_140P7T30R)             0.01       9.33 f
  u_cp/u_bfeed/U98138/ZN (INV20_140P7T30R)                0.01       9.34 r
  u_cp/u_bfeed/U152279/ZN (INV40_140P7T30R)               0.01       9.35 f
  u_cp/u_bfeed/U8977/ZN (NOR2XBV6_140P7T30R)              0.02       9.37 f
  u_cp/u_bfeed/U159823/ZN (AOI12V12_140P7T30R)            0.02       9.39 r
  u_cp/u_bfeed/U153147/ZN (OAI12V12_140P7T30R)            0.01       9.41 f
  u_cp/u_bfeed/U8738/Z (BUFV10_140P7T30R)                 0.02       9.43 f
  u_cp/u_bfeed/U90809/ZN (CLKNAND2V4_140P7T30R)           0.01       9.44 r
  u_cp/u_bfeed/U90806/ZN (OAI12V4_140P7T30R)              0.02       9.45 f
  u_cp/u_bfeed/U61171/ZN (NOR2V8_140P7T30R)               0.02       9.47 r
  u_cp/u_bfeed/U93922/ZN (INV6_140P7T30R)                 0.01       9.48 f
  u_cp/u_bfeed/U8267/ZN (AOI22V8_140P7T30R)               0.03       9.51 r
  u_cp/u_bfeed/U8025/ZN (NAND3V1P5_140P7T30R)             0.03       9.53 f
  u_cp/u_bfeed/U159187/ZN (OAI13V6_140P7T30R)             0.04       9.57 r
  u_cp/u_bfeed/U7784/ZN (AOI12V6_140P7T30R)               0.02       9.59 f
  u_cp/u_bfeed/U48510/ZN (OAI12V8_140P7T30R)              0.02       9.60 r
  u_cp/u_bfeed/U54806/ZN (NOR2V12_140P7T30R)              0.01       9.61 f
  u_cp/u_bfeed/U72393/ZN (NAND2V8_140P7T30R)              0.01       9.62 r
  u_cp/u_bfeed/U113834/ZN (INV7_140P7T30R)                0.01       9.63 f
  u_cp/u_bfeed/U54842/ZN (CLKNAND2V16_140P7T30R)          0.01       9.64 r
  u_cp/u_bfeed/U54841/ZN (CLKINV32_140P7T30R)             0.01       9.65 f
  u_cp/u_bfeed/U6827/Z (AO22V4_140P7T30R)                 0.04       9.69 f
  u_cp/u_bfeed/U160304/ZN (AOI12V12_140P7T30R)            0.02       9.71 r
  u_cp/u_bfeed/U102016/ZN (CLKNAND2V6_140P7T30R)          0.02       9.73 f
  u_cp/u_bfeed/U82855/ZN (NOR2V6_140P7T30R)               0.02       9.75 r
  u_cp/u_bfeed/U90672/ZN (OAI12V4_140P7T30R)              0.02       9.77 f
  u_cp/u_bfeed/U59382/ZN (NAND3V6_140P7T30R)              0.01       9.78 r
  u_cp/u_bfeed/U90658/ZN (OAI12V8_140P7T30R)              0.01       9.80 f
  u_cp/u_bfeed/U6171/ZN (NAND2XBV12_140P7T30R)            0.03       9.83 f
  u_cp/u_bfeed/U6083/ZN (CLKINV3_140P7T30R)               0.01       9.84 r
  u_cp/u_bfeed/U56732/ZN (NAND2XBV8_140P7T30R)            0.02       9.86 r
  u_cp/u_bfeed/U50407/ZN (OAI12V8_140P7T30R)              0.01       9.87 f
  u_cp/u_bfeed/U152985/Z (CLKXOR2V6_140P7T30R)            0.03       9.90 f
  u_cp/u_bfeed/U69637/ZN (OAI12V8_140P7T30R)              0.02       9.92 r
  u_cp/u_bfeed/U64736/ZN (NAND2V12_140P7T30R)             0.01       9.93 f
  u_cp/u_bfeed/U150257/ZN (NOR2V12_140P7T30R)             0.02       9.94 r
  u_cp/u_bfeed/U61320/ZN (CLKNAND2V16_140P7T30R)          0.02       9.97 f
  u_cp/u_bfeed/U5644/ZN (NAND2XBV12_140P7T30R)            0.02       9.99 r
  u_cp/u_bfeed/U150783/ZN (OAI12V8_140P7T30R)             0.01      10.00 f
  u_cp/u_bfeed/U151693/ZN (AOI12V12_140P7T30R)            0.02      10.02 r
  u_cp/u_bfeed/U68225/ZN (CLKNAND2V16_140P7T30R)          0.02      10.04 f
  u_cp/u_bfeed/U5433/ZN (NAND3V8_140P7T30R)               0.02      10.06 r
  u_cp/u_bfeed/U79604/ZN (NOR2V12_140P7T30R)              0.01      10.07 f
  u_cp/u_bfeed/U5296/ZN (NOR2V12_140P7T30R)               0.01      10.08 r
  u_cp/u_bfeed/U61238/ZN (NAND3V12_140P7T30R)             0.02      10.10 f
  u_cp/u_bfeed/U61237/ZN (NAND2XBV16_140P7T30R)           0.02      10.11 r
  u_cp/u_bfeed/U61768/ZN (CLKNAND2V16_140P7T30R)          0.01      10.13 f
  u_cp/u_bfeed/U76213/ZN (NOR2V8_140P7T30R)               0.01      10.14 r
  u_cp/u_bfeed/U154055/Z (CLKXOR2V6_140P7T30R)            0.03      10.17 r
  u_cp/u_bfeed/U153115/ZN (XNOR2V4_140P7T30R)             0.03      10.20 r
  u_cp/u_bfeed/U4867/ZN (OAI12V4_140P7T30R)               0.02      10.22 f
  u_cp/u_bfeed/U4809/ZN (CLKNAND2V6_140P7T30R)            0.01      10.24 r
  u_cp/u_bfeed/U156712/Z (CLKXOR2V6_140P7T30R)            0.03      10.26 r
  u_cp/u_bfeed/U153347/ZN (XNOR2V4_140P7T30R)             0.03      10.30 r
  u_cp/u_bfeed/U53405/ZN (NOR2V8_140P7T30R)               0.01      10.31 f
  u_cp/u_bfeed/U4527/ZN (INV4_140P7T30R)                  0.01      10.32 r
  u_cp/u_bfeed/U61346/ZN (NAND2V8_140P7T30R)              0.01      10.33 f
  u_cp/u_bfeed/U113469/ZN (NOR2V8_140P7T30R)              0.02      10.35 r
  u_cp/u_bfeed/U147425/ZN (AOI22V12_140P7T30R)            0.02      10.36 f
  u_cp/u_bfeed/U68927/ZN (NAND2V8_140P7T30R)              0.01      10.38 r
  u_cp/u_bfeed/U54884/ZN (NOR2V12_140P7T30R)              0.01      10.39 f
  u_cp/u_bfeed/U4247/ZN (NOR2XBV8_140P7T30R)              0.02      10.41 r
  u_cp/u_bfeed/U68873/ZN (OAI22V6_140P7T30R)              0.02      10.43 f
  u_cp/u_bfeed/U50062/ZN (NOR2V12_140P7T30R)              0.02      10.44 r
  u_cp/u_bfeed/U50061/ZN (NAND2XBV16_140P7T30R)           0.01      10.46 f
  u_cp/u_bfeed/U4013/ZN (NOR2V12_140P7T30R)               0.02      10.47 r
  u_cp/u_bfeed/U52396/ZN (CLKNAND2V16_140P7T30R)          0.01      10.48 f
  u_cp/u_bfeed/U3896/ZN (NOR2V12_140P7T30R)               0.02      10.50 r
  u_cp/u_bfeed/U53944/ZN (NAND3V6_140P7T30R)              0.02      10.52 f
  u_cp/u_bfeed/U53464/ZN (NAND2V12_140P7T30R)             0.02      10.54 r
  u_cp/u_bfeed/U3660/ZN (NAND4V1P5_140P7T30R)             0.03      10.57 f
  u_cp/u_bfeed/U49005/ZN (NAND4V6_140P7T30R)              0.03      10.60 r
  u_cp/u_bfeed/U152516/ZN (NAND3V8_140P7T30R)             0.01      10.61 f
  u_cp/u_bfeed/U153079/ZN (AOI12V8_140P7T30R)             0.03      10.64 r
  u_cp/u_bfeed/U70310/ZN (NOR2V16_140P7T30R)              0.01      10.65 f
  u_cp/u_bfeed/U46904/Z (CLKAND2V16_140P7T30R)            0.02      10.67 f
  u_cp/u_bfeed/U3426/ZN (INV8_140P7T30R)                  0.01      10.68 r
  u_cp/u_bfeed/U44471/ZN (CLKNAND2V16_140P7T30R)          0.02      10.70 f
  u_cp/u_bfeed/U42001/ZN (INV32_140P7T30R)                0.01      10.71 r
  u_cp/u_bfeed/U3308/ZN (INV16_140P7T30R)                 0.01      10.72 f
  u_cp/u_bfeed/U46335/ZN (NOR2V16_140P7T30R)              0.02      10.74 r
  u_cp/u_bfeed/U3245/ZN (INV12_140P7T30R)                 0.01      10.74 f
  u_cp/u_bfeed/U59140/ZN (CLKNAND2V16_140P7T30R)          0.01      10.75 r
  u_cp/u_bfeed/U3167/ZN (NAND2V8_140P7T30R)               0.01      10.76 f
  u_cp/u_bfeed/U154099/ZN (OAI12V12_140P7T30R)            0.02      10.78 r
  u_cp/u_bfeed/U105718/ZN (NOR2V12_140P7T30R)             0.01      10.80 f
  u_cp/u_bfeed/U54751/ZN (NOR2V16_140P7T30R)              0.02      10.81 r
  u_cp/u_bfeed/U2817/ZN (NOR3V6_140P7T30R)                0.01      10.82 f
  u_cp/u_bfeed/U90420/ZN (INV4_140P7T30R)                 0.02      10.84 r
  u_cp/u_bfeed/U93517/ZN (NAND3V4_140P7T30R)              0.03      10.86 f
  u_cp/u_bfeed/U43241/ZN (NAND3V12_140P7T30R)             0.02      10.88 r
  u_cp/u_bfeed/U2505/ZN (CLKNAND2V6_140P7T30R)            0.02      10.90 f
  u_cp/u_bfeed/U41164/ZN (AOI12V6_140P7T30R)              0.02      10.92 r
  u_cp/u_bfeed/U50178/ZN (OAI12V6_140P7T30R)              0.02      10.93 f
  u_cp/u_bfeed/U41162/Z (OA12V6_140P7T30R)                0.02      10.96 f
  u_cp/u_bfeed/U51089/ZN (NAND2V12_140P7T30R)             0.01      10.97 r
  u_cp/u_bfeed/U2098/ZN (CLKINV10_140P7T30R)              0.01      10.98 f
  u_cp/u_bfeed/U56250/ZN (CLKNAND2V16_140P7T30R)          0.01      10.99 r
  u_cp/u_bfeed/U49071/ZN (NOR2V16_140P7T30R)              0.01      11.00 f
  u_cp/u_bfeed/U59993/Z (BUFV6_140P7T30R)                 0.02      11.02 f
  u_cp/u_bfeed/U1646/ZN (INV2_140P7T30R)                  0.01      11.03 r
  u_cp/u_bfeed/U58704/ZN (CLKNAND2V6_140P7T30R)           0.01      11.04 f
  u_cp/u_bfeed/U43131/ZN (NAND2V8_140P7T30R)              0.01      11.06 r
  u_cp/u_bfeed/U113179/ZN (OAI13V4_140P7T30R)             0.01      11.07 f
  u_cp/u_bfeed/U113174/ZN (NOR2V6_140P7T30R)              0.02      11.09 r
  u_cp/u_bfeed/U41320/ZN (OAI12V8_140P7T30R)              0.02      11.11 f
  u_cp/u_bfeed/U1293/ZN (NOR3V4_140P7T30R)                0.03      11.14 r
  u_cp/u_bfeed/U44897/ZN (NOR2V8_140P7T30R)               0.01      11.15 f
  u_cp/u_bfeed/U41455/ZN (NOR2V12_140P7T30R)              0.01      11.16 r
  u_cp/u_bfeed/U101628/ZN (INV7_140P7T30R)                0.01      11.17 f
  u_cp/u_bfeed/U122975/ZN (NOR2V12_140P7T30R)             0.01      11.18 r
  u_cp/u_bfeed/U56783/ZN (NAND3V12_140P7T30R)             0.02      11.20 f
  u_cp/u_bfeed/U990/ZN (NAND2XBV8_140P7T30R)              0.02      11.22 r
  u_cp/u_bfeed/U66245/ZN (NAND2V8_140P7T30R)              0.01      11.23 f
  u_cp/u_bfeed/U60024/ZN (OAI12V12_140P7T30R)             0.01      11.24 r
  u_cp/u_bfeed/U60025/ZN (NOR2V16_140P7T30R)              0.01      11.25 f
  u_cp/u_bfeed/U44982/ZN (CLKNAND2V16_140P7T30R)          0.01      11.26 r
  u_cp/u_bfeed/U53883/ZN (NAND3V12_140P7T30R)             0.02      11.28 f
  u_cp/u_bfeed/U54856/ZN (NOR2V16_140P7T30R)              0.02      11.30 r
  u_cp/u_bfeed/U56490/ZN (CLKNAND2V16_140P7T30R)          0.02      11.32 f
  u_cp/u_bfeed/U65442/ZN (CLKNAND2V16_140P7T30R)          0.01      11.33 r
  u_cp/u_bfeed/U61977/ZN (NOR2V16_140P7T30R)              0.01      11.34 f
  u_cp/u_bfeed/U41393/ZN (INV20_140P7T30R)                0.01      11.35 r
  u_cp/u_bfeed/U46880/ZN (INV24_140P7T30R)                0.01      11.36 f
  u_cp/u_bfeed/U152052/ZN (NAND2XBV16_140P7T30R)          0.01      11.37 r
  u_cp/u_bfeed/U42694/ZN (CLKNAND2V16_140P7T30R)          0.01      11.38 f
  u_cp/u_bfeed/U405/ZN (NOR2V8_140P7T30R)                 0.02      11.41 r
  u_cp/u_bfeed/U218278/ZN (MUX2NV2_140P7T30R)             0.02      11.43 f
  u_cp/u_bfeed/row_reg[112][26]/D (DQV2_140P7T30R)        0.00      11.43 f
  data arrival time                                                 11.43

  clock clk (rise edge)                                   1.00       1.00
  clock network delay (ideal)                             0.00       1.00
  u_cp/u_bfeed/row_reg[112][26]/CK (DQV2_140P7T30R)       0.00       1.00 r
  library setup time                                     -0.04       0.96
  data required time                                                 0.96
  --------------------------------------------------------------------------
  data required time                                                 0.96
  data arrival time                                                -11.43
  --------------------------------------------------------------------------
  slack (VIOLATED)                                                 -10.47


  Startpoint: u_cp/pos_base_reg[2]
              (rising edge-triggered flip-flop clocked by clk)
  Endpoint: u_cp/u_bfeed/row_reg[124][26]
            (rising edge-triggered flip-flop clocked by clk)
  Path Group: clk
  Path Type: max

  Point                                                   Incr       Path
  --------------------------------------------------------------------------
  clock clk (rise edge)                                   0.00       0.00
  clock network delay (ideal)                             0.00       0.00
  u_cp/pos_base_reg[2]/CK (DQV6_140P7T30R)                0.00 #     0.00 r
  u_cp/pos_base_reg[2]/Q (DQV6_140P7T30R)                 0.06       0.06 r
  u_cp/u_bfeed/pos_base[2] (kv_bfeed_MAX_N128)            0.00       0.06 r
  u_cp/u_bfeed/U147343/ZN (CLKNAND2V16_140P7T30R)         0.02       0.07 f
  u_cp/u_bfeed/U40799/ZN (INV8_140P7T30R)                 0.02       0.09 r
  u_cp/u_bfeed/U40789/ZN (INV10_140P7T30R)                0.01       0.10 f
  u_cp/u_bfeed/U40785/ZN (NOR2V12_140P7T30R)              0.01       0.12 r
  u_cp/u_bfeed/U48769/ZN (CLKNAND2V16_140P7T30R)          0.01       0.13 f
  u_cp/u_bfeed/U45457/ZN (NAND3V12_140P7T30R)             0.01       0.14 r
  u_cp/u_bfeed/U43247/ZN (CLKINV20_140P7T30R)             0.01       0.15 f
  u_cp/u_bfeed/U43150/ZN (INV24_140P7T30R)                0.01       0.16 r
  u_cp/u_bfeed/U70702/ZN (CLKNAND2V16_140P7T30R)          0.01       0.17 f
  u_cp/u_bfeed/U40735/ZN (CLKINV10_140P7T30R)             0.01       0.18 r
  u_cp/u_bfeed/U43114/ZN (NOR2V16_140P7T30R)              0.01       0.19 f
  u_cp/u_bfeed/U41515/ZN (OAI12V8_140P7T30R)              0.01       0.21 r
  u_cp/u_bfeed/U40703/ZN (NAND2V8_140P7T30R)              0.01       0.22 f
  u_cp/u_bfeed/U148440/ZN (NOR2V16_140P7T30R)             0.03       0.25 r
  u_cp/u_bfeed/U56754/ZN (INV32_140P7T30R)                0.01       0.26 f
  u_cp/u_bfeed/U46465/ZN (CLKNAND2V16_140P7T30R)          0.02       0.28 r
  u_cp/u_bfeed/U46464/ZN (CLKINV32_140P7T30R)             0.01       0.29 f
  u_cp/u_bfeed/U65292/ZN (NAND2XBV16_140P7T30R)           0.01       0.30 r
  u_cp/u_bfeed/U50558/ZN (NAND2XBV16_140P7T30R)           0.01       0.31 f
  u_cp/u_bfeed/U51015/ZN (NOR2V16_140P7T30R)              0.02       0.32 r
  u_cp/u_bfeed/U56774/ZN (AOI22V12_140P7T30R)             0.02       0.34 f
  u_cp/u_bfeed/U65317/ZN (CLKNAND2V16_140P7T30R)          0.02       0.35 r
  u_cp/u_bfeed/U65316/ZN (CLKINV32_140P7T30R)             0.01       0.36 f
  u_cp/u_bfeed/U40494/ZN (INV6_140P7T30R)                 0.02       0.38 r
  u_cp/u_bfeed/U150252/ZN (XNOR2V4_140P7T30R)             0.03       0.41 r
  u_cp/u_bfeed/U157296/ZN (OAI22V4_140P7T30R)             0.02       0.43 f
  u_cp/u_bfeed/U153468/ZN (XNOR2V2_140P7T30R)             0.04       0.47 f
  u_cp/u_bfeed/U76072/ZN (XNOR2V4_140P7T30R)              0.04       0.51 f
  u_cp/u_bfeed/U153737/ZN (XNOR2V2_140P7T30R)             0.03       0.54 f
  u_cp/u_bfeed/U40289/ZN (XNOR2V2_140P7T30R)              0.04       0.58 r
  u_cp/u_bfeed/U40262/ZN (OAI12V2_140P7T30R)              0.03       0.61 f
  u_cp/u_bfeed/U176331/Z (AO1B2V4_140P7T30R)              0.02       0.63 r
  u_cp/u_bfeed/U41632/ZN (NOR2V8_140P7T30R)               0.01       0.64 f
  u_cp/u_bfeed/U53409/ZN (NOR2V12_140P7T30R)              0.02       0.66 r
  u_cp/u_bfeed/U40178/ZN (NAND2V8_140P7T30R)              0.02       0.67 f
  u_cp/u_bfeed/U40161/ZN (NOR2V12_140P7T30R)              0.01       0.69 r
  u_cp/u_bfeed/U40151/ZN (NAND2V12_140P7T30R)             0.02       0.70 f
  u_cp/u_bfeed/U148417/ZN (CLKNAND2V16_140P7T30R)         0.02       0.72 r
  u_cp/u_bfeed/U148416/ZN (CLKNAND2V16_140P7T30R)         0.01       0.74 f
  u_cp/u_bfeed/U147430/ZN (CLKNAND2V16_140P7T30R)         0.01       0.75 r
  u_cp/u_bfeed/U59487/ZN (NAND2XBV16_140P7T30R)           0.02       0.77 f
  u_cp/u_bfeed/U59486/ZN (CLKINV32_140P7T30R)             0.02       0.79 r
  u_cp/u_bfeed/U39943/ZN (NAND2V8_140P7T30R)              0.01       0.81 f
  u_cp/u_bfeed/U45699/ZN (CLKNAND2V16_140P7T30R)          0.02       0.82 r
  u_cp/u_bfeed/U186040/CO (AD1V4_140P7T30R)               0.04       0.87 r
  u_cp/u_bfeed/U50021/ZN (OAI12V6_140P7T30R)              0.02       0.88 f
  u_cp/u_bfeed/U50022/ZN (NAND2V8_140P7T30R)              0.01       0.90 r
  u_cp/u_bfeed/U67522/ZN (OAI12V6_140P7T30R)              0.01       0.91 f
  u_cp/u_bfeed/U73109/ZN (CLKNAND2V6_140P7T30R)           0.02       0.92 r
  u_cp/u_bfeed/U72297/Z (CLKXOR2V6_140P7T30R)             0.02       0.95 r
  u_cp/u_bfeed/U150237/ZN (XNOR2V4_140P7T30R)             0.03       0.98 r
  u_cp/u_bfeed/U45193/ZN (NAND2V8_140P7T30R)              0.01       1.00 f
  u_cp/u_bfeed/U39608/ZN (NAND3V3_140P7T30R)              0.01       1.01 r
  u_cp/u_bfeed/U64132/ZN (OAI112V6_140P7T30R)             0.03       1.04 f
  u_cp/u_bfeed/U150238/ZN (AOI12V12_140P7T30R)            0.02       1.06 r
  u_cp/u_bfeed/U150812/ZN (OAI12V12_140P7T30R)            0.02       1.08 f
  u_cp/u_bfeed/U151969/ZN (CLKNAND2V16_140P7T30R)         0.02       1.10 r
  u_cp/u_bfeed/U147743/ZN (CLKNAND2V16_140P7T30R)         0.02       1.12 f
  u_cp/u_bfeed/U69025/ZN (CLKINV20_140P7T30R)             0.01       1.13 r
  u_cp/u_bfeed/U67955/Z (OA12V8_140P7T30R)                0.03       1.16 r
  u_cp/u_bfeed/U39251/ZN (INV5_140P7T30R)                 0.01       1.17 f
  u_cp/u_bfeed/U147620/Z (CLKXOR2V6_140P7T30R)            0.03       1.21 f
  u_cp/u_bfeed/U157607/ZN (NOR2V16_140P7T30R)             0.02       1.23 r
  u_cp/u_bfeed/U73084/ZN (NAND3V12_140P7T30R)             0.02       1.25 f
  u_cp/u_bfeed/U68378/ZN (CLKINV20_140P7T30R)             0.02       1.27 r
  u_cp/u_bfeed/U54794/ZN (OAI112V6_140P7T30R)             0.02       1.29 f
  u_cp/u_bfeed/U54711/ZN (NAND2XBV6_140P7T30R)            0.02       1.31 r
  u_cp/u_bfeed/U59982/ZN (NAND2V12_140P7T30R)             0.01       1.32 f
  u_cp/u_bfeed/U43377/ZN (NOR2V16_140P7T30R)              0.02       1.34 r
  u_cp/u_bfeed/U69648/ZN (NAND2V8_140P7T30R)              0.01       1.35 f
  u_cp/u_bfeed/U68917/ZN (NOR2V8_140P7T30R)               0.01       1.36 r
  u_cp/u_bfeed/U68916/Z (CLKXOR2V6_140P7T30R)             0.01       1.38 f
  u_cp/u_bfeed/U60764/ZN (AOI12V12_140P7T30R)             0.02       1.40 r
  u_cp/u_bfeed/U60029/ZN (NAND2V12_140P7T30R)             0.01       1.41 f
  u_cp/u_bfeed/U68903/ZN (NOR2V16_140P7T30R)              0.02       1.43 r
  u_cp/u_bfeed/U57643/ZN (CLKINV16_140P7T30R)             0.01       1.44 f
  u_cp/u_bfeed/U58642/ZN (OAI12V8_140P7T30R)              0.01       1.45 r
  u_cp/u_bfeed/U44442/ZN (NAND3V6_140P7T30R)              0.02       1.47 f
  u_cp/u_bfeed/U60173/ZN (CLKNAND2V16_140P7T30R)          0.02       1.50 r
  u_cp/u_bfeed/U66766/ZN (CLKNAND2V16_140P7T30R)          0.02       1.52 f
  u_cp/u_bfeed/U38100/ZN (NOR2V2_140P7T30R)               0.02       1.54 r
  u_cp/u_bfeed/U57430/ZN (NOR2V6_140P7T30R)               0.01       1.55 f
  u_cp/u_bfeed/U112390/ZN (CLKNAND2V4_140P7T30R)          0.01       1.57 r
  u_cp/u_bfeed/U47765/ZN (NAND2V12_140P7T30R)             0.01       1.58 f
  u_cp/u_bfeed/U105185/ZN (NAND2XBV12_140P7T30R)          0.01       1.60 r
  u_cp/u_bfeed/U72432/ZN (INV32_140P7T30R)                0.01       1.61 f
  u_cp/u_bfeed/U186101/S (AD1V4_140P7T30R)                0.07       1.67 r
  u_cp/u_bfeed/U153470/ZN (XNOR2V4_140P7T30R)             0.03       1.71 r
  u_cp/u_bfeed/U153290/ZN (XNOR2V4_140P7T30R)             0.04       1.74 r
  u_cp/u_bfeed/U59252/ZN (NOR2V8_140P7T30R)               0.01       1.76 f
  u_cp/u_bfeed/U72390/ZN (NOR2V8_140P7T30R)               0.02       1.77 r
  u_cp/u_bfeed/U73371/ZN (NAND2V8_140P7T30R)              0.01       1.78 f
  u_cp/u_bfeed/U47927/ZN (AOI12V8_140P7T30R)              0.02       1.80 r
  u_cp/u_bfeed/U47925/ZN (AOI12V12_140P7T30R)             0.01       1.82 f
  u_cp/u_bfeed/U69308/ZN (NOR2V16_140P7T30R)              0.03       1.84 r
  u_cp/u_bfeed/U121861/ZN (OAI12V8_140P7T30R)             0.02       1.86 f
  u_cp/u_bfeed/U73074/ZN (NAND2V8_140P7T30R)              0.02       1.88 r
  u_cp/u_bfeed/U73406/ZN (AOI12V6_140P7T30R)              0.01       1.89 f
  u_cp/u_bfeed/U58029/ZN (OAI12V8_140P7T30R)              0.02       1.91 r
  u_cp/u_bfeed/U148409/ZN (AOI12V8_140P7T30R)             0.01       1.92 f
  u_cp/u_bfeed/U37318/ZN (CLKNAND2V4_140P7T30R)           0.01       1.93 r
  u_cp/u_bfeed/U37292/ZN (NAND2V8_140P7T30R)              0.02       1.95 f
  u_cp/u_bfeed/U69670/ZN (CLKNAND2V16_140P7T30R)          0.02       1.97 r
  u_cp/u_bfeed/U105118/ZN (NOR2XBV4_140P7T30R)            0.01       1.98 f
  u_cp/u_bfeed/U37149/ZN (AOI12V4_140P7T30R)              0.02       2.00 r
  u_cp/u_bfeed/U37104/ZN (NAND2V8_140P7T30R)              0.02       2.03 f
  u_cp/u_bfeed/U93087/ZN (NAND2V3_140P7T30R)              0.01       2.04 r
  u_cp/u_bfeed/U36973/ZN (CLKNAND2V4_140P7T30R)           0.02       2.05 f
  u_cp/u_bfeed/U36932/ZN (NAND2XBV12_140P7T30R)           0.03       2.08 f
  u_cp/u_bfeed/U36846/ZN (NAND2XBV6_140P7T30R)            0.01       2.09 r
  u_cp/u_bfeed/U36831/ZN (CLKNAND2V4_140P7T30R)           0.02       2.11 f
  u_cp/u_bfeed/U50386/ZN (NOR2V12_140P7T30R)              0.02       2.13 r
  u_cp/u_bfeed/U36706/ZN (NOR2V2_140P7T30R)               0.02       2.14 f
  u_cp/u_bfeed/U105035/ZN (NOR2V6_140P7T30R)              0.02       2.17 r
  u_cp/u_bfeed/U82112/ZN (CLKNAND2V6_140P7T30R)           0.02       2.18 f
  u_cp/u_bfeed/U36654/ZN (NOR2V8_140P7T30R)               0.02       2.21 r
  u_cp/u_bfeed/U52589/ZN (CLKNAND2V16_140P7T30R)          0.02       2.22 f
  u_cp/u_bfeed/U36494/ZN (NOR2V4_140P7T30R)               0.01       2.24 r
  u_cp/u_bfeed/U86072/ZN (NAND2XBV6_140P7T30R)            0.02       2.26 r
  u_cp/u_bfeed/U143656/Z (CLKXOR2V6_140P7T30R)            0.03       2.29 r
  u_cp/u_bfeed/U71266/ZN (OAI12V12_140P7T30R)             0.02       2.31 f
  u_cp/u_bfeed/U51081/ZN (NOR2V8_140P7T30R)               0.02       2.33 r
  u_cp/u_bfeed/U51080/ZN (NAND3V8_140P7T30R)              0.02       2.34 f
  u_cp/u_bfeed/U150976/ZN (NOR3V8_140P7T30R)              0.02       2.36 r
  u_cp/u_bfeed/U151011/ZN (NOR2V12_140P7T30R)             0.01       2.38 f
  u_cp/u_bfeed/U152663/ZN (CLKNAND2V16_140P7T30R)         0.01       2.39 r
  u_cp/u_bfeed/U147776/ZN (CLKNAND2V16_140P7T30R)         0.01       2.40 f
  u_cp/u_bfeed/U41270/ZN (NAND2V8_140P7T30R)              0.01       2.41 r
  u_cp/u_bfeed/U121537/Z (CLKXOR2V6_140P7T30R)            0.03       2.45 r
  u_cp/u_bfeed/U68316/ZN (INV7_140P7T30R)                 0.01       2.45 f
  u_cp/u_bfeed/U60784/ZN (NAND2V12_140P7T30R)             0.01       2.47 r
  u_cp/u_bfeed/U61046/ZN (INV12_140P7T30R)                0.01       2.47 f
  u_cp/u_bfeed/U62439/ZN (NOR2V12_140P7T30R)              0.01       2.48 r
  u_cp/u_bfeed/U41303/ZN (AOI12V8_140P7T30R)              0.01       2.49 f
  u_cp/u_bfeed/U41574/ZN (OAI22V8_140P7T30R)              0.02       2.51 r
  u_cp/u_bfeed/U121488/ZN (NAND2V8_140P7T30R)             0.01       2.52 f
  u_cp/u_bfeed/U72114/ZN (NAND2V12_140P7T30R)             0.01       2.53 r
  u_cp/u_bfeed/U65294/ZN (NAND2V12_140P7T30R)             0.01       2.54 f
  u_cp/u_bfeed/U68953/ZN (CLKNAND2V16_140P7T30R)          0.01       2.55 r
  u_cp/u_bfeed/U54799/ZN (CLKNAND2V16_140P7T30R)          0.02       2.57 f
  u_cp/u_bfeed/U35671/ZN (NAND2V12_140P7T30R)             0.02       2.59 r
  u_cp/u_bfeed/U35616/ZN (INV10_140P7T30R)                0.01       2.60 f
  u_cp/u_bfeed/U148442/ZN (NOR2V16_140P7T30R)             0.02       2.61 r
  u_cp/u_bfeed/U35469/Z (BUFV10_140P7T30R)                0.02       2.64 r
  u_cp/u_bfeed/U111846/ZN (CLKNAND2V4_140P7T30R)          0.01       2.65 f
  u_cp/u_bfeed/U58468/ZN (NAND3V8_140P7T30R)              0.02       2.67 r
  u_cp/u_bfeed/U45001/ZN (INV8_140P7T30R)                 0.01       2.68 f
  u_cp/u_bfeed/U50343/ZN (NAND2V12_140P7T30R)             0.01       2.68 r
  u_cp/u_bfeed/U35199/ZN (CLKNAND2V6_140P7T30R)           0.01       2.69 f
  u_cp/u_bfeed/U35138/ZN (NOR2V8_140P7T30R)               0.02       2.71 r
  u_cp/u_bfeed/U61057/ZN (NOR2V16_140P7T30R)              0.01       2.72 f
  u_cp/u_bfeed/U89884/ZN (NAND2V3_140P7T30R)              0.01       2.73 r
  u_cp/u_bfeed/U34885/ZN (INV5_140P7T30R)                 0.01       2.74 f
  u_cp/u_bfeed/U34860/ZN (AOI12V6_140P7T30R)              0.02       2.77 r
  u_cp/u_bfeed/U45013/ZN (OAI12V8_140P7T30R)              0.02       2.78 f
  u_cp/u_bfeed/U57701/ZN (NAND2XBV4_140P7T30R)            0.01       2.79 r
  u_cp/u_bfeed/U101020/ZN (NAND2V2_140P7T30R)             0.01       2.81 f
  u_cp/u_bfeed/U178746/ZN (AOI12V4_140P7T30R)             0.02       2.83 r
  u_cp/u_bfeed/U96458/ZN (OAI12V4_140P7T30R)              0.02       2.85 f
  u_cp/u_bfeed/U104865/ZN (XNOR2V2_140P7T30R)             0.03       2.87 f
  u_cp/u_bfeed/U89845/ZN (CLKNAND2V4_140P7T30R)           0.02       2.89 r
  u_cp/u_bfeed/U34482/ZN (CLKNAND2V6_140P7T30R)           0.02       2.91 f
  u_cp/u_bfeed/U34468/ZN (NOR2V12_140P7T30R)              0.02       2.93 r
  u_cp/u_bfeed/U54834/ZN (CLKNAND2V16_140P7T30R)          0.02       2.94 f
  u_cp/u_bfeed/U34328/ZN (AOI12V6_140P7T30R)              0.03       2.97 r
  u_cp/u_bfeed/U153084/ZN (OAI22V12_140P7T30R)            0.02       3.00 f
  u_cp/u_bfeed/U70115/ZN (NOR2V16_140P7T30R)              0.01       3.01 r
  u_cp/u_bfeed/U43393/ZN (OAI12V8_140P7T30R)              0.01       3.03 f
  u_cp/u_bfeed/U153218/ZN (OAI12V12_140P7T30R)            0.03       3.05 r
  u_cp/u_bfeed/U34140/ZN (NAND2XBV6_140P7T30R)            0.01       3.06 f
  u_cp/u_bfeed/U42256/ZN (NAND3V6_140P7T30R)              0.01       3.08 r
  u_cp/u_bfeed/U153149/ZN (NAND3V8_140P7T30R)             0.01       3.09 f
  u_cp/u_bfeed/U72257/ZN (NAND2V8_140P7T30R)              0.02       3.10 r
  u_cp/u_bfeed/U41148/ZN (CLKNAND2V16_140P7T30R)          0.01       3.12 f
  u_cp/u_bfeed/U71969/ZN (NOR2V8_140P7T30R)               0.01       3.13 r
  u_cp/u_bfeed/U47548/ZN (NOR2V8_140P7T30R)               0.01       3.14 f
  u_cp/u_bfeed/U58442/ZN (NOR2V12_140P7T30R)              0.01       3.15 r
  u_cp/u_bfeed/U58443/ZN (CLKNAND2V16_140P7T30R)          0.01       3.17 f
  u_cp/u_bfeed/U121085/ZN (CLKINV20_140P7T30R)            0.01       3.18 r
  u_cp/u_bfeed/U62292/ZN (NAND3V12_140P7T30R)             0.02       3.19 f
  u_cp/u_bfeed/U71676/ZN (CLKNAND2V16_140P7T30R)          0.02       3.21 r
  u_cp/u_bfeed/U92851/ZN (INV24_140P7T30R)                0.02       3.22 f
  u_cp/u_bfeed/U41274/ZN (CLKNAND2V4_140P7T30R)           0.01       3.24 r
  u_cp/u_bfeed/U121062/ZN (NAND2V3_140P7T30R)             0.01       3.25 f
  u_cp/u_bfeed/U96363/ZN (OAI12V4_140P7T30R)              0.02       3.27 r
  u_cp/u_bfeed/U100891/Z (AO12V4_140P7T30R)               0.03       3.30 r
  u_cp/u_bfeed/U51018/ZN (NAND2V8_140P7T30R)              0.01       3.31 f
  u_cp/u_bfeed/U150319/ZN (OAI22V12_140P7T30R)            0.02       3.33 r
  u_cp/u_bfeed/U32993/ZN (NOR2V4_140P7T30R)               0.02       3.35 f
  u_cp/u_bfeed/U49982/ZN (NOR2V12_140P7T30R)              0.01       3.36 r
  u_cp/u_bfeed/U32936/ZN (NAND2V8_140P7T30R)              0.01       3.38 f
  u_cp/u_bfeed/U151106/ZN (OAI12V12_140P7T30R)            0.03       3.40 r
  u_cp/u_bfeed/U53873/ZN (INV20_140P7T30R)                0.01       3.42 f
  u_cp/u_bfeed/U52037/ZN (INV40_140P7T30R)                0.01       3.43 r
  u_cp/u_bfeed/U32711/ZN (NAND2XBV4_140P7T30R)            0.01       3.44 f
  u_cp/u_bfeed/U46520/ZN (NAND3V6_140P7T30R)              0.01       3.45 r
  u_cp/u_bfeed/U96284/ZN (XNOR2V4_140P7T30R)              0.03       3.48 r
  u_cp/u_bfeed/U62332/ZN (OAI22V8_140P7T30R)              0.02       3.50 f
  u_cp/u_bfeed/U72391/ZN (NOR2V16_140P7T30R)              0.02       3.52 r
  u_cp/u_bfeed/U65892/ZN (CLKNAND2V16_140P7T30R)          0.02       3.54 f
  u_cp/u_bfeed/U70719/ZN (NOR3V12_140P7T30R)              0.03       3.57 r
  u_cp/u_bfeed/U46849/ZN (CLKNAND2V16_140P7T30R)          0.02       3.59 f
  u_cp/u_bfeed/U45333/ZN (CLKINV20_140P7T30R)             0.01       3.60 r
  u_cp/u_bfeed/U32359/ZN (NOR2V8_140P7T30R)               0.01       3.61 f
  u_cp/u_bfeed/U64731/ZN (NAND2V12_140P7T30R)             0.01       3.62 r
  u_cp/u_bfeed/U43881/ZN (CLKNAND2V16_140P7T30R)          0.01       3.63 f
  u_cp/u_bfeed/U65288/ZN (CLKNAND2V16_140P7T30R)          0.01       3.64 r
  u_cp/u_bfeed/U152740/ZN (AOI12V12_140P7T30R)            0.02       3.66 f
  u_cp/u_bfeed/U57590/Z (CLKXOR2V12_140P7T30R)            0.03       3.69 f
  u_cp/u_bfeed/U142202/ZN (OAI12V8_140P7T30R)             0.02       3.72 r
  u_cp/u_bfeed/U32099/ZN (NAND2XBV6_140P7T30R)            0.02       3.74 f
  u_cp/u_bfeed/U42267/ZN (CLKNAND2V16_140P7T30R)          0.01       3.75 r
  u_cp/u_bfeed/U62441/ZN (INV12_140P7T30R)                0.01       3.76 f
  u_cp/u_bfeed/U31979/Z (CLKXOR2V6_140P7T30R)             0.03       3.79 f
  u_cp/u_bfeed/U152948/ZN (CLKNAND2V16_140P7T30R)         0.01       3.80 r
  u_cp/u_bfeed/U31673/ZN (NAND3V6_140P7T30R)              0.03       3.83 f
  u_cp/u_bfeed/U61773/ZN (NOR2V8_140P7T30R)               0.03       3.86 r
  u_cp/u_bfeed/U42272/Z (AND2V6_140P7T30R)                0.02       3.88 r
  u_cp/u_bfeed/U58427/ZN (NOR2V8_140P7T30R)               0.01       3.89 f
  u_cp/u_bfeed/U58399/ZN (NAND2V12_140P7T30R)             0.01       3.90 r
  u_cp/u_bfeed/U54846/ZN (INV16_140P7T30R)                0.01       3.91 f
  u_cp/u_bfeed/U31316/ZN (NAND2XBV12_140P7T30R)           0.01       3.92 r
  u_cp/u_bfeed/U31237/ZN (CLKNAND2V6_140P7T30R)           0.02       3.94 f
  u_cp/u_bfeed/U31087/ZN (NOR2V2_140P7T30R)               0.02       3.96 r
  u_cp/u_bfeed/U141926/ZN (INV2_140P7T30R)                0.01       3.97 f
  u_cp/u_bfeed/U186740/ZN (NOR2V2_140P7T30R)              0.01       3.99 r
  u_cp/u_bfeed/U153409/ZN (AOI21BV2_140P7T30R)            0.02       4.00 f
  u_cp/u_bfeed/U141878/ZN (XNOR2V2_140P7T30R)             0.03       4.04 f
  u_cp/u_bfeed/U141855/Z (AO22V6_140P7T30R)               0.03       4.07 f
  u_cp/u_bfeed/U68211/ZN (NOR2V12_140P7T30R)              0.02       4.09 r
  u_cp/u_bfeed/U30827/ZN (NAND3V6_140P7T30R)              0.03       4.11 f
  u_cp/u_bfeed/U96108/ZN (NOR2V12_140P7T30R)              0.02       4.13 r
  u_cp/u_bfeed/U153297/ZN (NAND2V3_140P7T30R)             0.01       4.14 f
  u_cp/u_bfeed/U30693/ZN (NOR2V6_140P7T30R)               0.02       4.17 r
  u_cp/u_bfeed/U63206/ZN (CLKNAND2V16_140P7T30R)          0.02       4.18 f
  u_cp/u_bfeed/U59044/ZN (CLKNAND2V16_140P7T30R)          0.01       4.19 r
  u_cp/u_bfeed/U30346/Z (BUFV2_140P7T30R)                 0.02       4.21 r
  u_cp/u_bfeed/U30332/ZN (INV6_140P7T30R)                 0.01       4.23 f
  u_cp/u_bfeed/U30307/ZN (NOR2V2_140P7T30R)               0.05       4.28 r
  u_cp/u_bfeed/U120530/ZN (INV4_140P7T30R)                0.02       4.29 f
  u_cp/u_bfeed/U81681/ZN (OAI22V1_140P7T30R)              0.03       4.32 r
  u_cp/u_bfeed/U110785/Z (AO12V4_140P7T30R)               0.02       4.35 r
  u_cp/u_bfeed/U30156/ZN (CLKNAND2V4_140P7T30R)           0.02       4.36 f
  u_cp/u_bfeed/U153097/ZN (CLKNAND2V16_140P7T30R)         0.02       4.38 r
  u_cp/u_bfeed/U30039/Z (BUFV16_140P7T30R)                0.02       4.40 r
  u_cp/u_bfeed/U62260/Z (AO1B2V4_140P7T30R)               0.03       4.43 r
  u_cp/u_bfeed/U176769/S (AD1V4_140P7T30R)                0.06       4.49 f
  u_cp/u_bfeed/U29809/ZN (OAI12V2_140P7T30R)              0.02       4.51 r
  u_cp/u_bfeed/U50437/ZN (OAI12V4_140P7T30R)              0.02       4.54 f
  u_cp/u_bfeed/U141464/ZN (NOR2V6_140P7T30R)              0.03       4.56 r
  u_cp/u_bfeed/U47564/ZN (OAI12V6_140P7T30R)              0.01       4.58 f
  u_cp/u_bfeed/U47565/ZN (CLKNAND2V6_140P7T30R)           0.01       4.59 r
  u_cp/u_bfeed/U41136/ZN (NAND2V8_140P7T30R)              0.01       4.60 f
  u_cp/u_bfeed/U153940/ZN (OAI12V6_140P7T30R)             0.02       4.61 r
  u_cp/u_bfeed/U152945/ZN (NAND2V8_140P7T30R)             0.01       4.63 f
  u_cp/u_bfeed/U70321/ZN (NAND3V12_140P7T30R)             0.01       4.64 r
  u_cp/u_bfeed/U59082/ZN (CLKNAND2V16_140P7T30R)          0.01       4.65 f
  u_cp/u_bfeed/U57640/ZN (CLKNAND2V16_140P7T30R)          0.01       4.66 r
  u_cp/u_bfeed/U29248/ZN (NAND3V6_140P7T30R)              0.02       4.68 f
  u_cp/u_bfeed/U61147/ZN (OAI12V6_140P7T30R)              0.02       4.70 r
  u_cp/u_bfeed/U73567/ZN (NOR2V12_140P7T30R)              0.01       4.71 f
  u_cp/u_bfeed/U29153/ZN (CLKINV16_140P7T30R)             0.01       4.72 r
  u_cp/u_bfeed/U152936/ZN (CLKNAND2V16_140P7T30R)         0.01       4.74 f
  u_cp/u_bfeed/U29077/ZN (NOR2V12_140P7T30R)              0.02       4.75 r
  u_cp/u_bfeed/U47922/ZN (NOR2V16_140P7T30R)              0.01       4.76 f
  u_cp/u_bfeed/U153057/ZN (NOR2V16_140P7T30R)             0.02       4.78 r
  u_cp/u_bfeed/U28941/ZN (CLKINV16_140P7T30R)             0.01       4.79 f
  u_cp/u_bfeed/U70119/ZN (INV32_140P7T30R)                0.01       4.80 r
  u_cp/u_bfeed/U152496/ZN (NAND2V8_140P7T30R)             0.01       4.81 f
  u_cp/u_bfeed/U45359/ZN (NAND3V12_140P7T30R)             0.01       4.83 r
  u_cp/u_bfeed/U28615/ZN (OAI22V6_140P7T30R)              0.02       4.85 f
  u_cp/u_bfeed/U150261/ZN (OAI12V8_140P7T30R)             0.02       4.87 r
  u_cp/u_bfeed/U62434/ZN (CLKNAND2V16_140P7T30R)          0.02       4.89 f
  u_cp/u_bfeed/U65356/ZN (NOR2V12_140P7T30R)              0.01       4.90 r
  u_cp/u_bfeed/U52460/ZN (NAND3V8_140P7T30R)              0.02       4.92 f
  u_cp/u_bfeed/U67426/ZN (NOR2V8_140P7T30R)               0.02       4.94 r
  u_cp/u_bfeed/U65349/ZN (NAND2V12_140P7T30R)             0.01       4.96 f
  u_cp/u_bfeed/U43567/ZN (AOI13V4_140P7T30R)              0.02       4.98 r
  u_cp/u_bfeed/U151094/Z (CLKXOR2V6_140P7T30R)            0.04       5.01 r
  u_cp/u_bfeed/U45403/ZN (NOR2V12_140P7T30R)              0.01       5.03 f
  u_cp/u_bfeed/U148407/ZN (NOR2V16_140P7T30R)             0.02       5.05 r
  u_cp/u_bfeed/U68712/ZN (OAI12V12_140P7T30R)             0.01       5.06 f
  u_cp/u_bfeed/U72256/ZN (AOI12V8_140P7T30R)              0.02       5.08 r
  u_cp/u_bfeed/U152721/ZN (XNOR2V4_140P7T30R)             0.04       5.12 r
  u_cp/u_bfeed/U152720/ZN (OAI12V12_140P7T30R)            0.02       5.14 f
  u_cp/u_bfeed/U27716/Z (BUFV24_140P7T30R)                0.02       5.16 f
  u_cp/u_bfeed/U27724/ZN (NOR2V6_140P7T30R)               0.01       5.17 r
  u_cp/u_bfeed/U64151/ZN (NAND2V8_140P7T30R)              0.01       5.19 f
  u_cp/u_bfeed/U57410/ZN (NOR2V12_140P7T30R)              0.02       5.20 r
  u_cp/u_bfeed/U95786/ZN (INV3_140P7T30R)                 0.01       5.21 f
  u_cp/u_bfeed/U109877/ZN (OAI12V4_140P7T30R)             0.02       5.22 r
  u_cp/u_bfeed/U109847/ZN (NAND2XBV6_140P7T30R)           0.02       5.24 f
  u_cp/u_bfeed/U47540/ZN (CLKNAND2V16_140P7T30R)          0.02       5.26 r
  u_cp/u_bfeed/U100173/ZN (NOR2V4_140P7T30R)              0.01       5.27 f
  u_cp/u_bfeed/U58168/ZN (NOR2V8_140P7T30R)               0.02       5.29 r
  u_cp/u_bfeed/U27144/ZN (CLKNAND2V6_140P7T30R)           0.02       5.31 f
  u_cp/u_bfeed/U27104/ZN (INV2_140P7T30R)                 0.02       5.33 r
  u_cp/u_bfeed/U109692/ZN (NAND2V2_140P7T30R)             0.02       5.34 f
  u_cp/u_bfeed/U118450/ZN (OAI22V4_140P7T30R)             0.02       5.36 r
  u_cp/u_bfeed/U136944/ZN (AOI12V4_140P7T30R)             0.01       5.38 f
  u_cp/u_bfeed/U136918/ZN (CLKNAND2V4_140P7T30R)          0.01       5.39 r
  u_cp/u_bfeed/U177159/Z (CLKXOR2V6_140P7T30R)            0.03       5.42 r
  u_cp/u_bfeed/U118397/ZN (NOR2V8_140P7T30R)              0.01       5.43 f
  u_cp/u_bfeed/U56457/ZN (NOR2V16_140P7T30R)              0.02       5.45 r
  u_cp/u_bfeed/U26785/ZN (NAND2V12_140P7T30R)             0.02       5.47 f
  u_cp/u_bfeed/U43898/ZN (NOR2V16_140P7T30R)              0.02       5.49 r
  u_cp/u_bfeed/U63210/ZN (OAI12V12_140P7T30R)             0.01       5.50 f
  u_cp/u_bfeed/U59307/ZN (NOR2V12_140P7T30R)              0.02       5.52 r
  u_cp/u_bfeed/U45697/ZN (CLKNAND2V16_140P7T30R)          0.01       5.53 f
  u_cp/u_bfeed/U45696/ZN (NAND2XBV16_140P7T30R)           0.01       5.54 r
  u_cp/u_bfeed/U47935/ZN (NAND2XBV16_140P7T30R)           0.01       5.55 f
  u_cp/u_bfeed/U100087/ZN (INV6_140P7T30R)                0.01       5.56 r
  u_cp/u_bfeed/U158455/ZN (NOR2V4_140P7T30R)              0.01       5.57 f
  u_cp/u_bfeed/U26272/Z (XOR2V2_140P7T30R)                0.03       5.60 f
  u_cp/u_bfeed/U151795/ZN (OAI12V6_140P7T30R)             0.02       5.62 r
  u_cp/u_bfeed/U69270/ZN (NAND3V8_140P7T30R)              0.02       5.64 f
  u_cp/u_bfeed/U95646/ZN (NOR2V12_140P7T30R)              0.01       5.66 r
  u_cp/u_bfeed/U147639/ZN (CLKNAND2V16_140P7T30R)         0.01       5.67 f
  u_cp/u_bfeed/U152507/ZN (NOR2V16_140P7T30R)             0.02       5.69 r
  u_cp/u_bfeed/U66328/ZN (NOR2V16_140P7T30R)              0.01       5.71 f
  u_cp/u_bfeed/U66326/ZN (CLKINV32_140P7T30R)             0.01       5.72 r
  u_cp/u_bfeed/U68302/ZN (NOR2XBV12_140P7T30R)            0.01       5.72 f
  u_cp/u_bfeed/U148413/ZN (AOI12V12_140P7T30R)            0.01       5.74 r
  u_cp/u_bfeed/U71258/ZN (NAND3V8_140P7T30R)              0.02       5.76 f
  u_cp/u_bfeed/U25392/ZN (INV16_140P7T30R)                0.02       5.78 r
  u_cp/u_bfeed/U25342/ZN (NOR2V2_140P7T30R)               0.02       5.79 f
  u_cp/u_bfeed/U55669/ZN (AOI12V8_140P7T30R)              0.02       5.82 r
  u_cp/u_bfeed/U25240/ZN (INV5_140P7T30R)                 0.01       5.82 f
  u_cp/u_bfeed/U25212/ZN (OAI12V4_140P7T30R)              0.02       5.84 r
  u_cp/u_bfeed/U95599/ZN (CLKNAND2V4_140P7T30R)           0.01       5.85 f
  u_cp/u_bfeed/U136018/ZN (XNOR2V2_140P7T30R)             0.03       5.88 f
  u_cp/u_bfeed/U117991/ZN (XNOR2V2_140P7T30R)             0.03       5.91 f
  u_cp/u_bfeed/U78059/ZN (NAND2V2_140P7T30R)              0.03       5.94 r
  u_cp/u_bfeed/U69588/ZN (OAI12V8_140P7T30R)              0.02       5.96 f
  u_cp/u_bfeed/U69587/ZN (NAND2V8_140P7T30R)              0.01       5.97 r
  u_cp/u_bfeed/U24934/ZN (NAND2V12_140P7T30R)             0.01       5.99 f
  u_cp/u_bfeed/U54921/ZN (CLKINV20_140P7T30R)             0.01       6.00 r
  u_cp/u_bfeed/U56461/ZN (OAI12V12_140P7T30R)             0.01       6.01 f
  u_cp/u_bfeed/U56460/ZN (AOI12V12_140P7T30R)             0.02       6.03 r
  u_cp/u_bfeed/U70682/ZN (OAI12V12_140P7T30R)             0.02       6.04 f
  u_cp/u_bfeed/U72431/ZN (AOI12V8_140P7T30R)              0.02       6.06 r
  u_cp/u_bfeed/U52398/Z (CLKXOR2V6_140P7T30R)             0.03       6.10 r
  u_cp/u_bfeed/U49022/ZN (NOR2V8_140P7T30R)               0.01       6.11 f
  u_cp/u_bfeed/U56589/ZN (OAI12V8_140P7T30R)              0.02       6.12 r
  u_cp/u_bfeed/U117577/ZN (INV12_140P7T30R)               0.01       6.13 f
  u_cp/u_bfeed/U134801/ZN (INV24_140P7T30R)               0.01       6.15 r
  u_cp/u_bfeed/U24051/Z (XOR2V2_140P7T30R)                0.03       6.18 r
  u_cp/u_bfeed/U88868/Z (OR2V2_140P7T30R)                 0.02       6.20 r
  u_cp/u_bfeed/U95405/ZN (OAI12V4_140P7T30R)              0.02       6.22 f
  u_cp/u_bfeed/U134354/ZN (XNOR2V2_140P7T30R)             0.03       6.25 f
  u_cp/u_bfeed/U134273/ZN (XNOR2V2_140P7T30R)             0.04       6.29 f
  u_cp/u_bfeed/U191006/CO (AD1V4_140P7T30R)               0.05       6.34 f
  u_cp/u_bfeed/U56555/ZN (OAI12V4_140P7T30R)              0.01       6.36 r
  u_cp/u_bfeed/U91988/ZN (CLKNAND2V4_140P7T30R)           0.02       6.38 f
  u_cp/u_bfeed/U134080/Z (CLKXOR2V6_140P7T30R)            0.03       6.41 f
  u_cp/u_bfeed/U134038/Z (CLKXOR2V6_140P7T30R)            0.03       6.44 f
  u_cp/u_bfeed/U95305/ZN (NAND2V3_140P7T30R)              0.02       6.45 r
  u_cp/u_bfeed/U56567/ZN (OAI12V4_140P7T30R)              0.02       6.47 f
  u_cp/u_bfeed/U23211/ZN (AOI12V6_140P7T30R)              0.02       6.49 r
  u_cp/u_bfeed/U80975/ZN (INV5_140P7T30R)                 0.01       6.50 f
  u_cp/u_bfeed/U49931/ZN (AOI22V8_140P7T30R)              0.02       6.52 r
  u_cp/u_bfeed/U23024/ZN (NAND2V8_140P7T30R)              0.02       6.54 f
  u_cp/u_bfeed/U22967/ZN (NOR2V6_140P7T30R)               0.02       6.55 r
  u_cp/u_bfeed/U52407/ZN (NAND3V12_140P7T30R)             0.02       6.58 f
  u_cp/u_bfeed/U133404/ZN (NAND2V12_140P7T30R)            0.02       6.59 r
  u_cp/u_bfeed/U50072/ZN (INV20_140P7T30R)                0.01       6.60 f
  u_cp/u_bfeed/U22342/ZN (INV40_140P7T30R)                0.01       6.62 r
  u_cp/u_bfeed/U43391/ZN (NOR2V16_140P7T30R)              0.01       6.62 f
  u_cp/u_bfeed/U152314/ZN (NAND2XBV16_140P7T30R)          0.03       6.65 f
  u_cp/u_bfeed/U77858/ZN (INV8_140P7T30R)                 0.01       6.66 r
  u_cp/u_bfeed/U49921/ZN (CLKNAND2V4_140P7T30R)           0.02       6.67 f
  u_cp/u_bfeed/U52479/ZN (INV8_140P7T30R)                 0.01       6.69 r
  u_cp/u_bfeed/U54756/ZN (NOR2V16_140P7T30R)              0.01       6.70 f
  u_cp/u_bfeed/U54824/ZN (NAND3V8_140P7T30R)              0.01       6.71 r
  u_cp/u_bfeed/U58694/ZN (OAI12V8_140P7T30R)              0.02       6.73 f
  u_cp/u_bfeed/U48396/ZN (CLKNAND2V16_140P7T30R)          0.02       6.75 r
  u_cp/u_bfeed/U52417/Z (BUFV40_140P7T30R)                0.02       6.77 r
  u_cp/u_bfeed/U43352/Z (OA22V8_140P7T30R)                0.03       6.80 r
  u_cp/u_bfeed/U76182/ZN (CLKNAND2V16_140P7T30R)          0.02       6.82 f
  u_cp/u_bfeed/U61771/Z (CLKBUFV16_140P7T30R)             0.02       6.84 f
  u_cp/u_bfeed/U21278/ZN (NOR2V6_140P7T30R)               0.01       6.85 r
  u_cp/u_bfeed/U91814/ZN (CLKNAND2V4_140P7T30R)           0.02       6.87 f
  u_cp/u_bfeed/U21196/ZN (INV4_140P7T30R)                 0.02       6.89 r
  u_cp/u_bfeed/U43542/ZN (NOR2V12_140P7T30R)              0.01       6.90 f
  u_cp/u_bfeed/U56709/ZN (NAND2XBV8_140P7T30R)            0.02       6.93 f
  u_cp/u_bfeed/U56708/ZN (NOR2V16_140P7T30R)              0.02       6.95 r
  u_cp/u_bfeed/U43509/ZN (NOR2V16_140P7T30R)              0.01       6.95 f
  u_cp/u_bfeed/U54820/ZN (NOR2V6_140P7T30R)               0.02       6.97 r
  u_cp/u_bfeed/U69652/ZN (AOI12V8_140P7T30R)              0.02       6.99 f
  u_cp/u_bfeed/U61769/ZN (OAI12V12_140P7T30R)             0.03       7.01 r
  u_cp/u_bfeed/U44596/ZN (CLKNAND2V16_140P7T30R)          0.01       7.03 f
  u_cp/u_bfeed/U99292/ZN (INV3_140P7T30R)                 0.01       7.04 r
  u_cp/u_bfeed/U132112/ZN (OAI22V4_140P7T30R)             0.01       7.05 f
  u_cp/u_bfeed/U108157/ZN (XNOR2V2_140P7T30R)             0.03       7.08 r
  u_cp/u_bfeed/U53246/ZN (OAI22V6_140P7T30R)              0.02       7.10 f
  u_cp/u_bfeed/U65312/ZN (NOR2V6_140P7T30R)               0.03       7.12 r
  u_cp/u_bfeed/U99253/ZN (NAND2V8_140P7T30R)              0.02       7.14 f
  u_cp/u_bfeed/U61389/ZN (NOR2V16_140P7T30R)              0.02       7.16 r
  u_cp/u_bfeed/U116280/ZN (NAND2V12_140P7T30R)            0.02       7.18 f
  u_cp/u_bfeed/U56665/ZN (INV8_140P7T30R)                 0.01       7.19 r
  u_cp/u_bfeed/U62499/ZN (OAI22V6_140P7T30R)              0.02       7.21 f
  u_cp/u_bfeed/U103142/ZN (INV7_140P7T30R)                0.02       7.22 r
  u_cp/u_bfeed/U131573/ZN (NAND2V12_140P7T30R)            0.02       7.24 f
  u_cp/u_bfeed/U18939/ZN (CLKINV10_140P7T30R)             0.01       7.25 r
  u_cp/u_bfeed/U18745/ZN (NAND3V6_140P7T30R)              0.01       7.26 f
  u_cp/u_bfeed/U18666/ZN (OAI22V4_140P7T30R)              0.03       7.29 r
  u_cp/u_bfeed/U69614/ZN (NOR2V8_140P7T30R)               0.01       7.30 f
  u_cp/u_bfeed/U43315/ZN (OAI112V6_140P7T30R)             0.02       7.32 r
  u_cp/u_bfeed/U43314/ZN (NAND2V8_140P7T30R)              0.01       7.33 f
  u_cp/u_bfeed/U84027/ZN (NOR2V12_140P7T30R)              0.02       7.35 r
  u_cp/u_bfeed/U151905/ZN (CLKNAND2V16_140P7T30R)         0.02       7.37 f
  u_cp/u_bfeed/U149714/ZN (NAND2XBV16_140P7T30R)          0.02       7.39 r
  u_cp/u_bfeed/U99180/ZN (OAI12V4_140P7T30R)              0.01       7.41 f
  u_cp/u_bfeed/U65477/ZN (NAND2XBV8_140P7T30R)            0.03       7.43 f
  u_cp/u_bfeed/U58702/ZN (CLKNAND2V16_140P7T30R)          0.02       7.45 r
  u_cp/u_bfeed/U77585/Z (XOR2V4_140P7T30R)                0.03       7.48 r
  u_cp/u_bfeed/U91565/ZN (NOR2V2_140P7T30R)               0.01       7.49 f
  u_cp/u_bfeed/U155950/ZN (OAI21BV4_140P7T30R)            0.03       7.52 f
  u_cp/u_bfeed/U191516/CO (AD1V4_140P7T30R)               0.05       7.57 f
  u_cp/u_bfeed/U115686/ZN (OAI12V4_140P7T30R)             0.02       7.58 r
  u_cp/u_bfeed/U107718/ZN (CLKNAND2V4_140P7T30R)          0.01       7.60 f
  u_cp/u_bfeed/U191534/CO (AD1V4_140P7T30R)               0.04       7.64 f
  u_cp/u_bfeed/U152698/Z (MAJ23V4_140P7T30R)              0.04       7.68 f
  u_cp/u_bfeed/U130060/ZN (OAI12V4_140P7T30R)             0.02       7.70 r
  u_cp/u_bfeed/U66314/ZN (NAND2V8_140P7T30R)              0.01       7.71 f
  u_cp/u_bfeed/U158929/Z (CLKXOR2V6_140P7T30R)            0.03       7.74 f
  u_cp/u_bfeed/U152055/ZN (XNOR2V4_140P7T30R)             0.03       7.77 f
  u_cp/u_bfeed/U66268/ZN (NOR2V8_140P7T30R)               0.02       7.79 r
  u_cp/u_bfeed/U44580/ZN (OAI12V6_140P7T30R)              0.01       7.81 f
  u_cp/u_bfeed/U102892/ZN (AOI12V8_140P7T30R)             0.03       7.83 r
  u_cp/u_bfeed/U88130/Z (CLKOR2V16_140P7T30R)             0.02       7.85 r
  u_cp/u_bfeed/U70661/ZN (NAND3V8_140P7T30R)              0.02       7.87 f
  u_cp/u_bfeed/U70660/ZN (NAND2XBV12_140P7T30R)           0.01       7.88 r
  u_cp/u_bfeed/U57376/ZN (CLKNAND2V16_140P7T30R)          0.02       7.90 f
  u_cp/u_bfeed/U15853/ZN (INV20_140P7T30R)                0.02       7.92 r
  u_cp/u_bfeed/U129397/ZN (INV32_140P7T30R)               0.01       7.93 f
  u_cp/u_bfeed/U15669/ZN (NAND2XBV8_140P7T30R)            0.01       7.93 r
  u_cp/u_bfeed/U98891/ZN (NAND2V8_140P7T30R)              0.01       7.95 f
  u_cp/u_bfeed/U68372/ZN (CLKINV12_140P7T30R)             0.01       7.96 r
  u_cp/u_bfeed/U149905/ZN (NAND2XBV16_140P7T30R)          0.01       7.96 f
  u_cp/u_bfeed/U59293/ZN (NAND2V12_140P7T30R)             0.01       7.98 r
  u_cp/u_bfeed/U47772/ZN (CLKNAND2V16_140P7T30R)          0.01       7.99 f
  u_cp/u_bfeed/U15265/ZN (OAI12V6_140P7T30R)              0.02       8.00 r
  u_cp/u_bfeed/U52122/ZN (NAND2XBV12_140P7T30R)           0.02       8.03 r
  u_cp/u_bfeed/U68333/ZN (INV7_140P7T30R)                 0.01       8.03 f
  u_cp/u_bfeed/U56717/ZN (OAI22V6_140P7T30R)              0.01       8.04 r
  u_cp/u_bfeed/U43601/ZN (XNOR2V2_140P7T30R)              0.03       8.08 r
  u_cp/u_bfeed/U52466/ZN (MUX2NV4_140P7T30R)              0.02       8.10 f
  u_cp/u_bfeed/U48443/ZN (NOR2V12_140P7T30R)              0.03       8.12 r
  u_cp/u_bfeed/U15041/ZN (NAND2V12_140P7T30R)             0.02       8.14 f
  u_cp/u_bfeed/U150535/ZN (NOR2XBV16_140P7T30R)           0.02       8.17 r
  u_cp/u_bfeed/U149943/ZN (INV32_140P7T30R)               0.02       8.18 f
  u_cp/u_bfeed/U14678/ZN (OAI22V6_140P7T30R)              0.02       8.20 r
  u_cp/u_bfeed/U47761/Z (CLKOR2V16_140P7T30R)             0.02       8.22 r
  u_cp/u_bfeed/U83486/ZN (INV5_140P7T30R)                 0.01       8.23 f
  u_cp/u_bfeed/U80251/ZN (CLKNAND2V4_140P7T30R)           0.01       8.25 r
  u_cp/u_bfeed/U87938/ZN (OAI12V6_140P7T30R)              0.02       8.26 f
  u_cp/u_bfeed/U83458/ZN (AOI12V4_140P7T30R)              0.02       8.28 r
  u_cp/u_bfeed/U98680/ZN (OAI12V6_140P7T30R)              0.02       8.30 f
  u_cp/u_bfeed/U50082/ZN (INV6_140P7T30R)                 0.01       8.32 r
  u_cp/u_bfeed/U50083/ZN (CLKNAND2V16_140P7T30R)          0.01       8.33 f
  u_cp/u_bfeed/U98635/ZN (NAND2XBV4_140P7T30R)            0.01       8.34 r
  u_cp/u_bfeed/U68913/ZN (NAND2V8_140P7T30R)              0.01       8.35 f
  u_cp/u_bfeed/U153819/Z (CLKXOR2V6_140P7T30R)            0.03       8.38 f
  u_cp/u_bfeed/U107098/ZN (CLKNAND2V4_140P7T30R)          0.01       8.39 r
  u_cp/u_bfeed/U114876/ZN (NAND3V8_140P7T30R)             0.02       8.41 f
  u_cp/u_bfeed/U114868/ZN (CLKINV12_140P7T30R)            0.01       8.42 r
  u_cp/u_bfeed/U83389/ZN (NAND3V3_140P7T30R)              0.01       8.43 f
  u_cp/u_bfeed/U114845/ZN (INV4_140P7T30R)                0.01       8.45 r
  u_cp/u_bfeed/U80157/ZN (NAND2V8_140P7T30R)              0.01       8.46 f
  u_cp/u_bfeed/U158136/ZN (NOR2V12_140P7T30R)             0.01       8.47 r
  u_cp/u_bfeed/U12724/ZN (INV8_140P7T30R)                 0.01       8.48 f
  u_cp/u_bfeed/U48523/ZN (NAND2XBV8_140P7T30R)            0.01       8.49 r
  u_cp/u_bfeed/U127644/ZN (OAI12V6_140P7T30R)             0.01       8.51 f
  u_cp/u_bfeed/U114794/ZN (INV7_140P7T30R)                0.01       8.52 r
  u_cp/u_bfeed/U43325/Z (OR2V16_140P7T30R)                0.02       8.54 r
  u_cp/u_bfeed/U127584/ZN (NAND2XBV12_140P7T30R)          0.01       8.55 f
  u_cp/u_bfeed/U158989/ZN (OAI22V12_140P7T30R)            0.02       8.57 r
  u_cp/u_bfeed/U114766/ZN (AOI22V4_140P7T30R)             0.01       8.58 f
  u_cp/u_bfeed/U159741/ZN (AOI21BV4_140P7T30R)            0.03       8.61 f
  u_cp/u_bfeed/U149891/ZN (NOR2V8_140P7T30R)              0.02       8.63 r
  u_cp/u_bfeed/U12080/ZN (INV5_140P7T30R)                 0.01       8.64 f
  u_cp/u_bfeed/U69612/ZN (NOR2V12_140P7T30R)              0.02       8.66 r
  u_cp/u_bfeed/U69611/ZN (CLKNAND2V16_140P7T30R)          0.02       8.67 f
  u_cp/u_bfeed/U11837/Z (BUFV4_140P7T30R)                 0.02       8.70 f
  u_cp/u_bfeed/U70673/ZN (CLKNAND2V6_140P7T30R)           0.01       8.71 r
  u_cp/u_bfeed/U66286/ZN (NOR2XBV16_140P7T30R)            0.02       8.73 r
  u_cp/u_bfeed/U154058/ZN (CLKNAND2V16_140P7T30R)         0.03       8.76 f
  u_cp/u_bfeed/U191941/ZN (XNOR2V2_140P7T30R)             0.04       8.80 f
  u_cp/u_bfeed/U162765/ZN (OAI22V1_140P7T30R)             0.04       8.83 r
  u_cp/u_bfeed/U177290/Z (XOR3V2_140P7T30R)               0.06       8.90 f
  u_cp/u_bfeed/U68224/ZN (XNOR2V4_140P7T30R)              0.04       8.93 f
  u_cp/u_bfeed/U68223/ZN (XNOR2V4_140P7T30R)              0.03       8.96 f
  u_cp/u_bfeed/U102346/ZN (XNOR2V2_140P7T30R)             0.03       9.00 f
  u_cp/u_bfeed/U102334/ZN (NAND2V2_140P7T30R)             0.02       9.01 r
  u_cp/u_bfeed/U94145/ZN (OAI12V2_140P7T30R)              0.02       9.03 f
  u_cp/u_bfeed/U94142/ZN (AOI12V2_140P7T30R)              0.03       9.06 r
  u_cp/u_bfeed/U61415/ZN (OAI12V4_140P7T30R)              0.01       9.07 f
  u_cp/u_bfeed/U98298/ZN (AOI12V4_140P7T30R)              0.02       9.09 r
  u_cp/u_bfeed/U59318/ZN (OAI12V6_140P7T30R)              0.01       9.11 f
  u_cp/u_bfeed/U60755/ZN (AOI12V8_140P7T30R)              0.02       9.13 r
  u_cp/u_bfeed/U157760/ZN (OAI12V12_140P7T30R)            0.02       9.14 f
  u_cp/u_bfeed/U43375/ZN (NAND3V12_140P7T30R)             0.01       9.15 r
  u_cp/u_bfeed/U43374/ZN (NAND2V8_140P7T30R)              0.01       9.17 f
  u_cp/u_bfeed/U41669/ZN (NAND2XBV8_140P7T30R)            0.01       9.18 r
  u_cp/u_bfeed/U59257/ZN (CLKNAND2V16_140P7T30R)          0.02       9.20 f
  u_cp/u_bfeed/U68315/ZN (CLKINV32_140P7T30R)             0.01       9.21 r
  u_cp/u_bfeed/U52486/ZN (INV24_140P7T30R)                0.01       9.22 f
  u_cp/u_bfeed/U58669/ZN (NAND2XBV12_140P7T30R)           0.01       9.23 r
  u_cp/u_bfeed/U152075/ZN (OAI12V12_140P7T30R)            0.02       9.24 f
  u_cp/u_bfeed/U94063/ZN (NOR2V6_140P7T30R)               0.02       9.26 r
  u_cp/u_bfeed/U153072/ZN (OAI13V6_140P7T30R)             0.01       9.27 f
  u_cp/u_bfeed/U153070/Z (AO1B2V4_140P7T30R)              0.03       9.30 f
  u_cp/u_bfeed/U43501/ZN (NAND3V8_140P7T30R)              0.01       9.31 r
  u_cp/u_bfeed/U43500/ZN (NAND2V12_140P7T30R)             0.01       9.33 f
  u_cp/u_bfeed/U98138/ZN (INV20_140P7T30R)                0.01       9.34 r
  u_cp/u_bfeed/U152279/ZN (INV40_140P7T30R)               0.01       9.35 f
  u_cp/u_bfeed/U8977/ZN (NOR2XBV6_140P7T30R)              0.02       9.37 f
  u_cp/u_bfeed/U159823/ZN (AOI12V12_140P7T30R)            0.02       9.39 r
  u_cp/u_bfeed/U153147/ZN (OAI12V12_140P7T30R)            0.01       9.41 f
  u_cp/u_bfeed/U8738/Z (BUFV10_140P7T30R)                 0.02       9.43 f
  u_cp/u_bfeed/U90809/ZN (CLKNAND2V4_140P7T30R)           0.01       9.44 r
  u_cp/u_bfeed/U90806/ZN (OAI12V4_140P7T30R)              0.02       9.45 f
  u_cp/u_bfeed/U61171/ZN (NOR2V8_140P7T30R)               0.02       9.47 r
  u_cp/u_bfeed/U93922/ZN (INV6_140P7T30R)                 0.01       9.48 f
  u_cp/u_bfeed/U8267/ZN (AOI22V8_140P7T30R)               0.03       9.51 r
  u_cp/u_bfeed/U8025/ZN (NAND3V1P5_140P7T30R)             0.03       9.53 f
  u_cp/u_bfeed/U159187/ZN (OAI13V6_140P7T30R)             0.04       9.57 r
  u_cp/u_bfeed/U7784/ZN (AOI12V6_140P7T30R)               0.02       9.59 f
  u_cp/u_bfeed/U48510/ZN (OAI12V8_140P7T30R)              0.02       9.60 r
  u_cp/u_bfeed/U54806/ZN (NOR2V12_140P7T30R)              0.01       9.61 f
  u_cp/u_bfeed/U72393/ZN (NAND2V8_140P7T30R)              0.01       9.62 r
  u_cp/u_bfeed/U113834/ZN (INV7_140P7T30R)                0.01       9.63 f
  u_cp/u_bfeed/U54842/ZN (CLKNAND2V16_140P7T30R)          0.01       9.64 r
  u_cp/u_bfeed/U54841/ZN (CLKINV32_140P7T30R)             0.01       9.65 f
  u_cp/u_bfeed/U6827/Z (AO22V4_140P7T30R)                 0.04       9.69 f
  u_cp/u_bfeed/U160304/ZN (AOI12V12_140P7T30R)            0.02       9.71 r
  u_cp/u_bfeed/U102016/ZN (CLKNAND2V6_140P7T30R)          0.02       9.73 f
  u_cp/u_bfeed/U82855/ZN (NOR2V6_140P7T30R)               0.02       9.75 r
  u_cp/u_bfeed/U90672/ZN (OAI12V4_140P7T30R)              0.02       9.77 f
  u_cp/u_bfeed/U59382/ZN (NAND3V6_140P7T30R)              0.01       9.78 r
  u_cp/u_bfeed/U90658/ZN (OAI12V8_140P7T30R)              0.01       9.80 f
  u_cp/u_bfeed/U6171/ZN (NAND2XBV12_140P7T30R)            0.03       9.83 f
  u_cp/u_bfeed/U6083/ZN (CLKINV3_140P7T30R)               0.01       9.84 r
  u_cp/u_bfeed/U56732/ZN (NAND2XBV8_140P7T30R)            0.02       9.86 r
  u_cp/u_bfeed/U50407/ZN (OAI12V8_140P7T30R)              0.01       9.87 f
  u_cp/u_bfeed/U152985/Z (CLKXOR2V6_140P7T30R)            0.03       9.90 f
  u_cp/u_bfeed/U69637/ZN (OAI12V8_140P7T30R)              0.02       9.92 r
  u_cp/u_bfeed/U64736/ZN (NAND2V12_140P7T30R)             0.01       9.93 f
  u_cp/u_bfeed/U150257/ZN (NOR2V12_140P7T30R)             0.02       9.94 r
  u_cp/u_bfeed/U61320/ZN (CLKNAND2V16_140P7T30R)          0.02       9.97 f
  u_cp/u_bfeed/U5644/ZN (NAND2XBV12_140P7T30R)            0.02       9.99 r
  u_cp/u_bfeed/U150783/ZN (OAI12V8_140P7T30R)             0.01      10.00 f
  u_cp/u_bfeed/U151693/ZN (AOI12V12_140P7T30R)            0.02      10.02 r
  u_cp/u_bfeed/U68225/ZN (CLKNAND2V16_140P7T30R)          0.02      10.04 f
  u_cp/u_bfeed/U5433/ZN (NAND3V8_140P7T30R)               0.02      10.06 r
  u_cp/u_bfeed/U79604/ZN (NOR2V12_140P7T30R)              0.01      10.07 f
  u_cp/u_bfeed/U5296/ZN (NOR2V12_140P7T30R)               0.01      10.08 r
  u_cp/u_bfeed/U61238/ZN (NAND3V12_140P7T30R)             0.02      10.10 f
  u_cp/u_bfeed/U61237/ZN (NAND2XBV16_140P7T30R)           0.02      10.11 r
  u_cp/u_bfeed/U61768/ZN (CLKNAND2V16_140P7T30R)          0.01      10.13 f
  u_cp/u_bfeed/U76213/ZN (NOR2V8_140P7T30R)               0.01      10.14 r
  u_cp/u_bfeed/U154055/Z (CLKXOR2V6_140P7T30R)            0.03      10.17 r
  u_cp/u_bfeed/U153115/ZN (XNOR2V4_140P7T30R)             0.03      10.20 r
  u_cp/u_bfeed/U4867/ZN (OAI12V4_140P7T30R)               0.02      10.22 f
  u_cp/u_bfeed/U4809/ZN (CLKNAND2V6_140P7T30R)            0.01      10.24 r
  u_cp/u_bfeed/U156712/Z (CLKXOR2V6_140P7T30R)            0.03      10.26 r
  u_cp/u_bfeed/U153347/ZN (XNOR2V4_140P7T30R)             0.03      10.30 r
  u_cp/u_bfeed/U53405/ZN (NOR2V8_140P7T30R)               0.01      10.31 f
  u_cp/u_bfeed/U4527/ZN (INV4_140P7T30R)                  0.01      10.32 r
  u_cp/u_bfeed/U61346/ZN (NAND2V8_140P7T30R)              0.01      10.33 f
  u_cp/u_bfeed/U113469/ZN (NOR2V8_140P7T30R)              0.02      10.35 r
  u_cp/u_bfeed/U147425/ZN (AOI22V12_140P7T30R)            0.02      10.36 f
  u_cp/u_bfeed/U68927/ZN (NAND2V8_140P7T30R)              0.01      10.38 r
  u_cp/u_bfeed/U54884/ZN (NOR2V12_140P7T30R)              0.01      10.39 f
  u_cp/u_bfeed/U4247/ZN (NOR2XBV8_140P7T30R)              0.02      10.41 r
  u_cp/u_bfeed/U68873/ZN (OAI22V6_140P7T30R)              0.02      10.43 f
  u_cp/u_bfeed/U50062/ZN (NOR2V12_140P7T30R)              0.02      10.44 r
  u_cp/u_bfeed/U50061/ZN (NAND2XBV16_140P7T30R)           0.01      10.46 f
  u_cp/u_bfeed/U4013/ZN (NOR2V12_140P7T30R)               0.02      10.47 r
  u_cp/u_bfeed/U52396/ZN (CLKNAND2V16_140P7T30R)          0.01      10.48 f
  u_cp/u_bfeed/U3896/ZN (NOR2V12_140P7T30R)               0.02      10.50 r
  u_cp/u_bfeed/U53944/ZN (NAND3V6_140P7T30R)              0.02      10.52 f
  u_cp/u_bfeed/U53464/ZN (NAND2V12_140P7T30R)             0.02      10.54 r
  u_cp/u_bfeed/U3660/ZN (NAND4V1P5_140P7T30R)             0.03      10.57 f
  u_cp/u_bfeed/U49005/ZN (NAND4V6_140P7T30R)              0.03      10.60 r
  u_cp/u_bfeed/U152516/ZN (NAND3V8_140P7T30R)             0.01      10.61 f
  u_cp/u_bfeed/U153079/ZN (AOI12V8_140P7T30R)             0.03      10.64 r
  u_cp/u_bfeed/U70310/ZN (NOR2V16_140P7T30R)              0.01      10.65 f
  u_cp/u_bfeed/U46904/Z (CLKAND2V16_140P7T30R)            0.02      10.67 f
  u_cp/u_bfeed/U3426/ZN (INV8_140P7T30R)                  0.01      10.68 r
  u_cp/u_bfeed/U44471/ZN (CLKNAND2V16_140P7T30R)          0.02      10.70 f
  u_cp/u_bfeed/U42001/ZN (INV32_140P7T30R)                0.01      10.71 r
  u_cp/u_bfeed/U3308/ZN (INV16_140P7T30R)                 0.01      10.72 f
  u_cp/u_bfeed/U46335/ZN (NOR2V16_140P7T30R)              0.02      10.74 r
  u_cp/u_bfeed/U3245/ZN (INV12_140P7T30R)                 0.01      10.74 f
  u_cp/u_bfeed/U59140/ZN (CLKNAND2V16_140P7T30R)          0.01      10.75 r
  u_cp/u_bfeed/U3167/ZN (NAND2V8_140P7T30R)               0.01      10.76 f
  u_cp/u_bfeed/U154099/ZN (OAI12V12_140P7T30R)            0.02      10.78 r
  u_cp/u_bfeed/U105718/ZN (NOR2V12_140P7T30R)             0.01      10.80 f
  u_cp/u_bfeed/U54751/ZN (NOR2V16_140P7T30R)              0.02      10.81 r
  u_cp/u_bfeed/U2817/ZN (NOR3V6_140P7T30R)                0.01      10.82 f
  u_cp/u_bfeed/U90420/ZN (INV4_140P7T30R)                 0.02      10.84 r
  u_cp/u_bfeed/U93517/ZN (NAND3V4_140P7T30R)              0.03      10.86 f
  u_cp/u_bfeed/U43241/ZN (NAND3V12_140P7T30R)             0.02      10.88 r
  u_cp/u_bfeed/U2505/ZN (CLKNAND2V6_140P7T30R)            0.02      10.90 f
  u_cp/u_bfeed/U41164/ZN (AOI12V6_140P7T30R)              0.02      10.92 r
  u_cp/u_bfeed/U50178/ZN (OAI12V6_140P7T30R)              0.02      10.93 f
  u_cp/u_bfeed/U41162/Z (OA12V6_140P7T30R)                0.02      10.96 f
  u_cp/u_bfeed/U51089/ZN (NAND2V12_140P7T30R)             0.01      10.97 r
  u_cp/u_bfeed/U2098/ZN (CLKINV10_140P7T30R)              0.01      10.98 f
  u_cp/u_bfeed/U56250/ZN (CLKNAND2V16_140P7T30R)          0.01      10.99 r
  u_cp/u_bfeed/U49071/ZN (NOR2V16_140P7T30R)              0.01      11.00 f
  u_cp/u_bfeed/U59993/Z (BUFV6_140P7T30R)                 0.02      11.02 f
  u_cp/u_bfeed/U1646/ZN (INV2_140P7T30R)                  0.01      11.03 r
  u_cp/u_bfeed/U58704/ZN (CLKNAND2V6_140P7T30R)           0.01      11.04 f
  u_cp/u_bfeed/U43131/ZN (NAND2V8_140P7T30R)              0.01      11.06 r
  u_cp/u_bfeed/U113179/ZN (OAI13V4_140P7T30R)             0.01      11.07 f
  u_cp/u_bfeed/U113174/ZN (NOR2V6_140P7T30R)              0.02      11.09 r
  u_cp/u_bfeed/U41320/ZN (OAI12V8_140P7T30R)              0.02      11.11 f
  u_cp/u_bfeed/U1293/ZN (NOR3V4_140P7T30R)                0.03      11.14 r
  u_cp/u_bfeed/U44897/ZN (NOR2V8_140P7T30R)               0.01      11.15 f
  u_cp/u_bfeed/U41455/ZN (NOR2V12_140P7T30R)              0.01      11.16 r
  u_cp/u_bfeed/U101628/ZN (INV7_140P7T30R)                0.01      11.17 f
  u_cp/u_bfeed/U122975/ZN (NOR2V12_140P7T30R)             0.01      11.18 r
  u_cp/u_bfeed/U56783/ZN (NAND3V12_140P7T30R)             0.02      11.20 f
  u_cp/u_bfeed/U990/ZN (NAND2XBV8_140P7T30R)              0.02      11.22 r
  u_cp/u_bfeed/U66245/ZN (NAND2V8_140P7T30R)              0.01      11.23 f
  u_cp/u_bfeed/U60024/ZN (OAI12V12_140P7T30R)             0.01      11.24 r
  u_cp/u_bfeed/U60025/ZN (NOR2V16_140P7T30R)              0.01      11.25 f
  u_cp/u_bfeed/U44982/ZN (CLKNAND2V16_140P7T30R)          0.01      11.26 r
  u_cp/u_bfeed/U53883/ZN (NAND3V12_140P7T30R)             0.02      11.28 f
  u_cp/u_bfeed/U54856/ZN (NOR2V16_140P7T30R)              0.02      11.30 r
  u_cp/u_bfeed/U56490/ZN (CLKNAND2V16_140P7T30R)          0.02      11.32 f
  u_cp/u_bfeed/U65442/ZN (CLKNAND2V16_140P7T30R)          0.01      11.33 r
  u_cp/u_bfeed/U61977/ZN (NOR2V16_140P7T30R)              0.01      11.34 f
  u_cp/u_bfeed/U41393/ZN (INV20_140P7T30R)                0.01      11.35 r
  u_cp/u_bfeed/U46880/ZN (INV24_140P7T30R)                0.01      11.36 f
  u_cp/u_bfeed/U152052/ZN (NAND2XBV16_140P7T30R)          0.01      11.37 r
  u_cp/u_bfeed/U42694/ZN (CLKNAND2V16_140P7T30R)          0.01      11.38 f
  u_cp/u_bfeed/U405/ZN (NOR2V8_140P7T30R)                 0.02      11.41 r
  u_cp/u_bfeed/U218228/ZN (MUX2NV2_140P7T30R)             0.02      11.43 f
  u_cp/u_bfeed/row_reg[124][26]/D (DQV2_140P7T30R)        0.00      11.43 f
  data arrival time                                                 11.43

  clock clk (rise edge)                                   1.00       1.00
  clock network delay (ideal)                             0.00       1.00
  u_cp/u_bfeed/row_reg[124][26]/CK (DQV2_140P7T30R)       0.00       1.00 r
  library setup time                                     -0.04       0.96
  data required time                                                 0.96
  --------------------------------------------------------------------------
  data required time                                                 0.96
  data arrival time                                                -11.43
  --------------------------------------------------------------------------
  slack (VIOLATED)                                                 -10.47


  Startpoint: u_cp/u_kvqd/s_bits_reg[5]
              (rising edge-triggered flip-flop clocked by clk)
  Endpoint: hbm_wdata[6]
            (output port clocked by clk)
  Path Group: clk
  Path Type: max

  Point                                                   Incr       Path
  --------------------------------------------------------------------------
  clock clk (rise edge)                                   0.00       0.00
  clock network delay (ideal)                             0.00       0.00
  u_cp/u_kvqd/s_bits_reg[5]/CK (DQV4_140P7T30R)           0.00 #     0.00 r
  u_cp/u_kvqd/s_bits_reg[5]/Q (DQV4_140P7T30R)            0.07       0.07 f
  u_cp/u_kvqd/U9397/ZN (INV2_140P7T30R)                   0.04       0.11 r
  u_cp/u_kvqd/U24551/ZN (INV4_140P7T30R)                  0.06       0.17 f
  u_cp/u_kvqd/U11300/ZN (OAI22V1_140P7T30R)               0.10       0.27 r
  u_cp/u_kvqd/U13843/ZN (XNOR2V2_140P7T30R)               0.03       0.30 f
  u_cp/u_kvqd/U1521/S (AD1V2_140P7T30R)                   0.08       0.38 r
  u_cp/u_kvqd/U9279/ZN (NAND2V2_140P7T30R)                0.02       0.40 f
  u_cp/u_kvqd/U13846/ZN (OAI12V2_140P7T30R)               0.03       0.43 r
  u_cp/u_kvqd/U13847/ZN (AOI12V2_140P7T30R)               0.02       0.45 f
  u_cp/u_kvqd/U9163/ZN (OAI12V2_140P7T30R)                0.03       0.49 r
  u_cp/u_kvqd/U2402/Z (AO12V4_140P7T30R)                  0.04       0.52 r
  u_cp/u_kvqd/U9046/ZN (AOI12V4_140P7T30R)                0.02       0.54 f
  u_cp/u_kvqd/U13859/Z (CLKXOR2V6_140P7T30R)              0.03       0.57 f
  u_cp/u_kvqd/U619/ZN (NOR2V2_140P7T30R)                  0.03       0.60 r
  u_cp/u_kvqd/U2798/ZN (INV4_140P7T30R)                   0.02       0.62 f
  u_cp/u_kvqd/U13877/ZN (NOR2V2_140P7T30R)                0.02       0.64 r
  u_cp/u_kvqd/U8989/ZN (NOR2V2_140P7T30R)                 0.01       0.65 f
  u_cp/u_kvqd/U13878/ZN (INV2_140P7T30R)                  0.01       0.66 r
  u_cp/u_kvqd/U13881/ZN (MUX2NV2_140P7T30R)               0.02       0.68 f
  u_cp/u_kvqd/U12567/ZN (AOI21BV2_140P7T30R)              0.04       0.72 r
  u_cp/u_kvqd/U10567/Z (XOR2V2_140P7T30R)                 0.04       0.76 r
  u_cp/u_kvqd/U10566/ZN (INV2_140P7T30R)                  0.01       0.77 f
  u_cp/u_kvqd/U13886/ZN (NAND2V2_140P7T30R)               0.01       0.79 r
  u_cp/u_kvqd/U12650/ZN (NAND2V2_140P7T30R)               0.01       0.80 f
  u_cp/u_kvqd/U12377/Z (OR2V2_140P7T30R)                  0.03       0.82 f
  u_cp/u_kvqd/U13889/ZN (NOR2V2_140P7T30R)                0.06       0.88 r
  u_cp/u_kvqd/U14058/ZN (XNOR2V2_140P7T30R)               0.04       0.92 r
  u_cp/u_kvqd/U14083/ZN (OAI22V1_140P7T30R)               0.03       0.95 f
  u_cp/u_kvqd/U1513/CO (AD1V2_140P7T30R)                  0.07       1.02 f
  u_cp/u_kvqd/U1870/S (AD1V2_140P7T30R)                   0.07       1.09 r
  u_cp/u_kvqd/U2264/S (AD1V2_140P7T30R)                   0.06       1.16 f
  u_cp/u_kvqd/U8632/ZN (CLKNOR2V3_140P7T30R)              0.02       1.18 r
  u_cp/u_kvqd/U14085/ZN (OAI12V2_140P7T30R)               0.02       1.20 f
  u_cp/u_kvqd/U14087/ZN (AOI12V2_140P7T30R)               0.03       1.23 r
  u_cp/u_kvqd/U14091/ZN (OAI12V2_140P7T30R)               0.02       1.26 f
  u_cp/u_kvqd/U14092/ZN (AOI12V6_140P7T30R)               0.04       1.30 r
  u_cp/u_kvqd/U8369/ZN (OAI12V4_140P7T30R)                0.02       1.31 f
  u_cp/u_kvqd/U14127/ZN (XNOR2V2_140P7T30R)               0.03       1.35 f
  u_cp/u_kvqd/U985/Z (BUFV6_140P7T30R)                    0.03       1.37 f
  u_cp/u_kvqd/U14139/ZN (MUX2NV2_140P7T30R)               0.03       1.40 f
  u_cp/u_kvqd/U14140/ZN (NAND4V1P5_140P7T30R)             0.03       1.43 r
  u_cp/u_kvqd/U14142/ZN (OAI112V6_140P7T30R)              0.04       1.47 f
  u_cp/u_kvqd/U744/ZN (NOR2V12_140P7T30R)                 0.03       1.50 r
  u_cp/u_kvqd/U1260/ZN (NAND2V12_140P7T30R)               0.03       1.53 f
  u_cp/u_kvqd/U14278/ZN (OAI22V4_140P7T30R)               0.06       1.59 r
  u_cp/u_kvqd/U14294/ZN (XNOR2V2_140P7T30R)               0.04       1.63 r
  u_cp/u_kvqd/U14303/ZN (OAI22V1_140P7T30R)               0.02       1.65 f
  u_cp/u_kvqd/U11381/CO (AD1V2_140P7T30R)                 0.05       1.70 f
  u_cp/u_kvqd/U1494/S (AD1V2_140P7T30R)                   0.07       1.78 r
  u_cp/u_kvqd/U1484/S (AD1V2_140P7T30R)                   0.06       1.84 f
  u_cp/u_kvqd/U1475/ZN (NOR2V2_140P7T30R)                 0.03       1.87 r
  u_cp/u_kvqd/U14374/ZN (OAI12V2_140P7T30R)               0.02       1.89 f
  u_cp/u_kvqd/U14376/ZN (AOI12V2_140P7T30R)               0.03       1.92 r
  u_cp/u_kvqd/U14380/ZN (OAI12V2_140P7T30R)               0.03       1.95 f
  u_cp/u_kvqd/U788/ZN (AOI12V8_140P7T30R)                 0.04       1.99 r
  u_cp/u_kvqd/U14409/ZN (OAI12V4_140P7T30R)               0.02       2.00 f
  u_cp/u_kvqd/U677/ZN (XNOR2V4_140P7T30R)                 0.03       2.03 f
  u_cp/u_kvqd/U2253/Z (BUFV8_140P7T30R)                   0.03       2.06 f
  u_cp/u_kvqd/U14437/ZN (MUX2NV2_140P7T30R)               0.03       2.09 f
  u_cp/u_kvqd/U14438/ZN (NAND4V1P5_140P7T30R)             0.03       2.12 r
  u_cp/u_kvqd/U14454/ZN (OAI12V4_140P7T30R)               0.02       2.14 f
  u_cp/u_kvqd/U12170/ZN (NOR2V8_140P7T30R)                0.03       2.17 r
  u_cp/u_kvqd/U14463/ZN (CLKNAND2V4_140P7T30R)            0.02       2.19 f
  u_cp/u_kvqd/U14466/ZN (NOR2V4_140P7T30R)                0.02       2.21 r
  u_cp/u_kvqd/U7874/ZN (INV2_140P7T30R)                   0.01       2.23 f
  u_cp/u_kvqd/U812/ZN (CLKNAND2V4_140P7T30R)              0.01       2.24 r
  u_cp/u_kvqd/U7859/ZN (INV6_140P7T30R)                   0.02       2.26 f
  u_cp/u_kvqd/U14483/ZN (INV8_140P7T30R)                  0.03       2.29 r
  u_cp/u_kvqd/U14534/Z (AO12V4_140P7T30R)                 0.05       2.34 r
  u_cp/u_kvqd/U14535/ZN (INV4_140P7T30R)                  0.03       2.37 f
  u_cp/u_kvqd/U14629/ZN (NOR2V4_140P7T30R)                0.03       2.40 r
  u_cp/u_kvqd/U12880/ZN (NAND2V2_140P7T30R)               0.01       2.41 f
  u_cp/u_kvqd/U14645/ZN (AOI22V2_140P7T30R)               0.02       2.43 r
  u_cp/u_kvqd/U9851/ZN (NAND2XBV2_140P7T30R)              0.02       2.45 r
  u_cp/u_kvqd/U2250/Z (OA22V2_140P7T30R)                  0.03       2.49 r
  u_cp/u_kvqd/U14647/ZN (INV2_140P7T30R)                  0.01       2.50 f
  u_cp/u_kvqd/U10899/ZN (NOR2V2_140P7T30R)                0.01       2.51 r
  u_cp/u_kvqd/U14677/ZN (NAND2V2_140P7T30R)               0.01       2.52 f
  u_cp/u_kvqd/U14690/ZN (NOR2V2_140P7T30R)                0.01       2.54 r
  u_cp/u_kvqd/U14691/ZN (NAND2V2_140P7T30R)               0.02       2.55 f
  u_cp/u_kvqd/U984/Z (OA12V6_140P7T30R)                   0.04       2.59 f
  u_cp/u_kvqd/U1468/ZN (INV12_140P7T30R)                  0.02       2.61 r
  u_cp/u_kvqd/U12616/Z (AND2V2_140P7T30R)                 0.03       2.64 r
  u_cp/u_kvqd/U14718/Z (XOR2V2_140P7T30R)                 0.02       2.66 f
  u_cp/u_kvqd/U1250/ZN (NAND2V2_140P7T30R)                0.03       2.69 r
  u_cp/u_kvqd/U14725/ZN (OAI12V2_140P7T30R)               0.02       2.71 f
  u_cp/u_kvqd/U14726/ZN (AOI12V2_140P7T30R)               0.03       2.73 r
  u_cp/u_kvqd/U14727/ZN (OAI12V2_140P7T30R)               0.03       2.77 f
  u_cp/u_kvqd/U14758/ZN (AOI12V6_140P7T30R)               0.03       2.80 r
  u_cp/u_kvqd/U14804/ZN (OAI12V2_140P7T30R)               0.02       2.82 f
  u_cp/u_kvqd/U14805/ZN (XNOR2V4_140P7T30R)               0.04       2.86 f
  u_cp/u_kvqd/U14808/Z (OR2V4_140P7T30R)                  0.03       2.89 f
  u_cp/u_kvqd/U1459/ZN (CLKNOR2V3_140P7T30R)              0.02       2.92 r
  u_cp/u_kvqd/U639/ZN (CLKNAND2V6_140P7T30R)              0.02       2.94 f
  u_cp/u_kvqd/U638/ZN (NOR2V6_140P7T30R)                  0.02       2.95 r
  u_cp/u_kvqd/U14822/ZN (CLKNAND2V4_140P7T30R)            0.02       2.97 f
  u_cp/u_kvqd/U665/ZN (NOR2V6_140P7T30R)                  0.02       2.99 r
  u_cp/u_kvqd/U14829/ZN (AOI12V2_140P7T30R)               0.01       3.00 f
  u_cp/u_kvqd/U14830/ZN (OAI12V2_140P7T30R)               0.02       3.02 r
  u_cp/u_kvqd/U7382/ZN (NAND2V2_140P7T30R)                0.01       3.03 f
  u_cp/u_kvqd/U7378/ZN (NAND2V2_140P7T30R)                0.01       3.05 r
  u_cp/u_kvqd/U681/ZN (AOI12V4_140P7T30R)                 0.01       3.06 f
  u_cp/u_kvqd/U14831/ZN (OAI12V4_140P7T30R)               0.02       3.08 r
  u_cp/u_kvqd/U14837/Z (OR2V4_140P7T30R)                  0.03       3.11 r
  u_cp/u_kvqd/U1175/ZN (INV4_140P7T30R)                   0.01       3.12 f
  u_cp/u_kvqd/U14872/ZN (CLKNAND2V4_140P7T30R)            0.02       3.15 r
  u_cp/u_kvqd/U7351/ZN (INV2_140P7T30R)                   0.02       3.17 f
  u_cp/u_kvqd/U14896/ZN (AOI22V2_140P7T30R)               0.03       3.19 r
  u_cp/u_kvqd/U1174/ZN (NAND3V2_140P7T30R)                0.03       3.22 f
  u_cp/u_kvqd/U7309/ZN (INV2_140P7T30R)                   0.02       3.24 r
  u_cp/u_kvqd/U15089/ZN (MUX2NV2_140P7T30R)               0.02       3.26 f
  u_cp/u_kvqd/U15090/ZN (MUX2NV2_140P7T30R)               0.03       3.29 r
  u_cp/u_kvqd/U15091/Z (OA1B2V2_140P7T30R)                0.01       3.30 f
  u_cp/u_kvqd/U7238/ZN (OAI12V4_140P7T30R)                0.06       3.36 r
  u_cp/u_kvqd/U15280/ZN (XNOR2V2_140P7T30R)               0.04       3.40 r
  u_cp/u_kvqd/U15347/ZN (OAI22V1_140P7T30R)               0.03       3.43 f
  u_cp/u_kvqd/U15359/CO (AD1V4_140P7T30R)                 0.07       3.50 f
  u_cp/u_kvqd/U15360/CO (AD1V4_140P7T30R)                 0.05       3.55 f
  u_cp/u_kvqd/U15416/CO (AD1V4_140P7T30R)                 0.04       3.59 f
  u_cp/u_kvqd/U15417/CO (AD1V4_140P7T30R)                 0.04       3.63 f
  u_cp/u_kvqd/U15462/S (AD1V4_140P7T30R)                  0.07       3.69 r
  u_cp/u_kvqd/U1227/S (AD1V2_140P7T30R)                   0.06       3.75 f
  u_cp/u_kvqd/U1425/ZN (CLKNOR2V3_140P7T30R)              0.02       3.78 r
  u_cp/u_kvqd/U15549/ZN (OAI12V2_140P7T30R)               0.02       3.80 f
  u_cp/u_kvqd/U15551/ZN (AOI12V2_140P7T30R)               0.04       3.83 r
  u_cp/u_kvqd/U710/ZN (OAI12V4_140P7T30R)                 0.02       3.86 f
  u_cp/u_kvqd/U15555/ZN (AOI12V8_140P7T30R)               0.04       3.90 r
  u_cp/u_kvqd/U2221/ZN (OAI12V4_140P7T30R)                0.02       3.91 f
  u_cp/u_kvqd/U1590/ZN (XNOR2V2_140P7T30R)                0.03       3.94 f
  u_cp/u_kvqd/U2715/Z (BUFV8_140P7T30R)                   0.03       3.97 f
  u_cp/u_kvqd/U15653/ZN (MUX2NV2_140P7T30R)               0.03       4.00 f
  u_cp/u_kvqd/U15654/ZN (NAND4V1P5_140P7T30R)             0.03       4.03 r
  u_cp/u_kvqd/U15657/ZN (OAI112V6_140P7T30R)              0.03       4.06 f
  u_cp/u_kvqd/U652/ZN (NOR2V4_140P7T30R)                  0.03       4.09 r
  u_cp/u_kvqd/U15664/ZN (NAND2XBV4_140P7T30R)             0.02       4.11 f
  u_cp/u_kvqd/U686/ZN (INV6_140P7T30R)                    0.01       4.12 r
  u_cp/u_kvqd/U2031/ZN (NAND2V12_140P7T30R)               0.03       4.15 f
  u_cp/u_kvqd/U15807/ZN (OAI12V2_140P7T30R)               0.08       4.23 r
  u_cp/u_kvqd/U15826/ZN (XNOR2V2_140P7T30R)               0.04       4.27 r
  u_cp/u_kvqd/U15835/ZN (OAI22V1_140P7T30R)               0.02       4.29 f
  u_cp/u_kvqd/U866/CO (AD1V2_140P7T30R)                   0.05       4.35 f
  u_cp/u_kvqd/U1219/S (AD1V2_140P7T30R)                   0.07       4.42 r
  u_cp/u_kvqd/U2024/S (AD1V2_140P7T30R)                   0.06       4.48 f
  u_cp/u_kvqd/U6392/ZN (CLKNOR2V3_140P7T30R)              0.02       4.50 r
  u_cp/u_kvqd/U15909/ZN (OAI12V2_140P7T30R)               0.02       4.52 f
  u_cp/u_kvqd/U15911/ZN (AOI12V2_140P7T30R)               0.03       4.56 r
  u_cp/u_kvqd/U15915/ZN (OAI12V2_140P7T30R)               0.03       4.58 f
  u_cp/u_kvqd/U800/ZN (AOI12V8_140P7T30R)                 0.03       4.62 r
  u_cp/u_kvqd/U15944/ZN (OAI12V4_140P7T30R)               0.02       4.63 f
  u_cp/u_kvqd/U15945/ZN (XNOR2V2_140P7T30R)               0.03       4.67 f
  u_cp/u_kvqd/U2365/Z (BUFV8_140P7T30R)                   0.03       4.69 f
  u_cp/u_kvqd/U15971/ZN (MUX2NV2_140P7T30R)               0.03       4.72 f
  u_cp/u_kvqd/U15972/ZN (NOR4V2_140P7T30R)                0.05       4.77 r
  u_cp/u_kvqd/U15993/ZN (AOI13V4_140P7T30R)               0.03       4.80 f
  u_cp/u_kvqd/U15994/ZN (CLKNAND2V4_140P7T30R)            0.02       4.82 r
  u_cp/u_kvqd/U1584/ZN (CLKNAND2V6_140P7T30R)             0.02       4.84 f
  u_cp/u_kvqd/U16002/ZN (NOR2V4_140P7T30R)                0.04       4.88 r
  u_cp/u_kvqd/U6149/ZN (INV2_140P7T30R)                   0.04       4.92 f
  u_cp/u_kvqd/U16048/Z (XOR2V2_140P7T30R)                 0.04       4.96 f
  u_cp/u_kvqd/U16049/Z (AO12V4_140P7T30R)                 0.04       5.00 f
  u_cp/u_kvqd/U1854/ZN (INV4_140P7T30R)                   0.04       5.03 r
  u_cp/u_kvqd/U10359/ZN (NAND2V2_140P7T30R)               0.02       5.06 f
  u_cp/u_kvqd/U16154/ZN (AOI12V2_140P7T30R)               0.03       5.08 r
  u_cp/u_kvqd/U11020/ZN (NOR2V2_140P7T30R)                0.01       5.09 f
  u_cp/u_kvqd/U1852/Z (CLKMUX2V2_140P7T30R)               0.04       5.13 f
  u_cp/u_kvqd/U6004/ZN (NAND2V2_140P7T30R)                0.01       5.14 r
  u_cp/u_kvqd/U1583/ZN (NAND3V2_140P7T30R)                0.02       5.16 f
  u_cp/u_kvqd/U5986/ZN (NOR2V2_140P7T30R)                 0.02       5.18 r
  u_cp/u_kvqd/U16192/ZN (NAND2V2_140P7T30R)               0.01       5.19 f
  u_cp/u_kvqd/U16209/ZN (NOR2V2_140P7T30R)                0.01       5.21 r
  u_cp/u_kvqd/U16210/ZN (NAND2V2_140P7T30R)               0.01       5.22 f
  u_cp/u_kvqd/U16215/ZN (OAI12V2_140P7T30R)               0.02       5.24 r
  u_cp/u_kvqd/U2014/ZN (NOR2V4_140P7T30R)                 0.02       5.26 f
  u_cp/u_kvqd/U714/Z (CLKBUFV16_140P7T30R)                0.03       5.28 f
  u_cp/u_kvqd/U16216/ZN (NOR2V2_140P7T30R)                0.02       5.30 r
  u_cp/u_kvqd/U16217/Z (XOR2V2_140P7T30R)                 0.04       5.34 r
  u_cp/u_kvqd/U16229/ZN (CLKNAND2V4_140P7T30R)            0.02       5.36 f
  u_cp/u_kvqd/U16230/ZN (OAI12V2_140P7T30R)               0.03       5.39 r
  u_cp/u_kvqd/U16231/ZN (AOI12V2_140P7T30R)               0.01       5.40 f
  u_cp/u_kvqd/U16250/ZN (OAI12V2_140P7T30R)               0.04       5.44 r
  u_cp/u_kvqd/U16290/ZN (AOI12V6_140P7T30R)               0.03       5.47 f
  u_cp/u_kvqd/U16348/ZN (OAI12V2_140P7T30R)               0.03       5.50 r
  u_cp/u_kvqd/U16349/ZN (XNOR2V4_140P7T30R)               0.04       5.54 r
  u_cp/u_kvqd/U16350/Z (OR2V4_140P7T30R)                  0.03       5.56 r
  u_cp/u_kvqd/U1820/ZN (NOR3V3_140P7T30R)                 0.01       5.57 f
  u_cp/u_kvqd/U16354/ZN (CLKNAND2V4_140P7T30R)            0.02       5.59 r
  u_cp/u_kvqd/U16355/ZN (INV4_140P7T30R)                  0.01       5.61 f
  u_cp/u_kvqd/U16356/ZN (NAND2XBV4_140P7T30R)             0.02       5.62 r
  u_cp/u_kvqd/U16365/ZN (NOR2V4_140P7T30R)                0.01       5.63 f
  u_cp/u_kvqd/U673/ZN (NAND2XBV4_140P7T30R)               0.01       5.64 r
  u_cp/u_kvqd/U16368/ZN (NAND3V2_140P7T30R)               0.02       5.66 f
  u_cp/u_kvqd/U802/ZN (AOI12V4_140P7T30R)                 0.02       5.68 r
  u_cp/u_kvqd/U5732/ZN (OAI12V4_140P7T30R)                0.05       5.73 f
  u_cp/u_kvqd/U16407/ZN (NAND2XBV4_140P7T30R)             0.06       5.79 f
  u_cp/u_kvqd/U5704/ZN (INV2_140P7T30R)                   0.03       5.82 r
  u_cp/u_kvqd/U412/ZN (AOI22V2_140P7T30R)                 0.02       5.84 f
  u_cp/u_kvqd/U699/ZN (OAI12V4_140P7T30R)                 0.02       5.86 r
  u_cp/u_kvqd/U16424/ZN (MUX2NV2_140P7T30R)               0.03       5.89 f
  u_cp/u_kvqd/U701/ZN (CLKNAND2V4_140P7T30R)              0.02       5.91 r
  u_cp/u_kvqd/U702/ZN (OAI112V4_140P7T30R)                0.02       5.92 f
  u_cp/u_kvqd/U16840/ZN (AOI22V2_140P7T30R)               0.03       5.95 r
  u_cp/u_kvqd/U16842/ZN (AOI12V2_140P7T30R)               0.02       5.97 f
  u_cp/u_kvqd/U5560/Z (BUFV6_140P7T30R)                   0.03       6.01 f
  u_cp/u_kvqd/U16843/ZN (XNOR2V2_140P7T30R)               0.04       6.04 f
  u_cp/u_kvqd/U16956/ZN (OAI22V1_140P7T30R)               0.04       6.08 r
  u_cp/u_kvqd/U16957/S (AD1V4_140P7T30R)                  0.07       6.15 f
  u_cp/u_kvqd/U16959/CO (AD1V4_140P7T30R)                 0.04       6.20 f
  u_cp/u_kvqd/U16958/CO (AD1V4_140P7T30R)                 0.04       6.24 f
  u_cp/u_kvqd/U17007/CO (AD1V4_140P7T30R)                 0.04       6.27 f
  u_cp/u_kvqd/U1204/S (AD1V2_140P7T30R)                   0.07       6.34 r
  u_cp/u_kvqd/U1775/S (AD1V2_140P7T30R)                   0.06       6.41 f
  u_cp/u_kvqd/U5226/ZN (CLKNOR2V3_140P7T30R)              0.02       6.43 r
  u_cp/u_kvqd/U17081/ZN (OAI12V2_140P7T30R)               0.02       6.44 f
  u_cp/u_kvqd/U794/ZN (AOI12V4_140P7T30R)                 0.03       6.47 r
  u_cp/u_kvqd/U17085/ZN (OAI12V2_140P7T30R)               0.03       6.50 f
  u_cp/u_kvqd/U727/ZN (AOI12V12_140P7T30R)                0.03       6.53 r
  u_cp/u_kvqd/U17180/ZN (OAI12V4_140P7T30R)               0.02       6.55 f
  u_cp/u_kvqd/U17181/ZN (XNOR2V2_140P7T30R)               0.03       6.58 f
  u_cp/u_kvqd/U2351/Z (BUFV8_140P7T30R)                   0.03       6.61 f
  u_cp/u_kvqd/U17197/ZN (MUX2NV2_140P7T30R)               0.03       6.64 f
  u_cp/u_kvqd/U1764/ZN (INV2_140P7T30R)                   0.02       6.65 r
  u_cp/u_kvqd/U17200/ZN (NAND4V1P5_140P7T30R)             0.02       6.68 f
  u_cp/u_kvqd/U9664/ZN (NOR2V2_140P7T30R)                 0.02       6.70 r
  u_cp/u_kvqd/U5101/ZN (NOR2V4_140P7T30R)                 0.01       6.72 f
  u_cp/u_kvqd/U17237/ZN (CLKNAND2V4_140P7T30R)            0.02       6.73 r
  u_cp/u_kvqd/U722/ZN (NOR2V8_140P7T30R)                  0.01       6.75 f
  u_cp/u_kvqd/U17243/ZN (INV8_140P7T30R)                  0.02       6.77 r
  u_cp/u_kvqd/U17262/ZN (OAI12V2_140P7T30R)               0.06       6.83 f
  u_cp/u_kvqd/U17365/ZN (XNOR2V2_140P7T30R)               0.05       6.88 f
  u_cp/u_kvqd/U17366/ZN (OAI22V1_140P7T30R)               0.04       6.92 r
  u_cp/u_kvqd/U857/CO (AD1V2_140P7T30R)                   0.05       6.97 r
  u_cp/u_kvqd/U864/S (AD1V2_140P7T30R)                    0.07       7.03 f
  u_cp/u_kvqd/U1345/S (AD1V2_140P7T30R)                   0.07       7.10 r
  u_cp/u_kvqd/U1745/ZN (CLKNOR2V3_140P7T30R)              0.02       7.12 f
  u_cp/u_kvqd/U1983/ZN (NOR2V2_140P7T30R)                 0.02       7.14 r
  u_cp/u_kvqd/U9636/ZN (NAND2V2_140P7T30R)                0.01       7.16 f
  u_cp/u_kvqd/U17402/ZN (OAI12V2_140P7T30R)               0.04       7.19 r
  u_cp/u_kvqd/U734/ZN (AOI12V6_140P7T30R)                 0.03       7.22 f
  u_cp/u_kvqd/U735/ZN (OAI12V8_140P7T30R)                 0.02       7.24 r
  u_cp/u_kvqd/U17523/ZN (XNOR2V2_140P7T30R)               0.03       7.27 r
  u_cp/u_kvqd/U17524/Z (BUFV8_140P7T30R)                  0.03       7.30 r
  u_cp/u_kvqd/U17545/ZN (MUX2NV2_140P7T30R)               0.03       7.33 r
  u_cp/u_kvqd/U17546/ZN (NAND4V1P5_140P7T30R)             0.03       7.35 f
  u_cp/u_kvqd/U1145/ZN (OAI112V2_140P7T30R)               0.04       7.39 r
  u_cp/u_kvqd/U17550/Z (AO1B2V4_140P7T30R)                0.03       7.42 f
  u_cp/u_kvqd/U2572/ZN (INV2_140P7T30R)                   0.04       7.46 r
  u_cp/u_kvqd/U13318/ZN (INV2_140P7T30R)                  0.03       7.48 f
  u_cp/u_kvqd/U17570/ZN (OAI12V2_140P7T30R)               0.03       7.51 r
  u_cp/u_kvqd/U4699/ZN (INV2_140P7T30R)                   0.01       7.52 f
  u_cp/u_kvqd/U1561/ZN (NOR2V2_140P7T30R)                 0.04       7.56 r
  u_cp/u_kvqd/U17612/Z (AO12V4_140P7T30R)                 0.05       7.61 r
  u_cp/u_kvqd/U17627/ZN (INV2_140P7T30R)                  0.05       7.66 f
  u_cp/u_kvqd/U17704/ZN (NOR2V4_140P7T30R)                0.04       7.70 r
  u_cp/u_kvqd/U4580/ZN (INV2_140P7T30R)                   0.02       7.71 f
  u_cp/u_kvqd/U17747/ZN (OAI22V1_140P7T30R)               0.02       7.74 r
  u_cp/u_kvqd/U17748/ZN (AOI12V2_140P7T30R)               0.01       7.75 f
  u_cp/u_kvqd/U17749/ZN (MUX2NV2_140P7T30R)               0.02       7.77 r
  u_cp/u_kvqd/U2553/Z (OA22V2_140P7T30R)                  0.03       7.81 r
  u_cp/u_kvqd/U2551/ZN (NAND2V2_140P7T30R)                0.01       7.82 f
  u_cp/u_kvqd/U688/ZN (NAND3BBV4_140P7T30R)               0.02       7.85 f
  u_cp/u_kvqd/U17750/ZN (NOR2V2_140P7T30R)                0.02       7.86 r
  u_cp/u_kvqd/U17751/ZN (NAND2V2_140P7T30R)               0.02       7.88 f
  u_cp/u_kvqd/U690/ZN (OAI12V4_140P7T30R)                 0.02       7.90 r
  u_cp/u_kvqd/U17754/ZN (NOR2V4_140P7T30R)                0.01       7.91 f
  u_cp/u_kvqd/U755/ZN (INV8_140P7T30R)                    0.01       7.92 r
  u_cp/u_kvqd/U4462/ZN (INV8_140P7T30R)                   0.01       7.93 f
  u_cp/u_kvqd/U17758/ZN (NOR2V2_140P7T30R)                0.02       7.95 r
  u_cp/u_kvqd/U17759/Z (XOR2V2_140P7T30R)                 0.02       7.98 f
  u_cp/u_kvqd/U1721/ZN (NAND2V2_140P7T30R)                0.03       8.00 r
  u_cp/u_kvqd/U17767/ZN (OAI12V2_140P7T30R)               0.02       8.02 f
  u_cp/u_kvqd/U17768/ZN (AOI12V2_140P7T30R)               0.03       8.05 r
  u_cp/u_kvqd/U17786/ZN (OAI12V2_140P7T30R)               0.03       8.09 f
  u_cp/u_kvqd/U683/ZN (AOI12V8_140P7T30R)                 0.03       8.12 r
  u_cp/u_kvqd/U17878/ZN (OAI12V2_140P7T30R)               0.02       8.14 f
  u_cp/u_kvqd/U17879/ZN (XNOR2V2_140P7T30R)               0.04       8.18 f
  u_cp/u_kvqd/U17882/Z (OR2V4_140P7T30R)                  0.03       8.21 f
  u_cp/u_kvqd/U1707/ZN (CLKNOR2V3_140P7T30R)              0.02       8.23 r
  u_cp/u_kvqd/U17883/ZN (CLKNAND2V4_140P7T30R)            0.02       8.25 f
  u_cp/u_kvqd/U17894/ZN (NOR2V4_140P7T30R)                0.02       8.26 r
  u_cp/u_kvqd/U17903/ZN (CLKNAND2V4_140P7T30R)            0.02       8.28 f
  u_cp/u_kvqd/U666/ZN (INV8_140P7T30R)                    0.01       8.30 r
  u_cp/u_kvqd/U17913/ZN (CLKNAND2V4_140P7T30R)            0.01       8.31 f
  u_cp/u_kvqd/U765/ZN (INV4_140P7T30R)                    0.01       8.32 r
  u_cp/u_kvqd/U17915/ZN (AOI12V2_140P7T30R)               0.01       8.33 f
  u_cp/u_kvqd/U17916/ZN (OAI12V2_140P7T30R)               0.02       8.35 r
  u_cp/u_kvqd/U17917/ZN (AOI12V2_140P7T30R)               0.02       8.37 f
  u_cp/u_kvqd/U753/ZN (OAI12V4_140P7T30R)                 0.02       8.39 r
  u_cp/u_kvqd/U17921/ZN (AOI12V4_140P7T30R)               0.02       8.40 f
  u_cp/u_kvqd/U17922/ZN (OAI12V4_140P7T30R)               0.03       8.43 r
  u_cp/u_kvqd/U4210/ZN (INV2_140P7T30R)                   0.02       8.45 f
  u_cp/u_kvqd/U17945/ZN (CLKNAND2V4_140P7T30R)            0.03       8.48 r
  u_cp/u_kvqd/U4185/ZN (INV2_140P7T30R)                   0.02       8.50 f
  u_cp/u_kvqd/U17985/ZN (AOI22V2_140P7T30R)               0.02       8.52 r
  u_cp/u_kvqd/U17986/ZN (OAI112V2_140P7T30R)              0.03       8.55 f
  u_cp/u_kvqd/U1705/Z (CLKMUX2V2_140P7T30R)               0.04       8.60 f
  u_cp/u_kvqd/U18262/ZN (AOI222V2_140P7T30R)              0.04       8.64 r
  u_cp/u_kvqd/U18265/ZN (OAI12V2_140P7T30R)               0.02       8.66 f
  u_cp/u_kvqd/U18266/Z (BUFV4_140P7T30R)                  0.04       8.70 f
  u_cp/u_kvqd/U18522/ZN (XNOR2V2_140P7T30R)               0.04       8.74 f
  u_cp/u_kvqd/U18523/ZN (OAI22V1_140P7T30R)               0.04       8.78 r
  u_cp/u_kvqd/U10685/S (AD1V2_140P7T30R)                  0.08       8.86 f
  u_cp/u_kvqd/U18575/S (AD1V4_140P7T30R)                  0.07       8.93 r
  u_cp/u_kvqd/U18561/CO (AD1V4_140P7T30R)                 0.04       8.97 r
  u_cp/u_kvqd/U18579/S (AD1V4_140P7T30R)                  0.06       9.03 f
  u_cp/u_kvqd/U18580/S (AD1V4_140P7T30R)                  0.07       9.09 r
  u_cp/u_kvqd/U1664/ZN (NOR2V2_140P7T30R)                 0.01       9.10 f
  u_cp/u_kvqd/U910/ZN (NOR2V2_140P7T30R)                  0.03       9.14 r
  u_cp/u_kvqd/U13312/ZN (NAND2V2_140P7T30R)               0.02       9.16 f
  u_cp/u_kvqd/U9963/ZN (NOR2V2_140P7T30R)                 0.04       9.20 r
  u_cp/u_kvqd/U712/ZN (AOI12V12_140P7T30R)                0.03       9.22 f
  u_cp/u_kvqd/U3697/ZN (OAI12V4_140P7T30R)                0.02       9.24 r
  u_cp/u_kvqd/U18724/ZN (XNOR2V2_140P7T30R)               0.03       9.28 r
  u_cp/u_kvqd/U18725/Z (BUFV8_140P7T30R)                  0.03       9.30 r
  u_cp/u_kvqd/U18757/ZN (MUX2NV2_140P7T30R)               0.03       9.33 r
  u_cp/u_kvqd/U1658/ZN (INV2_140P7T30R)                   0.01       9.34 f
  u_cp/u_kvqd/U18959/ZN (NAND4V1P5_140P7T30R)             0.02       9.37 r
  u_cp/u_kvqd/U672/ZN (OAI12V4_140P7T30R)                 0.02       9.39 f
  u_cp/u_kvqd/U11019/ZN (NOR3V2_140P7T30R)                0.05       9.44 r
  u_cp/u_kvqd/U641/Z (BUFV8_140P7T30R)                    0.04       9.47 r
  u_cp/u_kvqd/U12156/Z (AO1B2V4_140P7T30R)                0.04       9.52 r
  u_cp/u_kvqd/U11697/ZN (NAND2V2_140P7T30R)               0.02       9.54 f
  u_cp/u_kvqd/U19690/ZN (OAI12V2_140P7T30R)               0.03       9.57 r
  u_cp/u_kvqd/U19720/ZN (AOI12V2_140P7T30R)               0.02       9.59 f
  u_cp/u_kvqd/U19721/ZN (OAI12V2_140P7T30R)               0.02       9.61 r
  u_cp/u_kvqd/U19873/ZN (AOI12V4_140P7T30R)               0.02       9.63 f
  u_cp/u_kvqd/U1909/ZN (INV2_140P7T30R)                   0.02       9.66 r
  u_cp/u_kvqd/U19913/ZN (AOI12V2_140P7T30R)               0.02       9.67 f
  u_cp/u_kvqd/U19914/ZN (XNOR2V2_140P7T30R)               0.04       9.71 f
  u_cp/u_kvqd/U19916/ZN (OAI12V2_140P7T30R)               0.02       9.74 r
  u_cp/u_kvqd/U19917/Z (XOR2V2_140P7T30R)                 0.04       9.78 r
  u_cp/u_kvqd/U3473/ZN (INV2_140P7T30R)                   0.01       9.79 f
  u_cp/u_kvqd/U3446/ZN (NOR2V2_140P7T30R)                 0.03       9.82 r
  u_cp/u_kvqd/U19923/S (AD1V4_140P7T30R)                  0.07       9.88 f
  u_cp/u_kvqd/U19937/S (AD1V4_140P7T30R)                  0.07       9.95 r
  u_cp/u_kvqd/U86/ZN (NOR2V2_140P7T30R)                   0.01       9.96 f
  u_cp/u_kvqd/U19939/ZN (NOR2V4_140P7T30R)                0.02       9.98 r
  u_cp/u_kvqd/U1893/ZN (NAND2V2_140P7T30R)                0.02      10.00 f
  u_cp/u_kvqd/U957/ZN (NOR2V2_140P7T30R)                  0.03      10.03 r
  u_cp/u_kvqd/U19978/ZN (CLKNAND2V4_140P7T30R)            0.03      10.06 f
  u_cp/u_kvqd/U10473/ZN (NOR2V2_140P7T30R)                0.03      10.10 r
  u_cp/u_kvqd/U743/ZN (AOI12V6_140P7T30R)                 0.02      10.12 f
  u_cp/u_kvqd/U12165/Z (CLKXOR2V12_140P7T30R)             0.04      10.16 f
  u_cp/u_kvqd/U20545/ZN (MUX2NV2_140P7T30R)               0.03      10.19 f
  u_cp/u_kvqd/U20546/ZN (NOR2V2_140P7T30R)                0.03      10.21 r
  u_cp/u_kvqd/U20550/ZN (NAND2V2_140P7T30R)               0.01      10.23 f
  u_cp/u_kvqd/U20558/ZN (OAI12V2_140P7T30R)               0.02      10.25 r
  u_cp/u_kvqd/U2445/ZN (NAND2V2_140P7T30R)                0.02      10.26 f
  u_cp/u_kvqd/U1891/Z (OA12V4_140P7T30R)                  0.04      10.30 f
  u_cp/u_kvqd/U1274/ZN (OAI12V4_140P7T30R)                0.04      10.35 r
  u_cp/u_kvqd/U3198/ZN (INV4_140P7T30R)                   0.03      10.38 f
  u_cp/u_kvqd/U20584/ZN (CLKNAND2V4_140P7T30R)            0.04      10.41 r
  u_cp/u_kvqd/U2438/ZN (INV6_140P7T30R)                   0.03      10.44 f
  u_cp/u_kvqd/U20624/ZN (INV4_140P7T30R)                  0.03      10.47 r
  u_cp/u_kvqd/U20785/ZN (OAI22V1_140P7T30R)               0.02      10.49 f
  u_cp/u_kvqd/U13445/ZN (NOR2V2_140P7T30R)                0.03      10.52 r
  u_cp/u_kvqd/U20788/ZN (MUX2NV2_140P7T30R)               0.02      10.54 f
  u_cp/u_kvqd/U12102/Z (CLKMUX2V2_140P7T30R)              0.05      10.59 f
  u_cp/u_kvqd/U20789/ZN (AOI22V4_140P7T30R)               0.04      10.63 r
  u_cp/u_kvqd/U2956/ZN (NOR2V2_140P7T30R)                 0.01      10.64 f
  u_cp/u_kvqd/U2929/ZN (AOI12V2_140P7T30R)                0.02      10.66 r
  u_cp/u_kvqd/U20921/Z (OR2V4_140P7T30R)                  0.03      10.69 r
  u_cp/u_kvqd/U2906/ZN (INV4_140P7T30R)                   0.02      10.72 f
  u_cp/u_kvqd/U20984/ZN (MUX2NV2_140P7T30R)               0.03      10.74 r
  u_cp/u_kvqd/U2897/ZN (OAI12V2_140P7T30R)                0.03      10.77 f
  u_cp/u_kvqd/U1527/ZN (NOR2V2_140P7T30R)                 0.03      10.80 r
  u_cp/u_kvqd/U2884/ZN (INV2_140P7T30R)                   0.02      10.82 f
  u_cp/u_kvqd/U689/ZN (NOR2V4_140P7T30R)                  0.02      10.84 r
  u_cp/u_kvqd/U20989/ZN (CLKNAND2V4_140P7T30R)            0.02      10.86 f
  u_cp/u_kvqd/U661/ZN (NOR2V4_140P7T30R)                  0.01      10.87 r
  u_cp/u_kvqd/U28176/CO (ADH1V4_140P7T30R)                0.03      10.91 r
  u_cp/u_kvqd/U745/ZN (INV4_140P7T30R)                    0.01      10.91 f
  u_cp/u_kvqd/U2861/ZN (CLKNOR2V3_140P7T30R)              0.02      10.93 r
  u_cp/u_kvqd/U28174/CO (ADH1V4_140P7T30R)                0.03      10.96 r
  u_cp/u_kvqd/U1113/ZN (INV3_140P7T30R)                   0.01      10.97 f
  u_cp/u_kvqd/U1526/ZN (NOR2V4_140P7T30R)                 0.02      10.98 r
  u_cp/u_kvqd/U1270/ZN (NAND2V3_140P7T30R)                0.02      11.00 f
  u_cp/u_kvqd/U1635/ZN (NOR2V4_140P7T30R)                 0.02      11.02 r
  u_cp/u_kvqd/U1269/ZN (NAND2V3_140P7T30R)                0.02      11.04 f
  u_cp/u_kvqd/U715/ZN (NOR2V6_140P7T30R)                  0.02      11.06 r
  u_cp/u_kvqd/U716/ZN (CLKNAND2V6_140P7T30R)              0.01      11.07 f
  u_cp/u_kvqd/U20995/ZN (NOR2V4_140P7T30R)                0.02      11.09 r
  u_cp/u_kvqd/U1634/ZN (NAND2V3_140P7T30R)                0.02      11.11 f
  u_cp/u_kvqd/U2289/ZN (NOR2V4_140P7T30R)                 0.02      11.13 r
  u_cp/u_kvqd/U709/Z (AND2V6_140P7T30R)                   0.02      11.15 r
  u_cp/u_kvqd/U20996/ZN (CLKNAND2V4_140P7T30R)            0.02      11.17 f
  u_cp/u_kvqd/U741/ZN (NOR2V6_140P7T30R)                  0.02      11.19 r
  u_cp/u_kvqd/U742/ZN (CLKNAND2V6_140P7T30R)              0.01      11.20 f
  u_cp/u_kvqd/U1633/ZN (NOR2V6_140P7T30R)                 0.02      11.23 r
  u_cp/u_kvqd/U2288/ZN (NAND2V3_140P7T30R)                0.01      11.24 f
  u_cp/u_kvqd/U28166/Z (XOR2V2_140P7T30R)                 0.03      11.27 f
  u_cp/u_kvqd/U2845/ZN (NAND2XBV2_140P7T30R)              0.03      11.30 f
  u_cp/u_kvqd/U28232/ZN (NOR4V2_140P7T30R)                0.03      11.32 r
  u_cp/u_kvqd/U1884/ZN (OAI112V2_140P7T30R)               0.03      11.35 f
  u_cp/u_kvqd/U28392/ZN (OAI12V2_140P7T30R)               0.04      11.39 r
  u_cp/u_kvqd/U32641/ZN (OAI12V2_140P7T30R)               0.03      11.42 f
  u_cp/u_kvqd/U32718/Z (AO1B2V2_140P7T30R)                0.03      11.45 f
  u_cp/u_kvqd/wr_data[6] (kv_quantdequant)                0.00      11.45 f
  u_cp/U39174/Z (AO1B2V2_140P7T30R)                       0.02      11.47 f
  u_cp/mem_wr_data[6] (command_processor_NINST4096_MAX_VEC128)     0.00    11.47 f
  hbm_wdata[6] (out)                                      0.00      11.47 f
  data arrival time                                                 11.47

  clock clk (rise edge)                                   1.00       1.00
  clock network delay (ideal)                             0.00       1.00
  output external delay                                   0.00       1.00
  data required time                                                 1.00
  --------------------------------------------------------------------------
  data required time                                                 1.00
  data arrival time                                                -11.47
  --------------------------------------------------------------------------
  slack (VIOLATED)                                                 -10.47


  Startpoint: u_cp/pos_base_reg[2]
              (rising edge-triggered flip-flop clocked by clk)
  Endpoint: u_cp/u_bfeed/row_reg[100][26]
            (rising edge-triggered flip-flop clocked by clk)
  Path Group: clk
  Path Type: max

  Point                                                   Incr       Path
  --------------------------------------------------------------------------
  clock clk (rise edge)                                   0.00       0.00
  clock network delay (ideal)                             0.00       0.00
  u_cp/pos_base_reg[2]/CK (DQV6_140P7T30R)                0.00 #     0.00 r
  u_cp/pos_base_reg[2]/Q (DQV6_140P7T30R)                 0.06       0.06 r
  u_cp/u_bfeed/pos_base[2] (kv_bfeed_MAX_N128)            0.00       0.06 r
  u_cp/u_bfeed/U147343/ZN (CLKNAND2V16_140P7T30R)         0.02       0.07 f
  u_cp/u_bfeed/U40799/ZN (INV8_140P7T30R)                 0.02       0.09 r
  u_cp/u_bfeed/U40789/ZN (INV10_140P7T30R)                0.01       0.10 f
  u_cp/u_bfeed/U40785/ZN (NOR2V12_140P7T30R)              0.01       0.12 r
  u_cp/u_bfeed/U48769/ZN (CLKNAND2V16_140P7T30R)          0.01       0.13 f
  u_cp/u_bfeed/U45457/ZN (NAND3V12_140P7T30R)             0.01       0.14 r
  u_cp/u_bfeed/U43247/ZN (CLKINV20_140P7T30R)             0.01       0.15 f
  u_cp/u_bfeed/U43150/ZN (INV24_140P7T30R)                0.01       0.16 r
  u_cp/u_bfeed/U70702/ZN (CLKNAND2V16_140P7T30R)          0.01       0.17 f
  u_cp/u_bfeed/U40735/ZN (CLKINV10_140P7T30R)             0.01       0.18 r
  u_cp/u_bfeed/U43114/ZN (NOR2V16_140P7T30R)              0.01       0.19 f
  u_cp/u_bfeed/U41515/ZN (OAI12V8_140P7T30R)              0.01       0.21 r
  u_cp/u_bfeed/U40703/ZN (NAND2V8_140P7T30R)              0.01       0.22 f
  u_cp/u_bfeed/U148440/ZN (NOR2V16_140P7T30R)             0.03       0.25 r
  u_cp/u_bfeed/U56754/ZN (INV32_140P7T30R)                0.01       0.26 f
  u_cp/u_bfeed/U46465/ZN (CLKNAND2V16_140P7T30R)          0.02       0.28 r
  u_cp/u_bfeed/U46464/ZN (CLKINV32_140P7T30R)             0.01       0.29 f
  u_cp/u_bfeed/U65292/ZN (NAND2XBV16_140P7T30R)           0.01       0.30 r
  u_cp/u_bfeed/U50558/ZN (NAND2XBV16_140P7T30R)           0.01       0.31 f
  u_cp/u_bfeed/U51015/ZN (NOR2V16_140P7T30R)              0.02       0.32 r
  u_cp/u_bfeed/U56774/ZN (AOI22V12_140P7T30R)             0.02       0.34 f
  u_cp/u_bfeed/U65317/ZN (CLKNAND2V16_140P7T30R)          0.02       0.35 r
  u_cp/u_bfeed/U65316/ZN (CLKINV32_140P7T30R)             0.01       0.36 f
  u_cp/u_bfeed/U40494/ZN (INV6_140P7T30R)                 0.02       0.38 r
  u_cp/u_bfeed/U150252/ZN (XNOR2V4_140P7T30R)             0.03       0.41 r
  u_cp/u_bfeed/U157296/ZN (OAI22V4_140P7T30R)             0.02       0.43 f
  u_cp/u_bfeed/U153468/ZN (XNOR2V2_140P7T30R)             0.04       0.47 f
  u_cp/u_bfeed/U76072/ZN (XNOR2V4_140P7T30R)              0.04       0.51 f
  u_cp/u_bfeed/U153737/ZN (XNOR2V2_140P7T30R)             0.03       0.54 f
  u_cp/u_bfeed/U40289/ZN (XNOR2V2_140P7T30R)              0.04       0.58 r
  u_cp/u_bfeed/U40262/ZN (OAI12V2_140P7T30R)              0.03       0.61 f
  u_cp/u_bfeed/U176331/Z (AO1B2V4_140P7T30R)              0.02       0.63 r
  u_cp/u_bfeed/U41632/ZN (NOR2V8_140P7T30R)               0.01       0.64 f
  u_cp/u_bfeed/U53409/ZN (NOR2V12_140P7T30R)              0.02       0.66 r
  u_cp/u_bfeed/U40178/ZN (NAND2V8_140P7T30R)              0.02       0.67 f
  u_cp/u_bfeed/U40161/ZN (NOR2V12_140P7T30R)              0.01       0.69 r
  u_cp/u_bfeed/U40151/ZN (NAND2V12_140P7T30R)             0.02       0.70 f
  u_cp/u_bfeed/U148417/ZN (CLKNAND2V16_140P7T30R)         0.02       0.72 r
  u_cp/u_bfeed/U148416/ZN (CLKNAND2V16_140P7T30R)         0.01       0.74 f
  u_cp/u_bfeed/U147430/ZN (CLKNAND2V16_140P7T30R)         0.01       0.75 r
  u_cp/u_bfeed/U59487/ZN (NAND2XBV16_140P7T30R)           0.02       0.77 f
  u_cp/u_bfeed/U59486/ZN (CLKINV32_140P7T30R)             0.02       0.79 r
  u_cp/u_bfeed/U39943/ZN (NAND2V8_140P7T30R)              0.01       0.81 f
  u_cp/u_bfeed/U45699/ZN (CLKNAND2V16_140P7T30R)          0.02       0.82 r
  u_cp/u_bfeed/U186040/CO (AD1V4_140P7T30R)               0.04       0.87 r
  u_cp/u_bfeed/U50021/ZN (OAI12V6_140P7T30R)              0.02       0.88 f
  u_cp/u_bfeed/U50022/ZN (NAND2V8_140P7T30R)              0.01       0.90 r
  u_cp/u_bfeed/U67522/ZN (OAI12V6_140P7T30R)              0.01       0.91 f
  u_cp/u_bfeed/U73109/ZN (CLKNAND2V6_140P7T30R)           0.02       0.92 r
  u_cp/u_bfeed/U72297/Z (CLKXOR2V6_140P7T30R)             0.02       0.95 r
  u_cp/u_bfeed/U150237/ZN (XNOR2V4_140P7T30R)             0.03       0.98 r
  u_cp/u_bfeed/U45193/ZN (NAND2V8_140P7T30R)              0.01       1.00 f
  u_cp/u_bfeed/U39608/ZN (NAND3V3_140P7T30R)              0.01       1.01 r
  u_cp/u_bfeed/U64132/ZN (OAI112V6_140P7T30R)             0.03       1.04 f
  u_cp/u_bfeed/U150238/ZN (AOI12V12_140P7T30R)            0.02       1.06 r
  u_cp/u_bfeed/U150812/ZN (OAI12V12_140P7T30R)            0.02       1.08 f
  u_cp/u_bfeed/U151969/ZN (CLKNAND2V16_140P7T30R)         0.02       1.10 r
  u_cp/u_bfeed/U147743/ZN (CLKNAND2V16_140P7T30R)         0.02       1.12 f
  u_cp/u_bfeed/U69025/ZN (CLKINV20_140P7T30R)             0.01       1.13 r
  u_cp/u_bfeed/U67955/Z (OA12V8_140P7T30R)                0.03       1.16 r
  u_cp/u_bfeed/U39251/ZN (INV5_140P7T30R)                 0.01       1.17 f
  u_cp/u_bfeed/U147620/Z (CLKXOR2V6_140P7T30R)            0.03       1.21 f
  u_cp/u_bfeed/U157607/ZN (NOR2V16_140P7T30R)             0.02       1.23 r
  u_cp/u_bfeed/U73084/ZN (NAND3V12_140P7T30R)             0.02       1.25 f
  u_cp/u_bfeed/U68378/ZN (CLKINV20_140P7T30R)             0.02       1.27 r
  u_cp/u_bfeed/U54794/ZN (OAI112V6_140P7T30R)             0.02       1.29 f
  u_cp/u_bfeed/U54711/ZN (NAND2XBV6_140P7T30R)            0.02       1.31 r
  u_cp/u_bfeed/U59982/ZN (NAND2V12_140P7T30R)             0.01       1.32 f
  u_cp/u_bfeed/U43377/ZN (NOR2V16_140P7T30R)              0.02       1.34 r
  u_cp/u_bfeed/U69648/ZN (NAND2V8_140P7T30R)              0.01       1.35 f
  u_cp/u_bfeed/U68917/ZN (NOR2V8_140P7T30R)               0.01       1.36 r
  u_cp/u_bfeed/U68916/Z (CLKXOR2V6_140P7T30R)             0.01       1.38 f
  u_cp/u_bfeed/U60764/ZN (AOI12V12_140P7T30R)             0.02       1.40 r
  u_cp/u_bfeed/U60029/ZN (NAND2V12_140P7T30R)             0.01       1.41 f
  u_cp/u_bfeed/U68903/ZN (NOR2V16_140P7T30R)              0.02       1.43 r
  u_cp/u_bfeed/U57643/ZN (CLKINV16_140P7T30R)             0.01       1.44 f
  u_cp/u_bfeed/U58642/ZN (OAI12V8_140P7T30R)              0.01       1.45 r
  u_cp/u_bfeed/U44442/ZN (NAND3V6_140P7T30R)              0.02       1.47 f
  u_cp/u_bfeed/U60173/ZN (CLKNAND2V16_140P7T30R)          0.02       1.50 r
  u_cp/u_bfeed/U66766/ZN (CLKNAND2V16_140P7T30R)          0.02       1.52 f
  u_cp/u_bfeed/U38100/ZN (NOR2V2_140P7T30R)               0.02       1.54 r
  u_cp/u_bfeed/U57430/ZN (NOR2V6_140P7T30R)               0.01       1.55 f
  u_cp/u_bfeed/U112390/ZN (CLKNAND2V4_140P7T30R)          0.01       1.57 r
  u_cp/u_bfeed/U47765/ZN (NAND2V12_140P7T30R)             0.01       1.58 f
  u_cp/u_bfeed/U105185/ZN (NAND2XBV12_140P7T30R)          0.01       1.60 r
  u_cp/u_bfeed/U72432/ZN (INV32_140P7T30R)                0.01       1.61 f
  u_cp/u_bfeed/U186101/S (AD1V4_140P7T30R)                0.07       1.67 r
  u_cp/u_bfeed/U153470/ZN (XNOR2V4_140P7T30R)             0.03       1.71 r
  u_cp/u_bfeed/U153290/ZN (XNOR2V4_140P7T30R)             0.04       1.74 r
  u_cp/u_bfeed/U59252/ZN (NOR2V8_140P7T30R)               0.01       1.76 f
  u_cp/u_bfeed/U72390/ZN (NOR2V8_140P7T30R)               0.02       1.77 r
  u_cp/u_bfeed/U73371/ZN (NAND2V8_140P7T30R)              0.01       1.78 f
  u_cp/u_bfeed/U47927/ZN (AOI12V8_140P7T30R)              0.02       1.80 r
  u_cp/u_bfeed/U47925/ZN (AOI12V12_140P7T30R)             0.01       1.82 f
  u_cp/u_bfeed/U69308/ZN (NOR2V16_140P7T30R)              0.03       1.84 r
  u_cp/u_bfeed/U121861/ZN (OAI12V8_140P7T30R)             0.02       1.86 f
  u_cp/u_bfeed/U73074/ZN (NAND2V8_140P7T30R)              0.02       1.88 r
  u_cp/u_bfeed/U73406/ZN (AOI12V6_140P7T30R)              0.01       1.89 f
  u_cp/u_bfeed/U58029/ZN (OAI12V8_140P7T30R)              0.02       1.91 r
  u_cp/u_bfeed/U148409/ZN (AOI12V8_140P7T30R)             0.01       1.92 f
  u_cp/u_bfeed/U37318/ZN (CLKNAND2V4_140P7T30R)           0.01       1.93 r
  u_cp/u_bfeed/U37292/ZN (NAND2V8_140P7T30R)              0.02       1.95 f
  u_cp/u_bfeed/U69670/ZN (CLKNAND2V16_140P7T30R)          0.02       1.97 r
  u_cp/u_bfeed/U105118/ZN (NOR2XBV4_140P7T30R)            0.01       1.98 f
  u_cp/u_bfeed/U37149/ZN (AOI12V4_140P7T30R)              0.02       2.00 r
  u_cp/u_bfeed/U37104/ZN (NAND2V8_140P7T30R)              0.02       2.03 f
  u_cp/u_bfeed/U93087/ZN (NAND2V3_140P7T30R)              0.01       2.04 r
  u_cp/u_bfeed/U36973/ZN (CLKNAND2V4_140P7T30R)           0.02       2.05 f
  u_cp/u_bfeed/U36932/ZN (NAND2XBV12_140P7T30R)           0.03       2.08 f
  u_cp/u_bfeed/U36846/ZN (NAND2XBV6_140P7T30R)            0.01       2.09 r
  u_cp/u_bfeed/U36831/ZN (CLKNAND2V4_140P7T30R)           0.02       2.11 f
  u_cp/u_bfeed/U50386/ZN (NOR2V12_140P7T30R)              0.02       2.13 r
  u_cp/u_bfeed/U36706/ZN (NOR2V2_140P7T30R)               0.02       2.14 f
  u_cp/u_bfeed/U105035/ZN (NOR2V6_140P7T30R)              0.02       2.17 r
  u_cp/u_bfeed/U82112/ZN (CLKNAND2V6_140P7T30R)           0.02       2.18 f
  u_cp/u_bfeed/U36654/ZN (NOR2V8_140P7T30R)               0.02       2.21 r
  u_cp/u_bfeed/U52589/ZN (CLKNAND2V16_140P7T30R)          0.02       2.22 f
  u_cp/u_bfeed/U36494/ZN (NOR2V4_140P7T30R)               0.01       2.24 r
  u_cp/u_bfeed/U86072/ZN (NAND2XBV6_140P7T30R)            0.02       2.26 r
  u_cp/u_bfeed/U143656/Z (CLKXOR2V6_140P7T30R)            0.03       2.29 r
  u_cp/u_bfeed/U71266/ZN (OAI12V12_140P7T30R)             0.02       2.31 f
  u_cp/u_bfeed/U51081/ZN (NOR2V8_140P7T30R)               0.02       2.33 r
  u_cp/u_bfeed/U51080/ZN (NAND3V8_140P7T30R)              0.02       2.34 f
  u_cp/u_bfeed/U150976/ZN (NOR3V8_140P7T30R)              0.02       2.36 r
  u_cp/u_bfeed/U151011/ZN (NOR2V12_140P7T30R)             0.01       2.38 f
  u_cp/u_bfeed/U152663/ZN (CLKNAND2V16_140P7T30R)         0.01       2.39 r
  u_cp/u_bfeed/U147776/ZN (CLKNAND2V16_140P7T30R)         0.01       2.40 f
  u_cp/u_bfeed/U41270/ZN (NAND2V8_140P7T30R)              0.01       2.41 r
  u_cp/u_bfeed/U121537/Z (CLKXOR2V6_140P7T30R)            0.03       2.45 r
  u_cp/u_bfeed/U68316/ZN (INV7_140P7T30R)                 0.01       2.45 f
  u_cp/u_bfeed/U60784/ZN (NAND2V12_140P7T30R)             0.01       2.47 r
  u_cp/u_bfeed/U61046/ZN (INV12_140P7T30R)                0.01       2.47 f
  u_cp/u_bfeed/U62439/ZN (NOR2V12_140P7T30R)              0.01       2.48 r
  u_cp/u_bfeed/U41303/ZN (AOI12V8_140P7T30R)              0.01       2.49 f
  u_cp/u_bfeed/U41574/ZN (OAI22V8_140P7T30R)              0.02       2.51 r
  u_cp/u_bfeed/U121488/ZN (NAND2V8_140P7T30R)             0.01       2.52 f
  u_cp/u_bfeed/U72114/ZN (NAND2V12_140P7T30R)             0.01       2.53 r
  u_cp/u_bfeed/U65294/ZN (NAND2V12_140P7T30R)             0.01       2.54 f
  u_cp/u_bfeed/U68953/ZN (CLKNAND2V16_140P7T30R)          0.01       2.55 r
  u_cp/u_bfeed/U54799/ZN (CLKNAND2V16_140P7T30R)          0.02       2.57 f
  u_cp/u_bfeed/U35671/ZN (NAND2V12_140P7T30R)             0.02       2.59 r
  u_cp/u_bfeed/U35616/ZN (INV10_140P7T30R)                0.01       2.60 f
  u_cp/u_bfeed/U148442/ZN (NOR2V16_140P7T30R)             0.02       2.61 r
  u_cp/u_bfeed/U35469/Z (BUFV10_140P7T30R)                0.02       2.64 r
  u_cp/u_bfeed/U111846/ZN (CLKNAND2V4_140P7T30R)          0.01       2.65 f
  u_cp/u_bfeed/U58468/ZN (NAND3V8_140P7T30R)              0.02       2.67 r
  u_cp/u_bfeed/U45001/ZN (INV8_140P7T30R)                 0.01       2.68 f
  u_cp/u_bfeed/U50343/ZN (NAND2V12_140P7T30R)             0.01       2.68 r
  u_cp/u_bfeed/U35199/ZN (CLKNAND2V6_140P7T30R)           0.01       2.69 f
  u_cp/u_bfeed/U35138/ZN (NOR2V8_140P7T30R)               0.02       2.71 r
  u_cp/u_bfeed/U61057/ZN (NOR2V16_140P7T30R)              0.01       2.72 f
  u_cp/u_bfeed/U89884/ZN (NAND2V3_140P7T30R)              0.01       2.73 r
  u_cp/u_bfeed/U34885/ZN (INV5_140P7T30R)                 0.01       2.74 f
  u_cp/u_bfeed/U34860/ZN (AOI12V6_140P7T30R)              0.02       2.77 r
  u_cp/u_bfeed/U45013/ZN (OAI12V8_140P7T30R)              0.02       2.78 f
  u_cp/u_bfeed/U57701/ZN (NAND2XBV4_140P7T30R)            0.01       2.79 r
  u_cp/u_bfeed/U101020/ZN (NAND2V2_140P7T30R)             0.01       2.81 f
  u_cp/u_bfeed/U178746/ZN (AOI12V4_140P7T30R)             0.02       2.83 r
  u_cp/u_bfeed/U96458/ZN (OAI12V4_140P7T30R)              0.02       2.85 f
  u_cp/u_bfeed/U104865/ZN (XNOR2V2_140P7T30R)             0.03       2.87 f
  u_cp/u_bfeed/U89845/ZN (CLKNAND2V4_140P7T30R)           0.02       2.89 r
  u_cp/u_bfeed/U34482/ZN (CLKNAND2V6_140P7T30R)           0.02       2.91 f
  u_cp/u_bfeed/U34468/ZN (NOR2V12_140P7T30R)              0.02       2.93 r
  u_cp/u_bfeed/U54834/ZN (CLKNAND2V16_140P7T30R)          0.02       2.94 f
  u_cp/u_bfeed/U34328/ZN (AOI12V6_140P7T30R)              0.03       2.97 r
  u_cp/u_bfeed/U153084/ZN (OAI22V12_140P7T30R)            0.02       3.00 f
  u_cp/u_bfeed/U70115/ZN (NOR2V16_140P7T30R)              0.01       3.01 r
  u_cp/u_bfeed/U43393/ZN (OAI12V8_140P7T30R)              0.01       3.03 f
  u_cp/u_bfeed/U153218/ZN (OAI12V12_140P7T30R)            0.03       3.05 r
  u_cp/u_bfeed/U34140/ZN (NAND2XBV6_140P7T30R)            0.01       3.06 f
  u_cp/u_bfeed/U42256/ZN (NAND3V6_140P7T30R)              0.01       3.08 r
  u_cp/u_bfeed/U153149/ZN (NAND3V8_140P7T30R)             0.01       3.09 f
  u_cp/u_bfeed/U72257/ZN (NAND2V8_140P7T30R)              0.02       3.10 r
  u_cp/u_bfeed/U41148/ZN (CLKNAND2V16_140P7T30R)          0.01       3.12 f
  u_cp/u_bfeed/U71969/ZN (NOR2V8_140P7T30R)               0.01       3.13 r
  u_cp/u_bfeed/U47548/ZN (NOR2V8_140P7T30R)               0.01       3.14 f
  u_cp/u_bfeed/U58442/ZN (NOR2V12_140P7T30R)              0.01       3.15 r
  u_cp/u_bfeed/U58443/ZN (CLKNAND2V16_140P7T30R)          0.01       3.17 f
  u_cp/u_bfeed/U121085/ZN (CLKINV20_140P7T30R)            0.01       3.18 r
  u_cp/u_bfeed/U62292/ZN (NAND3V12_140P7T30R)             0.02       3.19 f
  u_cp/u_bfeed/U71676/ZN (CLKNAND2V16_140P7T30R)          0.02       3.21 r
  u_cp/u_bfeed/U92851/ZN (INV24_140P7T30R)                0.02       3.22 f
  u_cp/u_bfeed/U41274/ZN (CLKNAND2V4_140P7T30R)           0.01       3.24 r
  u_cp/u_bfeed/U121062/ZN (NAND2V3_140P7T30R)             0.01       3.25 f
  u_cp/u_bfeed/U96363/ZN (OAI12V4_140P7T30R)              0.02       3.27 r
  u_cp/u_bfeed/U100891/Z (AO12V4_140P7T30R)               0.03       3.30 r
  u_cp/u_bfeed/U51018/ZN (NAND2V8_140P7T30R)              0.01       3.31 f
  u_cp/u_bfeed/U150319/ZN (OAI22V12_140P7T30R)            0.02       3.33 r
  u_cp/u_bfeed/U32993/ZN (NOR2V4_140P7T30R)               0.02       3.35 f
  u_cp/u_bfeed/U49982/ZN (NOR2V12_140P7T30R)              0.01       3.36 r
  u_cp/u_bfeed/U32936/ZN (NAND2V8_140P7T30R)              0.01       3.38 f
  u_cp/u_bfeed/U151106/ZN (OAI12V12_140P7T30R)            0.03       3.40 r
  u_cp/u_bfeed/U53873/ZN (INV20_140P7T30R)                0.01       3.42 f
  u_cp/u_bfeed/U52037/ZN (INV40_140P7T30R)                0.01       3.43 r
  u_cp/u_bfeed/U32711/ZN (NAND2XBV4_140P7T30R)            0.01       3.44 f
  u_cp/u_bfeed/U46520/ZN (NAND3V6_140P7T30R)              0.01       3.45 r
  u_cp/u_bfeed/U96284/ZN (XNOR2V4_140P7T30R)              0.03       3.48 r
  u_cp/u_bfeed/U62332/ZN (OAI22V8_140P7T30R)              0.02       3.50 f
  u_cp/u_bfeed/U72391/ZN (NOR2V16_140P7T30R)              0.02       3.52 r
  u_cp/u_bfeed/U65892/ZN (CLKNAND2V16_140P7T30R)          0.02       3.54 f
  u_cp/u_bfeed/U70719/ZN (NOR3V12_140P7T30R)              0.03       3.57 r
  u_cp/u_bfeed/U46849/ZN (CLKNAND2V16_140P7T30R)          0.02       3.59 f
  u_cp/u_bfeed/U45333/ZN (CLKINV20_140P7T30R)             0.01       3.60 r
  u_cp/u_bfeed/U32359/ZN (NOR2V8_140P7T30R)               0.01       3.61 f
  u_cp/u_bfeed/U64731/ZN (NAND2V12_140P7T30R)             0.01       3.62 r
  u_cp/u_bfeed/U43881/ZN (CLKNAND2V16_140P7T30R)          0.01       3.63 f
  u_cp/u_bfeed/U65288/ZN (CLKNAND2V16_140P7T30R)          0.01       3.64 r
  u_cp/u_bfeed/U152740/ZN (AOI12V12_140P7T30R)            0.02       3.66 f
  u_cp/u_bfeed/U57590/Z (CLKXOR2V12_140P7T30R)            0.03       3.69 f
  u_cp/u_bfeed/U142202/ZN (OAI12V8_140P7T30R)             0.02       3.72 r
  u_cp/u_bfeed/U32099/ZN (NAND2XBV6_140P7T30R)            0.02       3.74 f
  u_cp/u_bfeed/U42267/ZN (CLKNAND2V16_140P7T30R)          0.01       3.75 r
  u_cp/u_bfeed/U62441/ZN (INV12_140P7T30R)                0.01       3.76 f
  u_cp/u_bfeed/U31979/Z (CLKXOR2V6_140P7T30R)             0.03       3.79 f
  u_cp/u_bfeed/U152948/ZN (CLKNAND2V16_140P7T30R)         0.01       3.80 r
  u_cp/u_bfeed/U31673/ZN (NAND3V6_140P7T30R)              0.03       3.83 f
  u_cp/u_bfeed/U61773/ZN (NOR2V8_140P7T30R)               0.03       3.86 r
  u_cp/u_bfeed/U42272/Z (AND2V6_140P7T30R)                0.02       3.88 r
  u_cp/u_bfeed/U58427/ZN (NOR2V8_140P7T30R)               0.01       3.89 f
  u_cp/u_bfeed/U58399/ZN (NAND2V12_140P7T30R)             0.01       3.90 r
  u_cp/u_bfeed/U54846/ZN (INV16_140P7T30R)                0.01       3.91 f
  u_cp/u_bfeed/U31316/ZN (NAND2XBV12_140P7T30R)           0.01       3.92 r
  u_cp/u_bfeed/U31237/ZN (CLKNAND2V6_140P7T30R)           0.02       3.94 f
  u_cp/u_bfeed/U31087/ZN (NOR2V2_140P7T30R)               0.02       3.96 r
  u_cp/u_bfeed/U141926/ZN (INV2_140P7T30R)                0.01       3.97 f
  u_cp/u_bfeed/U186740/ZN (NOR2V2_140P7T30R)              0.01       3.99 r
  u_cp/u_bfeed/U153409/ZN (AOI21BV2_140P7T30R)            0.02       4.00 f
  u_cp/u_bfeed/U141878/ZN (XNOR2V2_140P7T30R)             0.03       4.04 f
  u_cp/u_bfeed/U141855/Z (AO22V6_140P7T30R)               0.03       4.07 f
  u_cp/u_bfeed/U68211/ZN (NOR2V12_140P7T30R)              0.02       4.09 r
  u_cp/u_bfeed/U30827/ZN (NAND3V6_140P7T30R)              0.03       4.11 f
  u_cp/u_bfeed/U96108/ZN (NOR2V12_140P7T30R)              0.02       4.13 r
  u_cp/u_bfeed/U153297/ZN (NAND2V3_140P7T30R)             0.01       4.14 f
  u_cp/u_bfeed/U30693/ZN (NOR2V6_140P7T30R)               0.02       4.17 r
  u_cp/u_bfeed/U63206/ZN (CLKNAND2V16_140P7T30R)          0.02       4.18 f
  u_cp/u_bfeed/U59044/ZN (CLKNAND2V16_140P7T30R)          0.01       4.19 r
  u_cp/u_bfeed/U30346/Z (BUFV2_140P7T30R)                 0.02       4.21 r
  u_cp/u_bfeed/U30332/ZN (INV6_140P7T30R)                 0.01       4.23 f
  u_cp/u_bfeed/U30307/ZN (NOR2V2_140P7T30R)               0.05       4.28 r
  u_cp/u_bfeed/U120530/ZN (INV4_140P7T30R)                0.02       4.29 f
  u_cp/u_bfeed/U81681/ZN (OAI22V1_140P7T30R)              0.03       4.32 r
  u_cp/u_bfeed/U110785/Z (AO12V4_140P7T30R)               0.02       4.35 r
  u_cp/u_bfeed/U30156/ZN (CLKNAND2V4_140P7T30R)           0.02       4.36 f
  u_cp/u_bfeed/U153097/ZN (CLKNAND2V16_140P7T30R)         0.02       4.38 r
  u_cp/u_bfeed/U30039/Z (BUFV16_140P7T30R)                0.02       4.40 r
  u_cp/u_bfeed/U62260/Z (AO1B2V4_140P7T30R)               0.03       4.43 r
  u_cp/u_bfeed/U176769/S (AD1V4_140P7T30R)                0.06       4.49 f
  u_cp/u_bfeed/U29809/ZN (OAI12V2_140P7T30R)              0.02       4.51 r
  u_cp/u_bfeed/U50437/ZN (OAI12V4_140P7T30R)              0.02       4.54 f
  u_cp/u_bfeed/U141464/ZN (NOR2V6_140P7T30R)              0.03       4.56 r
  u_cp/u_bfeed/U47564/ZN (OAI12V6_140P7T30R)              0.01       4.58 f
  u_cp/u_bfeed/U47565/ZN (CLKNAND2V6_140P7T30R)           0.01       4.59 r
  u_cp/u_bfeed/U41136/ZN (NAND2V8_140P7T30R)              0.01       4.60 f
  u_cp/u_bfeed/U153940/ZN (OAI12V6_140P7T30R)             0.02       4.61 r
  u_cp/u_bfeed/U152945/ZN (NAND2V8_140P7T30R)             0.01       4.63 f
  u_cp/u_bfeed/U70321/ZN (NAND3V12_140P7T30R)             0.01       4.64 r
  u_cp/u_bfeed/U59082/ZN (CLKNAND2V16_140P7T30R)          0.01       4.65 f
  u_cp/u_bfeed/U57640/ZN (CLKNAND2V16_140P7T30R)          0.01       4.66 r
  u_cp/u_bfeed/U29248/ZN (NAND3V6_140P7T30R)              0.02       4.68 f
  u_cp/u_bfeed/U61147/ZN (OAI12V6_140P7T30R)              0.02       4.70 r
  u_cp/u_bfeed/U73567/ZN (NOR2V12_140P7T30R)              0.01       4.71 f
  u_cp/u_bfeed/U29153/ZN (CLKINV16_140P7T30R)             0.01       4.72 r
  u_cp/u_bfeed/U152936/ZN (CLKNAND2V16_140P7T30R)         0.01       4.74 f
  u_cp/u_bfeed/U29077/ZN (NOR2V12_140P7T30R)              0.02       4.75 r
  u_cp/u_bfeed/U47922/ZN (NOR2V16_140P7T30R)              0.01       4.76 f
  u_cp/u_bfeed/U153057/ZN (NOR2V16_140P7T30R)             0.02       4.78 r
  u_cp/u_bfeed/U28941/ZN (CLKINV16_140P7T30R)             0.01       4.79 f
  u_cp/u_bfeed/U70119/ZN (INV32_140P7T30R)                0.01       4.80 r
  u_cp/u_bfeed/U152496/ZN (NAND2V8_140P7T30R)             0.01       4.81 f
  u_cp/u_bfeed/U45359/ZN (NAND3V12_140P7T30R)             0.01       4.83 r
  u_cp/u_bfeed/U28615/ZN (OAI22V6_140P7T30R)              0.02       4.85 f
  u_cp/u_bfeed/U150261/ZN (OAI12V8_140P7T30R)             0.02       4.87 r
  u_cp/u_bfeed/U62434/ZN (CLKNAND2V16_140P7T30R)          0.02       4.89 f
  u_cp/u_bfeed/U65356/ZN (NOR2V12_140P7T30R)              0.01       4.90 r
  u_cp/u_bfeed/U52460/ZN (NAND3V8_140P7T30R)              0.02       4.92 f
  u_cp/u_bfeed/U67426/ZN (NOR2V8_140P7T30R)               0.02       4.94 r
  u_cp/u_bfeed/U65349/ZN (NAND2V12_140P7T30R)             0.01       4.96 f
  u_cp/u_bfeed/U43567/ZN (AOI13V4_140P7T30R)              0.02       4.98 r
  u_cp/u_bfeed/U151094/Z (CLKXOR2V6_140P7T30R)            0.04       5.01 r
  u_cp/u_bfeed/U45403/ZN (NOR2V12_140P7T30R)              0.01       5.03 f
  u_cp/u_bfeed/U148407/ZN (NOR2V16_140P7T30R)             0.02       5.05 r
  u_cp/u_bfeed/U68712/ZN (OAI12V12_140P7T30R)             0.01       5.06 f
  u_cp/u_bfeed/U72256/ZN (AOI12V8_140P7T30R)              0.02       5.08 r
  u_cp/u_bfeed/U152721/ZN (XNOR2V4_140P7T30R)             0.04       5.12 r
  u_cp/u_bfeed/U152720/ZN (OAI12V12_140P7T30R)            0.02       5.14 f
  u_cp/u_bfeed/U27716/Z (BUFV24_140P7T30R)                0.02       5.16 f
  u_cp/u_bfeed/U27724/ZN (NOR2V6_140P7T30R)               0.01       5.17 r
  u_cp/u_bfeed/U64151/ZN (NAND2V8_140P7T30R)              0.01       5.19 f
  u_cp/u_bfeed/U57410/ZN (NOR2V12_140P7T30R)              0.02       5.20 r
  u_cp/u_bfeed/U95786/ZN (INV3_140P7T30R)                 0.01       5.21 f
  u_cp/u_bfeed/U109877/ZN (OAI12V4_140P7T30R)             0.02       5.22 r
  u_cp/u_bfeed/U109847/ZN (NAND2XBV6_140P7T30R)           0.02       5.24 f
  u_cp/u_bfeed/U47540/ZN (CLKNAND2V16_140P7T30R)          0.02       5.26 r
  u_cp/u_bfeed/U100173/ZN (NOR2V4_140P7T30R)              0.01       5.27 f
  u_cp/u_bfeed/U58168/ZN (NOR2V8_140P7T30R)               0.02       5.29 r
  u_cp/u_bfeed/U27144/ZN (CLKNAND2V6_140P7T30R)           0.02       5.31 f
  u_cp/u_bfeed/U27104/ZN (INV2_140P7T30R)                 0.02       5.33 r
  u_cp/u_bfeed/U109692/ZN (NAND2V2_140P7T30R)             0.02       5.34 f
  u_cp/u_bfeed/U118450/ZN (OAI22V4_140P7T30R)             0.02       5.36 r
  u_cp/u_bfeed/U136944/ZN (AOI12V4_140P7T30R)             0.01       5.38 f
  u_cp/u_bfeed/U136918/ZN (CLKNAND2V4_140P7T30R)          0.01       5.39 r
  u_cp/u_bfeed/U177159/Z (CLKXOR2V6_140P7T30R)            0.03       5.42 r
  u_cp/u_bfeed/U118397/ZN (NOR2V8_140P7T30R)              0.01       5.43 f
  u_cp/u_bfeed/U56457/ZN (NOR2V16_140P7T30R)              0.02       5.45 r
  u_cp/u_bfeed/U26785/ZN (NAND2V12_140P7T30R)             0.02       5.47 f
  u_cp/u_bfeed/U43898/ZN (NOR2V16_140P7T30R)              0.02       5.49 r
  u_cp/u_bfeed/U63210/ZN (OAI12V12_140P7T30R)             0.01       5.50 f
  u_cp/u_bfeed/U59307/ZN (NOR2V12_140P7T30R)              0.02       5.52 r
  u_cp/u_bfeed/U45697/ZN (CLKNAND2V16_140P7T30R)          0.01       5.53 f
  u_cp/u_bfeed/U45696/ZN (NAND2XBV16_140P7T30R)           0.01       5.54 r
  u_cp/u_bfeed/U47935/ZN (NAND2XBV16_140P7T30R)           0.01       5.55 f
  u_cp/u_bfeed/U100087/ZN (INV6_140P7T30R)                0.01       5.56 r
  u_cp/u_bfeed/U158455/ZN (NOR2V4_140P7T30R)              0.01       5.57 f
  u_cp/u_bfeed/U26272/Z (XOR2V2_140P7T30R)                0.03       5.60 f
  u_cp/u_bfeed/U151795/ZN (OAI12V6_140P7T30R)             0.02       5.62 r
  u_cp/u_bfeed/U69270/ZN (NAND3V8_140P7T30R)              0.02       5.64 f
  u_cp/u_bfeed/U95646/ZN (NOR2V12_140P7T30R)              0.01       5.66 r
  u_cp/u_bfeed/U147639/ZN (CLKNAND2V16_140P7T30R)         0.01       5.67 f
  u_cp/u_bfeed/U152507/ZN (NOR2V16_140P7T30R)             0.02       5.69 r
  u_cp/u_bfeed/U66328/ZN (NOR2V16_140P7T30R)              0.01       5.71 f
  u_cp/u_bfeed/U66326/ZN (CLKINV32_140P7T30R)             0.01       5.72 r
  u_cp/u_bfeed/U68302/ZN (NOR2XBV12_140P7T30R)            0.01       5.72 f
  u_cp/u_bfeed/U148413/ZN (AOI12V12_140P7T30R)            0.01       5.74 r
  u_cp/u_bfeed/U71258/ZN (NAND3V8_140P7T30R)              0.02       5.76 f
  u_cp/u_bfeed/U25392/ZN (INV16_140P7T30R)                0.02       5.78 r
  u_cp/u_bfeed/U25342/ZN (NOR2V2_140P7T30R)               0.02       5.79 f
  u_cp/u_bfeed/U55669/ZN (AOI12V8_140P7T30R)              0.02       5.82 r
  u_cp/u_bfeed/U25240/ZN (INV5_140P7T30R)                 0.01       5.82 f
  u_cp/u_bfeed/U25212/ZN (OAI12V4_140P7T30R)              0.02       5.84 r
  u_cp/u_bfeed/U95599/ZN (CLKNAND2V4_140P7T30R)           0.01       5.85 f
  u_cp/u_bfeed/U136018/ZN (XNOR2V2_140P7T30R)             0.03       5.88 f
  u_cp/u_bfeed/U117991/ZN (XNOR2V2_140P7T30R)             0.03       5.91 f
  u_cp/u_bfeed/U78059/ZN (NAND2V2_140P7T30R)              0.03       5.94 r
  u_cp/u_bfeed/U69588/ZN (OAI12V8_140P7T30R)              0.02       5.96 f
  u_cp/u_bfeed/U69587/ZN (NAND2V8_140P7T30R)              0.01       5.97 r
  u_cp/u_bfeed/U24934/ZN (NAND2V12_140P7T30R)             0.01       5.99 f
  u_cp/u_bfeed/U54921/ZN (CLKINV20_140P7T30R)             0.01       6.00 r
  u_cp/u_bfeed/U56461/ZN (OAI12V12_140P7T30R)             0.01       6.01 f
  u_cp/u_bfeed/U56460/ZN (AOI12V12_140P7T30R)             0.02       6.03 r
  u_cp/u_bfeed/U70682/ZN (OAI12V12_140P7T30R)             0.02       6.04 f
  u_cp/u_bfeed/U72431/ZN (AOI12V8_140P7T30R)              0.02       6.06 r
  u_cp/u_bfeed/U52398/Z (CLKXOR2V6_140P7T30R)             0.03       6.10 r
  u_cp/u_bfeed/U49022/ZN (NOR2V8_140P7T30R)               0.01       6.11 f
  u_cp/u_bfeed/U56589/ZN (OAI12V8_140P7T30R)              0.02       6.12 r
  u_cp/u_bfeed/U117577/ZN (INV12_140P7T30R)               0.01       6.13 f
  u_cp/u_bfeed/U134801/ZN (INV24_140P7T30R)               0.01       6.15 r
  u_cp/u_bfeed/U24051/Z (XOR2V2_140P7T30R)                0.03       6.18 r
  u_cp/u_bfeed/U88868/Z (OR2V2_140P7T30R)                 0.02       6.20 r
  u_cp/u_bfeed/U95405/ZN (OAI12V4_140P7T30R)              0.02       6.22 f
  u_cp/u_bfeed/U134354/ZN (XNOR2V2_140P7T30R)             0.03       6.25 f
  u_cp/u_bfeed/U134273/ZN (XNOR2V2_140P7T30R)             0.04       6.29 f
  u_cp/u_bfeed/U191006/CO (AD1V4_140P7T30R)               0.05       6.34 f
  u_cp/u_bfeed/U56555/ZN (OAI12V4_140P7T30R)              0.01       6.36 r
  u_cp/u_bfeed/U91988/ZN (CLKNAND2V4_140P7T30R)           0.02       6.38 f
  u_cp/u_bfeed/U134080/Z (CLKXOR2V6_140P7T30R)            0.03       6.41 f
  u_cp/u_bfeed/U134038/Z (CLKXOR2V6_140P7T30R)            0.03       6.44 f
  u_cp/u_bfeed/U95305/ZN (NAND2V3_140P7T30R)              0.02       6.45 r
  u_cp/u_bfeed/U56567/ZN (OAI12V4_140P7T30R)              0.02       6.47 f
  u_cp/u_bfeed/U23211/ZN (AOI12V6_140P7T30R)              0.02       6.49 r
  u_cp/u_bfeed/U80975/ZN (INV5_140P7T30R)                 0.01       6.50 f
  u_cp/u_bfeed/U49931/ZN (AOI22V8_140P7T30R)              0.02       6.52 r
  u_cp/u_bfeed/U23024/ZN (NAND2V8_140P7T30R)              0.02       6.54 f
  u_cp/u_bfeed/U22967/ZN (NOR2V6_140P7T30R)               0.02       6.55 r
  u_cp/u_bfeed/U52407/ZN (NAND3V12_140P7T30R)             0.02       6.58 f
  u_cp/u_bfeed/U133404/ZN (NAND2V12_140P7T30R)            0.02       6.59 r
  u_cp/u_bfeed/U50072/ZN (INV20_140P7T30R)                0.01       6.60 f
  u_cp/u_bfeed/U22342/ZN (INV40_140P7T30R)                0.01       6.62 r
  u_cp/u_bfeed/U43391/ZN (NOR2V16_140P7T30R)              0.01       6.62 f
  u_cp/u_bfeed/U152314/ZN (NAND2XBV16_140P7T30R)          0.03       6.65 f
  u_cp/u_bfeed/U77858/ZN (INV8_140P7T30R)                 0.01       6.66 r
  u_cp/u_bfeed/U49921/ZN (CLKNAND2V4_140P7T30R)           0.02       6.67 f
  u_cp/u_bfeed/U52479/ZN (INV8_140P7T30R)                 0.01       6.69 r
  u_cp/u_bfeed/U54756/ZN (NOR2V16_140P7T30R)              0.01       6.70 f
  u_cp/u_bfeed/U54824/ZN (NAND3V8_140P7T30R)              0.01       6.71 r
  u_cp/u_bfeed/U58694/ZN (OAI12V8_140P7T30R)              0.02       6.73 f
  u_cp/u_bfeed/U48396/ZN (CLKNAND2V16_140P7T30R)          0.02       6.75 r
  u_cp/u_bfeed/U52417/Z (BUFV40_140P7T30R)                0.02       6.77 r
  u_cp/u_bfeed/U43352/Z (OA22V8_140P7T30R)                0.03       6.80 r
  u_cp/u_bfeed/U76182/ZN (CLKNAND2V16_140P7T30R)          0.02       6.82 f
  u_cp/u_bfeed/U61771/Z (CLKBUFV16_140P7T30R)             0.02       6.84 f
  u_cp/u_bfeed/U21278/ZN (NOR2V6_140P7T30R)               0.01       6.85 r
  u_cp/u_bfeed/U91814/ZN (CLKNAND2V4_140P7T30R)           0.02       6.87 f
  u_cp/u_bfeed/U21196/ZN (INV4_140P7T30R)                 0.02       6.89 r
  u_cp/u_bfeed/U43542/ZN (NOR2V12_140P7T30R)              0.01       6.90 f
  u_cp/u_bfeed/U56709/ZN (NAND2XBV8_140P7T30R)            0.02       6.93 f
  u_cp/u_bfeed/U56708/ZN (NOR2V16_140P7T30R)              0.02       6.95 r
  u_cp/u_bfeed/U43509/ZN (NOR2V16_140P7T30R)              0.01       6.95 f
  u_cp/u_bfeed/U54820/ZN (NOR2V6_140P7T30R)               0.02       6.97 r
  u_cp/u_bfeed/U69652/ZN (AOI12V8_140P7T30R)              0.02       6.99 f
  u_cp/u_bfeed/U61769/ZN (OAI12V12_140P7T30R)             0.03       7.01 r
  u_cp/u_bfeed/U44596/ZN (CLKNAND2V16_140P7T30R)          0.01       7.03 f
  u_cp/u_bfeed/U99292/ZN (INV3_140P7T30R)                 0.01       7.04 r
  u_cp/u_bfeed/U132112/ZN (OAI22V4_140P7T30R)             0.01       7.05 f
  u_cp/u_bfeed/U108157/ZN (XNOR2V2_140P7T30R)             0.03       7.08 r
  u_cp/u_bfeed/U53246/ZN (OAI22V6_140P7T30R)              0.02       7.10 f
  u_cp/u_bfeed/U65312/ZN (NOR2V6_140P7T30R)               0.03       7.12 r
  u_cp/u_bfeed/U99253/ZN (NAND2V8_140P7T30R)              0.02       7.14 f
  u_cp/u_bfeed/U61389/ZN (NOR2V16_140P7T30R)              0.02       7.16 r
  u_cp/u_bfeed/U116280/ZN (NAND2V12_140P7T30R)            0.02       7.18 f
  u_cp/u_bfeed/U56665/ZN (INV8_140P7T30R)                 0.01       7.19 r
  u_cp/u_bfeed/U62499/ZN (OAI22V6_140P7T30R)              0.02       7.21 f
  u_cp/u_bfeed/U103142/ZN (INV7_140P7T30R)                0.02       7.22 r
  u_cp/u_bfeed/U131573/ZN (NAND2V12_140P7T30R)            0.02       7.24 f
  u_cp/u_bfeed/U18939/ZN (CLKINV10_140P7T30R)             0.01       7.25 r
  u_cp/u_bfeed/U18745/ZN (NAND3V6_140P7T30R)              0.01       7.26 f
  u_cp/u_bfeed/U18666/ZN (OAI22V4_140P7T30R)              0.03       7.29 r
  u_cp/u_bfeed/U69614/ZN (NOR2V8_140P7T30R)               0.01       7.30 f
  u_cp/u_bfeed/U43315/ZN (OAI112V6_140P7T30R)             0.02       7.32 r
  u_cp/u_bfeed/U43314/ZN (NAND2V8_140P7T30R)              0.01       7.33 f
  u_cp/u_bfeed/U84027/ZN (NOR2V12_140P7T30R)              0.02       7.35 r
  u_cp/u_bfeed/U151905/ZN (CLKNAND2V16_140P7T30R)         0.02       7.37 f
  u_cp/u_bfeed/U149714/ZN (NAND2XBV16_140P7T30R)          0.02       7.39 r
  u_cp/u_bfeed/U99180/ZN (OAI12V4_140P7T30R)              0.01       7.41 f
  u_cp/u_bfeed/U65477/ZN (NAND2XBV8_140P7T30R)            0.03       7.43 f
  u_cp/u_bfeed/U58702/ZN (CLKNAND2V16_140P7T30R)          0.02       7.45 r
  u_cp/u_bfeed/U77585/Z (XOR2V4_140P7T30R)                0.03       7.48 r
  u_cp/u_bfeed/U91565/ZN (NOR2V2_140P7T30R)               0.01       7.49 f
  u_cp/u_bfeed/U155950/ZN (OAI21BV4_140P7T30R)            0.03       7.52 f
  u_cp/u_bfeed/U191516/CO (AD1V4_140P7T30R)               0.05       7.57 f
  u_cp/u_bfeed/U115686/ZN (OAI12V4_140P7T30R)             0.02       7.58 r
  u_cp/u_bfeed/U107718/ZN (CLKNAND2V4_140P7T30R)          0.01       7.60 f
  u_cp/u_bfeed/U191534/CO (AD1V4_140P7T30R)               0.04       7.64 f
  u_cp/u_bfeed/U152698/Z (MAJ23V4_140P7T30R)              0.04       7.68 f
  u_cp/u_bfeed/U130060/ZN (OAI12V4_140P7T30R)             0.02       7.70 r
  u_cp/u_bfeed/U66314/ZN (NAND2V8_140P7T30R)              0.01       7.71 f
  u_cp/u_bfeed/U158929/Z (CLKXOR2V6_140P7T30R)            0.03       7.74 f
  u_cp/u_bfeed/U152055/ZN (XNOR2V4_140P7T30R)             0.03       7.77 f
  u_cp/u_bfeed/U66268/ZN (NOR2V8_140P7T30R)               0.02       7.79 r
  u_cp/u_bfeed/U44580/ZN (OAI12V6_140P7T30R)              0.01       7.81 f
  u_cp/u_bfeed/U102892/ZN (AOI12V8_140P7T30R)             0.03       7.83 r
  u_cp/u_bfeed/U88130/Z (CLKOR2V16_140P7T30R)             0.02       7.85 r
  u_cp/u_bfeed/U70661/ZN (NAND3V8_140P7T30R)              0.02       7.87 f
  u_cp/u_bfeed/U70660/ZN (NAND2XBV12_140P7T30R)           0.01       7.88 r
  u_cp/u_bfeed/U57376/ZN (CLKNAND2V16_140P7T30R)          0.02       7.90 f
  u_cp/u_bfeed/U15853/ZN (INV20_140P7T30R)                0.02       7.92 r
  u_cp/u_bfeed/U129397/ZN (INV32_140P7T30R)               0.01       7.93 f
  u_cp/u_bfeed/U15669/ZN (NAND2XBV8_140P7T30R)            0.01       7.93 r
  u_cp/u_bfeed/U98891/ZN (NAND2V8_140P7T30R)              0.01       7.95 f
  u_cp/u_bfeed/U68372/ZN (CLKINV12_140P7T30R)             0.01       7.96 r
  u_cp/u_bfeed/U149905/ZN (NAND2XBV16_140P7T30R)          0.01       7.96 f
  u_cp/u_bfeed/U59293/ZN (NAND2V12_140P7T30R)             0.01       7.98 r
  u_cp/u_bfeed/U47772/ZN (CLKNAND2V16_140P7T30R)          0.01       7.99 f
  u_cp/u_bfeed/U15265/ZN (OAI12V6_140P7T30R)              0.02       8.00 r
  u_cp/u_bfeed/U52122/ZN (NAND2XBV12_140P7T30R)           0.02       8.03 r
  u_cp/u_bfeed/U68333/ZN (INV7_140P7T30R)                 0.01       8.03 f
  u_cp/u_bfeed/U56717/ZN (OAI22V6_140P7T30R)              0.01       8.04 r
  u_cp/u_bfeed/U43601/ZN (XNOR2V2_140P7T30R)              0.03       8.08 r
  u_cp/u_bfeed/U52466/ZN (MUX2NV4_140P7T30R)              0.02       8.10 f
  u_cp/u_bfeed/U48443/ZN (NOR2V12_140P7T30R)              0.03       8.12 r
  u_cp/u_bfeed/U15041/ZN (NAND2V12_140P7T30R)             0.02       8.14 f
  u_cp/u_bfeed/U150535/ZN (NOR2XBV16_140P7T30R)           0.02       8.17 r
  u_cp/u_bfeed/U149943/ZN (INV32_140P7T30R)               0.02       8.18 f
  u_cp/u_bfeed/U14678/ZN (OAI22V6_140P7T30R)              0.02       8.20 r
  u_cp/u_bfeed/U47761/Z (CLKOR2V16_140P7T30R)             0.02       8.22 r
  u_cp/u_bfeed/U83486/ZN (INV5_140P7T30R)                 0.01       8.23 f
  u_cp/u_bfeed/U80251/ZN (CLKNAND2V4_140P7T30R)           0.01       8.25 r
  u_cp/u_bfeed/U87938/ZN (OAI12V6_140P7T30R)              0.02       8.26 f
  u_cp/u_bfeed/U83458/ZN (AOI12V4_140P7T30R)              0.02       8.28 r
  u_cp/u_bfeed/U98680/ZN (OAI12V6_140P7T30R)              0.02       8.30 f
  u_cp/u_bfeed/U50082/ZN (INV6_140P7T30R)                 0.01       8.32 r
  u_cp/u_bfeed/U50083/ZN (CLKNAND2V16_140P7T30R)          0.01       8.33 f
  u_cp/u_bfeed/U98635/ZN (NAND2XBV4_140P7T30R)            0.01       8.34 r
  u_cp/u_bfeed/U68913/ZN (NAND2V8_140P7T30R)              0.01       8.35 f
  u_cp/u_bfeed/U153819/Z (CLKXOR2V6_140P7T30R)            0.03       8.38 f
  u_cp/u_bfeed/U107098/ZN (CLKNAND2V4_140P7T30R)          0.01       8.39 r
  u_cp/u_bfeed/U114876/ZN (NAND3V8_140P7T30R)             0.02       8.41 f
  u_cp/u_bfeed/U114868/ZN (CLKINV12_140P7T30R)            0.01       8.42 r
  u_cp/u_bfeed/U83389/ZN (NAND3V3_140P7T30R)              0.01       8.43 f
  u_cp/u_bfeed/U114845/ZN (INV4_140P7T30R)                0.01       8.45 r
  u_cp/u_bfeed/U80157/ZN (NAND2V8_140P7T30R)              0.01       8.46 f
  u_cp/u_bfeed/U158136/ZN (NOR2V12_140P7T30R)             0.01       8.47 r
  u_cp/u_bfeed/U12724/ZN (INV8_140P7T30R)                 0.01       8.48 f
  u_cp/u_bfeed/U48523/ZN (NAND2XBV8_140P7T30R)            0.01       8.49 r
  u_cp/u_bfeed/U127644/ZN (OAI12V6_140P7T30R)             0.01       8.51 f
  u_cp/u_bfeed/U114794/ZN (INV7_140P7T30R)                0.01       8.52 r
  u_cp/u_bfeed/U43325/Z (OR2V16_140P7T30R)                0.02       8.54 r
  u_cp/u_bfeed/U127584/ZN (NAND2XBV12_140P7T30R)          0.01       8.55 f
  u_cp/u_bfeed/U158989/ZN (OAI22V12_140P7T30R)            0.02       8.57 r
  u_cp/u_bfeed/U114766/ZN (AOI22V4_140P7T30R)             0.01       8.58 f
  u_cp/u_bfeed/U159741/ZN (AOI21BV4_140P7T30R)            0.03       8.61 f
  u_cp/u_bfeed/U149891/ZN (NOR2V8_140P7T30R)              0.02       8.63 r
  u_cp/u_bfeed/U12080/ZN (INV5_140P7T30R)                 0.01       8.64 f
  u_cp/u_bfeed/U69612/ZN (NOR2V12_140P7T30R)              0.02       8.66 r
  u_cp/u_bfeed/U69611/ZN (CLKNAND2V16_140P7T30R)          0.02       8.67 f
  u_cp/u_bfeed/U11837/Z (BUFV4_140P7T30R)                 0.02       8.70 f
  u_cp/u_bfeed/U70673/ZN (CLKNAND2V6_140P7T30R)           0.01       8.71 r
  u_cp/u_bfeed/U66286/ZN (NOR2XBV16_140P7T30R)            0.02       8.73 r
  u_cp/u_bfeed/U154058/ZN (CLKNAND2V16_140P7T30R)         0.03       8.76 f
  u_cp/u_bfeed/U191941/ZN (XNOR2V2_140P7T30R)             0.04       8.80 f
  u_cp/u_bfeed/U162765/ZN (OAI22V1_140P7T30R)             0.04       8.83 r
  u_cp/u_bfeed/U177290/Z (XOR3V2_140P7T30R)               0.06       8.90 f
  u_cp/u_bfeed/U68224/ZN (XNOR2V4_140P7T30R)              0.04       8.93 f
  u_cp/u_bfeed/U68223/ZN (XNOR2V4_140P7T30R)              0.03       8.96 f
  u_cp/u_bfeed/U102346/ZN (XNOR2V2_140P7T30R)             0.03       9.00 f
  u_cp/u_bfeed/U102334/ZN (NAND2V2_140P7T30R)             0.02       9.01 r
  u_cp/u_bfeed/U94145/ZN (OAI12V2_140P7T30R)              0.02       9.03 f
  u_cp/u_bfeed/U94142/ZN (AOI12V2_140P7T30R)              0.03       9.06 r
  u_cp/u_bfeed/U61415/ZN (OAI12V4_140P7T30R)              0.01       9.07 f
  u_cp/u_bfeed/U98298/ZN (AOI12V4_140P7T30R)              0.02       9.09 r
  u_cp/u_bfeed/U59318/ZN (OAI12V6_140P7T30R)              0.01       9.11 f
  u_cp/u_bfeed/U60755/ZN (AOI12V8_140P7T30R)              0.02       9.13 r
  u_cp/u_bfeed/U157760/ZN (OAI12V12_140P7T30R)            0.02       9.14 f
  u_cp/u_bfeed/U43375/ZN (NAND3V12_140P7T30R)             0.01       9.15 r
  u_cp/u_bfeed/U43374/ZN (NAND2V8_140P7T30R)              0.01       9.17 f
  u_cp/u_bfeed/U41669/ZN (NAND2XBV8_140P7T30R)            0.01       9.18 r
  u_cp/u_bfeed/U59257/ZN (CLKNAND2V16_140P7T30R)          0.02       9.20 f
  u_cp/u_bfeed/U68315/ZN (CLKINV32_140P7T30R)             0.01       9.21 r
  u_cp/u_bfeed/U52486/ZN (INV24_140P7T30R)                0.01       9.22 f
  u_cp/u_bfeed/U58669/ZN (NAND2XBV12_140P7T30R)           0.01       9.23 r
  u_cp/u_bfeed/U152075/ZN (OAI12V12_140P7T30R)            0.02       9.24 f
  u_cp/u_bfeed/U94063/ZN (NOR2V6_140P7T30R)               0.02       9.26 r
  u_cp/u_bfeed/U153072/ZN (OAI13V6_140P7T30R)             0.01       9.27 f
  u_cp/u_bfeed/U153070/Z (AO1B2V4_140P7T30R)              0.03       9.30 f
  u_cp/u_bfeed/U43501/ZN (NAND3V8_140P7T30R)              0.01       9.31 r
  u_cp/u_bfeed/U43500/ZN (NAND2V12_140P7T30R)             0.01       9.33 f
  u_cp/u_bfeed/U98138/ZN (INV20_140P7T30R)                0.01       9.34 r
  u_cp/u_bfeed/U152279/ZN (INV40_140P7T30R)               0.01       9.35 f
  u_cp/u_bfeed/U8977/ZN (NOR2XBV6_140P7T30R)              0.02       9.37 f
  u_cp/u_bfeed/U159823/ZN (AOI12V12_140P7T30R)            0.02       9.39 r
  u_cp/u_bfeed/U153147/ZN (OAI12V12_140P7T30R)            0.01       9.41 f
  u_cp/u_bfeed/U8738/Z (BUFV10_140P7T30R)                 0.02       9.43 f
  u_cp/u_bfeed/U90809/ZN (CLKNAND2V4_140P7T30R)           0.01       9.44 r
  u_cp/u_bfeed/U90806/ZN (OAI12V4_140P7T30R)              0.02       9.45 f
  u_cp/u_bfeed/U61171/ZN (NOR2V8_140P7T30R)               0.02       9.47 r
  u_cp/u_bfeed/U93922/ZN (INV6_140P7T30R)                 0.01       9.48 f
  u_cp/u_bfeed/U8267/ZN (AOI22V8_140P7T30R)               0.03       9.51 r
  u_cp/u_bfeed/U8025/ZN (NAND3V1P5_140P7T30R)             0.03       9.53 f
  u_cp/u_bfeed/U159187/ZN (OAI13V6_140P7T30R)             0.04       9.57 r
  u_cp/u_bfeed/U7784/ZN (AOI12V6_140P7T30R)               0.02       9.59 f
  u_cp/u_bfeed/U48510/ZN (OAI12V8_140P7T30R)              0.02       9.60 r
  u_cp/u_bfeed/U54806/ZN (NOR2V12_140P7T30R)              0.01       9.61 f
  u_cp/u_bfeed/U72393/ZN (NAND2V8_140P7T30R)              0.01       9.62 r
  u_cp/u_bfeed/U113834/ZN (INV7_140P7T30R)                0.01       9.63 f
  u_cp/u_bfeed/U54842/ZN (CLKNAND2V16_140P7T30R)          0.01       9.64 r
  u_cp/u_bfeed/U54841/ZN (CLKINV32_140P7T30R)             0.01       9.65 f
  u_cp/u_bfeed/U6827/Z (AO22V4_140P7T30R)                 0.04       9.69 f
  u_cp/u_bfeed/U160304/ZN (AOI12V12_140P7T30R)            0.02       9.71 r
  u_cp/u_bfeed/U102016/ZN (CLKNAND2V6_140P7T30R)          0.02       9.73 f
  u_cp/u_bfeed/U82855/ZN (NOR2V6_140P7T30R)               0.02       9.75 r
  u_cp/u_bfeed/U90672/ZN (OAI12V4_140P7T30R)              0.02       9.77 f
  u_cp/u_bfeed/U59382/ZN (NAND3V6_140P7T30R)              0.01       9.78 r
  u_cp/u_bfeed/U90658/ZN (OAI12V8_140P7T30R)              0.01       9.80 f
  u_cp/u_bfeed/U6171/ZN (NAND2XBV12_140P7T30R)            0.03       9.83 f
  u_cp/u_bfeed/U6083/ZN (CLKINV3_140P7T30R)               0.01       9.84 r
  u_cp/u_bfeed/U56732/ZN (NAND2XBV8_140P7T30R)            0.02       9.86 r
  u_cp/u_bfeed/U50407/ZN (OAI12V8_140P7T30R)              0.01       9.87 f
  u_cp/u_bfeed/U152985/Z (CLKXOR2V6_140P7T30R)            0.03       9.90 f
  u_cp/u_bfeed/U69637/ZN (OAI12V8_140P7T30R)              0.02       9.92 r
  u_cp/u_bfeed/U64736/ZN (NAND2V12_140P7T30R)             0.01       9.93 f
  u_cp/u_bfeed/U150257/ZN (NOR2V12_140P7T30R)             0.02       9.94 r
  u_cp/u_bfeed/U61320/ZN (CLKNAND2V16_140P7T30R)          0.02       9.97 f
  u_cp/u_bfeed/U5644/ZN (NAND2XBV12_140P7T30R)            0.02       9.99 r
  u_cp/u_bfeed/U150783/ZN (OAI12V8_140P7T30R)             0.01      10.00 f
  u_cp/u_bfeed/U151693/ZN (AOI12V12_140P7T30R)            0.02      10.02 r
  u_cp/u_bfeed/U68225/ZN (CLKNAND2V16_140P7T30R)          0.02      10.04 f
  u_cp/u_bfeed/U5433/ZN (NAND3V8_140P7T30R)               0.02      10.06 r
  u_cp/u_bfeed/U79604/ZN (NOR2V12_140P7T30R)              0.01      10.07 f
  u_cp/u_bfeed/U5296/ZN (NOR2V12_140P7T30R)               0.01      10.08 r
  u_cp/u_bfeed/U61238/ZN (NAND3V12_140P7T30R)             0.02      10.10 f
  u_cp/u_bfeed/U61237/ZN (NAND2XBV16_140P7T30R)           0.02      10.11 r
  u_cp/u_bfeed/U61768/ZN (CLKNAND2V16_140P7T30R)          0.01      10.13 f
  u_cp/u_bfeed/U76213/ZN (NOR2V8_140P7T30R)               0.01      10.14 r
  u_cp/u_bfeed/U154055/Z (CLKXOR2V6_140P7T30R)            0.03      10.17 r
  u_cp/u_bfeed/U153115/ZN (XNOR2V4_140P7T30R)             0.03      10.20 r
  u_cp/u_bfeed/U4867/ZN (OAI12V4_140P7T30R)               0.02      10.22 f
  u_cp/u_bfeed/U4809/ZN (CLKNAND2V6_140P7T30R)            0.01      10.24 r
  u_cp/u_bfeed/U156712/Z (CLKXOR2V6_140P7T30R)            0.03      10.26 r
  u_cp/u_bfeed/U153347/ZN (XNOR2V4_140P7T30R)             0.03      10.30 r
  u_cp/u_bfeed/U53405/ZN (NOR2V8_140P7T30R)               0.01      10.31 f
  u_cp/u_bfeed/U4527/ZN (INV4_140P7T30R)                  0.01      10.32 r
  u_cp/u_bfeed/U61346/ZN (NAND2V8_140P7T30R)              0.01      10.33 f
  u_cp/u_bfeed/U113469/ZN (NOR2V8_140P7T30R)              0.02      10.35 r
  u_cp/u_bfeed/U147425/ZN (AOI22V12_140P7T30R)            0.02      10.36 f
  u_cp/u_bfeed/U68927/ZN (NAND2V8_140P7T30R)              0.01      10.38 r
  u_cp/u_bfeed/U54884/ZN (NOR2V12_140P7T30R)              0.01      10.39 f
  u_cp/u_bfeed/U4247/ZN (NOR2XBV8_140P7T30R)              0.02      10.41 r
  u_cp/u_bfeed/U68873/ZN (OAI22V6_140P7T30R)              0.02      10.43 f
  u_cp/u_bfeed/U50062/ZN (NOR2V12_140P7T30R)              0.02      10.44 r
  u_cp/u_bfeed/U50061/ZN (NAND2XBV16_140P7T30R)           0.01      10.46 f
  u_cp/u_bfeed/U4013/ZN (NOR2V12_140P7T30R)               0.02      10.47 r
  u_cp/u_bfeed/U52396/ZN (CLKNAND2V16_140P7T30R)          0.01      10.48 f
  u_cp/u_bfeed/U3896/ZN (NOR2V12_140P7T30R)               0.02      10.50 r
  u_cp/u_bfeed/U53944/ZN (NAND3V6_140P7T30R)              0.02      10.52 f
  u_cp/u_bfeed/U53464/ZN (NAND2V12_140P7T30R)             0.02      10.54 r
  u_cp/u_bfeed/U3660/ZN (NAND4V1P5_140P7T30R)             0.03      10.57 f
  u_cp/u_bfeed/U49005/ZN (NAND4V6_140P7T30R)              0.03      10.60 r
  u_cp/u_bfeed/U152516/ZN (NAND3V8_140P7T30R)             0.01      10.61 f
  u_cp/u_bfeed/U153079/ZN (AOI12V8_140P7T30R)             0.03      10.64 r
  u_cp/u_bfeed/U70310/ZN (NOR2V16_140P7T30R)              0.01      10.65 f
  u_cp/u_bfeed/U46904/Z (CLKAND2V16_140P7T30R)            0.02      10.67 f
  u_cp/u_bfeed/U3426/ZN (INV8_140P7T30R)                  0.01      10.68 r
  u_cp/u_bfeed/U44471/ZN (CLKNAND2V16_140P7T30R)          0.02      10.70 f
  u_cp/u_bfeed/U42001/ZN (INV32_140P7T30R)                0.01      10.71 r
  u_cp/u_bfeed/U3308/ZN (INV16_140P7T30R)                 0.01      10.72 f
  u_cp/u_bfeed/U46335/ZN (NOR2V16_140P7T30R)              0.02      10.74 r
  u_cp/u_bfeed/U3245/ZN (INV12_140P7T30R)                 0.01      10.74 f
  u_cp/u_bfeed/U59140/ZN (CLKNAND2V16_140P7T30R)          0.01      10.75 r
  u_cp/u_bfeed/U3167/ZN (NAND2V8_140P7T30R)               0.01      10.76 f
  u_cp/u_bfeed/U154099/ZN (OAI12V12_140P7T30R)            0.02      10.78 r
  u_cp/u_bfeed/U105718/ZN (NOR2V12_140P7T30R)             0.01      10.80 f
  u_cp/u_bfeed/U54751/ZN (NOR2V16_140P7T30R)              0.02      10.81 r
  u_cp/u_bfeed/U2817/ZN (NOR3V6_140P7T30R)                0.01      10.82 f
  u_cp/u_bfeed/U90420/ZN (INV4_140P7T30R)                 0.02      10.84 r
  u_cp/u_bfeed/U93517/ZN (NAND3V4_140P7T30R)              0.03      10.86 f
  u_cp/u_bfeed/U43241/ZN (NAND3V12_140P7T30R)             0.02      10.88 r
  u_cp/u_bfeed/U2505/ZN (CLKNAND2V6_140P7T30R)            0.02      10.90 f
  u_cp/u_bfeed/U41164/ZN (AOI12V6_140P7T30R)              0.02      10.92 r
  u_cp/u_bfeed/U50178/ZN (OAI12V6_140P7T30R)              0.02      10.93 f
  u_cp/u_bfeed/U41162/Z (OA12V6_140P7T30R)                0.02      10.96 f
  u_cp/u_bfeed/U51089/ZN (NAND2V12_140P7T30R)             0.01      10.97 r
  u_cp/u_bfeed/U2098/ZN (CLKINV10_140P7T30R)              0.01      10.98 f
  u_cp/u_bfeed/U56250/ZN (CLKNAND2V16_140P7T30R)          0.01      10.99 r
  u_cp/u_bfeed/U49071/ZN (NOR2V16_140P7T30R)              0.01      11.00 f
  u_cp/u_bfeed/U59993/Z (BUFV6_140P7T30R)                 0.02      11.02 f
  u_cp/u_bfeed/U1646/ZN (INV2_140P7T30R)                  0.01      11.03 r
  u_cp/u_bfeed/U58704/ZN (CLKNAND2V6_140P7T30R)           0.01      11.04 f
  u_cp/u_bfeed/U43131/ZN (NAND2V8_140P7T30R)              0.01      11.06 r
  u_cp/u_bfeed/U113179/ZN (OAI13V4_140P7T30R)             0.01      11.07 f
  u_cp/u_bfeed/U113174/ZN (NOR2V6_140P7T30R)              0.02      11.09 r
  u_cp/u_bfeed/U41320/ZN (OAI12V8_140P7T30R)              0.02      11.11 f
  u_cp/u_bfeed/U1293/ZN (NOR3V4_140P7T30R)                0.03      11.14 r
  u_cp/u_bfeed/U44897/ZN (NOR2V8_140P7T30R)               0.01      11.15 f
  u_cp/u_bfeed/U41455/ZN (NOR2V12_140P7T30R)              0.01      11.16 r
  u_cp/u_bfeed/U101628/ZN (INV7_140P7T30R)                0.01      11.17 f
  u_cp/u_bfeed/U122975/ZN (NOR2V12_140P7T30R)             0.01      11.18 r
  u_cp/u_bfeed/U56783/ZN (NAND3V12_140P7T30R)             0.02      11.20 f
  u_cp/u_bfeed/U990/ZN (NAND2XBV8_140P7T30R)              0.02      11.22 r
  u_cp/u_bfeed/U66245/ZN (NAND2V8_140P7T30R)              0.01      11.23 f
  u_cp/u_bfeed/U60024/ZN (OAI12V12_140P7T30R)             0.01      11.24 r
  u_cp/u_bfeed/U60025/ZN (NOR2V16_140P7T30R)              0.01      11.25 f
  u_cp/u_bfeed/U44982/ZN (CLKNAND2V16_140P7T30R)          0.01      11.26 r
  u_cp/u_bfeed/U53883/ZN (NAND3V12_140P7T30R)             0.02      11.28 f
  u_cp/u_bfeed/U54856/ZN (NOR2V16_140P7T30R)              0.02      11.30 r
  u_cp/u_bfeed/U56490/ZN (CLKNAND2V16_140P7T30R)          0.02      11.32 f
  u_cp/u_bfeed/U65442/ZN (CLKNAND2V16_140P7T30R)          0.01      11.33 r
  u_cp/u_bfeed/U61977/ZN (NOR2V16_140P7T30R)              0.01      11.34 f
  u_cp/u_bfeed/U41393/ZN (INV20_140P7T30R)                0.01      11.35 r
  u_cp/u_bfeed/U46880/ZN (INV24_140P7T30R)                0.01      11.36 f
  u_cp/u_bfeed/U152052/ZN (NAND2XBV16_140P7T30R)          0.01      11.37 r
  u_cp/u_bfeed/U42694/ZN (CLKNAND2V16_140P7T30R)          0.01      11.38 f
  u_cp/u_bfeed/U405/ZN (NOR2V8_140P7T30R)                 0.02      11.41 r
  u_cp/u_bfeed/U218332/ZN (MUX2NV2_140P7T30R)             0.02      11.43 f
  u_cp/u_bfeed/row_reg[100][26]/D (DQV2_140P7T30R)        0.00      11.43 f
  data arrival time                                                 11.43

  clock clk (rise edge)                                   1.00       1.00
  clock network delay (ideal)                             0.00       1.00
  u_cp/u_bfeed/row_reg[100][26]/CK (DQV2_140P7T30R)       0.00       1.00 r
  library setup time                                     -0.04       0.96
  data required time                                                 0.96
  --------------------------------------------------------------------------
  data required time                                                 0.96
  data arrival time                                                -11.43
  --------------------------------------------------------------------------
  slack (VIOLATED)                                                 -10.47


 
****************************************
Report : area
Design : synth_top
Version: O-2018.06-SP1
Date   : Tue Aug 18 02:22:20 2026
****************************************

Library(s) Used:

    scc28nhkcp_hdc30p140_rvt_ssg_v0p81_125c_basic (File: /home/lzl/project/newlpu/asic/dc/db/scc28nhkcp_hdc30p140_rvt_ssg_v0p81_125c_basic.db)
    kn128x16_ssg_cworstt_0p81v_0p81v_125c (File: /home/lzl/project/newlpu/asic/dc/db/kn128x16_ss_100C_1v60.db)
    kh4096x64_ssg_cworstt_0p81v_0p81v_125c (File: /home/lzl/project/newlpu/asic/dc/db/kh4096x64_ss_100C_1v60.db)

Number of ports:                         5083
Number of nets:                        364462
Number of cells:                       344057
Number of combinational cells:         316521
Number of sequential cells:             27531
Number of macros/black boxes:               2
Number of buf/inv:                      47529
Number of references:                      11

Combinational area:             197072.904661
Buf/Inv area:                    15729.587880
Noncombinational area:           48574.779597
Macro/Black Box area:            80076.837646
Net Interconnect area:      undefined  (No wire load specified)

Total cell area:                325724.521904
Total area:                 undefined

Hierarchical area distribution
------------------------------

                                  Global cell area                Local cell area
                                  --------------------  ----------------------------------- 
Hierarchical cell                 Absolute     Percent  Combi-       Noncombi-   Black-
                                  Total        Total    national     national    boxes       Design
--------------------------------  -----------  -------  -----------  ----------  ----------  --------------------------------------
synth_top                         325724.5219    100.0      65.0720      0.0000      0.0000  synth_top
u_cp                              325659.4499    100.0   35938.1678  37293.8032      0.0000  command_processor_NINST4096_MAX_VEC128
u_cp/u_bfeed                      232256.2369     71.3  144599.2950   7580.1042  80076.8376  kv_bfeed_MAX_N128
u_cp/u_kvqd                        20171.2420      6.2   16470.3699   3700.8721      0.0000  kv_quantdequant
--------------------------------  -----------  -------  -----------  ----------  ----------  --------------------------------------
Total                                                   197072.9047  48574.7796  80076.8376

 
****************************************
Report : power
        -analysis_effort low
Design : synth_top
Version: O-2018.06-SP1
Date   : Tue Aug 18 02:22:23 2026
****************************************


Library(s) Used:

    scc28nhkcp_hdc30p140_rvt_ssg_v0p81_125c_basic (File: /home/lzl/project/newlpu/asic/dc/db/scc28nhkcp_hdc30p140_rvt_ssg_v0p81_125c_basic.db)
    kn128x16_ssg_cworstt_0p81v_0p81v_125c (File: /home/lzl/project/newlpu/asic/dc/db/kn128x16_ss_100C_1v60.db)
    kh4096x64_ssg_cworstt_0p81v_0p81v_125c (File: /home/lzl/project/newlpu/asic/dc/db/kh4096x64_ss_100C_1v60.db)


Operating Conditions: ssg_v0p81_125c   Library: scc28nhkcp_hdc30p140_rvt_ssg_v0p81_125c_basic
Wire Load Model Mode: top


Global Operating Voltage = 0.81 
Power-specific unit information :
    Voltage Units = 1V
    Capacitance Units = 1.000000pf
    Time Units = 1ns
    Dynamic Power Units = 1mW    (derived from V,C,T units)
    Leakage Power Units = 1uW


  Cell Internal Power  =  81.9759 mW   (98%)
  Net Switching Power  =   1.3906 mW    (2%)
                         ---------
Total Dynamic Power    =  83.3665 mW  (100%)

Cell Leakage Power     =  23.1584 mW


                 Internal         Switching           Leakage            Total
Power Group      Power            Power               Power              Power   (   %    )  Attrs
--------------------------------------------------------------------------------------------------
io_pad             0.0000            0.0000            0.0000            0.0000  (   0.00%)
memory             0.1175        1.3650e-02           48.6410            0.1798  (   0.17%)
black_box          0.0000        7.8929e-02            0.0000        7.8929e-02  (   0.07%)
clock_network  9.6660e-02            0.4113        1.9336e+03            2.4415  (   2.29%)
register          80.7308        5.6132e-03        3.8492e+03           84.5855  (  79.40%)
sequential         0.0000            0.0000            0.0000            0.0000  (   0.00%)
combinational      1.0344            0.8808        1.7327e+04           19.2423  (  18.06%)
--------------------------------------------------------------------------------------------------
Total             81.9793 mW         1.3903 mW     2.3158e+04 uW       106.5280 mW
 
****************************************
Report : reference
Design : synth_top
Version: O-2018.06-SP1
Date   : Tue Aug 18 02:22:25 2026
****************************************

Attributes:
    b - black box (unknown)
   bo - allows boundary optimization
    d - dont_touch
   mo - map_only
    h - hierarchical
    n - noncombinational
    r - removable
    s - synthetic operator
    u - contains unmapped logic

Reference          Library       Unit Area   Count    Total Area   Attributes
-----------------------------------------------------------------------------
AND2V2_140P7T30R   scc28nhkcp_hdc30p140_rvt_ssg_v0p81_125c_basic
                                  0.392000       1      0.392000  
AO22V2_140P7T30R   scc28nhkcp_hdc30p140_rvt_ssg_v0p81_125c_basic
                                  0.686000      23     15.778000  
BUFV8_140P7T30R    scc28nhkcp_hdc30p140_rvt_ssg_v0p81_125c_basic
                                  0.686000       1      0.686000  
CLKMUX2V2_140P7T30R
                   scc28nhkcp_hdc30p140_rvt_ssg_v0p81_125c_basic
                                  0.882000      40     35.280001  
INV2_140P7T30R     scc28nhkcp_hdc30p140_rvt_ssg_v0p81_125c_basic
                                  0.196000      17      3.332000  
MUX2NV2_140P7T30R  scc28nhkcp_hdc30p140_rvt_ssg_v0p81_125c_basic
                                  0.784000       4      3.136000  
MUX2NV4_140P7T30R  scc28nhkcp_hdc30p140_rvt_ssg_v0p81_125c_basic
                                  1.470000       4      5.880000  
NAND2XBV2_140P7T30R
                   scc28nhkcp_hdc30p140_rvt_ssg_v0p81_125c_basic
                                  0.392000       1      0.392000  
PULL0_140P7T30R    scc28nhkcp_hdc30p140_rvt_ssg_v0p81_125c_basic
                                  0.196000       1      0.196000  
command_processor_NINST4096_MAX_VEC128
                              325659.449904
                                                 1  325659.449904 b, h, n
sram_macro                        0.000000       1      0.000000  b
-----------------------------------------------------------------------------
Total 11 references                                 325724.521904
1
