==== DC tech=smic28 corner=tt_025C_1v80 design=synth_top compile=1 ====
Information: Updating design information... (UID-85)
Warning: Design 'synth_top' contains 1 high-fanout nets. A fanout number of 1000 will be used for delay calculations involving these nets. (TIM-134)
 
****************************************
Report : timing
        -path full
        -delay max
        -max_paths 10
        -sort_by slack
Design : synth_top
Version: O-2018.06-SP1
Date   : Tue Aug 18 02:23:32 2026
****************************************

 # A fanout number of 1000 was used for high fanout net computations.

Operating Conditions: tt_v0p9_25c   Library: scc28nhkcp_hdc30p140_rvt_tt_v0p9_25c_basic
Wire Load Model Mode: top

  Startpoint: u_cp/u_kvqd/s_bits_reg[2]
              (rising edge-triggered flip-flop clocked by clk)
  Endpoint: hbm_wdata[2]
            (output port clocked by clk)
  Path Group: clk
  Path Type: max

  Point                                                   Incr       Path
  --------------------------------------------------------------------------
  clock clk (rise edge)                                   0.00       0.00
  clock network delay (ideal)                             0.00       0.00
  u_cp/u_kvqd/s_bits_reg[2]/CK (DQV2_140P7T30R)           0.00 #     0.00 r
  u_cp/u_kvqd/s_bits_reg[2]/Q (DQV2_140P7T30R)            0.05       0.05 r
  u_cp/u_kvqd/U731/ZN (XNOR2V4_140P7T30R)                 0.03       0.08 r
  u_cp/u_kvqd/U2009/Z (BUFV12_140P7T30R)                  0.06       0.13 r
  u_cp/u_kvqd/U760/ZN (OAI22V1_140P7T30R)                 0.04       0.17 f
  u_cp/u_kvqd/U9078/CO (AD1V2_140P7T30R)                  0.04       0.22 f
  u_cp/u_kvqd/U9053/S (AD1V2_140P7T30R)                   0.05       0.27 r
  u_cp/u_kvqd/U9051/S (AD1V2_140P7T30R)                   0.05       0.31 f
  u_cp/u_kvqd/U9018/ZN (NAND2V2_140P7T30R)                0.01       0.33 r
  u_cp/u_kvqd/U8995/ZN (OAI12V2_140P7T30R)                0.02       0.35 f
  u_cp/u_kvqd/U10949/Z (AO1B2V2_140P7T30R)                0.02       0.37 f
  u_cp/u_kvqd/U636/Z (AO12V4_140P7T30R)                   0.03       0.40 f
  u_cp/u_kvqd/U572/Z (CLKXOR2V6_140P7T30R)                0.02       0.42 f
  u_cp/u_kvqd/U739/ZN (NAND2V6_140P7T30R)                 0.01       0.43 r
  u_cp/u_kvqd/U2373/ZN (NAND2V2_140P7T30R)                0.02       0.45 f
  u_cp/u_kvqd/U13963/ZN (INV4_140P7T30R)                  0.02       0.47 r
  u_cp/u_kvqd/U9423/ZN (MUX2NV2_140P7T30R)                0.02       0.49 r
  u_cp/u_kvqd/U14047/ZN (AOI22V1_140P7T30R)               0.02       0.51 f
  u_cp/u_kvqd/U2882/Z (AND2V2_140P7T30R)                  0.02       0.53 f
  u_cp/u_kvqd/U14048/ZN (XNOR2V2_140P7T30R)               0.03       0.56 f
  u_cp/u_kvqd/U8887/ZN (INV2_140P7T30R)                   0.02       0.57 r
  u_cp/u_kvqd/U14049/ZN (NOR2V2_140P7T30R)                0.01       0.58 f
  u_cp/u_kvqd/U2869/ZN (INV2_140P7T30R)                   0.01       0.59 r
  u_cp/u_kvqd/U21073/ZN (OAI12V2_140P7T30R)               0.01       0.60 f
  u_cp/u_kvqd/U1867/ZN (NOR2V2_140P7T30R)                 0.02       0.63 r
  u_cp/u_kvqd/U2868/ZN (INV4_140P7T30R)                   0.01       0.64 f
  u_cp/u_kvqd/U21128/ZN (XNOR2V2_140P7T30R)               0.02       0.66 f
  u_cp/u_kvqd/U21129/ZN (OAI22V1_140P7T30R)               0.04       0.70 r
  u_cp/u_kvqd/U11943/S (AD1V2_140P7T30R)                  0.05       0.76 f
  u_cp/u_kvqd/U8638/S (AD1V2_140P7T30R)                   0.05       0.81 r
  u_cp/u_kvqd/U8542/S (AD1V2_140P7T30R)                   0.05       0.85 f
  u_cp/u_kvqd/U8493/ZN (NOR2V2_140P7T30R)                 0.02       0.87 r
  u_cp/u_kvqd/U8474/ZN (OAI12V2_140P7T30R)                0.02       0.89 f
  u_cp/u_kvqd/U21150/ZN (AOI12V2_140P7T30R)               0.02       0.90 r
  u_cp/u_kvqd/U21151/ZN (OAI12V2_140P7T30R)               0.01       0.92 f
  u_cp/u_kvqd/U8398/ZN (AOI12V2_140P7T30R)                0.02       0.94 r
  u_cp/u_kvqd/U21186/ZN (OAI12V2_140P7T30R)               0.02       0.96 f
  u_cp/u_kvqd/U8376/ZN (XNOR2V4_140P7T30R)                0.04       1.00 f
  u_cp/u_kvqd/U21199/ZN (MUX2NV2_140P7T30R)               0.03       1.03 f
  u_cp/u_kvqd/U21200/ZN (NAND4V1P5_140P7T30R)             0.02       1.06 r
  u_cp/u_kvqd/U527/ZN (OAI12V4_140P7T30R)                 0.02       1.07 f
  u_cp/u_kvqd/U526/ZN (NOR2V4_140P7T30R)                  0.02       1.09 r
  u_cp/u_kvqd/U21217/ZN (CLKNAND2V4_140P7T30R)            0.04       1.13 f
  u_cp/u_kvqd/U471/ZN (OAI22V1_140P7T30R)                 0.10       1.23 r
  u_cp/u_kvqd/U21247/ZN (OAI22V1_140P7T30R)               0.03       1.26 f
  u_cp/u_kvqd/U8330/CO (ADH1V2_140P7T30R)                 0.03       1.28 f
  u_cp/u_kvqd/U8306/CO (AD1V2_140P7T30R)                  0.03       1.32 f
  u_cp/u_kvqd/U8222/S (AD1V2_140P7T30R)                   0.05       1.37 r
  u_cp/u_kvqd/U8187/S (AD1V2_140P7T30R)                   0.05       1.41 f
  u_cp/u_kvqd/U8154/ZN (NAND2V2_140P7T30R)                0.01       1.43 r
  u_cp/u_kvqd/U21308/ZN (OAI12V2_140P7T30R)               0.01       1.44 f
  u_cp/u_kvqd/U7958/ZN (AOI12V2_140P7T30R)                0.02       1.46 r
  u_cp/u_kvqd/U7923/ZN (OAI12V2_140P7T30R)                0.02       1.48 f
  u_cp/u_kvqd/U7908/ZN (AOI12V4_140P7T30R)                0.03       1.51 r
  u_cp/u_kvqd/U627/ZN (OAI12V6_140P7T30R)                 0.01       1.52 f
  u_cp/u_kvqd/U7894/ZN (XNOR2V4_140P7T30R)                0.04       1.57 f
  u_cp/u_kvqd/U21460/ZN (MUX2NV2_140P7T30R)               0.03       1.60 f
  u_cp/u_kvqd/U21485/ZN (NAND4V1P5_140P7T30R)             0.02       1.62 r
  u_cp/u_kvqd/U21493/ZN (OAI12V2_140P7T30R)               0.02       1.64 f
  u_cp/u_kvqd/U2846/ZN (AOI12V4_140P7T30R)                0.02       1.66 r
  u_cp/u_kvqd/U662/Z (BUFV6_140P7T30R)                    0.02       1.67 r
  u_cp/u_kvqd/U21494/ZN (CLKNAND2V4_140P7T30R)            0.02       1.69 f
  u_cp/u_kvqd/U21511/Z (XOR2V2_140P7T30R)                 0.03       1.72 f
  u_cp/u_kvqd/U7831/ZN (NAND2V2_140P7T30R)                0.02       1.74 r
  u_cp/u_kvqd/U21512/ZN (CLKNAND2V4_140P7T30R)            0.02       1.76 f
  u_cp/u_kvqd/U605/ZN (INV2M_140P7T30R)                   0.02       1.78 r
  u_cp/u_kvqd/U21554/ZN (CLKNAND2V4_140P7T30R)            0.03       1.81 f
  u_cp/u_kvqd/U21606/ZN (OAI12V2_140P7T30R)               0.03       1.84 r
  u_cp/u_kvqd/U7764/ZN (INV2_140P7T30R)                   0.01       1.85 f
  u_cp/u_kvqd/U21609/ZN (MUX2NV2_140P7T30R)               0.02       1.87 r
  u_cp/u_kvqd/U12720/ZN (NAND2XBV2_140P7T30R)             0.02       1.89 r
  u_cp/u_kvqd/U7730/Z (OA112V2_140P7T30R)                 0.03       1.92 r
  u_cp/u_kvqd/U21610/ZN (INV2_140P7T30R)                  0.01       1.93 f
  u_cp/u_kvqd/U7708/ZN (NOR2V2_140P7T30R)                 0.01       1.94 r
  u_cp/u_kvqd/U11503/ZN (NAND2V2_140P7T30R)               0.01       1.95 f
  u_cp/u_kvqd/U12979/ZN (NOR2V2_140P7T30R)                0.01       1.96 r
  u_cp/u_kvqd/U21689/ZN (NAND2V2_140P7T30R)               0.01       1.97 f
  u_cp/u_kvqd/U21693/ZN (OAI12V2_140P7T30R)               0.02       1.99 r
  u_cp/u_kvqd/U7660/Z (BUFV6_140P7T30R)                   0.03       2.02 r
  u_cp/u_kvqd/U660/ZN (CLKNAND2V16_140P7T30R)             0.03       2.04 f
  u_cp/u_kvqd/U21726/Z (XOR2V2_140P7T30R)                 0.03       2.07 f
  u_cp/u_kvqd/U7612/ZN (NOR2V2_140P7T30R)                 0.02       2.09 r
  u_cp/u_kvqd/U21745/ZN (OAI12V2_140P7T30R)               0.02       2.11 f
  u_cp/u_kvqd/U21747/ZN (AOI12V2_140P7T30R)               0.02       2.13 r
  u_cp/u_kvqd/U21750/ZN (OAI12V2_140P7T30R)               0.02       2.15 f
  u_cp/u_kvqd/U620/ZN (AOI12V6_140P7T30R)                 0.03       2.17 r
  u_cp/u_kvqd/U21794/ZN (OAI12V2_140P7T30R)               0.01       2.19 f
  u_cp/u_kvqd/U21795/ZN (XNOR2V2_140P7T30R)               0.03       2.22 f
  u_cp/u_kvqd/U7444/Z (OR2V2_140P7T30R)                   0.03       2.25 f
  u_cp/u_kvqd/U444/ZN (NOR2V2_140P7T30R)                  0.02       2.27 r
  u_cp/u_kvqd/U1851/ZN (CLKNAND2V4_140P7T30R)             0.02       2.29 f
  u_cp/u_kvqd/U621/ZN (NOR2V6_140P7T30R)                  0.01       2.30 r
  u_cp/u_kvqd/U2334/ZN (CLKNAND2V4_140P7T30R)             0.02       2.32 f
  u_cp/u_kvqd/U7387/ZN (CLKNOR2V3_140P7T30R)              0.02       2.33 r
  u_cp/u_kvqd/U655/ZN (NAND3V4_140P7T30R)                 0.01       2.35 f
  u_cp/u_kvqd/U2838/ZN (OAI112V2_140P7T30R)               0.01       2.36 r
  u_cp/u_kvqd/U21834/ZN (AOI112V2_140P7T30R)              0.02       2.38 f
  u_cp/u_kvqd/U7381/ZN (OAI12V6_140P7T30R)                0.03       2.41 r
  u_cp/u_kvqd/U21873/Z (OR2V4_140P7T30R)                  0.03       2.44 r
  u_cp/u_kvqd/U7370/ZN (INV2_140P7T30R)                   0.01       2.45 f
  u_cp/u_kvqd/U21909/ZN (AOI22V1_140P7T30R)               0.01       2.46 r
  u_cp/u_kvqd/U21910/ZN (NAND3V2_140P7T30R)               0.02       2.48 f
  u_cp/u_kvqd/U21911/ZN (MUX2NV2_140P7T30R)               0.03       2.51 r
  u_cp/u_kvqd/U22311/ZN (OAI112V2_140P7T30R)              0.02       2.53 f
  u_cp/u_kvqd/U22312/ZN (AOI22V1_140P7T30R)               0.02       2.55 r
  u_cp/u_kvqd/U22313/ZN (AOI12V2_140P7T30R)               0.02       2.56 f
  u_cp/u_kvqd/U1548/Z (BUFV4_140P7T30R)                   0.03       2.59 f
  u_cp/u_kvqd/U22400/ZN (XNOR2V2_140P7T30R)               0.03       2.62 f
  u_cp/u_kvqd/U22408/ZN (OAI22V1_140P7T30R)               0.03       2.65 r
  u_cp/u_kvqd/U10267/CO (AD1V2_140P7T30R)                 0.04       2.69 r
  u_cp/u_kvqd/U12489/CO (AD1V2_140P7T30R)                 0.04       2.73 r
  u_cp/u_kvqd/U6936/CO (AD1V2_140P7T30R)                  0.03       2.77 r
  u_cp/u_kvqd/U6919/CO (AD1V2_140P7T30R)                  0.03       2.80 r
  u_cp/u_kvqd/U22507/S (AD1V4_140P7T30R)                  0.05       2.85 f
  u_cp/u_kvqd/U1834/S (AD1V2_140P7T30R)                   0.05       2.89 r
  u_cp/u_kvqd/U1426/ZN (NOR2V2_140P7T30R)                 0.01       2.90 f
  u_cp/u_kvqd/U1424/ZN (NOR2V2_140P7T30R)                 0.02       2.93 r
  u_cp/u_kvqd/U6630/ZN (NAND2V2_140P7T30R)                0.02       2.95 f
  u_cp/u_kvqd/U6622/ZN (NOR2V2_140P7T30R)                 0.03       2.98 r
  u_cp/u_kvqd/U525/ZN (AOI12V8_140P7T30R)                 0.02       3.00 f
  u_cp/u_kvqd/U524/ZN (OAI12V4_140P7T30R)                 0.02       3.01 r
  u_cp/u_kvqd/U6599/ZN (XNOR2V4_140P7T30R)                0.04       3.05 r
  u_cp/u_kvqd/U22620/ZN (MUX2NV2_140P7T30R)               0.03       3.07 r
  u_cp/u_kvqd/U6572/ZN (INV2_140P7T30R)                   0.01       3.08 f
  u_cp/u_kvqd/U22625/ZN (NAND4V1P5_140P7T30R)             0.01       3.10 r
  u_cp/u_kvqd/U22628/ZN (OAI112V2_140P7T30R)              0.02       3.12 f
  u_cp/u_kvqd/U658/ZN (NOR2V4_140P7T30R)                  0.02       3.14 r
  u_cp/u_kvqd/U6537/ZN (NAND2V6_140P7T30R)                0.04       3.18 f
  u_cp/u_kvqd/U22670/ZN (OAI12V2_140P7T30R)               0.07       3.25 r
  u_cp/u_kvqd/U22671/ZN (XNOR2V2_140P7T30R)               0.02       3.28 f
  u_cp/u_kvqd/U22672/ZN (OAI22V1_140P7T30R)               0.03       3.31 r
  u_cp/u_kvqd/U770/CO (AD1V2_140P7T30R)                   0.04       3.35 r
  u_cp/u_kvqd/U22775/S (AD1V4_140P7T30R)                  0.05       3.39 f
  u_cp/u_kvqd/U1985/S (AD1V2_140P7T30R)                   0.05       3.44 r
  u_cp/u_kvqd/U1981/ZN (NAND2V2_140P7T30R)                0.02       3.46 f
  u_cp/u_kvqd/U1979/ZN (OAI12V2_140P7T30R)                0.02       3.48 r
  u_cp/u_kvqd/U22807/ZN (AOI12V2_140P7T30R)               0.01       3.49 f
  u_cp/u_kvqd/U22808/ZN (OAI12V2_140P7T30R)               0.01       3.51 r
  u_cp/u_kvqd/U6169/ZN (AOI12V2_140P7T30R)                0.01       3.52 f
  u_cp/u_kvqd/U22921/ZN (OAI12V2_140P7T30R)               0.02       3.54 r
  u_cp/u_kvqd/U22922/ZN (XNOR2V2_140P7T30R)               0.02       3.56 r
  u_cp/u_kvqd/U646/Z (BUFV8_140P7T30R)                    0.02       3.58 r
  u_cp/u_kvqd/U22960/ZN (MUX2NV2_140P7T30R)               0.02       3.60 r
  u_cp/u_kvqd/U22979/ZN (NAND4V1P5_140P7T30R)             0.02       3.62 f
  u_cp/u_kvqd/U6151/ZN (NOR2V2_140P7T30R)                 0.02       3.65 r
  u_cp/u_kvqd/U22981/ZN (AOI12V4_140P7T30R)               0.02       3.67 f
  u_cp/u_kvqd/U22982/ZN (NAND2XBV4_140P7T30R)             0.01       3.68 r
  u_cp/u_kvqd/U22983/ZN (CLKNAND2V4_140P7T30R)            0.02       3.70 f
  u_cp/u_kvqd/U23002/Z (XOR2V2_140P7T30R)                 0.03       3.73 f
  u_cp/u_kvqd/U6125/ZN (INV2_140P7T30R)                   0.01       3.75 r
  u_cp/u_kvqd/U1412/ZN (OAI12V4_140P7T30R)                0.03       3.77 f
  u_cp/u_kvqd/U378/ZN (NOR2V4_140P7T30R)                  0.04       3.81 r
  u_cp/u_kvqd/U23061/ZN (AOI12V2_140P7T30R)               0.02       3.83 f
  u_cp/u_kvqd/U23062/ZN (OAI12V2_140P7T30R)               0.01       3.84 r
  u_cp/u_kvqd/U6050/ZN (NOR2V2_140P7T30R)                 0.01       3.85 f
  u_cp/u_kvqd/U23181/ZN (MUX2NV2_140P7T30R)               0.02       3.87 r
  u_cp/u_kvqd/U23184/ZN (OAI222V2_140P7T30R)              0.03       3.90 f
  u_cp/u_kvqd/U10748/ZN (NAND2V2_140P7T30R)               0.01       3.91 r
  u_cp/u_kvqd/U373/Z (AND3V2_140P7T30R)                   0.03       3.94 r
  u_cp/u_kvqd/U23186/ZN (NAND2V2_140P7T30R)               0.01       3.95 f
  u_cp/u_kvqd/U23187/ZN (NOR2V2_140P7T30R)                0.01       3.96 r
  u_cp/u_kvqd/U23188/ZN (NAND2V2_140P7T30R)               0.01       3.97 f
  u_cp/u_kvqd/U615/ZN (AOI12V4_140P7T30R)                 0.01       3.99 r
  u_cp/u_kvqd/U2242/ZN (NAND2XBV2_140P7T30R)              0.02       4.01 r
  u_cp/u_kvqd/U372/ZN (INV10_140P7T30R)                   0.01       4.02 f
  u_cp/u_kvqd/U1967/ZN (INV6_140P7T30R)                   0.02       4.05 r
  u_cp/u_kvqd/U23219/ZN (OAI12V2_140P7T30R)               0.02       4.06 f
  u_cp/u_kvqd/U1965/ZN (NOR2V2_140P7T30R)                 0.02       4.08 r
  u_cp/u_kvqd/U23220/ZN (OAI12V2_140P7T30R)               0.02       4.10 f
  u_cp/u_kvqd/U23222/ZN (AOI12V2_140P7T30R)               0.02       4.12 r
  u_cp/u_kvqd/U23238/ZN (OAI12V2_140P7T30R)               0.02       4.14 f
  u_cp/u_kvqd/U5861/ZN (INV2_140P7T30R)                   0.03       4.17 r
  u_cp/u_kvqd/U23320/ZN (OAI12V2_140P7T30R)               0.02       4.19 f
  u_cp/u_kvqd/U23321/ZN (XNOR2V2_140P7T30R)               0.04       4.22 f
  u_cp/u_kvqd/U1959/Z (OR2V2_140P7T30R)                   0.03       4.25 f
  u_cp/u_kvqd/U1766/ZN (CLKNOR2V3_140P7T30R)              0.02       4.27 r
  u_cp/u_kvqd/U11979/ZN (NAND3V8_140P7T30R)               0.02       4.29 f
  u_cp/u_kvqd/U1764/ZN (CLKNOR2V3_140P7T30R)              0.01       4.30 r
  u_cp/u_kvqd/U2760/ZN (AOI12V2_140P7T30R)                0.01       4.31 f
  u_cp/u_kvqd/U5770/ZN (OAI12V2_140P7T30R)                0.01       4.32 r
  u_cp/u_kvqd/U23353/ZN (AOI12V2_140P7T30R)               0.01       4.33 f
  u_cp/u_kvqd/U9595/ZN (OAI112V2_140P7T30R)               0.02       4.35 r
  u_cp/u_kvqd/U618/Z (BUFV8_140P7T30R)                    0.02       4.37 r
  u_cp/u_kvqd/U23379/ZN (NAND3V4_140P7T30R)               0.02       4.39 f
  u_cp/u_kvqd/U23396/ZN (NOR2V4_140P7T30R)                0.04       4.43 r
  u_cp/u_kvqd/U2756/ZN (INV2_140P7T30R)                   0.04       4.47 f
  u_cp/u_kvqd/U23444/ZN (OAI22V4_140P7T30R)               0.09       4.56 r
  u_cp/u_kvqd/U23627/ZN (XNOR2V2_140P7T30R)               0.03       4.59 r
  u_cp/u_kvqd/U23628/ZN (OAI22V1_140P7T30R)               0.02       4.61 f
  u_cp/u_kvqd/U12538/S (AD1V2_140P7T30R)                  0.07       4.68 r
  u_cp/u_kvqd/U23671/S (AD1V4_140P7T30R)                  0.05       4.73 f
  u_cp/u_kvqd/U1748/S (AD1V2_140P7T30R)                   0.05       4.78 r
  u_cp/u_kvqd/U2487/S (AD1V2_140P7T30R)                   0.05       4.83 f
  u_cp/u_kvqd/U2198/Z (OR2V2_140P7T30R)                   0.02       4.85 f
  u_cp/u_kvqd/U23818/ZN (AOI12V2_140P7T30R)               0.01       4.86 r
  u_cp/u_kvqd/U23819/ZN (OAI12V2_140P7T30R)               0.01       4.87 f
  u_cp/u_kvqd/U23820/ZN (AOI12V2_140P7T30R)               0.02       4.89 r
  u_cp/u_kvqd/U23936/ZN (OAI12V2_140P7T30R)               0.02       4.92 f
  u_cp/u_kvqd/U603/ZN (AOI12V8_140P7T30R)                 0.03       4.94 r
  u_cp/u_kvqd/U5245/ZN (OAI12V4_140P7T30R)                0.01       4.96 f
  u_cp/u_kvqd/U24200/ZN (XNOR2V2_140P7T30R)               0.02       4.98 f
  u_cp/u_kvqd/U1937/Z (BUFV6_140P7T30R)                   0.02       5.00 f
  u_cp/u_kvqd/U24216/ZN (MUX2NV2_140P7T30R)               0.02       5.03 f
  u_cp/u_kvqd/U2137/ZN (INV2_140P7T30R)                   0.01       5.04 r
  u_cp/u_kvqd/U5206/ZN (NAND4V1P5_140P7T30R)              0.03       5.06 f
  u_cp/u_kvqd/U652/ZN (OAI12V4_140P7T30R)                 0.03       5.09 r
  u_cp/u_kvqd/U24225/ZN (NOR3V2_140P7T30R)                0.01       5.10 f
  u_cp/u_kvqd/U5176/ZN (INV2_140P7T30R)                   0.03       5.13 r
  u_cp/u_kvqd/U24437/ZN (OAI22V4_140P7T30R)               0.09       5.22 f
  u_cp/u_kvqd/U24438/ZN (XNOR2V2_140P7T30R)               0.05       5.27 f
  u_cp/u_kvqd/U24449/ZN (OAI22V1_140P7T30R)               0.04       5.30 r
  u_cp/u_kvqd/U1181/CO (AD1V2_140P7T30R)                  0.04       5.34 r
  u_cp/u_kvqd/U24468/S (AD1V4_140P7T30R)                  0.05       5.39 f
  u_cp/u_kvqd/U24473/S (AD1V4_140P7T30R)                  0.05       5.43 r
  u_cp/u_kvqd/U1173/ZN (CLKNOR2V3_140P7T30R)              0.01       5.45 f
  u_cp/u_kvqd/U1171/ZN (NOR2V2_140P7T30R)                 0.01       5.46 r
  u_cp/u_kvqd/U1694/ZN (NAND2V2_140P7T30R)                0.01       5.47 f
  u_cp/u_kvqd/U12945/ZN (NOR2V2_140P7T30R)                0.02       5.49 r
  u_cp/u_kvqd/U1159/ZN (AOI12V4_140P7T30R)                0.02       5.51 f
  u_cp/u_kvqd/U641/ZN (OAI12V4_140P7T30R)                 0.02       5.53 r
  u_cp/u_kvqd/U642/ZN (XNOR2V4_140P7T30R)                 0.03       5.56 r
  u_cp/u_kvqd/U1689/Z (BUFV6_140P7T30R)                   0.02       5.58 r
  u_cp/u_kvqd/U24505/ZN (MUX2NV2_140P7T30R)               0.01       5.60 f
  u_cp/u_kvqd/U4789/ZN (INV2_140P7T30R)                   0.01       5.61 r
  u_cp/u_kvqd/U24555/ZN (NAND4V1P5_140P7T30R)             0.02       5.63 f
  u_cp/u_kvqd/U2092/ZN (OAI112V2_140P7T30R)               0.03       5.66 r
  u_cp/u_kvqd/U24559/Z (AO1B2V4_140P7T30R)                0.02       5.67 f
  u_cp/u_kvqd/U24569/ZN (CLKNAND2V4_140P7T30R)            0.01       5.68 r
  u_cp/u_kvqd/U4762/ZN (INV2_140P7T30R)                   0.02       5.70 f
  u_cp/u_kvqd/U24570/ZN (NOR2V4_140P7T30R)                0.03       5.73 r
  u_cp/u_kvqd/U1007/ZN (INV6_140P7T30R)                   0.03       5.76 f
  u_cp/u_kvqd/U24614/ZN (AOI12V2_140P7T30R)               0.05       5.82 r
  u_cp/u_kvqd/U24615/ZN (CLKNAND2V4_140P7T30R)            0.02       5.84 f
  u_cp/u_kvqd/U24619/ZN (NOR2V4_140P7T30R)                0.03       5.87 r
  u_cp/u_kvqd/U2457/ZN (INV4_140P7T30R)                   0.02       5.90 f
  u_cp/u_kvqd/U879/Z (OA222V2_140P7T30R)                  0.04       5.94 f
  u_cp/u_kvqd/U4627/ZN (NAND2V2_140P7T30R)                0.01       5.95 r
  u_cp/u_kvqd/U4619/ZN (NOR2V2_140P7T30R)                 0.01       5.95 f
  u_cp/u_kvqd/U4606/ZN (NAND2V2_140P7T30R)                0.01       5.96 r
  u_cp/u_kvqd/U4596/ZN (NOR2V2_140P7T30R)                 0.01       5.97 f
  u_cp/u_kvqd/U604/ZN (NAND3BBV4_140P7T30R)               0.01       5.98 r
  u_cp/u_kvqd/U4581/ZN (OAI12V2_140P7T30R)                0.01       5.99 f
  u_cp/u_kvqd/U24755/ZN (NOR2V4_140P7T30R)                0.02       6.01 r
  u_cp/u_kvqd/U663/Z (BUFV12_140P7T30R)                   0.02       6.03 r
  u_cp/u_kvqd/U24777/ZN (NOR2V2_140P7T30R)                0.01       6.04 f
  u_cp/u_kvqd/U24778/Z (XOR2V2_140P7T30R)                 0.02       6.06 f
  u_cp/u_kvqd/U780/ZN (NOR2V2_140P7T30R)                  0.03       6.09 r
  u_cp/u_kvqd/U24781/ZN (OAI12V2_140P7T30R)               0.01       6.10 f
  u_cp/u_kvqd/U24782/ZN (AOI12V2_140P7T30R)               0.02       6.12 r
  u_cp/u_kvqd/U24783/ZN (OAI12V2_140P7T30R)               0.02       6.14 f
  u_cp/u_kvqd/U4495/ZN (INV2_140P7T30R)                   0.03       6.17 r
  u_cp/u_kvqd/U24871/ZN (OAI12V2_140P7T30R)               0.02       6.19 f
  u_cp/u_kvqd/U24872/ZN (XNOR2V2_140P7T30R)               0.04       6.23 f
  u_cp/u_kvqd/U2445/Z (OR2V2_140P7T30R)                   0.03       6.26 f
  u_cp/u_kvqd/U4461/ZN (CLKNOR2V3_140P7T30R)              0.01       6.27 r
  u_cp/u_kvqd/U24888/ZN (NAND3V4_140P7T30R)               0.02       6.29 f
  u_cp/u_kvqd/U226/ZN (NOR2V6_140P7T30R)                  0.02       6.31 r
  u_cp/u_kvqd/U2440/ZN (CLKNAND2V4_140P7T30R)             0.01       6.32 f
  u_cp/u_kvqd/U24907/ZN (OAI12V2_140P7T30R)               0.01       6.33 r
  u_cp/u_kvqd/U24908/ZN (AOI12V2_140P7T30R)               0.01       6.34 f
  u_cp/u_kvqd/U24909/ZN (OAI12V2_140P7T30R)               0.01       6.36 r
  u_cp/u_kvqd/U24910/ZN (AOI112V2_140P7T30R)              0.01       6.37 f
  u_cp/u_kvqd/U11471/ZN (OAI112V2_140P7T30R)              0.02       6.39 r
  u_cp/u_kvqd/U24913/Z (BUFV4_140P7T30R)                  0.03       6.42 r
  u_cp/u_kvqd/U2434/ZN (CLKNAND2V4_140P7T30R)             0.03       6.44 f
  u_cp/u_kvqd/U4335/ZN (INV2_140P7T30R)                   0.03       6.47 r
  u_cp/u_kvqd/U25009/ZN (AOI22V1_140P7T30R)               0.02       6.49 f
  u_cp/u_kvqd/U25010/ZN (NAND3V2_140P7T30R)               0.02       6.51 r
  u_cp/u_kvqd/U4310/ZN (INV2_140P7T30R)                   0.01       6.52 f
  u_cp/u_kvqd/U25029/ZN (MUX2NV2_140P7T30R)               0.02       6.53 r
  u_cp/u_kvqd/U25385/ZN (OAI22V1_140P7T30R)               0.01       6.55 f
  u_cp/u_kvqd/U25386/ZN (AOI12V2_140P7T30R)               0.02       6.57 r
  u_cp/u_kvqd/U25388/ZN (OAI112V2_140P7T30R)              0.02       6.58 f
  u_cp/u_kvqd/U25389/Z (BUFV4_140P7T30R)                  0.03       6.61 f
  u_cp/u_kvqd/U25390/ZN (XNOR2V2_140P7T30R)               0.03       6.64 f
  u_cp/u_kvqd/U25446/ZN (OAI22V1_140P7T30R)               0.03       6.68 r
  u_cp/u_kvqd/U12810/CO (AD1V2_140P7T30R)                 0.05       6.72 r
  u_cp/u_kvqd/U25466/CO (AD1V4_140P7T30R)                 0.03       6.75 r
  u_cp/u_kvqd/U25517/S (AD1V4_140P7T30R)                  0.05       6.80 f
  u_cp/u_kvqd/U866/S (AD1V2_140P7T30R)                    0.05       6.85 r
  u_cp/u_kvqd/U1053/S (AD1V2_140P7T30R)                   0.05       6.90 f
  u_cp/u_kvqd/U987/ZN (NOR2V2_140P7T30R)                  0.02       6.92 r
  u_cp/u_kvqd/U25476/ZN (OAI12V2_140P7T30R)               0.01       6.93 f
  u_cp/u_kvqd/U25477/ZN (AOI12V2_140P7T30R)               0.02       6.95 r
  u_cp/u_kvqd/U25478/ZN (OAI12V2_140P7T30R)               0.03       6.98 f
  u_cp/u_kvqd/U11995/ZN (AOI12V12_140P7T30R)              0.03       7.00 r
  u_cp/u_kvqd/U25729/ZN (OAI12V2_140P7T30R)               0.01       7.02 f
  u_cp/u_kvqd/U25730/ZN (XNOR2V2_140P7T30R)               0.02       7.04 f
  u_cp/u_kvqd/U640/Z (BUFV8_140P7T30R)                    0.02       7.06 f
  u_cp/u_kvqd/U25741/ZN (MUX2NV2_140P7T30R)               0.02       7.08 f
  u_cp/u_kvqd/U11535/ZN (NOR2V2_140P7T30R)                0.02       7.11 r
  u_cp/u_kvqd/U624/ZN (NAND4V6_140P7T30R)                 0.02       7.12 f
  u_cp/u_kvqd/U25751/ZN (AOI21BV4_140P7T30R)              0.03       7.15 r
  u_cp/u_kvqd/U3789/ZN (INV2_140P7T30R)                   0.01       7.16 f
  u_cp/u_kvqd/U25752/ZN (OAI12V2_140P7T30R)               0.01       7.18 r
  u_cp/u_kvqd/U2645/Z (AND2V2_140P7T30R)                  0.02       7.20 r
  u_cp/u_kvqd/U3782/ZN (INV2_140P7T30R)                   0.02       7.22 f
  u_cp/u_kvqd/U26428/ZN (OAI12V2_140P7T30R)               0.02       7.24 r
  u_cp/u_kvqd/U3775/Z (OR2V2_140P7T30R)                   0.02       7.26 r
  u_cp/u_kvqd/U3765/CO (AD1V2_140P7T30R)                  0.03       7.29 r
  u_cp/u_kvqd/U3752/CO (AD1V2_140P7T30R)                  0.03       7.32 r
  u_cp/u_kvqd/U1217/CO (AD1V2_140P7T30R)                  0.03       7.35 r
  u_cp/u_kvqd/U1047/CO (AD1V2_140P7T30R)                  0.03       7.38 r
  u_cp/u_kvqd/U844/CO (AD1V2_140P7T30R)                   0.03       7.42 r
  u_cp/u_kvqd/U26431/CO (AD1V4_140P7T30R)                 0.03       7.44 r
  u_cp/u_kvqd/U2043/S (AD1V2_140P7T30R)                   0.05       7.49 f
  u_cp/u_kvqd/U27371/CO (ADH1V2_140P7T30R)                0.02       7.51 f
  u_cp/u_kvqd/U3654/CO (ADH1V2_140P7T30R)                 0.02       7.53 f
  u_cp/u_kvqd/U26432/Z (XOR2V2_140P7T30R)                 0.02       7.55 f
  u_cp/u_kvqd/U27359/ZN (MUX2NV2_140P7T30R)               0.02       7.57 r
  u_cp/u_kvqd/U3579/Z (AND2V2_140P7T30R)                  0.02       7.60 r
  u_cp/u_kvqd/U27385/ZN (OAI12V2_140P7T30R)               0.02       7.62 f
  u_cp/u_kvqd/U1472/ZN (NOR2V2_140P7T30R)                 0.02       7.64 r
  u_cp/u_kvqd/U1624/ZN (NAND2XBV2_140P7T30R)              0.02       7.65 f
  u_cp/u_kvqd/U2394/Z (AND2V6_140P7T30R)                  0.03       7.68 f
  u_cp/u_kvqd/U3488/ZN (INV6_140P7T30R)                   0.02       7.70 r
  u_cp/u_kvqd/U9152/ZN (NAND2XBV2_140P7T30R)              0.02       7.72 r
  u_cp/u_kvqd/U3444/ZN (INV2_140P7T30R)                   0.02       7.74 f
  u_cp/u_kvqd/U10131/ZN (NAND2V2_140P7T30R)               0.01       7.76 r
  u_cp/u_kvqd/U27446/ZN (NAND4V1P5_140P7T30R)             0.04       7.79 f
  u_cp/u_kvqd/U27447/ZN (MUX2NV2_140P7T30R)               0.03       7.82 r
  u_cp/u_kvqd/U3259/ZN (NAND2V2_140P7T30R)                0.02       7.84 f
  u_cp/u_kvqd/U11989/ZN (AOI12V4_140P7T30R)               0.02       7.86 r
  u_cp/u_kvqd/U9227/ZN (NOR2V2_140P7T30R)                 0.01       7.87 f
  u_cp/u_kvqd/U3204/ZN (NAND3V2_140P7T30R)                0.01       7.88 r
  u_cp/u_kvqd/U3188/ZN (NAND2V2_140P7T30R)                0.02       7.89 f
  u_cp/u_kvqd/U27617/ZN (CLKNAND2V4_140P7T30R)            0.02       7.91 r
  u_cp/u_kvqd/U3182/ZN (INV2_140P7T30R)                   0.03       7.94 f
  u_cp/u_kvqd/U27727/ZN (MUX2NV2_140P7T30R)               0.03       7.96 r
  u_cp/u_kvqd/U27728/ZN (OAI12V2_140P7T30R)               0.02       7.98 f
  u_cp/u_kvqd/U3165/ZN (INV2_140P7T30R)                   0.01       8.00 r
  u_cp/u_kvqd/U3129/ZN (NAND2V2_140P7T30R)                0.01       8.01 f
  u_cp/u_kvqd/U3126/ZN (INV2_140P7T30R)                   0.01       8.03 r
  u_cp/u_kvqd/U3103/ZN (NAND2V2_140P7T30R)                0.02       8.04 f
  u_cp/u_kvqd/U3095/ZN (CLKNOR2V3_140P7T30R)              0.01       8.06 r
  u_cp/u_kvqd/U3070/Z (AND2V2_140P7T30R)                  0.02       8.08 r
  u_cp/u_kvqd/U27888/CO (ADH1V2_140P7T30R)                0.03       8.10 r
  u_cp/u_kvqd/U27820/CO (ADH1V2_140P7T30R)                0.03       8.13 r
  u_cp/u_kvqd/U27818/CO (ADH1V2_140P7T30R)                0.03       8.16 r
  u_cp/u_kvqd/U3001/Z (AND2V2_140P7T30R)                  0.02       8.18 r
  u_cp/u_kvqd/U27828/CO (ADH1V4_140P7T30R)                0.02       8.20 r
  u_cp/u_kvqd/U2596/ZN (NAND2V2_140P7T30R)                0.01       8.22 f
  u_cp/u_kvqd/U2595/ZN (NOR2V2_140P7T30R)                 0.02       8.24 r
  u_cp/u_kvqd/U2982/ZN (NAND2V2_140P7T30R)                0.02       8.25 f
  u_cp/u_kvqd/U12383/Z (OR2V2_140P7T30R)                  0.03       8.28 f
  u_cp/u_kvqd/U13186/ZN (NOR2V2_140P7T30R)                0.02       8.30 r
  u_cp/u_kvqd/U2975/ZN (NAND2V2_140P7T30R)                0.02       8.31 f
  u_cp/u_kvqd/U12384/Z (OR2V2_140P7T30R)                  0.03       8.34 f
  u_cp/u_kvqd/U1067/ZN (NOR2V2_140P7T30R)                 0.02       8.36 r
  u_cp/u_kvqd/U1620/ZN (NAND2V2_140P7T30R)                0.02       8.37 f
  u_cp/u_kvqd/U2390/ZN (CLKNOR2V3_140P7T30R)              0.02       8.39 r
  u_cp/u_kvqd/U27840/ZN (CLKNAND2V4_140P7T30R)            0.02       8.41 f
  u_cp/u_kvqd/U1619/ZN (NOR2V8_140P7T30R)                 0.02       8.42 r
  u_cp/u_kvqd/U970/ZN (NAND2V2_140P7T30R)                 0.01       8.44 f
  u_cp/u_kvqd/U27861/Z (XOR2V2_140P7T30R)                 0.01       8.45 r
  u_cp/u_kvqd/U27862/ZN (AOI22V1_140P7T30R)               0.02       8.47 f
  u_cp/u_kvqd/U10865/ZN (NOR4XXBBV2_140P7T30R)            0.03       8.49 r
  u_cp/u_kvqd/U27874/ZN (NAND4V1P5_140P7T30R)             0.02       8.51 f
  u_cp/u_kvqd/U27914/ZN (AOI12V2_140P7T30R)               0.02       8.53 r
  u_cp/u_kvqd/U27919/ZN (NOR2V4_140P7T30R)                0.01       8.54 f
  u_cp/u_kvqd/U32425/Z (OA12V2_140P7T30R)                 0.02       8.56 f
  u_cp/u_kvqd/U32426/ZN (OAI112V2_140P7T30R)              0.01       8.57 r
  u_cp/u_kvqd/wr_data[2] (kv_quantdequant)                0.00       8.57 r
  u_cp/U8843/Z (AO1B2V2_140P7T30R)                        0.02       8.59 r
  u_cp/mem_wr_data[2] (command_processor_NINST4096_MAX_VEC128)     0.00     8.59 r
  hbm_wdata[2] (out)                                      0.00       8.59 r
  data arrival time                                                  8.59

  clock clk (rise edge)                                   1.00       1.00
  clock network delay (ideal)                             0.00       1.00
  output external delay                                   0.00       1.00
  data required time                                                 1.00
  --------------------------------------------------------------------------
  data required time                                                 1.00
  data arrival time                                                 -8.59
  --------------------------------------------------------------------------
  slack (VIOLATED)                                                  -7.59


  Startpoint: u_cp/u_kvqd/s_bits_reg[2]
              (rising edge-triggered flip-flop clocked by clk)
  Endpoint: hbm_wdata[1]
            (output port clocked by clk)
  Path Group: clk
  Path Type: max

  Point                                                   Incr       Path
  --------------------------------------------------------------------------
  clock clk (rise edge)                                   0.00       0.00
  clock network delay (ideal)                             0.00       0.00
  u_cp/u_kvqd/s_bits_reg[2]/CK (DQV2_140P7T30R)           0.00 #     0.00 r
  u_cp/u_kvqd/s_bits_reg[2]/Q (DQV2_140P7T30R)            0.05       0.05 r
  u_cp/u_kvqd/U731/ZN (XNOR2V4_140P7T30R)                 0.03       0.08 r
  u_cp/u_kvqd/U2009/Z (BUFV12_140P7T30R)                  0.06       0.13 r
  u_cp/u_kvqd/U760/ZN (OAI22V1_140P7T30R)                 0.04       0.17 f
  u_cp/u_kvqd/U9078/CO (AD1V2_140P7T30R)                  0.04       0.22 f
  u_cp/u_kvqd/U9053/S (AD1V2_140P7T30R)                   0.05       0.27 r
  u_cp/u_kvqd/U9051/S (AD1V2_140P7T30R)                   0.05       0.31 f
  u_cp/u_kvqd/U9018/ZN (NAND2V2_140P7T30R)                0.01       0.33 r
  u_cp/u_kvqd/U8995/ZN (OAI12V2_140P7T30R)                0.02       0.35 f
  u_cp/u_kvqd/U10949/Z (AO1B2V2_140P7T30R)                0.02       0.37 f
  u_cp/u_kvqd/U636/Z (AO12V4_140P7T30R)                   0.03       0.40 f
  u_cp/u_kvqd/U572/Z (CLKXOR2V6_140P7T30R)                0.02       0.42 f
  u_cp/u_kvqd/U739/ZN (NAND2V6_140P7T30R)                 0.01       0.43 r
  u_cp/u_kvqd/U2373/ZN (NAND2V2_140P7T30R)                0.02       0.45 f
  u_cp/u_kvqd/U13963/ZN (INV4_140P7T30R)                  0.02       0.47 r
  u_cp/u_kvqd/U9423/ZN (MUX2NV2_140P7T30R)                0.02       0.49 r
  u_cp/u_kvqd/U14047/ZN (AOI22V1_140P7T30R)               0.02       0.51 f
  u_cp/u_kvqd/U2882/Z (AND2V2_140P7T30R)                  0.02       0.53 f
  u_cp/u_kvqd/U14048/ZN (XNOR2V2_140P7T30R)               0.03       0.56 f
  u_cp/u_kvqd/U8887/ZN (INV2_140P7T30R)                   0.02       0.57 r
  u_cp/u_kvqd/U14049/ZN (NOR2V2_140P7T30R)                0.01       0.58 f
  u_cp/u_kvqd/U2869/ZN (INV2_140P7T30R)                   0.01       0.59 r
  u_cp/u_kvqd/U21073/ZN (OAI12V2_140P7T30R)               0.01       0.60 f
  u_cp/u_kvqd/U1867/ZN (NOR2V2_140P7T30R)                 0.02       0.63 r
  u_cp/u_kvqd/U2868/ZN (INV4_140P7T30R)                   0.01       0.64 f
  u_cp/u_kvqd/U21128/ZN (XNOR2V2_140P7T30R)               0.02       0.66 f
  u_cp/u_kvqd/U21129/ZN (OAI22V1_140P7T30R)               0.04       0.70 r
  u_cp/u_kvqd/U11943/S (AD1V2_140P7T30R)                  0.05       0.76 f
  u_cp/u_kvqd/U8638/S (AD1V2_140P7T30R)                   0.05       0.81 r
  u_cp/u_kvqd/U8542/S (AD1V2_140P7T30R)                   0.05       0.85 f
  u_cp/u_kvqd/U8493/ZN (NOR2V2_140P7T30R)                 0.02       0.87 r
  u_cp/u_kvqd/U8474/ZN (OAI12V2_140P7T30R)                0.02       0.89 f
  u_cp/u_kvqd/U21150/ZN (AOI12V2_140P7T30R)               0.02       0.90 r
  u_cp/u_kvqd/U21151/ZN (OAI12V2_140P7T30R)               0.01       0.92 f
  u_cp/u_kvqd/U8398/ZN (AOI12V2_140P7T30R)                0.02       0.94 r
  u_cp/u_kvqd/U21186/ZN (OAI12V2_140P7T30R)               0.02       0.96 f
  u_cp/u_kvqd/U8376/ZN (XNOR2V4_140P7T30R)                0.04       1.00 f
  u_cp/u_kvqd/U21199/ZN (MUX2NV2_140P7T30R)               0.03       1.03 f
  u_cp/u_kvqd/U21200/ZN (NAND4V1P5_140P7T30R)             0.02       1.06 r
  u_cp/u_kvqd/U527/ZN (OAI12V4_140P7T30R)                 0.02       1.07 f
  u_cp/u_kvqd/U526/ZN (NOR2V4_140P7T30R)                  0.02       1.09 r
  u_cp/u_kvqd/U21217/ZN (CLKNAND2V4_140P7T30R)            0.04       1.13 f
  u_cp/u_kvqd/U471/ZN (OAI22V1_140P7T30R)                 0.10       1.23 r
  u_cp/u_kvqd/U21247/ZN (OAI22V1_140P7T30R)               0.03       1.26 f
  u_cp/u_kvqd/U8330/CO (ADH1V2_140P7T30R)                 0.03       1.28 f
  u_cp/u_kvqd/U8306/CO (AD1V2_140P7T30R)                  0.03       1.32 f
  u_cp/u_kvqd/U8222/S (AD1V2_140P7T30R)                   0.05       1.37 r
  u_cp/u_kvqd/U8187/S (AD1V2_140P7T30R)                   0.05       1.41 f
  u_cp/u_kvqd/U8154/ZN (NAND2V2_140P7T30R)                0.01       1.43 r
  u_cp/u_kvqd/U21308/ZN (OAI12V2_140P7T30R)               0.01       1.44 f
  u_cp/u_kvqd/U7958/ZN (AOI12V2_140P7T30R)                0.02       1.46 r
  u_cp/u_kvqd/U7923/ZN (OAI12V2_140P7T30R)                0.02       1.48 f
  u_cp/u_kvqd/U7908/ZN (AOI12V4_140P7T30R)                0.03       1.51 r
  u_cp/u_kvqd/U627/ZN (OAI12V6_140P7T30R)                 0.01       1.52 f
  u_cp/u_kvqd/U7894/ZN (XNOR2V4_140P7T30R)                0.04       1.57 f
  u_cp/u_kvqd/U21460/ZN (MUX2NV2_140P7T30R)               0.03       1.60 f
  u_cp/u_kvqd/U21485/ZN (NAND4V1P5_140P7T30R)             0.02       1.62 r
  u_cp/u_kvqd/U21493/ZN (OAI12V2_140P7T30R)               0.02       1.64 f
  u_cp/u_kvqd/U2846/ZN (AOI12V4_140P7T30R)                0.02       1.66 r
  u_cp/u_kvqd/U662/Z (BUFV6_140P7T30R)                    0.02       1.67 r
  u_cp/u_kvqd/U21494/ZN (CLKNAND2V4_140P7T30R)            0.02       1.69 f
  u_cp/u_kvqd/U21511/Z (XOR2V2_140P7T30R)                 0.03       1.72 f
  u_cp/u_kvqd/U7831/ZN (NAND2V2_140P7T30R)                0.02       1.74 r
  u_cp/u_kvqd/U21512/ZN (CLKNAND2V4_140P7T30R)            0.02       1.76 f
  u_cp/u_kvqd/U605/ZN (INV2M_140P7T30R)                   0.02       1.78 r
  u_cp/u_kvqd/U21554/ZN (CLKNAND2V4_140P7T30R)            0.03       1.81 f
  u_cp/u_kvqd/U21606/ZN (OAI12V2_140P7T30R)               0.03       1.84 r
  u_cp/u_kvqd/U7764/ZN (INV2_140P7T30R)                   0.01       1.85 f
  u_cp/u_kvqd/U21609/ZN (MUX2NV2_140P7T30R)               0.02       1.87 r
  u_cp/u_kvqd/U12720/ZN (NAND2XBV2_140P7T30R)             0.02       1.89 r
  u_cp/u_kvqd/U7730/Z (OA112V2_140P7T30R)                 0.03       1.92 r
  u_cp/u_kvqd/U21610/ZN (INV2_140P7T30R)                  0.01       1.93 f
  u_cp/u_kvqd/U7708/ZN (NOR2V2_140P7T30R)                 0.01       1.94 r
  u_cp/u_kvqd/U11503/ZN (NAND2V2_140P7T30R)               0.01       1.95 f
  u_cp/u_kvqd/U12979/ZN (NOR2V2_140P7T30R)                0.01       1.96 r
  u_cp/u_kvqd/U21689/ZN (NAND2V2_140P7T30R)               0.01       1.97 f
  u_cp/u_kvqd/U21693/ZN (OAI12V2_140P7T30R)               0.02       1.99 r
  u_cp/u_kvqd/U7660/Z (BUFV6_140P7T30R)                   0.03       2.02 r
  u_cp/u_kvqd/U660/ZN (CLKNAND2V16_140P7T30R)             0.03       2.04 f
  u_cp/u_kvqd/U21726/Z (XOR2V2_140P7T30R)                 0.03       2.07 f
  u_cp/u_kvqd/U7612/ZN (NOR2V2_140P7T30R)                 0.02       2.09 r
  u_cp/u_kvqd/U21745/ZN (OAI12V2_140P7T30R)               0.02       2.11 f
  u_cp/u_kvqd/U21747/ZN (AOI12V2_140P7T30R)               0.02       2.13 r
  u_cp/u_kvqd/U21750/ZN (OAI12V2_140P7T30R)               0.02       2.15 f
  u_cp/u_kvqd/U620/ZN (AOI12V6_140P7T30R)                 0.03       2.17 r
  u_cp/u_kvqd/U21794/ZN (OAI12V2_140P7T30R)               0.01       2.19 f
  u_cp/u_kvqd/U21795/ZN (XNOR2V2_140P7T30R)               0.03       2.22 f
  u_cp/u_kvqd/U7444/Z (OR2V2_140P7T30R)                   0.03       2.25 f
  u_cp/u_kvqd/U444/ZN (NOR2V2_140P7T30R)                  0.02       2.27 r
  u_cp/u_kvqd/U1851/ZN (CLKNAND2V4_140P7T30R)             0.02       2.29 f
  u_cp/u_kvqd/U621/ZN (NOR2V6_140P7T30R)                  0.01       2.30 r
  u_cp/u_kvqd/U2334/ZN (CLKNAND2V4_140P7T30R)             0.02       2.32 f
  u_cp/u_kvqd/U7387/ZN (CLKNOR2V3_140P7T30R)              0.02       2.33 r
  u_cp/u_kvqd/U655/ZN (NAND3V4_140P7T30R)                 0.01       2.35 f
  u_cp/u_kvqd/U2838/ZN (OAI112V2_140P7T30R)               0.01       2.36 r
  u_cp/u_kvqd/U21834/ZN (AOI112V2_140P7T30R)              0.02       2.38 f
  u_cp/u_kvqd/U7381/ZN (OAI12V6_140P7T30R)                0.03       2.41 r
  u_cp/u_kvqd/U21873/Z (OR2V4_140P7T30R)                  0.03       2.44 r
  u_cp/u_kvqd/U7370/ZN (INV2_140P7T30R)                   0.01       2.45 f
  u_cp/u_kvqd/U21909/ZN (AOI22V1_140P7T30R)               0.01       2.46 r
  u_cp/u_kvqd/U21910/ZN (NAND3V2_140P7T30R)               0.02       2.48 f
  u_cp/u_kvqd/U21911/ZN (MUX2NV2_140P7T30R)               0.03       2.51 r
  u_cp/u_kvqd/U22311/ZN (OAI112V2_140P7T30R)              0.02       2.53 f
  u_cp/u_kvqd/U22312/ZN (AOI22V1_140P7T30R)               0.02       2.55 r
  u_cp/u_kvqd/U22313/ZN (AOI12V2_140P7T30R)               0.02       2.56 f
  u_cp/u_kvqd/U1548/Z (BUFV4_140P7T30R)                   0.03       2.59 f
  u_cp/u_kvqd/U22400/ZN (XNOR2V2_140P7T30R)               0.03       2.62 f
  u_cp/u_kvqd/U22408/ZN (OAI22V1_140P7T30R)               0.03       2.65 r
  u_cp/u_kvqd/U10267/CO (AD1V2_140P7T30R)                 0.04       2.69 r
  u_cp/u_kvqd/U12489/CO (AD1V2_140P7T30R)                 0.04       2.73 r
  u_cp/u_kvqd/U6936/CO (AD1V2_140P7T30R)                  0.03       2.77 r
  u_cp/u_kvqd/U6919/CO (AD1V2_140P7T30R)                  0.03       2.80 r
  u_cp/u_kvqd/U22507/S (AD1V4_140P7T30R)                  0.05       2.85 f
  u_cp/u_kvqd/U1834/S (AD1V2_140P7T30R)                   0.05       2.89 r
  u_cp/u_kvqd/U1426/ZN (NOR2V2_140P7T30R)                 0.01       2.90 f
  u_cp/u_kvqd/U1424/ZN (NOR2V2_140P7T30R)                 0.02       2.93 r
  u_cp/u_kvqd/U6630/ZN (NAND2V2_140P7T30R)                0.02       2.95 f
  u_cp/u_kvqd/U6622/ZN (NOR2V2_140P7T30R)                 0.03       2.98 r
  u_cp/u_kvqd/U525/ZN (AOI12V8_140P7T30R)                 0.02       3.00 f
  u_cp/u_kvqd/U524/ZN (OAI12V4_140P7T30R)                 0.02       3.01 r
  u_cp/u_kvqd/U6599/ZN (XNOR2V4_140P7T30R)                0.04       3.05 r
  u_cp/u_kvqd/U22620/ZN (MUX2NV2_140P7T30R)               0.03       3.07 r
  u_cp/u_kvqd/U6572/ZN (INV2_140P7T30R)                   0.01       3.08 f
  u_cp/u_kvqd/U22625/ZN (NAND4V1P5_140P7T30R)             0.01       3.10 r
  u_cp/u_kvqd/U22628/ZN (OAI112V2_140P7T30R)              0.02       3.12 f
  u_cp/u_kvqd/U658/ZN (NOR2V4_140P7T30R)                  0.02       3.14 r
  u_cp/u_kvqd/U6537/ZN (NAND2V6_140P7T30R)                0.04       3.18 f
  u_cp/u_kvqd/U22670/ZN (OAI12V2_140P7T30R)               0.07       3.25 r
  u_cp/u_kvqd/U22671/ZN (XNOR2V2_140P7T30R)               0.02       3.28 f
  u_cp/u_kvqd/U22672/ZN (OAI22V1_140P7T30R)               0.03       3.31 r
  u_cp/u_kvqd/U770/CO (AD1V2_140P7T30R)                   0.04       3.35 r
  u_cp/u_kvqd/U22775/S (AD1V4_140P7T30R)                  0.05       3.39 f
  u_cp/u_kvqd/U1985/S (AD1V2_140P7T30R)                   0.05       3.44 r
  u_cp/u_kvqd/U1981/ZN (NAND2V2_140P7T30R)                0.02       3.46 f
  u_cp/u_kvqd/U1979/ZN (OAI12V2_140P7T30R)                0.02       3.48 r
  u_cp/u_kvqd/U22807/ZN (AOI12V2_140P7T30R)               0.01       3.49 f
  u_cp/u_kvqd/U22808/ZN (OAI12V2_140P7T30R)               0.01       3.51 r
  u_cp/u_kvqd/U6169/ZN (AOI12V2_140P7T30R)                0.01       3.52 f
  u_cp/u_kvqd/U22921/ZN (OAI12V2_140P7T30R)               0.02       3.54 r
  u_cp/u_kvqd/U22922/ZN (XNOR2V2_140P7T30R)               0.02       3.56 r
  u_cp/u_kvqd/U646/Z (BUFV8_140P7T30R)                    0.02       3.58 r
  u_cp/u_kvqd/U22960/ZN (MUX2NV2_140P7T30R)               0.02       3.60 r
  u_cp/u_kvqd/U22979/ZN (NAND4V1P5_140P7T30R)             0.02       3.62 f
  u_cp/u_kvqd/U6151/ZN (NOR2V2_140P7T30R)                 0.02       3.65 r
  u_cp/u_kvqd/U22981/ZN (AOI12V4_140P7T30R)               0.02       3.67 f
  u_cp/u_kvqd/U22982/ZN (NAND2XBV4_140P7T30R)             0.01       3.68 r
  u_cp/u_kvqd/U22983/ZN (CLKNAND2V4_140P7T30R)            0.02       3.70 f
  u_cp/u_kvqd/U23002/Z (XOR2V2_140P7T30R)                 0.03       3.73 f
  u_cp/u_kvqd/U6125/ZN (INV2_140P7T30R)                   0.01       3.75 r
  u_cp/u_kvqd/U1412/ZN (OAI12V4_140P7T30R)                0.03       3.77 f
  u_cp/u_kvqd/U378/ZN (NOR2V4_140P7T30R)                  0.04       3.81 r
  u_cp/u_kvqd/U23061/ZN (AOI12V2_140P7T30R)               0.02       3.83 f
  u_cp/u_kvqd/U23062/ZN (OAI12V2_140P7T30R)               0.01       3.84 r
  u_cp/u_kvqd/U6050/ZN (NOR2V2_140P7T30R)                 0.01       3.85 f
  u_cp/u_kvqd/U23181/ZN (MUX2NV2_140P7T30R)               0.02       3.87 r
  u_cp/u_kvqd/U23184/ZN (OAI222V2_140P7T30R)              0.03       3.90 f
  u_cp/u_kvqd/U10748/ZN (NAND2V2_140P7T30R)               0.01       3.91 r
  u_cp/u_kvqd/U373/Z (AND3V2_140P7T30R)                   0.03       3.94 r
  u_cp/u_kvqd/U23186/ZN (NAND2V2_140P7T30R)               0.01       3.95 f
  u_cp/u_kvqd/U23187/ZN (NOR2V2_140P7T30R)                0.01       3.96 r
  u_cp/u_kvqd/U23188/ZN (NAND2V2_140P7T30R)               0.01       3.97 f
  u_cp/u_kvqd/U615/ZN (AOI12V4_140P7T30R)                 0.01       3.99 r
  u_cp/u_kvqd/U2242/ZN (NAND2XBV2_140P7T30R)              0.02       4.01 r
  u_cp/u_kvqd/U372/ZN (INV10_140P7T30R)                   0.01       4.02 f
  u_cp/u_kvqd/U1967/ZN (INV6_140P7T30R)                   0.02       4.05 r
  u_cp/u_kvqd/U23219/ZN (OAI12V2_140P7T30R)               0.02       4.06 f
  u_cp/u_kvqd/U1965/ZN (NOR2V2_140P7T30R)                 0.02       4.08 r
  u_cp/u_kvqd/U23220/ZN (OAI12V2_140P7T30R)               0.02       4.10 f
  u_cp/u_kvqd/U23222/ZN (AOI12V2_140P7T30R)               0.02       4.12 r
  u_cp/u_kvqd/U23238/ZN (OAI12V2_140P7T30R)               0.02       4.14 f
  u_cp/u_kvqd/U5861/ZN (INV2_140P7T30R)                   0.03       4.17 r
  u_cp/u_kvqd/U23320/ZN (OAI12V2_140P7T30R)               0.02       4.19 f
  u_cp/u_kvqd/U23321/ZN (XNOR2V2_140P7T30R)               0.04       4.22 f
  u_cp/u_kvqd/U1959/Z (OR2V2_140P7T30R)                   0.03       4.25 f
  u_cp/u_kvqd/U1766/ZN (CLKNOR2V3_140P7T30R)              0.02       4.27 r
  u_cp/u_kvqd/U11979/ZN (NAND3V8_140P7T30R)               0.02       4.29 f
  u_cp/u_kvqd/U1764/ZN (CLKNOR2V3_140P7T30R)              0.01       4.30 r
  u_cp/u_kvqd/U2760/ZN (AOI12V2_140P7T30R)                0.01       4.31 f
  u_cp/u_kvqd/U5770/ZN (OAI12V2_140P7T30R)                0.01       4.32 r
  u_cp/u_kvqd/U23353/ZN (AOI12V2_140P7T30R)               0.01       4.33 f
  u_cp/u_kvqd/U9595/ZN (OAI112V2_140P7T30R)               0.02       4.35 r
  u_cp/u_kvqd/U618/Z (BUFV8_140P7T30R)                    0.02       4.37 r
  u_cp/u_kvqd/U23379/ZN (NAND3V4_140P7T30R)               0.02       4.39 f
  u_cp/u_kvqd/U23396/ZN (NOR2V4_140P7T30R)                0.04       4.43 r
  u_cp/u_kvqd/U2756/ZN (INV2_140P7T30R)                   0.04       4.47 f
  u_cp/u_kvqd/U23444/ZN (OAI22V4_140P7T30R)               0.09       4.56 r
  u_cp/u_kvqd/U23627/ZN (XNOR2V2_140P7T30R)               0.03       4.59 r
  u_cp/u_kvqd/U23628/ZN (OAI22V1_140P7T30R)               0.02       4.61 f
  u_cp/u_kvqd/U12538/S (AD1V2_140P7T30R)                  0.07       4.68 r
  u_cp/u_kvqd/U23671/S (AD1V4_140P7T30R)                  0.05       4.73 f
  u_cp/u_kvqd/U1748/S (AD1V2_140P7T30R)                   0.05       4.78 r
  u_cp/u_kvqd/U2487/S (AD1V2_140P7T30R)                   0.05       4.83 f
  u_cp/u_kvqd/U2198/Z (OR2V2_140P7T30R)                   0.02       4.85 f
  u_cp/u_kvqd/U23818/ZN (AOI12V2_140P7T30R)               0.01       4.86 r
  u_cp/u_kvqd/U23819/ZN (OAI12V2_140P7T30R)               0.01       4.87 f
  u_cp/u_kvqd/U23820/ZN (AOI12V2_140P7T30R)               0.02       4.89 r
  u_cp/u_kvqd/U23936/ZN (OAI12V2_140P7T30R)               0.02       4.92 f
  u_cp/u_kvqd/U603/ZN (AOI12V8_140P7T30R)                 0.03       4.94 r
  u_cp/u_kvqd/U5245/ZN (OAI12V4_140P7T30R)                0.01       4.96 f
  u_cp/u_kvqd/U24200/ZN (XNOR2V2_140P7T30R)               0.02       4.98 f
  u_cp/u_kvqd/U1937/Z (BUFV6_140P7T30R)                   0.02       5.00 f
  u_cp/u_kvqd/U24216/ZN (MUX2NV2_140P7T30R)               0.02       5.03 f
  u_cp/u_kvqd/U2137/ZN (INV2_140P7T30R)                   0.01       5.04 r
  u_cp/u_kvqd/U5206/ZN (NAND4V1P5_140P7T30R)              0.03       5.06 f
  u_cp/u_kvqd/U652/ZN (OAI12V4_140P7T30R)                 0.03       5.09 r
  u_cp/u_kvqd/U24225/ZN (NOR3V2_140P7T30R)                0.01       5.10 f
  u_cp/u_kvqd/U5176/ZN (INV2_140P7T30R)                   0.03       5.13 r
  u_cp/u_kvqd/U24437/ZN (OAI22V4_140P7T30R)               0.09       5.22 f
  u_cp/u_kvqd/U24438/ZN (XNOR2V2_140P7T30R)               0.05       5.27 f
  u_cp/u_kvqd/U24449/ZN (OAI22V1_140P7T30R)               0.04       5.30 r
  u_cp/u_kvqd/U1181/CO (AD1V2_140P7T30R)                  0.04       5.34 r
  u_cp/u_kvqd/U24468/S (AD1V4_140P7T30R)                  0.05       5.39 f
  u_cp/u_kvqd/U24473/S (AD1V4_140P7T30R)                  0.05       5.43 r
  u_cp/u_kvqd/U1173/ZN (CLKNOR2V3_140P7T30R)              0.01       5.45 f
  u_cp/u_kvqd/U1171/ZN (NOR2V2_140P7T30R)                 0.01       5.46 r
  u_cp/u_kvqd/U1694/ZN (NAND2V2_140P7T30R)                0.01       5.47 f
  u_cp/u_kvqd/U12945/ZN (NOR2V2_140P7T30R)                0.02       5.49 r
  u_cp/u_kvqd/U1159/ZN (AOI12V4_140P7T30R)                0.02       5.51 f
  u_cp/u_kvqd/U641/ZN (OAI12V4_140P7T30R)                 0.02       5.53 r
  u_cp/u_kvqd/U642/ZN (XNOR2V4_140P7T30R)                 0.03       5.56 r
  u_cp/u_kvqd/U1689/Z (BUFV6_140P7T30R)                   0.02       5.58 r
  u_cp/u_kvqd/U24505/ZN (MUX2NV2_140P7T30R)               0.01       5.60 f
  u_cp/u_kvqd/U4789/ZN (INV2_140P7T30R)                   0.01       5.61 r
  u_cp/u_kvqd/U24555/ZN (NAND4V1P5_140P7T30R)             0.02       5.63 f
  u_cp/u_kvqd/U2092/ZN (OAI112V2_140P7T30R)               0.03       5.66 r
  u_cp/u_kvqd/U24559/Z (AO1B2V4_140P7T30R)                0.02       5.67 f
  u_cp/u_kvqd/U24569/ZN (CLKNAND2V4_140P7T30R)            0.01       5.68 r
  u_cp/u_kvqd/U4762/ZN (INV2_140P7T30R)                   0.02       5.70 f
  u_cp/u_kvqd/U24570/ZN (NOR2V4_140P7T30R)                0.03       5.73 r
  u_cp/u_kvqd/U1007/ZN (INV6_140P7T30R)                   0.03       5.76 f
  u_cp/u_kvqd/U24614/ZN (AOI12V2_140P7T30R)               0.05       5.82 r
  u_cp/u_kvqd/U24615/ZN (CLKNAND2V4_140P7T30R)            0.02       5.84 f
  u_cp/u_kvqd/U24619/ZN (NOR2V4_140P7T30R)                0.03       5.87 r
  u_cp/u_kvqd/U2457/ZN (INV4_140P7T30R)                   0.02       5.90 f
  u_cp/u_kvqd/U879/Z (OA222V2_140P7T30R)                  0.04       5.94 f
  u_cp/u_kvqd/U4627/ZN (NAND2V2_140P7T30R)                0.01       5.95 r
  u_cp/u_kvqd/U4619/ZN (NOR2V2_140P7T30R)                 0.01       5.95 f
  u_cp/u_kvqd/U4606/ZN (NAND2V2_140P7T30R)                0.01       5.96 r
  u_cp/u_kvqd/U4596/ZN (NOR2V2_140P7T30R)                 0.01       5.97 f
  u_cp/u_kvqd/U604/ZN (NAND3BBV4_140P7T30R)               0.01       5.98 r
  u_cp/u_kvqd/U4581/ZN (OAI12V2_140P7T30R)                0.01       5.99 f
  u_cp/u_kvqd/U24755/ZN (NOR2V4_140P7T30R)                0.02       6.01 r
  u_cp/u_kvqd/U663/Z (BUFV12_140P7T30R)                   0.02       6.03 r
  u_cp/u_kvqd/U24777/ZN (NOR2V2_140P7T30R)                0.01       6.04 f
  u_cp/u_kvqd/U24778/Z (XOR2V2_140P7T30R)                 0.02       6.06 f
  u_cp/u_kvqd/U780/ZN (NOR2V2_140P7T30R)                  0.03       6.09 r
  u_cp/u_kvqd/U24781/ZN (OAI12V2_140P7T30R)               0.01       6.10 f
  u_cp/u_kvqd/U24782/ZN (AOI12V2_140P7T30R)               0.02       6.12 r
  u_cp/u_kvqd/U24783/ZN (OAI12V2_140P7T30R)               0.02       6.14 f
  u_cp/u_kvqd/U4495/ZN (INV2_140P7T30R)                   0.03       6.17 r
  u_cp/u_kvqd/U24871/ZN (OAI12V2_140P7T30R)               0.02       6.19 f
  u_cp/u_kvqd/U24872/ZN (XNOR2V2_140P7T30R)               0.04       6.23 f
  u_cp/u_kvqd/U2445/Z (OR2V2_140P7T30R)                   0.03       6.26 f
  u_cp/u_kvqd/U4461/ZN (CLKNOR2V3_140P7T30R)              0.01       6.27 r
  u_cp/u_kvqd/U24888/ZN (NAND3V4_140P7T30R)               0.02       6.29 f
  u_cp/u_kvqd/U226/ZN (NOR2V6_140P7T30R)                  0.02       6.31 r
  u_cp/u_kvqd/U2440/ZN (CLKNAND2V4_140P7T30R)             0.01       6.32 f
  u_cp/u_kvqd/U24907/ZN (OAI12V2_140P7T30R)               0.01       6.33 r
  u_cp/u_kvqd/U24908/ZN (AOI12V2_140P7T30R)               0.01       6.34 f
  u_cp/u_kvqd/U24909/ZN (OAI12V2_140P7T30R)               0.01       6.36 r
  u_cp/u_kvqd/U24910/ZN (AOI112V2_140P7T30R)              0.01       6.37 f
  u_cp/u_kvqd/U11471/ZN (OAI112V2_140P7T30R)              0.02       6.39 r
  u_cp/u_kvqd/U24913/Z (BUFV4_140P7T30R)                  0.03       6.42 r
  u_cp/u_kvqd/U2434/ZN (CLKNAND2V4_140P7T30R)             0.03       6.44 f
  u_cp/u_kvqd/U4335/ZN (INV2_140P7T30R)                   0.03       6.47 r
  u_cp/u_kvqd/U25009/ZN (AOI22V1_140P7T30R)               0.02       6.49 f
  u_cp/u_kvqd/U25010/ZN (NAND3V2_140P7T30R)               0.02       6.51 r
  u_cp/u_kvqd/U4310/ZN (INV2_140P7T30R)                   0.01       6.52 f
  u_cp/u_kvqd/U25029/ZN (MUX2NV2_140P7T30R)               0.02       6.53 r
  u_cp/u_kvqd/U25385/ZN (OAI22V1_140P7T30R)               0.01       6.55 f
  u_cp/u_kvqd/U25386/ZN (AOI12V2_140P7T30R)               0.02       6.57 r
  u_cp/u_kvqd/U25388/ZN (OAI112V2_140P7T30R)              0.02       6.58 f
  u_cp/u_kvqd/U25389/Z (BUFV4_140P7T30R)                  0.03       6.61 f
  u_cp/u_kvqd/U25390/ZN (XNOR2V2_140P7T30R)               0.03       6.64 f
  u_cp/u_kvqd/U25446/ZN (OAI22V1_140P7T30R)               0.03       6.68 r
  u_cp/u_kvqd/U12810/CO (AD1V2_140P7T30R)                 0.05       6.72 r
  u_cp/u_kvqd/U25466/CO (AD1V4_140P7T30R)                 0.03       6.75 r
  u_cp/u_kvqd/U25517/S (AD1V4_140P7T30R)                  0.05       6.80 f
  u_cp/u_kvqd/U866/S (AD1V2_140P7T30R)                    0.05       6.85 r
  u_cp/u_kvqd/U1053/S (AD1V2_140P7T30R)                   0.05       6.90 f
  u_cp/u_kvqd/U987/ZN (NOR2V2_140P7T30R)                  0.02       6.92 r
  u_cp/u_kvqd/U25476/ZN (OAI12V2_140P7T30R)               0.01       6.93 f
  u_cp/u_kvqd/U25477/ZN (AOI12V2_140P7T30R)               0.02       6.95 r
  u_cp/u_kvqd/U25478/ZN (OAI12V2_140P7T30R)               0.03       6.98 f
  u_cp/u_kvqd/U11995/ZN (AOI12V12_140P7T30R)              0.03       7.00 r
  u_cp/u_kvqd/U25729/ZN (OAI12V2_140P7T30R)               0.01       7.02 f
  u_cp/u_kvqd/U25730/ZN (XNOR2V2_140P7T30R)               0.02       7.04 f
  u_cp/u_kvqd/U640/Z (BUFV8_140P7T30R)                    0.02       7.06 f
  u_cp/u_kvqd/U25741/ZN (MUX2NV2_140P7T30R)               0.02       7.08 f
  u_cp/u_kvqd/U11535/ZN (NOR2V2_140P7T30R)                0.02       7.11 r
  u_cp/u_kvqd/U624/ZN (NAND4V6_140P7T30R)                 0.02       7.12 f
  u_cp/u_kvqd/U25751/ZN (AOI21BV4_140P7T30R)              0.03       7.15 r
  u_cp/u_kvqd/U3789/ZN (INV2_140P7T30R)                   0.01       7.16 f
  u_cp/u_kvqd/U25752/ZN (OAI12V2_140P7T30R)               0.01       7.18 r
  u_cp/u_kvqd/U2645/Z (AND2V2_140P7T30R)                  0.02       7.20 r
  u_cp/u_kvqd/U3782/ZN (INV2_140P7T30R)                   0.02       7.22 f
  u_cp/u_kvqd/U26428/ZN (OAI12V2_140P7T30R)               0.02       7.24 r
  u_cp/u_kvqd/U3775/Z (OR2V2_140P7T30R)                   0.02       7.26 r
  u_cp/u_kvqd/U3765/CO (AD1V2_140P7T30R)                  0.03       7.29 r
  u_cp/u_kvqd/U3752/CO (AD1V2_140P7T30R)                  0.03       7.32 r
  u_cp/u_kvqd/U1217/CO (AD1V2_140P7T30R)                  0.03       7.35 r
  u_cp/u_kvqd/U1047/CO (AD1V2_140P7T30R)                  0.03       7.38 r
  u_cp/u_kvqd/U844/CO (AD1V2_140P7T30R)                   0.03       7.42 r
  u_cp/u_kvqd/U26431/CO (AD1V4_140P7T30R)                 0.03       7.44 r
  u_cp/u_kvqd/U2043/S (AD1V2_140P7T30R)                   0.05       7.49 f
  u_cp/u_kvqd/U27371/CO (ADH1V2_140P7T30R)                0.02       7.51 f
  u_cp/u_kvqd/U3654/CO (ADH1V2_140P7T30R)                 0.02       7.53 f
  u_cp/u_kvqd/U26432/Z (XOR2V2_140P7T30R)                 0.02       7.55 f
  u_cp/u_kvqd/U27359/ZN (MUX2NV2_140P7T30R)               0.02       7.57 r
  u_cp/u_kvqd/U3579/Z (AND2V2_140P7T30R)                  0.02       7.60 r
  u_cp/u_kvqd/U27385/ZN (OAI12V2_140P7T30R)               0.02       7.62 f
  u_cp/u_kvqd/U1472/ZN (NOR2V2_140P7T30R)                 0.02       7.64 r
  u_cp/u_kvqd/U1624/ZN (NAND2XBV2_140P7T30R)              0.02       7.65 f
  u_cp/u_kvqd/U2394/Z (AND2V6_140P7T30R)                  0.03       7.68 f
  u_cp/u_kvqd/U3488/ZN (INV6_140P7T30R)                   0.02       7.70 r
  u_cp/u_kvqd/U9152/ZN (NAND2XBV2_140P7T30R)              0.02       7.72 r
  u_cp/u_kvqd/U3444/ZN (INV2_140P7T30R)                   0.02       7.74 f
  u_cp/u_kvqd/U10131/ZN (NAND2V2_140P7T30R)               0.01       7.76 r
  u_cp/u_kvqd/U27446/ZN (NAND4V1P5_140P7T30R)             0.04       7.79 f
  u_cp/u_kvqd/U27447/ZN (MUX2NV2_140P7T30R)               0.03       7.82 r
  u_cp/u_kvqd/U3259/ZN (NAND2V2_140P7T30R)                0.02       7.84 f
  u_cp/u_kvqd/U11989/ZN (AOI12V4_140P7T30R)               0.02       7.86 r
  u_cp/u_kvqd/U9227/ZN (NOR2V2_140P7T30R)                 0.01       7.87 f
  u_cp/u_kvqd/U3204/ZN (NAND3V2_140P7T30R)                0.01       7.88 r
  u_cp/u_kvqd/U3188/ZN (NAND2V2_140P7T30R)                0.02       7.89 f
  u_cp/u_kvqd/U27617/ZN (CLKNAND2V4_140P7T30R)            0.02       7.91 r
  u_cp/u_kvqd/U3182/ZN (INV2_140P7T30R)                   0.03       7.94 f
  u_cp/u_kvqd/U27727/ZN (MUX2NV2_140P7T30R)               0.03       7.96 r
  u_cp/u_kvqd/U27728/ZN (OAI12V2_140P7T30R)               0.02       7.98 f
  u_cp/u_kvqd/U3165/ZN (INV2_140P7T30R)                   0.01       8.00 r
  u_cp/u_kvqd/U3129/ZN (NAND2V2_140P7T30R)                0.01       8.01 f
  u_cp/u_kvqd/U3126/ZN (INV2_140P7T30R)                   0.01       8.03 r
  u_cp/u_kvqd/U3103/ZN (NAND2V2_140P7T30R)                0.02       8.04 f
  u_cp/u_kvqd/U3095/ZN (CLKNOR2V3_140P7T30R)              0.01       8.06 r
  u_cp/u_kvqd/U3070/Z (AND2V2_140P7T30R)                  0.02       8.08 r
  u_cp/u_kvqd/U27888/CO (ADH1V2_140P7T30R)                0.03       8.10 r
  u_cp/u_kvqd/U27820/CO (ADH1V2_140P7T30R)                0.03       8.13 r
  u_cp/u_kvqd/U27818/CO (ADH1V2_140P7T30R)                0.03       8.16 r
  u_cp/u_kvqd/U3001/Z (AND2V2_140P7T30R)                  0.02       8.18 r
  u_cp/u_kvqd/U27828/CO (ADH1V4_140P7T30R)                0.02       8.20 r
  u_cp/u_kvqd/U2596/ZN (NAND2V2_140P7T30R)                0.01       8.22 f
  u_cp/u_kvqd/U2595/ZN (NOR2V2_140P7T30R)                 0.02       8.24 r
  u_cp/u_kvqd/U2982/ZN (NAND2V2_140P7T30R)                0.02       8.25 f
  u_cp/u_kvqd/U12383/Z (OR2V2_140P7T30R)                  0.03       8.28 f
  u_cp/u_kvqd/U13186/ZN (NOR2V2_140P7T30R)                0.02       8.30 r
  u_cp/u_kvqd/U2975/ZN (NAND2V2_140P7T30R)                0.02       8.31 f
  u_cp/u_kvqd/U12384/Z (OR2V2_140P7T30R)                  0.03       8.34 f
  u_cp/u_kvqd/U1067/ZN (NOR2V2_140P7T30R)                 0.02       8.36 r
  u_cp/u_kvqd/U1620/ZN (NAND2V2_140P7T30R)                0.02       8.37 f
  u_cp/u_kvqd/U2390/ZN (CLKNOR2V3_140P7T30R)              0.02       8.39 r
  u_cp/u_kvqd/U27840/ZN (CLKNAND2V4_140P7T30R)            0.02       8.41 f
  u_cp/u_kvqd/U1619/ZN (NOR2V8_140P7T30R)                 0.02       8.42 r
  u_cp/u_kvqd/U9/ZN (NAND2V2_140P7T30R)                   0.01       8.44 f
  u_cp/u_kvqd/U27872/Z (XOR2V2_140P7T30R)                 0.02       8.46 f
  u_cp/u_kvqd/U27873/Z (AO22V2_140P7T30R)                 0.02       8.48 f
  u_cp/u_kvqd/U2387/ZN (INV2_140P7T30R)                   0.01       8.49 r
  u_cp/u_kvqd/U2016/ZN (NAND4V1P5_140P7T30R)              0.02       8.51 f
  u_cp/u_kvqd/U27926/ZN (OAI12V2_140P7T30R)               0.02       8.53 r
  u_cp/u_kvqd/U10889/ZN (INV2M_140P7T30R)                 0.01       8.54 f
  u_cp/u_kvqd/U11984/ZN (AOI12V4_140P7T30R)               0.01       8.55 r
  u_cp/u_kvqd/U32322/ZN (OAI112V2_140P7T30R)              0.02       8.57 f
  u_cp/u_kvqd/wr_data[1] (kv_quantdequant)                0.00       8.57 f
  u_cp/U8844/Z (AO1B2V2_140P7T30R)                        0.02       8.59 f
  u_cp/mem_wr_data[1] (command_processor_NINST4096_MAX_VEC128)     0.00     8.59 f
  hbm_wdata[1] (out)                                      0.00       8.59 f
  data arrival time                                                  8.59

  clock clk (rise edge)                                   1.00       1.00
  clock network delay (ideal)                             0.00       1.00
  output external delay                                   0.00       1.00
  data required time                                                 1.00
  --------------------------------------------------------------------------
  data required time                                                 1.00
  data arrival time                                                 -8.59
  --------------------------------------------------------------------------
  slack (VIOLATED)                                                  -7.59


  Startpoint: u_cp/u_kvqd/s_bits_reg[2]
              (rising edge-triggered flip-flop clocked by clk)
  Endpoint: hbm_wdata[3]
            (output port clocked by clk)
  Path Group: clk
  Path Type: max

  Point                                                   Incr       Path
  --------------------------------------------------------------------------
  clock clk (rise edge)                                   0.00       0.00
  clock network delay (ideal)                             0.00       0.00
  u_cp/u_kvqd/s_bits_reg[2]/CK (DQV2_140P7T30R)           0.00 #     0.00 r
  u_cp/u_kvqd/s_bits_reg[2]/Q (DQV2_140P7T30R)            0.05       0.05 r
  u_cp/u_kvqd/U731/ZN (XNOR2V4_140P7T30R)                 0.03       0.08 r
  u_cp/u_kvqd/U2009/Z (BUFV12_140P7T30R)                  0.06       0.13 r
  u_cp/u_kvqd/U760/ZN (OAI22V1_140P7T30R)                 0.04       0.17 f
  u_cp/u_kvqd/U9078/CO (AD1V2_140P7T30R)                  0.04       0.22 f
  u_cp/u_kvqd/U9053/S (AD1V2_140P7T30R)                   0.05       0.27 r
  u_cp/u_kvqd/U9051/S (AD1V2_140P7T30R)                   0.05       0.31 f
  u_cp/u_kvqd/U9018/ZN (NAND2V2_140P7T30R)                0.01       0.33 r
  u_cp/u_kvqd/U8995/ZN (OAI12V2_140P7T30R)                0.02       0.35 f
  u_cp/u_kvqd/U10949/Z (AO1B2V2_140P7T30R)                0.02       0.37 f
  u_cp/u_kvqd/U636/Z (AO12V4_140P7T30R)                   0.03       0.40 f
  u_cp/u_kvqd/U572/Z (CLKXOR2V6_140P7T30R)                0.02       0.42 f
  u_cp/u_kvqd/U739/ZN (NAND2V6_140P7T30R)                 0.01       0.43 r
  u_cp/u_kvqd/U2373/ZN (NAND2V2_140P7T30R)                0.02       0.45 f
  u_cp/u_kvqd/U13963/ZN (INV4_140P7T30R)                  0.02       0.47 r
  u_cp/u_kvqd/U9423/ZN (MUX2NV2_140P7T30R)                0.02       0.49 r
  u_cp/u_kvqd/U14047/ZN (AOI22V1_140P7T30R)               0.02       0.51 f
  u_cp/u_kvqd/U2882/Z (AND2V2_140P7T30R)                  0.02       0.53 f
  u_cp/u_kvqd/U14048/ZN (XNOR2V2_140P7T30R)               0.03       0.56 f
  u_cp/u_kvqd/U8887/ZN (INV2_140P7T30R)                   0.02       0.57 r
  u_cp/u_kvqd/U14049/ZN (NOR2V2_140P7T30R)                0.01       0.58 f
  u_cp/u_kvqd/U2869/ZN (INV2_140P7T30R)                   0.01       0.59 r
  u_cp/u_kvqd/U21073/ZN (OAI12V2_140P7T30R)               0.01       0.60 f
  u_cp/u_kvqd/U1867/ZN (NOR2V2_140P7T30R)                 0.02       0.63 r
  u_cp/u_kvqd/U2868/ZN (INV4_140P7T30R)                   0.01       0.64 f
  u_cp/u_kvqd/U21128/ZN (XNOR2V2_140P7T30R)               0.02       0.66 f
  u_cp/u_kvqd/U21129/ZN (OAI22V1_140P7T30R)               0.04       0.70 r
  u_cp/u_kvqd/U11943/S (AD1V2_140P7T30R)                  0.05       0.76 f
  u_cp/u_kvqd/U8638/S (AD1V2_140P7T30R)                   0.05       0.81 r
  u_cp/u_kvqd/U8542/S (AD1V2_140P7T30R)                   0.05       0.85 f
  u_cp/u_kvqd/U8493/ZN (NOR2V2_140P7T30R)                 0.02       0.87 r
  u_cp/u_kvqd/U8474/ZN (OAI12V2_140P7T30R)                0.02       0.89 f
  u_cp/u_kvqd/U21150/ZN (AOI12V2_140P7T30R)               0.02       0.90 r
  u_cp/u_kvqd/U21151/ZN (OAI12V2_140P7T30R)               0.01       0.92 f
  u_cp/u_kvqd/U8398/ZN (AOI12V2_140P7T30R)                0.02       0.94 r
  u_cp/u_kvqd/U21186/ZN (OAI12V2_140P7T30R)               0.02       0.96 f
  u_cp/u_kvqd/U8376/ZN (XNOR2V4_140P7T30R)                0.04       1.00 f
  u_cp/u_kvqd/U21199/ZN (MUX2NV2_140P7T30R)               0.03       1.03 f
  u_cp/u_kvqd/U21200/ZN (NAND4V1P5_140P7T30R)             0.02       1.06 r
  u_cp/u_kvqd/U527/ZN (OAI12V4_140P7T30R)                 0.02       1.07 f
  u_cp/u_kvqd/U526/ZN (NOR2V4_140P7T30R)                  0.02       1.09 r
  u_cp/u_kvqd/U21217/ZN (CLKNAND2V4_140P7T30R)            0.04       1.13 f
  u_cp/u_kvqd/U471/ZN (OAI22V1_140P7T30R)                 0.10       1.23 r
  u_cp/u_kvqd/U21247/ZN (OAI22V1_140P7T30R)               0.03       1.26 f
  u_cp/u_kvqd/U8330/CO (ADH1V2_140P7T30R)                 0.03       1.28 f
  u_cp/u_kvqd/U8306/CO (AD1V2_140P7T30R)                  0.03       1.32 f
  u_cp/u_kvqd/U8222/S (AD1V2_140P7T30R)                   0.05       1.37 r
  u_cp/u_kvqd/U8187/S (AD1V2_140P7T30R)                   0.05       1.41 f
  u_cp/u_kvqd/U8154/ZN (NAND2V2_140P7T30R)                0.01       1.43 r
  u_cp/u_kvqd/U21308/ZN (OAI12V2_140P7T30R)               0.01       1.44 f
  u_cp/u_kvqd/U7958/ZN (AOI12V2_140P7T30R)                0.02       1.46 r
  u_cp/u_kvqd/U7923/ZN (OAI12V2_140P7T30R)                0.02       1.48 f
  u_cp/u_kvqd/U7908/ZN (AOI12V4_140P7T30R)                0.03       1.51 r
  u_cp/u_kvqd/U627/ZN (OAI12V6_140P7T30R)                 0.01       1.52 f
  u_cp/u_kvqd/U7894/ZN (XNOR2V4_140P7T30R)                0.04       1.57 f
  u_cp/u_kvqd/U21460/ZN (MUX2NV2_140P7T30R)               0.03       1.60 f
  u_cp/u_kvqd/U21485/ZN (NAND4V1P5_140P7T30R)             0.02       1.62 r
  u_cp/u_kvqd/U21493/ZN (OAI12V2_140P7T30R)               0.02       1.64 f
  u_cp/u_kvqd/U2846/ZN (AOI12V4_140P7T30R)                0.02       1.66 r
  u_cp/u_kvqd/U662/Z (BUFV6_140P7T30R)                    0.02       1.67 r
  u_cp/u_kvqd/U21494/ZN (CLKNAND2V4_140P7T30R)            0.02       1.69 f
  u_cp/u_kvqd/U21511/Z (XOR2V2_140P7T30R)                 0.03       1.72 f
  u_cp/u_kvqd/U7831/ZN (NAND2V2_140P7T30R)                0.02       1.74 r
  u_cp/u_kvqd/U21512/ZN (CLKNAND2V4_140P7T30R)            0.02       1.76 f
  u_cp/u_kvqd/U605/ZN (INV2M_140P7T30R)                   0.02       1.78 r
  u_cp/u_kvqd/U21554/ZN (CLKNAND2V4_140P7T30R)            0.03       1.81 f
  u_cp/u_kvqd/U21606/ZN (OAI12V2_140P7T30R)               0.03       1.84 r
  u_cp/u_kvqd/U7764/ZN (INV2_140P7T30R)                   0.01       1.85 f
  u_cp/u_kvqd/U21609/ZN (MUX2NV2_140P7T30R)               0.02       1.87 r
  u_cp/u_kvqd/U12720/ZN (NAND2XBV2_140P7T30R)             0.02       1.89 r
  u_cp/u_kvqd/U7730/Z (OA112V2_140P7T30R)                 0.03       1.92 r
  u_cp/u_kvqd/U21610/ZN (INV2_140P7T30R)                  0.01       1.93 f
  u_cp/u_kvqd/U7708/ZN (NOR2V2_140P7T30R)                 0.01       1.94 r
  u_cp/u_kvqd/U11503/ZN (NAND2V2_140P7T30R)               0.01       1.95 f
  u_cp/u_kvqd/U12979/ZN (NOR2V2_140P7T30R)                0.01       1.96 r
  u_cp/u_kvqd/U21689/ZN (NAND2V2_140P7T30R)               0.01       1.97 f
  u_cp/u_kvqd/U21693/ZN (OAI12V2_140P7T30R)               0.02       1.99 r
  u_cp/u_kvqd/U7660/Z (BUFV6_140P7T30R)                   0.03       2.02 r
  u_cp/u_kvqd/U660/ZN (CLKNAND2V16_140P7T30R)             0.03       2.04 f
  u_cp/u_kvqd/U21726/Z (XOR2V2_140P7T30R)                 0.03       2.07 f
  u_cp/u_kvqd/U7612/ZN (NOR2V2_140P7T30R)                 0.02       2.09 r
  u_cp/u_kvqd/U21745/ZN (OAI12V2_140P7T30R)               0.02       2.11 f
  u_cp/u_kvqd/U21747/ZN (AOI12V2_140P7T30R)               0.02       2.13 r
  u_cp/u_kvqd/U21750/ZN (OAI12V2_140P7T30R)               0.02       2.15 f
  u_cp/u_kvqd/U620/ZN (AOI12V6_140P7T30R)                 0.03       2.17 r
  u_cp/u_kvqd/U21794/ZN (OAI12V2_140P7T30R)               0.01       2.19 f
  u_cp/u_kvqd/U21795/ZN (XNOR2V2_140P7T30R)               0.03       2.22 f
  u_cp/u_kvqd/U7444/Z (OR2V2_140P7T30R)                   0.03       2.25 f
  u_cp/u_kvqd/U444/ZN (NOR2V2_140P7T30R)                  0.02       2.27 r
  u_cp/u_kvqd/U1851/ZN (CLKNAND2V4_140P7T30R)             0.02       2.29 f
  u_cp/u_kvqd/U621/ZN (NOR2V6_140P7T30R)                  0.01       2.30 r
  u_cp/u_kvqd/U2334/ZN (CLKNAND2V4_140P7T30R)             0.02       2.32 f
  u_cp/u_kvqd/U7387/ZN (CLKNOR2V3_140P7T30R)              0.02       2.33 r
  u_cp/u_kvqd/U655/ZN (NAND3V4_140P7T30R)                 0.01       2.35 f
  u_cp/u_kvqd/U2838/ZN (OAI112V2_140P7T30R)               0.01       2.36 r
  u_cp/u_kvqd/U21834/ZN (AOI112V2_140P7T30R)              0.02       2.38 f
  u_cp/u_kvqd/U7381/ZN (OAI12V6_140P7T30R)                0.03       2.41 r
  u_cp/u_kvqd/U21873/Z (OR2V4_140P7T30R)                  0.03       2.44 r
  u_cp/u_kvqd/U7370/ZN (INV2_140P7T30R)                   0.01       2.45 f
  u_cp/u_kvqd/U21909/ZN (AOI22V1_140P7T30R)               0.01       2.46 r
  u_cp/u_kvqd/U21910/ZN (NAND3V2_140P7T30R)               0.02       2.48 f
  u_cp/u_kvqd/U21911/ZN (MUX2NV2_140P7T30R)               0.03       2.51 r
  u_cp/u_kvqd/U22311/ZN (OAI112V2_140P7T30R)              0.02       2.53 f
  u_cp/u_kvqd/U22312/ZN (AOI22V1_140P7T30R)               0.02       2.55 r
  u_cp/u_kvqd/U22313/ZN (AOI12V2_140P7T30R)               0.02       2.56 f
  u_cp/u_kvqd/U1548/Z (BUFV4_140P7T30R)                   0.03       2.59 f
  u_cp/u_kvqd/U22400/ZN (XNOR2V2_140P7T30R)               0.03       2.62 f
  u_cp/u_kvqd/U22408/ZN (OAI22V1_140P7T30R)               0.03       2.65 r
  u_cp/u_kvqd/U10267/CO (AD1V2_140P7T30R)                 0.04       2.69 r
  u_cp/u_kvqd/U12489/CO (AD1V2_140P7T30R)                 0.04       2.73 r
  u_cp/u_kvqd/U6936/CO (AD1V2_140P7T30R)                  0.03       2.77 r
  u_cp/u_kvqd/U6919/CO (AD1V2_140P7T30R)                  0.03       2.80 r
  u_cp/u_kvqd/U22507/S (AD1V4_140P7T30R)                  0.05       2.85 f
  u_cp/u_kvqd/U1834/S (AD1V2_140P7T30R)                   0.05       2.89 r
  u_cp/u_kvqd/U1426/ZN (NOR2V2_140P7T30R)                 0.01       2.90 f
  u_cp/u_kvqd/U1424/ZN (NOR2V2_140P7T30R)                 0.02       2.93 r
  u_cp/u_kvqd/U6630/ZN (NAND2V2_140P7T30R)                0.02       2.95 f
  u_cp/u_kvqd/U6622/ZN (NOR2V2_140P7T30R)                 0.03       2.98 r
  u_cp/u_kvqd/U525/ZN (AOI12V8_140P7T30R)                 0.02       3.00 f
  u_cp/u_kvqd/U524/ZN (OAI12V4_140P7T30R)                 0.02       3.01 r
  u_cp/u_kvqd/U6599/ZN (XNOR2V4_140P7T30R)                0.04       3.05 r
  u_cp/u_kvqd/U22620/ZN (MUX2NV2_140P7T30R)               0.03       3.07 r
  u_cp/u_kvqd/U6572/ZN (INV2_140P7T30R)                   0.01       3.08 f
  u_cp/u_kvqd/U22625/ZN (NAND4V1P5_140P7T30R)             0.01       3.10 r
  u_cp/u_kvqd/U22628/ZN (OAI112V2_140P7T30R)              0.02       3.12 f
  u_cp/u_kvqd/U658/ZN (NOR2V4_140P7T30R)                  0.02       3.14 r
  u_cp/u_kvqd/U6537/ZN (NAND2V6_140P7T30R)                0.04       3.18 f
  u_cp/u_kvqd/U22670/ZN (OAI12V2_140P7T30R)               0.07       3.25 r
  u_cp/u_kvqd/U22671/ZN (XNOR2V2_140P7T30R)               0.02       3.28 f
  u_cp/u_kvqd/U22672/ZN (OAI22V1_140P7T30R)               0.03       3.31 r
  u_cp/u_kvqd/U770/CO (AD1V2_140P7T30R)                   0.04       3.35 r
  u_cp/u_kvqd/U22775/S (AD1V4_140P7T30R)                  0.05       3.39 f
  u_cp/u_kvqd/U1985/S (AD1V2_140P7T30R)                   0.05       3.44 r
  u_cp/u_kvqd/U1981/ZN (NAND2V2_140P7T30R)                0.02       3.46 f
  u_cp/u_kvqd/U1979/ZN (OAI12V2_140P7T30R)                0.02       3.48 r
  u_cp/u_kvqd/U22807/ZN (AOI12V2_140P7T30R)               0.01       3.49 f
  u_cp/u_kvqd/U22808/ZN (OAI12V2_140P7T30R)               0.01       3.51 r
  u_cp/u_kvqd/U6169/ZN (AOI12V2_140P7T30R)                0.01       3.52 f
  u_cp/u_kvqd/U22921/ZN (OAI12V2_140P7T30R)               0.02       3.54 r
  u_cp/u_kvqd/U22922/ZN (XNOR2V2_140P7T30R)               0.02       3.56 r
  u_cp/u_kvqd/U646/Z (BUFV8_140P7T30R)                    0.02       3.58 r
  u_cp/u_kvqd/U22960/ZN (MUX2NV2_140P7T30R)               0.02       3.60 r
  u_cp/u_kvqd/U22979/ZN (NAND4V1P5_140P7T30R)             0.02       3.62 f
  u_cp/u_kvqd/U6151/ZN (NOR2V2_140P7T30R)                 0.02       3.65 r
  u_cp/u_kvqd/U22981/ZN (AOI12V4_140P7T30R)               0.02       3.67 f
  u_cp/u_kvqd/U22982/ZN (NAND2XBV4_140P7T30R)             0.01       3.68 r
  u_cp/u_kvqd/U22983/ZN (CLKNAND2V4_140P7T30R)            0.02       3.70 f
  u_cp/u_kvqd/U23002/Z (XOR2V2_140P7T30R)                 0.03       3.73 f
  u_cp/u_kvqd/U6125/ZN (INV2_140P7T30R)                   0.01       3.75 r
  u_cp/u_kvqd/U1412/ZN (OAI12V4_140P7T30R)                0.03       3.77 f
  u_cp/u_kvqd/U378/ZN (NOR2V4_140P7T30R)                  0.04       3.81 r
  u_cp/u_kvqd/U23061/ZN (AOI12V2_140P7T30R)               0.02       3.83 f
  u_cp/u_kvqd/U23062/ZN (OAI12V2_140P7T30R)               0.01       3.84 r
  u_cp/u_kvqd/U6050/ZN (NOR2V2_140P7T30R)                 0.01       3.85 f
  u_cp/u_kvqd/U23181/ZN (MUX2NV2_140P7T30R)               0.02       3.87 r
  u_cp/u_kvqd/U23184/ZN (OAI222V2_140P7T30R)              0.03       3.90 f
  u_cp/u_kvqd/U10748/ZN (NAND2V2_140P7T30R)               0.01       3.91 r
  u_cp/u_kvqd/U373/Z (AND3V2_140P7T30R)                   0.03       3.94 r
  u_cp/u_kvqd/U23186/ZN (NAND2V2_140P7T30R)               0.01       3.95 f
  u_cp/u_kvqd/U23187/ZN (NOR2V2_140P7T30R)                0.01       3.96 r
  u_cp/u_kvqd/U23188/ZN (NAND2V2_140P7T30R)               0.01       3.97 f
  u_cp/u_kvqd/U615/ZN (AOI12V4_140P7T30R)                 0.01       3.99 r
  u_cp/u_kvqd/U2242/ZN (NAND2XBV2_140P7T30R)              0.02       4.01 r
  u_cp/u_kvqd/U372/ZN (INV10_140P7T30R)                   0.01       4.02 f
  u_cp/u_kvqd/U1967/ZN (INV6_140P7T30R)                   0.02       4.05 r
  u_cp/u_kvqd/U23219/ZN (OAI12V2_140P7T30R)               0.02       4.06 f
  u_cp/u_kvqd/U1965/ZN (NOR2V2_140P7T30R)                 0.02       4.08 r
  u_cp/u_kvqd/U23220/ZN (OAI12V2_140P7T30R)               0.02       4.10 f
  u_cp/u_kvqd/U23222/ZN (AOI12V2_140P7T30R)               0.02       4.12 r
  u_cp/u_kvqd/U23238/ZN (OAI12V2_140P7T30R)               0.02       4.14 f
  u_cp/u_kvqd/U5861/ZN (INV2_140P7T30R)                   0.03       4.17 r
  u_cp/u_kvqd/U23320/ZN (OAI12V2_140P7T30R)               0.02       4.19 f
  u_cp/u_kvqd/U23321/ZN (XNOR2V2_140P7T30R)               0.04       4.22 f
  u_cp/u_kvqd/U1959/Z (OR2V2_140P7T30R)                   0.03       4.25 f
  u_cp/u_kvqd/U1766/ZN (CLKNOR2V3_140P7T30R)              0.02       4.27 r
  u_cp/u_kvqd/U11979/ZN (NAND3V8_140P7T30R)               0.02       4.29 f
  u_cp/u_kvqd/U1764/ZN (CLKNOR2V3_140P7T30R)              0.01       4.30 r
  u_cp/u_kvqd/U2760/ZN (AOI12V2_140P7T30R)                0.01       4.31 f
  u_cp/u_kvqd/U5770/ZN (OAI12V2_140P7T30R)                0.01       4.32 r
  u_cp/u_kvqd/U23353/ZN (AOI12V2_140P7T30R)               0.01       4.33 f
  u_cp/u_kvqd/U9595/ZN (OAI112V2_140P7T30R)               0.02       4.35 r
  u_cp/u_kvqd/U618/Z (BUFV8_140P7T30R)                    0.02       4.37 r
  u_cp/u_kvqd/U23379/ZN (NAND3V4_140P7T30R)               0.02       4.39 f
  u_cp/u_kvqd/U23396/ZN (NOR2V4_140P7T30R)                0.04       4.43 r
  u_cp/u_kvqd/U2756/ZN (INV2_140P7T30R)                   0.04       4.47 f
  u_cp/u_kvqd/U23444/ZN (OAI22V4_140P7T30R)               0.09       4.56 r
  u_cp/u_kvqd/U23627/ZN (XNOR2V2_140P7T30R)               0.03       4.59 r
  u_cp/u_kvqd/U23628/ZN (OAI22V1_140P7T30R)               0.02       4.61 f
  u_cp/u_kvqd/U12538/S (AD1V2_140P7T30R)                  0.07       4.68 r
  u_cp/u_kvqd/U23671/S (AD1V4_140P7T30R)                  0.05       4.73 f
  u_cp/u_kvqd/U1748/S (AD1V2_140P7T30R)                   0.05       4.78 r
  u_cp/u_kvqd/U2487/S (AD1V2_140P7T30R)                   0.05       4.83 f
  u_cp/u_kvqd/U2198/Z (OR2V2_140P7T30R)                   0.02       4.85 f
  u_cp/u_kvqd/U23818/ZN (AOI12V2_140P7T30R)               0.01       4.86 r
  u_cp/u_kvqd/U23819/ZN (OAI12V2_140P7T30R)               0.01       4.87 f
  u_cp/u_kvqd/U23820/ZN (AOI12V2_140P7T30R)               0.02       4.89 r
  u_cp/u_kvqd/U23936/ZN (OAI12V2_140P7T30R)               0.02       4.92 f
  u_cp/u_kvqd/U603/ZN (AOI12V8_140P7T30R)                 0.03       4.94 r
  u_cp/u_kvqd/U5245/ZN (OAI12V4_140P7T30R)                0.01       4.96 f
  u_cp/u_kvqd/U24200/ZN (XNOR2V2_140P7T30R)               0.02       4.98 f
  u_cp/u_kvqd/U1937/Z (BUFV6_140P7T30R)                   0.02       5.00 f
  u_cp/u_kvqd/U24216/ZN (MUX2NV2_140P7T30R)               0.02       5.03 f
  u_cp/u_kvqd/U2137/ZN (INV2_140P7T30R)                   0.01       5.04 r
  u_cp/u_kvqd/U5206/ZN (NAND4V1P5_140P7T30R)              0.03       5.06 f
  u_cp/u_kvqd/U652/ZN (OAI12V4_140P7T30R)                 0.03       5.09 r
  u_cp/u_kvqd/U24225/ZN (NOR3V2_140P7T30R)                0.01       5.10 f
  u_cp/u_kvqd/U5176/ZN (INV2_140P7T30R)                   0.03       5.13 r
  u_cp/u_kvqd/U24437/ZN (OAI22V4_140P7T30R)               0.09       5.22 f
  u_cp/u_kvqd/U24438/ZN (XNOR2V2_140P7T30R)               0.05       5.27 f
  u_cp/u_kvqd/U24449/ZN (OAI22V1_140P7T30R)               0.04       5.30 r
  u_cp/u_kvqd/U1181/CO (AD1V2_140P7T30R)                  0.04       5.34 r
  u_cp/u_kvqd/U24468/S (AD1V4_140P7T30R)                  0.05       5.39 f
  u_cp/u_kvqd/U24473/S (AD1V4_140P7T30R)                  0.05       5.43 r
  u_cp/u_kvqd/U1173/ZN (CLKNOR2V3_140P7T30R)              0.01       5.45 f
  u_cp/u_kvqd/U1171/ZN (NOR2V2_140P7T30R)                 0.01       5.46 r
  u_cp/u_kvqd/U1694/ZN (NAND2V2_140P7T30R)                0.01       5.47 f
  u_cp/u_kvqd/U12945/ZN (NOR2V2_140P7T30R)                0.02       5.49 r
  u_cp/u_kvqd/U1159/ZN (AOI12V4_140P7T30R)                0.02       5.51 f
  u_cp/u_kvqd/U641/ZN (OAI12V4_140P7T30R)                 0.02       5.53 r
  u_cp/u_kvqd/U642/ZN (XNOR2V4_140P7T30R)                 0.03       5.56 r
  u_cp/u_kvqd/U1689/Z (BUFV6_140P7T30R)                   0.02       5.58 r
  u_cp/u_kvqd/U24505/ZN (MUX2NV2_140P7T30R)               0.01       5.60 f
  u_cp/u_kvqd/U4789/ZN (INV2_140P7T30R)                   0.01       5.61 r
  u_cp/u_kvqd/U24555/ZN (NAND4V1P5_140P7T30R)             0.02       5.63 f
  u_cp/u_kvqd/U2092/ZN (OAI112V2_140P7T30R)               0.03       5.66 r
  u_cp/u_kvqd/U24559/Z (AO1B2V4_140P7T30R)                0.02       5.67 f
  u_cp/u_kvqd/U24569/ZN (CLKNAND2V4_140P7T30R)            0.01       5.68 r
  u_cp/u_kvqd/U4762/ZN (INV2_140P7T30R)                   0.02       5.70 f
  u_cp/u_kvqd/U24570/ZN (NOR2V4_140P7T30R)                0.03       5.73 r
  u_cp/u_kvqd/U1007/ZN (INV6_140P7T30R)                   0.03       5.76 f
  u_cp/u_kvqd/U24614/ZN (AOI12V2_140P7T30R)               0.05       5.82 r
  u_cp/u_kvqd/U24615/ZN (CLKNAND2V4_140P7T30R)            0.02       5.84 f
  u_cp/u_kvqd/U24619/ZN (NOR2V4_140P7T30R)                0.03       5.87 r
  u_cp/u_kvqd/U2457/ZN (INV4_140P7T30R)                   0.02       5.90 f
  u_cp/u_kvqd/U879/Z (OA222V2_140P7T30R)                  0.04       5.94 f
  u_cp/u_kvqd/U4627/ZN (NAND2V2_140P7T30R)                0.01       5.95 r
  u_cp/u_kvqd/U4619/ZN (NOR2V2_140P7T30R)                 0.01       5.95 f
  u_cp/u_kvqd/U4606/ZN (NAND2V2_140P7T30R)                0.01       5.96 r
  u_cp/u_kvqd/U4596/ZN (NOR2V2_140P7T30R)                 0.01       5.97 f
  u_cp/u_kvqd/U604/ZN (NAND3BBV4_140P7T30R)               0.01       5.98 r
  u_cp/u_kvqd/U4581/ZN (OAI12V2_140P7T30R)                0.01       5.99 f
  u_cp/u_kvqd/U24755/ZN (NOR2V4_140P7T30R)                0.02       6.01 r
  u_cp/u_kvqd/U663/Z (BUFV12_140P7T30R)                   0.02       6.03 r
  u_cp/u_kvqd/U24777/ZN (NOR2V2_140P7T30R)                0.01       6.04 f
  u_cp/u_kvqd/U24778/Z (XOR2V2_140P7T30R)                 0.02       6.06 f
  u_cp/u_kvqd/U780/ZN (NOR2V2_140P7T30R)                  0.03       6.09 r
  u_cp/u_kvqd/U24781/ZN (OAI12V2_140P7T30R)               0.01       6.10 f
  u_cp/u_kvqd/U24782/ZN (AOI12V2_140P7T30R)               0.02       6.12 r
  u_cp/u_kvqd/U24783/ZN (OAI12V2_140P7T30R)               0.02       6.14 f
  u_cp/u_kvqd/U4495/ZN (INV2_140P7T30R)                   0.03       6.17 r
  u_cp/u_kvqd/U24871/ZN (OAI12V2_140P7T30R)               0.02       6.19 f
  u_cp/u_kvqd/U24872/ZN (XNOR2V2_140P7T30R)               0.04       6.23 f
  u_cp/u_kvqd/U2445/Z (OR2V2_140P7T30R)                   0.03       6.26 f
  u_cp/u_kvqd/U4461/ZN (CLKNOR2V3_140P7T30R)              0.01       6.27 r
  u_cp/u_kvqd/U24888/ZN (NAND3V4_140P7T30R)               0.02       6.29 f
  u_cp/u_kvqd/U226/ZN (NOR2V6_140P7T30R)                  0.02       6.31 r
  u_cp/u_kvqd/U2440/ZN (CLKNAND2V4_140P7T30R)             0.01       6.32 f
  u_cp/u_kvqd/U24907/ZN (OAI12V2_140P7T30R)               0.01       6.33 r
  u_cp/u_kvqd/U24908/ZN (AOI12V2_140P7T30R)               0.01       6.34 f
  u_cp/u_kvqd/U24909/ZN (OAI12V2_140P7T30R)               0.01       6.36 r
  u_cp/u_kvqd/U24910/ZN (AOI112V2_140P7T30R)              0.01       6.37 f
  u_cp/u_kvqd/U11471/ZN (OAI112V2_140P7T30R)              0.02       6.39 r
  u_cp/u_kvqd/U24913/Z (BUFV4_140P7T30R)                  0.03       6.42 r
  u_cp/u_kvqd/U2434/ZN (CLKNAND2V4_140P7T30R)             0.03       6.44 f
  u_cp/u_kvqd/U4335/ZN (INV2_140P7T30R)                   0.03       6.47 r
  u_cp/u_kvqd/U25009/ZN (AOI22V1_140P7T30R)               0.02       6.49 f
  u_cp/u_kvqd/U25010/ZN (NAND3V2_140P7T30R)               0.02       6.51 r
  u_cp/u_kvqd/U4310/ZN (INV2_140P7T30R)                   0.01       6.52 f
  u_cp/u_kvqd/U25029/ZN (MUX2NV2_140P7T30R)               0.02       6.53 r
  u_cp/u_kvqd/U25385/ZN (OAI22V1_140P7T30R)               0.01       6.55 f
  u_cp/u_kvqd/U25386/ZN (AOI12V2_140P7T30R)               0.02       6.57 r
  u_cp/u_kvqd/U25388/ZN (OAI112V2_140P7T30R)              0.02       6.58 f
  u_cp/u_kvqd/U25389/Z (BUFV4_140P7T30R)                  0.03       6.61 f
  u_cp/u_kvqd/U25390/ZN (XNOR2V2_140P7T30R)               0.03       6.64 f
  u_cp/u_kvqd/U25446/ZN (OAI22V1_140P7T30R)               0.03       6.68 r
  u_cp/u_kvqd/U12810/CO (AD1V2_140P7T30R)                 0.05       6.72 r
  u_cp/u_kvqd/U25466/CO (AD1V4_140P7T30R)                 0.03       6.75 r
  u_cp/u_kvqd/U25517/S (AD1V4_140P7T30R)                  0.05       6.80 f
  u_cp/u_kvqd/U866/S (AD1V2_140P7T30R)                    0.05       6.85 r
  u_cp/u_kvqd/U1053/S (AD1V2_140P7T30R)                   0.05       6.90 f
  u_cp/u_kvqd/U987/ZN (NOR2V2_140P7T30R)                  0.02       6.92 r
  u_cp/u_kvqd/U25476/ZN (OAI12V2_140P7T30R)               0.01       6.93 f
  u_cp/u_kvqd/U25477/ZN (AOI12V2_140P7T30R)               0.02       6.95 r
  u_cp/u_kvqd/U25478/ZN (OAI12V2_140P7T30R)               0.03       6.98 f
  u_cp/u_kvqd/U11995/ZN (AOI12V12_140P7T30R)              0.03       7.00 r
  u_cp/u_kvqd/U25729/ZN (OAI12V2_140P7T30R)               0.01       7.02 f
  u_cp/u_kvqd/U25730/ZN (XNOR2V2_140P7T30R)               0.02       7.04 f
  u_cp/u_kvqd/U640/Z (BUFV8_140P7T30R)                    0.02       7.06 f
  u_cp/u_kvqd/U25741/ZN (MUX2NV2_140P7T30R)               0.02       7.08 f
  u_cp/u_kvqd/U11535/ZN (NOR2V2_140P7T30R)                0.02       7.11 r
  u_cp/u_kvqd/U624/ZN (NAND4V6_140P7T30R)                 0.02       7.12 f
  u_cp/u_kvqd/U25751/ZN (AOI21BV4_140P7T30R)              0.03       7.15 r
  u_cp/u_kvqd/U3789/ZN (INV2_140P7T30R)                   0.01       7.16 f
  u_cp/u_kvqd/U25752/ZN (OAI12V2_140P7T30R)               0.01       7.18 r
  u_cp/u_kvqd/U2645/Z (AND2V2_140P7T30R)                  0.02       7.20 r
  u_cp/u_kvqd/U3782/ZN (INV2_140P7T30R)                   0.02       7.22 f
  u_cp/u_kvqd/U26428/ZN (OAI12V2_140P7T30R)               0.02       7.24 r
  u_cp/u_kvqd/U3775/Z (OR2V2_140P7T30R)                   0.02       7.26 r
  u_cp/u_kvqd/U3765/CO (AD1V2_140P7T30R)                  0.03       7.29 r
  u_cp/u_kvqd/U3752/CO (AD1V2_140P7T30R)                  0.03       7.32 r
  u_cp/u_kvqd/U1217/CO (AD1V2_140P7T30R)                  0.03       7.35 r
  u_cp/u_kvqd/U1047/CO (AD1V2_140P7T30R)                  0.03       7.38 r
  u_cp/u_kvqd/U844/CO (AD1V2_140P7T30R)                   0.03       7.42 r
  u_cp/u_kvqd/U26431/CO (AD1V4_140P7T30R)                 0.03       7.44 r
  u_cp/u_kvqd/U2043/S (AD1V2_140P7T30R)                   0.05       7.49 f
  u_cp/u_kvqd/U27371/CO (ADH1V2_140P7T30R)                0.02       7.51 f
  u_cp/u_kvqd/U3654/CO (ADH1V2_140P7T30R)                 0.02       7.53 f
  u_cp/u_kvqd/U26432/Z (XOR2V2_140P7T30R)                 0.02       7.55 f
  u_cp/u_kvqd/U27359/ZN (MUX2NV2_140P7T30R)               0.02       7.57 r
  u_cp/u_kvqd/U3579/Z (AND2V2_140P7T30R)                  0.02       7.60 r
  u_cp/u_kvqd/U27385/ZN (OAI12V2_140P7T30R)               0.02       7.62 f
  u_cp/u_kvqd/U1472/ZN (NOR2V2_140P7T30R)                 0.02       7.64 r
  u_cp/u_kvqd/U1624/ZN (NAND2XBV2_140P7T30R)              0.02       7.65 f
  u_cp/u_kvqd/U2394/Z (AND2V6_140P7T30R)                  0.03       7.68 f
  u_cp/u_kvqd/U3488/ZN (INV6_140P7T30R)                   0.02       7.70 r
  u_cp/u_kvqd/U9152/ZN (NAND2XBV2_140P7T30R)              0.02       7.72 r
  u_cp/u_kvqd/U3444/ZN (INV2_140P7T30R)                   0.02       7.74 f
  u_cp/u_kvqd/U10131/ZN (NAND2V2_140P7T30R)               0.01       7.76 r
  u_cp/u_kvqd/U27446/ZN (NAND4V1P5_140P7T30R)             0.04       7.79 f
  u_cp/u_kvqd/U27447/ZN (MUX2NV2_140P7T30R)               0.03       7.82 r
  u_cp/u_kvqd/U3259/ZN (NAND2V2_140P7T30R)                0.02       7.84 f
  u_cp/u_kvqd/U11989/ZN (AOI12V4_140P7T30R)               0.02       7.86 r
  u_cp/u_kvqd/U9227/ZN (NOR2V2_140P7T30R)                 0.01       7.87 f
  u_cp/u_kvqd/U3204/ZN (NAND3V2_140P7T30R)                0.01       7.88 r
  u_cp/u_kvqd/U3188/ZN (NAND2V2_140P7T30R)                0.02       7.89 f
  u_cp/u_kvqd/U27617/ZN (CLKNAND2V4_140P7T30R)            0.02       7.91 r
  u_cp/u_kvqd/U3182/ZN (INV2_140P7T30R)                   0.03       7.94 f
  u_cp/u_kvqd/U27727/ZN (MUX2NV2_140P7T30R)               0.03       7.96 r
  u_cp/u_kvqd/U27728/ZN (OAI12V2_140P7T30R)               0.02       7.98 f
  u_cp/u_kvqd/U3165/ZN (INV2_140P7T30R)                   0.01       8.00 r
  u_cp/u_kvqd/U3129/ZN (NAND2V2_140P7T30R)                0.01       8.01 f
  u_cp/u_kvqd/U3126/ZN (INV2_140P7T30R)                   0.01       8.03 r
  u_cp/u_kvqd/U3103/ZN (NAND2V2_140P7T30R)                0.02       8.04 f
  u_cp/u_kvqd/U3095/ZN (CLKNOR2V3_140P7T30R)              0.01       8.06 r
  u_cp/u_kvqd/U3070/Z (AND2V2_140P7T30R)                  0.02       8.08 r
  u_cp/u_kvqd/U27888/CO (ADH1V2_140P7T30R)                0.03       8.10 r
  u_cp/u_kvqd/U27820/CO (ADH1V2_140P7T30R)                0.03       8.13 r
  u_cp/u_kvqd/U27818/CO (ADH1V2_140P7T30R)                0.03       8.16 r
  u_cp/u_kvqd/U3001/Z (AND2V2_140P7T30R)                  0.02       8.18 r
  u_cp/u_kvqd/U27828/CO (ADH1V4_140P7T30R)                0.02       8.20 r
  u_cp/u_kvqd/U2596/ZN (NAND2V2_140P7T30R)                0.01       8.22 f
  u_cp/u_kvqd/U2595/ZN (NOR2V2_140P7T30R)                 0.02       8.24 r
  u_cp/u_kvqd/U2982/ZN (NAND2V2_140P7T30R)                0.02       8.25 f
  u_cp/u_kvqd/U12383/Z (OR2V2_140P7T30R)                  0.03       8.28 f
  u_cp/u_kvqd/U13186/ZN (NOR2V2_140P7T30R)                0.02       8.30 r
  u_cp/u_kvqd/U2975/ZN (NAND2V2_140P7T30R)                0.02       8.31 f
  u_cp/u_kvqd/U12384/Z (OR2V2_140P7T30R)                  0.03       8.34 f
  u_cp/u_kvqd/U1067/ZN (NOR2V2_140P7T30R)                 0.02       8.36 r
  u_cp/u_kvqd/U1620/ZN (NAND2V2_140P7T30R)                0.02       8.37 f
  u_cp/u_kvqd/U2390/ZN (CLKNOR2V3_140P7T30R)              0.02       8.39 r
  u_cp/u_kvqd/U27840/ZN (CLKNAND2V4_140P7T30R)            0.02       8.41 f
  u_cp/u_kvqd/U1619/ZN (NOR2V8_140P7T30R)                 0.02       8.42 r
  u_cp/u_kvqd/U11825/ZN (NAND2V2_140P7T30R)               0.01       8.44 f
  u_cp/u_kvqd/U2017/Z (CLKXOR2V1P5_140P7T30R)             0.02       8.46 f
  u_cp/u_kvqd/U2389/ZN (NOR2V2_140P7T30R)                 0.01       8.47 r
  u_cp/u_kvqd/U27918/ZN (OAI21BV2_140P7T30R)              0.01       8.48 f
  u_cp/u_kvqd/U822/ZN (AOI22V1_140P7T30R)                 0.02       8.50 r
  u_cp/u_kvqd/U2936/ZN (INV2_140P7T30R)                   0.01       8.51 f
  u_cp/u_kvqd/U32284/ZN (AOI12V2_140P7T30R)               0.02       8.53 r
  u_cp/u_kvqd/U32293/ZN (OAI12V2_140P7T30R)               0.01       8.54 f
  u_cp/u_kvqd/U32294/ZN (NOR2V2_140P7T30R)                0.01       8.55 r
  u_cp/u_kvqd/U32295/ZN (OAI12V2_140P7T30R)               0.01       8.57 f
  u_cp/u_kvqd/wr_data[3] (kv_quantdequant)                0.00       8.57 f
  u_cp/U37436/Z (AO12V2_140P7T30R)                        0.02       8.58 f
  u_cp/mem_wr_data[3] (command_processor_NINST4096_MAX_VEC128)     0.00     8.58 f
  hbm_wdata[3] (out)                                      0.00       8.58 f
  data arrival time                                                  8.58

  clock clk (rise edge)                                   1.00       1.00
  clock network delay (ideal)                             0.00       1.00
  output external delay                                   0.00       1.00
  data required time                                                 1.00
  --------------------------------------------------------------------------
  data required time                                                 1.00
  data arrival time                                                 -8.58
  --------------------------------------------------------------------------
  slack (VIOLATED)                                                  -7.58


  Startpoint: u_cp/u_kvqd/s_bits_reg[2]
              (rising edge-triggered flip-flop clocked by clk)
  Endpoint: hbm_wdata[0]
            (output port clocked by clk)
  Path Group: clk
  Path Type: max

  Point                                                   Incr       Path
  --------------------------------------------------------------------------
  clock clk (rise edge)                                   0.00       0.00
  clock network delay (ideal)                             0.00       0.00
  u_cp/u_kvqd/s_bits_reg[2]/CK (DQV2_140P7T30R)           0.00 #     0.00 r
  u_cp/u_kvqd/s_bits_reg[2]/Q (DQV2_140P7T30R)            0.05       0.05 r
  u_cp/u_kvqd/U731/ZN (XNOR2V4_140P7T30R)                 0.03       0.08 r
  u_cp/u_kvqd/U2009/Z (BUFV12_140P7T30R)                  0.06       0.13 r
  u_cp/u_kvqd/U760/ZN (OAI22V1_140P7T30R)                 0.04       0.17 f
  u_cp/u_kvqd/U9078/CO (AD1V2_140P7T30R)                  0.04       0.22 f
  u_cp/u_kvqd/U9053/S (AD1V2_140P7T30R)                   0.05       0.27 r
  u_cp/u_kvqd/U9051/S (AD1V2_140P7T30R)                   0.05       0.31 f
  u_cp/u_kvqd/U9018/ZN (NAND2V2_140P7T30R)                0.01       0.33 r
  u_cp/u_kvqd/U8995/ZN (OAI12V2_140P7T30R)                0.02       0.35 f
  u_cp/u_kvqd/U10949/Z (AO1B2V2_140P7T30R)                0.02       0.37 f
  u_cp/u_kvqd/U636/Z (AO12V4_140P7T30R)                   0.03       0.40 f
  u_cp/u_kvqd/U572/Z (CLKXOR2V6_140P7T30R)                0.02       0.42 f
  u_cp/u_kvqd/U739/ZN (NAND2V6_140P7T30R)                 0.01       0.43 r
  u_cp/u_kvqd/U2373/ZN (NAND2V2_140P7T30R)                0.02       0.45 f
  u_cp/u_kvqd/U13963/ZN (INV4_140P7T30R)                  0.02       0.47 r
  u_cp/u_kvqd/U9423/ZN (MUX2NV2_140P7T30R)                0.02       0.49 r
  u_cp/u_kvqd/U14047/ZN (AOI22V1_140P7T30R)               0.02       0.51 f
  u_cp/u_kvqd/U2882/Z (AND2V2_140P7T30R)                  0.02       0.53 f
  u_cp/u_kvqd/U14048/ZN (XNOR2V2_140P7T30R)               0.03       0.56 f
  u_cp/u_kvqd/U8887/ZN (INV2_140P7T30R)                   0.02       0.57 r
  u_cp/u_kvqd/U14049/ZN (NOR2V2_140P7T30R)                0.01       0.58 f
  u_cp/u_kvqd/U2869/ZN (INV2_140P7T30R)                   0.01       0.59 r
  u_cp/u_kvqd/U21073/ZN (OAI12V2_140P7T30R)               0.01       0.60 f
  u_cp/u_kvqd/U1867/ZN (NOR2V2_140P7T30R)                 0.02       0.63 r
  u_cp/u_kvqd/U2868/ZN (INV4_140P7T30R)                   0.01       0.64 f
  u_cp/u_kvqd/U21128/ZN (XNOR2V2_140P7T30R)               0.02       0.66 f
  u_cp/u_kvqd/U21129/ZN (OAI22V1_140P7T30R)               0.04       0.70 r
  u_cp/u_kvqd/U11943/S (AD1V2_140P7T30R)                  0.05       0.76 f
  u_cp/u_kvqd/U8638/S (AD1V2_140P7T30R)                   0.05       0.81 r
  u_cp/u_kvqd/U8542/S (AD1V2_140P7T30R)                   0.05       0.85 f
  u_cp/u_kvqd/U8493/ZN (NOR2V2_140P7T30R)                 0.02       0.87 r
  u_cp/u_kvqd/U8474/ZN (OAI12V2_140P7T30R)                0.02       0.89 f
  u_cp/u_kvqd/U21150/ZN (AOI12V2_140P7T30R)               0.02       0.90 r
  u_cp/u_kvqd/U21151/ZN (OAI12V2_140P7T30R)               0.01       0.92 f
  u_cp/u_kvqd/U8398/ZN (AOI12V2_140P7T30R)                0.02       0.94 r
  u_cp/u_kvqd/U21186/ZN (OAI12V2_140P7T30R)               0.02       0.96 f
  u_cp/u_kvqd/U8376/ZN (XNOR2V4_140P7T30R)                0.04       1.00 f
  u_cp/u_kvqd/U21199/ZN (MUX2NV2_140P7T30R)               0.03       1.03 f
  u_cp/u_kvqd/U21200/ZN (NAND4V1P5_140P7T30R)             0.02       1.06 r
  u_cp/u_kvqd/U527/ZN (OAI12V4_140P7T30R)                 0.02       1.07 f
  u_cp/u_kvqd/U526/ZN (NOR2V4_140P7T30R)                  0.02       1.09 r
  u_cp/u_kvqd/U21217/ZN (CLKNAND2V4_140P7T30R)            0.04       1.13 f
  u_cp/u_kvqd/U471/ZN (OAI22V1_140P7T30R)                 0.10       1.23 r
  u_cp/u_kvqd/U21247/ZN (OAI22V1_140P7T30R)               0.03       1.26 f
  u_cp/u_kvqd/U8330/CO (ADH1V2_140P7T30R)                 0.03       1.28 f
  u_cp/u_kvqd/U8306/CO (AD1V2_140P7T30R)                  0.03       1.32 f
  u_cp/u_kvqd/U8222/S (AD1V2_140P7T30R)                   0.05       1.37 r
  u_cp/u_kvqd/U8187/S (AD1V2_140P7T30R)                   0.05       1.41 f
  u_cp/u_kvqd/U8154/ZN (NAND2V2_140P7T30R)                0.01       1.43 r
  u_cp/u_kvqd/U21308/ZN (OAI12V2_140P7T30R)               0.01       1.44 f
  u_cp/u_kvqd/U7958/ZN (AOI12V2_140P7T30R)                0.02       1.46 r
  u_cp/u_kvqd/U7923/ZN (OAI12V2_140P7T30R)                0.02       1.48 f
  u_cp/u_kvqd/U7908/ZN (AOI12V4_140P7T30R)                0.03       1.51 r
  u_cp/u_kvqd/U627/ZN (OAI12V6_140P7T30R)                 0.01       1.52 f
  u_cp/u_kvqd/U7894/ZN (XNOR2V4_140P7T30R)                0.04       1.57 f
  u_cp/u_kvqd/U21460/ZN (MUX2NV2_140P7T30R)               0.03       1.60 f
  u_cp/u_kvqd/U21485/ZN (NAND4V1P5_140P7T30R)             0.02       1.62 r
  u_cp/u_kvqd/U21493/ZN (OAI12V2_140P7T30R)               0.02       1.64 f
  u_cp/u_kvqd/U2846/ZN (AOI12V4_140P7T30R)                0.02       1.66 r
  u_cp/u_kvqd/U662/Z (BUFV6_140P7T30R)                    0.02       1.67 r
  u_cp/u_kvqd/U21494/ZN (CLKNAND2V4_140P7T30R)            0.02       1.69 f
  u_cp/u_kvqd/U21511/Z (XOR2V2_140P7T30R)                 0.03       1.72 f
  u_cp/u_kvqd/U7831/ZN (NAND2V2_140P7T30R)                0.02       1.74 r
  u_cp/u_kvqd/U21512/ZN (CLKNAND2V4_140P7T30R)            0.02       1.76 f
  u_cp/u_kvqd/U605/ZN (INV2M_140P7T30R)                   0.02       1.78 r
  u_cp/u_kvqd/U21554/ZN (CLKNAND2V4_140P7T30R)            0.03       1.81 f
  u_cp/u_kvqd/U21606/ZN (OAI12V2_140P7T30R)               0.03       1.84 r
  u_cp/u_kvqd/U7764/ZN (INV2_140P7T30R)                   0.01       1.85 f
  u_cp/u_kvqd/U21609/ZN (MUX2NV2_140P7T30R)               0.02       1.87 r
  u_cp/u_kvqd/U12720/ZN (NAND2XBV2_140P7T30R)             0.02       1.89 r
  u_cp/u_kvqd/U7730/Z (OA112V2_140P7T30R)                 0.03       1.92 r
  u_cp/u_kvqd/U21610/ZN (INV2_140P7T30R)                  0.01       1.93 f
  u_cp/u_kvqd/U7708/ZN (NOR2V2_140P7T30R)                 0.01       1.94 r
  u_cp/u_kvqd/U11503/ZN (NAND2V2_140P7T30R)               0.01       1.95 f
  u_cp/u_kvqd/U12979/ZN (NOR2V2_140P7T30R)                0.01       1.96 r
  u_cp/u_kvqd/U21689/ZN (NAND2V2_140P7T30R)               0.01       1.97 f
  u_cp/u_kvqd/U21693/ZN (OAI12V2_140P7T30R)               0.02       1.99 r
  u_cp/u_kvqd/U7660/Z (BUFV6_140P7T30R)                   0.03       2.02 r
  u_cp/u_kvqd/U660/ZN (CLKNAND2V16_140P7T30R)             0.03       2.04 f
  u_cp/u_kvqd/U21726/Z (XOR2V2_140P7T30R)                 0.03       2.07 f
  u_cp/u_kvqd/U7612/ZN (NOR2V2_140P7T30R)                 0.02       2.09 r
  u_cp/u_kvqd/U21745/ZN (OAI12V2_140P7T30R)               0.02       2.11 f
  u_cp/u_kvqd/U21747/ZN (AOI12V2_140P7T30R)               0.02       2.13 r
  u_cp/u_kvqd/U21750/ZN (OAI12V2_140P7T30R)               0.02       2.15 f
  u_cp/u_kvqd/U620/ZN (AOI12V6_140P7T30R)                 0.03       2.17 r
  u_cp/u_kvqd/U21794/ZN (OAI12V2_140P7T30R)               0.01       2.19 f
  u_cp/u_kvqd/U21795/ZN (XNOR2V2_140P7T30R)               0.03       2.22 f
  u_cp/u_kvqd/U7444/Z (OR2V2_140P7T30R)                   0.03       2.25 f
  u_cp/u_kvqd/U444/ZN (NOR2V2_140P7T30R)                  0.02       2.27 r
  u_cp/u_kvqd/U1851/ZN (CLKNAND2V4_140P7T30R)             0.02       2.29 f
  u_cp/u_kvqd/U621/ZN (NOR2V6_140P7T30R)                  0.01       2.30 r
  u_cp/u_kvqd/U2334/ZN (CLKNAND2V4_140P7T30R)             0.02       2.32 f
  u_cp/u_kvqd/U7387/ZN (CLKNOR2V3_140P7T30R)              0.02       2.33 r
  u_cp/u_kvqd/U655/ZN (NAND3V4_140P7T30R)                 0.01       2.35 f
  u_cp/u_kvqd/U2838/ZN (OAI112V2_140P7T30R)               0.01       2.36 r
  u_cp/u_kvqd/U21834/ZN (AOI112V2_140P7T30R)              0.02       2.38 f
  u_cp/u_kvqd/U7381/ZN (OAI12V6_140P7T30R)                0.03       2.41 r
  u_cp/u_kvqd/U21873/Z (OR2V4_140P7T30R)                  0.03       2.44 r
  u_cp/u_kvqd/U7370/ZN (INV2_140P7T30R)                   0.01       2.45 f
  u_cp/u_kvqd/U21909/ZN (AOI22V1_140P7T30R)               0.01       2.46 r
  u_cp/u_kvqd/U21910/ZN (NAND3V2_140P7T30R)               0.02       2.48 f
  u_cp/u_kvqd/U21911/ZN (MUX2NV2_140P7T30R)               0.03       2.51 r
  u_cp/u_kvqd/U22311/ZN (OAI112V2_140P7T30R)              0.02       2.53 f
  u_cp/u_kvqd/U22312/ZN (AOI22V1_140P7T30R)               0.02       2.55 r
  u_cp/u_kvqd/U22313/ZN (AOI12V2_140P7T30R)               0.02       2.56 f
  u_cp/u_kvqd/U1548/Z (BUFV4_140P7T30R)                   0.03       2.59 f
  u_cp/u_kvqd/U22400/ZN (XNOR2V2_140P7T30R)               0.03       2.62 f
  u_cp/u_kvqd/U22408/ZN (OAI22V1_140P7T30R)               0.03       2.65 r
  u_cp/u_kvqd/U10267/CO (AD1V2_140P7T30R)                 0.04       2.69 r
  u_cp/u_kvqd/U12489/CO (AD1V2_140P7T30R)                 0.04       2.73 r
  u_cp/u_kvqd/U6936/CO (AD1V2_140P7T30R)                  0.03       2.77 r
  u_cp/u_kvqd/U6919/CO (AD1V2_140P7T30R)                  0.03       2.80 r
  u_cp/u_kvqd/U22507/S (AD1V4_140P7T30R)                  0.05       2.85 f
  u_cp/u_kvqd/U1834/S (AD1V2_140P7T30R)                   0.05       2.89 r
  u_cp/u_kvqd/U1426/ZN (NOR2V2_140P7T30R)                 0.01       2.90 f
  u_cp/u_kvqd/U1424/ZN (NOR2V2_140P7T30R)                 0.02       2.93 r
  u_cp/u_kvqd/U6630/ZN (NAND2V2_140P7T30R)                0.02       2.95 f
  u_cp/u_kvqd/U6622/ZN (NOR2V2_140P7T30R)                 0.03       2.98 r
  u_cp/u_kvqd/U525/ZN (AOI12V8_140P7T30R)                 0.02       3.00 f
  u_cp/u_kvqd/U524/ZN (OAI12V4_140P7T30R)                 0.02       3.01 r
  u_cp/u_kvqd/U6599/ZN (XNOR2V4_140P7T30R)                0.04       3.05 r
  u_cp/u_kvqd/U22620/ZN (MUX2NV2_140P7T30R)               0.03       3.07 r
  u_cp/u_kvqd/U6572/ZN (INV2_140P7T30R)                   0.01       3.08 f
  u_cp/u_kvqd/U22625/ZN (NAND4V1P5_140P7T30R)             0.01       3.10 r
  u_cp/u_kvqd/U22628/ZN (OAI112V2_140P7T30R)              0.02       3.12 f
  u_cp/u_kvqd/U658/ZN (NOR2V4_140P7T30R)                  0.02       3.14 r
  u_cp/u_kvqd/U6537/ZN (NAND2V6_140P7T30R)                0.04       3.18 f
  u_cp/u_kvqd/U22670/ZN (OAI12V2_140P7T30R)               0.07       3.25 r
  u_cp/u_kvqd/U22671/ZN (XNOR2V2_140P7T30R)               0.02       3.28 f
  u_cp/u_kvqd/U22672/ZN (OAI22V1_140P7T30R)               0.03       3.31 r
  u_cp/u_kvqd/U770/CO (AD1V2_140P7T30R)                   0.04       3.35 r
  u_cp/u_kvqd/U22775/S (AD1V4_140P7T30R)                  0.05       3.39 f
  u_cp/u_kvqd/U1985/S (AD1V2_140P7T30R)                   0.05       3.44 r
  u_cp/u_kvqd/U1981/ZN (NAND2V2_140P7T30R)                0.02       3.46 f
  u_cp/u_kvqd/U1979/ZN (OAI12V2_140P7T30R)                0.02       3.48 r
  u_cp/u_kvqd/U22807/ZN (AOI12V2_140P7T30R)               0.01       3.49 f
  u_cp/u_kvqd/U22808/ZN (OAI12V2_140P7T30R)               0.01       3.51 r
  u_cp/u_kvqd/U6169/ZN (AOI12V2_140P7T30R)                0.01       3.52 f
  u_cp/u_kvqd/U22921/ZN (OAI12V2_140P7T30R)               0.02       3.54 r
  u_cp/u_kvqd/U22922/ZN (XNOR2V2_140P7T30R)               0.02       3.56 r
  u_cp/u_kvqd/U646/Z (BUFV8_140P7T30R)                    0.02       3.58 r
  u_cp/u_kvqd/U22960/ZN (MUX2NV2_140P7T30R)               0.02       3.60 r
  u_cp/u_kvqd/U22979/ZN (NAND4V1P5_140P7T30R)             0.02       3.62 f
  u_cp/u_kvqd/U6151/ZN (NOR2V2_140P7T30R)                 0.02       3.65 r
  u_cp/u_kvqd/U22981/ZN (AOI12V4_140P7T30R)               0.02       3.67 f
  u_cp/u_kvqd/U22982/ZN (NAND2XBV4_140P7T30R)             0.01       3.68 r
  u_cp/u_kvqd/U22983/ZN (CLKNAND2V4_140P7T30R)            0.02       3.70 f
  u_cp/u_kvqd/U23002/Z (XOR2V2_140P7T30R)                 0.03       3.73 f
  u_cp/u_kvqd/U6125/ZN (INV2_140P7T30R)                   0.01       3.75 r
  u_cp/u_kvqd/U1412/ZN (OAI12V4_140P7T30R)                0.03       3.77 f
  u_cp/u_kvqd/U378/ZN (NOR2V4_140P7T30R)                  0.04       3.81 r
  u_cp/u_kvqd/U23061/ZN (AOI12V2_140P7T30R)               0.02       3.83 f
  u_cp/u_kvqd/U23062/ZN (OAI12V2_140P7T30R)               0.01       3.84 r
  u_cp/u_kvqd/U6050/ZN (NOR2V2_140P7T30R)                 0.01       3.85 f
  u_cp/u_kvqd/U23181/ZN (MUX2NV2_140P7T30R)               0.02       3.87 r
  u_cp/u_kvqd/U23184/ZN (OAI222V2_140P7T30R)              0.03       3.90 f
  u_cp/u_kvqd/U10748/ZN (NAND2V2_140P7T30R)               0.01       3.91 r
  u_cp/u_kvqd/U373/Z (AND3V2_140P7T30R)                   0.03       3.94 r
  u_cp/u_kvqd/U23186/ZN (NAND2V2_140P7T30R)               0.01       3.95 f
  u_cp/u_kvqd/U23187/ZN (NOR2V2_140P7T30R)                0.01       3.96 r
  u_cp/u_kvqd/U23188/ZN (NAND2V2_140P7T30R)               0.01       3.97 f
  u_cp/u_kvqd/U615/ZN (AOI12V4_140P7T30R)                 0.01       3.99 r
  u_cp/u_kvqd/U2242/ZN (NAND2XBV2_140P7T30R)              0.02       4.01 r
  u_cp/u_kvqd/U372/ZN (INV10_140P7T30R)                   0.01       4.02 f
  u_cp/u_kvqd/U1967/ZN (INV6_140P7T30R)                   0.02       4.05 r
  u_cp/u_kvqd/U23219/ZN (OAI12V2_140P7T30R)               0.02       4.06 f
  u_cp/u_kvqd/U1965/ZN (NOR2V2_140P7T30R)                 0.02       4.08 r
  u_cp/u_kvqd/U23220/ZN (OAI12V2_140P7T30R)               0.02       4.10 f
  u_cp/u_kvqd/U23222/ZN (AOI12V2_140P7T30R)               0.02       4.12 r
  u_cp/u_kvqd/U23238/ZN (OAI12V2_140P7T30R)               0.02       4.14 f
  u_cp/u_kvqd/U5861/ZN (INV2_140P7T30R)                   0.03       4.17 r
  u_cp/u_kvqd/U23320/ZN (OAI12V2_140P7T30R)               0.02       4.19 f
  u_cp/u_kvqd/U23321/ZN (XNOR2V2_140P7T30R)               0.04       4.22 f
  u_cp/u_kvqd/U1959/Z (OR2V2_140P7T30R)                   0.03       4.25 f
  u_cp/u_kvqd/U1766/ZN (CLKNOR2V3_140P7T30R)              0.02       4.27 r
  u_cp/u_kvqd/U11979/ZN (NAND3V8_140P7T30R)               0.02       4.29 f
  u_cp/u_kvqd/U1764/ZN (CLKNOR2V3_140P7T30R)              0.01       4.30 r
  u_cp/u_kvqd/U2760/ZN (AOI12V2_140P7T30R)                0.01       4.31 f
  u_cp/u_kvqd/U5770/ZN (OAI12V2_140P7T30R)                0.01       4.32 r
  u_cp/u_kvqd/U23353/ZN (AOI12V2_140P7T30R)               0.01       4.33 f
  u_cp/u_kvqd/U9595/ZN (OAI112V2_140P7T30R)               0.02       4.35 r
  u_cp/u_kvqd/U618/Z (BUFV8_140P7T30R)                    0.02       4.37 r
  u_cp/u_kvqd/U23379/ZN (NAND3V4_140P7T30R)               0.02       4.39 f
  u_cp/u_kvqd/U23396/ZN (NOR2V4_140P7T30R)                0.04       4.43 r
  u_cp/u_kvqd/U2756/ZN (INV2_140P7T30R)                   0.04       4.47 f
  u_cp/u_kvqd/U23444/ZN (OAI22V4_140P7T30R)               0.09       4.56 r
  u_cp/u_kvqd/U23627/ZN (XNOR2V2_140P7T30R)               0.03       4.59 r
  u_cp/u_kvqd/U23628/ZN (OAI22V1_140P7T30R)               0.02       4.61 f
  u_cp/u_kvqd/U12538/S (AD1V2_140P7T30R)                  0.07       4.68 r
  u_cp/u_kvqd/U23671/S (AD1V4_140P7T30R)                  0.05       4.73 f
  u_cp/u_kvqd/U1748/S (AD1V2_140P7T30R)                   0.05       4.78 r
  u_cp/u_kvqd/U2487/S (AD1V2_140P7T30R)                   0.05       4.83 f
  u_cp/u_kvqd/U2198/Z (OR2V2_140P7T30R)                   0.02       4.85 f
  u_cp/u_kvqd/U23818/ZN (AOI12V2_140P7T30R)               0.01       4.86 r
  u_cp/u_kvqd/U23819/ZN (OAI12V2_140P7T30R)               0.01       4.87 f
  u_cp/u_kvqd/U23820/ZN (AOI12V2_140P7T30R)               0.02       4.89 r
  u_cp/u_kvqd/U23936/ZN (OAI12V2_140P7T30R)               0.02       4.92 f
  u_cp/u_kvqd/U603/ZN (AOI12V8_140P7T30R)                 0.03       4.94 r
  u_cp/u_kvqd/U5245/ZN (OAI12V4_140P7T30R)                0.01       4.96 f
  u_cp/u_kvqd/U24200/ZN (XNOR2V2_140P7T30R)               0.02       4.98 f
  u_cp/u_kvqd/U1937/Z (BUFV6_140P7T30R)                   0.02       5.00 f
  u_cp/u_kvqd/U24216/ZN (MUX2NV2_140P7T30R)               0.02       5.03 f
  u_cp/u_kvqd/U2137/ZN (INV2_140P7T30R)                   0.01       5.04 r
  u_cp/u_kvqd/U5206/ZN (NAND4V1P5_140P7T30R)              0.03       5.06 f
  u_cp/u_kvqd/U652/ZN (OAI12V4_140P7T30R)                 0.03       5.09 r
  u_cp/u_kvqd/U24225/ZN (NOR3V2_140P7T30R)                0.01       5.10 f
  u_cp/u_kvqd/U5176/ZN (INV2_140P7T30R)                   0.03       5.13 r
  u_cp/u_kvqd/U24437/ZN (OAI22V4_140P7T30R)               0.09       5.22 f
  u_cp/u_kvqd/U24438/ZN (XNOR2V2_140P7T30R)               0.05       5.27 f
  u_cp/u_kvqd/U24449/ZN (OAI22V1_140P7T30R)               0.04       5.30 r
  u_cp/u_kvqd/U1181/CO (AD1V2_140P7T30R)                  0.04       5.34 r
  u_cp/u_kvqd/U24468/S (AD1V4_140P7T30R)                  0.05       5.39 f
  u_cp/u_kvqd/U24473/S (AD1V4_140P7T30R)                  0.05       5.43 r
  u_cp/u_kvqd/U1173/ZN (CLKNOR2V3_140P7T30R)              0.01       5.45 f
  u_cp/u_kvqd/U1171/ZN (NOR2V2_140P7T30R)                 0.01       5.46 r
  u_cp/u_kvqd/U1694/ZN (NAND2V2_140P7T30R)                0.01       5.47 f
  u_cp/u_kvqd/U12945/ZN (NOR2V2_140P7T30R)                0.02       5.49 r
  u_cp/u_kvqd/U1159/ZN (AOI12V4_140P7T30R)                0.02       5.51 f
  u_cp/u_kvqd/U641/ZN (OAI12V4_140P7T30R)                 0.02       5.53 r
  u_cp/u_kvqd/U642/ZN (XNOR2V4_140P7T30R)                 0.03       5.56 r
  u_cp/u_kvqd/U1689/Z (BUFV6_140P7T30R)                   0.02       5.58 r
  u_cp/u_kvqd/U24505/ZN (MUX2NV2_140P7T30R)               0.01       5.60 f
  u_cp/u_kvqd/U4789/ZN (INV2_140P7T30R)                   0.01       5.61 r
  u_cp/u_kvqd/U24555/ZN (NAND4V1P5_140P7T30R)             0.02       5.63 f
  u_cp/u_kvqd/U2092/ZN (OAI112V2_140P7T30R)               0.03       5.66 r
  u_cp/u_kvqd/U24559/Z (AO1B2V4_140P7T30R)                0.02       5.67 f
  u_cp/u_kvqd/U24569/ZN (CLKNAND2V4_140P7T30R)            0.01       5.68 r
  u_cp/u_kvqd/U4762/ZN (INV2_140P7T30R)                   0.02       5.70 f
  u_cp/u_kvqd/U24570/ZN (NOR2V4_140P7T30R)                0.03       5.73 r
  u_cp/u_kvqd/U1007/ZN (INV6_140P7T30R)                   0.03       5.76 f
  u_cp/u_kvqd/U24614/ZN (AOI12V2_140P7T30R)               0.05       5.82 r
  u_cp/u_kvqd/U24615/ZN (CLKNAND2V4_140P7T30R)            0.02       5.84 f
  u_cp/u_kvqd/U24619/ZN (NOR2V4_140P7T30R)                0.03       5.87 r
  u_cp/u_kvqd/U2457/ZN (INV4_140P7T30R)                   0.02       5.90 f
  u_cp/u_kvqd/U879/Z (OA222V2_140P7T30R)                  0.04       5.94 f
  u_cp/u_kvqd/U4627/ZN (NAND2V2_140P7T30R)                0.01       5.95 r
  u_cp/u_kvqd/U4619/ZN (NOR2V2_140P7T30R)                 0.01       5.95 f
  u_cp/u_kvqd/U4606/ZN (NAND2V2_140P7T30R)                0.01       5.96 r
  u_cp/u_kvqd/U4596/ZN (NOR2V2_140P7T30R)                 0.01       5.97 f
  u_cp/u_kvqd/U604/ZN (NAND3BBV4_140P7T30R)               0.01       5.98 r
  u_cp/u_kvqd/U4581/ZN (OAI12V2_140P7T30R)                0.01       5.99 f
  u_cp/u_kvqd/U24755/ZN (NOR2V4_140P7T30R)                0.02       6.01 r
  u_cp/u_kvqd/U663/Z (BUFV12_140P7T30R)                   0.02       6.03 r
  u_cp/u_kvqd/U24777/ZN (NOR2V2_140P7T30R)                0.01       6.04 f
  u_cp/u_kvqd/U24778/Z (XOR2V2_140P7T30R)                 0.02       6.06 f
  u_cp/u_kvqd/U780/ZN (NOR2V2_140P7T30R)                  0.03       6.09 r
  u_cp/u_kvqd/U24781/ZN (OAI12V2_140P7T30R)               0.01       6.10 f
  u_cp/u_kvqd/U24782/ZN (AOI12V2_140P7T30R)               0.02       6.12 r
  u_cp/u_kvqd/U24783/ZN (OAI12V2_140P7T30R)               0.02       6.14 f
  u_cp/u_kvqd/U4495/ZN (INV2_140P7T30R)                   0.03       6.17 r
  u_cp/u_kvqd/U24871/ZN (OAI12V2_140P7T30R)               0.02       6.19 f
  u_cp/u_kvqd/U24872/ZN (XNOR2V2_140P7T30R)               0.04       6.23 f
  u_cp/u_kvqd/U2445/Z (OR2V2_140P7T30R)                   0.03       6.26 f
  u_cp/u_kvqd/U4461/ZN (CLKNOR2V3_140P7T30R)              0.01       6.27 r
  u_cp/u_kvqd/U24888/ZN (NAND3V4_140P7T30R)               0.02       6.29 f
  u_cp/u_kvqd/U226/ZN (NOR2V6_140P7T30R)                  0.02       6.31 r
  u_cp/u_kvqd/U2440/ZN (CLKNAND2V4_140P7T30R)             0.01       6.32 f
  u_cp/u_kvqd/U24907/ZN (OAI12V2_140P7T30R)               0.01       6.33 r
  u_cp/u_kvqd/U24908/ZN (AOI12V2_140P7T30R)               0.01       6.34 f
  u_cp/u_kvqd/U24909/ZN (OAI12V2_140P7T30R)               0.01       6.36 r
  u_cp/u_kvqd/U24910/ZN (AOI112V2_140P7T30R)              0.01       6.37 f
  u_cp/u_kvqd/U11471/ZN (OAI112V2_140P7T30R)              0.02       6.39 r
  u_cp/u_kvqd/U24913/Z (BUFV4_140P7T30R)                  0.03       6.42 r
  u_cp/u_kvqd/U2434/ZN (CLKNAND2V4_140P7T30R)             0.03       6.44 f
  u_cp/u_kvqd/U4335/ZN (INV2_140P7T30R)                   0.03       6.47 r
  u_cp/u_kvqd/U25009/ZN (AOI22V1_140P7T30R)               0.02       6.49 f
  u_cp/u_kvqd/U25010/ZN (NAND3V2_140P7T30R)               0.02       6.51 r
  u_cp/u_kvqd/U4310/ZN (INV2_140P7T30R)                   0.01       6.52 f
  u_cp/u_kvqd/U25029/ZN (MUX2NV2_140P7T30R)               0.02       6.53 r
  u_cp/u_kvqd/U25385/ZN (OAI22V1_140P7T30R)               0.01       6.55 f
  u_cp/u_kvqd/U25386/ZN (AOI12V2_140P7T30R)               0.02       6.57 r
  u_cp/u_kvqd/U25388/ZN (OAI112V2_140P7T30R)              0.02       6.58 f
  u_cp/u_kvqd/U25389/Z (BUFV4_140P7T30R)                  0.03       6.61 f
  u_cp/u_kvqd/U25390/ZN (XNOR2V2_140P7T30R)               0.03       6.64 f
  u_cp/u_kvqd/U25446/ZN (OAI22V1_140P7T30R)               0.03       6.68 r
  u_cp/u_kvqd/U12810/CO (AD1V2_140P7T30R)                 0.05       6.72 r
  u_cp/u_kvqd/U25466/CO (AD1V4_140P7T30R)                 0.03       6.75 r
  u_cp/u_kvqd/U25517/S (AD1V4_140P7T30R)                  0.05       6.80 f
  u_cp/u_kvqd/U866/S (AD1V2_140P7T30R)                    0.05       6.85 r
  u_cp/u_kvqd/U1053/S (AD1V2_140P7T30R)                   0.05       6.90 f
  u_cp/u_kvqd/U987/ZN (NOR2V2_140P7T30R)                  0.02       6.92 r
  u_cp/u_kvqd/U25476/ZN (OAI12V2_140P7T30R)               0.01       6.93 f
  u_cp/u_kvqd/U25477/ZN (AOI12V2_140P7T30R)               0.02       6.95 r
  u_cp/u_kvqd/U25478/ZN (OAI12V2_140P7T30R)               0.03       6.98 f
  u_cp/u_kvqd/U11995/ZN (AOI12V12_140P7T30R)              0.03       7.00 r
  u_cp/u_kvqd/U25729/ZN (OAI12V2_140P7T30R)               0.01       7.02 f
  u_cp/u_kvqd/U25730/ZN (XNOR2V2_140P7T30R)               0.02       7.04 f
  u_cp/u_kvqd/U640/Z (BUFV8_140P7T30R)                    0.02       7.06 f
  u_cp/u_kvqd/U25741/ZN (MUX2NV2_140P7T30R)               0.02       7.08 f
  u_cp/u_kvqd/U11535/ZN (NOR2V2_140P7T30R)                0.02       7.11 r
  u_cp/u_kvqd/U624/ZN (NAND4V6_140P7T30R)                 0.02       7.12 f
  u_cp/u_kvqd/U25751/ZN (AOI21BV4_140P7T30R)              0.03       7.15 r
  u_cp/u_kvqd/U3789/ZN (INV2_140P7T30R)                   0.01       7.16 f
  u_cp/u_kvqd/U25752/ZN (OAI12V2_140P7T30R)               0.01       7.18 r
  u_cp/u_kvqd/U2645/Z (AND2V2_140P7T30R)                  0.02       7.20 r
  u_cp/u_kvqd/U3782/ZN (INV2_140P7T30R)                   0.02       7.22 f
  u_cp/u_kvqd/U26428/ZN (OAI12V2_140P7T30R)               0.02       7.24 r
  u_cp/u_kvqd/U3775/Z (OR2V2_140P7T30R)                   0.02       7.26 r
  u_cp/u_kvqd/U3765/CO (AD1V2_140P7T30R)                  0.03       7.29 r
  u_cp/u_kvqd/U3752/CO (AD1V2_140P7T30R)                  0.03       7.32 r
  u_cp/u_kvqd/U1217/CO (AD1V2_140P7T30R)                  0.03       7.35 r
  u_cp/u_kvqd/U1047/CO (AD1V2_140P7T30R)                  0.03       7.38 r
  u_cp/u_kvqd/U844/CO (AD1V2_140P7T30R)                   0.03       7.42 r
  u_cp/u_kvqd/U26431/CO (AD1V4_140P7T30R)                 0.03       7.44 r
  u_cp/u_kvqd/U2043/S (AD1V2_140P7T30R)                   0.05       7.49 f
  u_cp/u_kvqd/U27371/CO (ADH1V2_140P7T30R)                0.02       7.51 f
  u_cp/u_kvqd/U3654/CO (ADH1V2_140P7T30R)                 0.02       7.53 f
  u_cp/u_kvqd/U26432/Z (XOR2V2_140P7T30R)                 0.02       7.55 f
  u_cp/u_kvqd/U27359/ZN (MUX2NV2_140P7T30R)               0.02       7.57 r
  u_cp/u_kvqd/U3579/Z (AND2V2_140P7T30R)                  0.02       7.60 r
  u_cp/u_kvqd/U27385/ZN (OAI12V2_140P7T30R)               0.02       7.62 f
  u_cp/u_kvqd/U1472/ZN (NOR2V2_140P7T30R)                 0.02       7.64 r
  u_cp/u_kvqd/U1624/ZN (NAND2XBV2_140P7T30R)              0.02       7.65 f
  u_cp/u_kvqd/U2394/Z (AND2V6_140P7T30R)                  0.03       7.68 f
  u_cp/u_kvqd/U3488/ZN (INV6_140P7T30R)                   0.02       7.70 r
  u_cp/u_kvqd/U9152/ZN (NAND2XBV2_140P7T30R)              0.02       7.72 r
  u_cp/u_kvqd/U3444/ZN (INV2_140P7T30R)                   0.02       7.74 f
  u_cp/u_kvqd/U10131/ZN (NAND2V2_140P7T30R)               0.01       7.76 r
  u_cp/u_kvqd/U27446/ZN (NAND4V1P5_140P7T30R)             0.04       7.79 f
  u_cp/u_kvqd/U27447/ZN (MUX2NV2_140P7T30R)               0.03       7.82 r
  u_cp/u_kvqd/U3259/ZN (NAND2V2_140P7T30R)                0.02       7.84 f
  u_cp/u_kvqd/U11989/ZN (AOI12V4_140P7T30R)               0.02       7.86 r
  u_cp/u_kvqd/U9227/ZN (NOR2V2_140P7T30R)                 0.01       7.87 f
  u_cp/u_kvqd/U3204/ZN (NAND3V2_140P7T30R)                0.01       7.88 r
  u_cp/u_kvqd/U3188/ZN (NAND2V2_140P7T30R)                0.02       7.89 f
  u_cp/u_kvqd/U27617/ZN (CLKNAND2V4_140P7T30R)            0.02       7.91 r
  u_cp/u_kvqd/U3182/ZN (INV2_140P7T30R)                   0.03       7.94 f
  u_cp/u_kvqd/U27727/ZN (MUX2NV2_140P7T30R)               0.03       7.96 r
  u_cp/u_kvqd/U27728/ZN (OAI12V2_140P7T30R)               0.02       7.98 f
  u_cp/u_kvqd/U3165/ZN (INV2_140P7T30R)                   0.01       8.00 r
  u_cp/u_kvqd/U3129/ZN (NAND2V2_140P7T30R)                0.01       8.01 f
  u_cp/u_kvqd/U3126/ZN (INV2_140P7T30R)                   0.01       8.03 r
  u_cp/u_kvqd/U3103/ZN (NAND2V2_140P7T30R)                0.02       8.04 f
  u_cp/u_kvqd/U3095/ZN (CLKNOR2V3_140P7T30R)              0.01       8.06 r
  u_cp/u_kvqd/U3070/Z (AND2V2_140P7T30R)                  0.02       8.08 r
  u_cp/u_kvqd/U27888/CO (ADH1V2_140P7T30R)                0.03       8.10 r
  u_cp/u_kvqd/U27820/CO (ADH1V2_140P7T30R)                0.03       8.13 r
  u_cp/u_kvqd/U27818/CO (ADH1V2_140P7T30R)                0.03       8.16 r
  u_cp/u_kvqd/U3001/Z (AND2V2_140P7T30R)                  0.02       8.18 r
  u_cp/u_kvqd/U27828/CO (ADH1V4_140P7T30R)                0.02       8.20 r
  u_cp/u_kvqd/U2596/ZN (NAND2V2_140P7T30R)                0.01       8.22 f
  u_cp/u_kvqd/U2595/ZN (NOR2V2_140P7T30R)                 0.02       8.24 r
  u_cp/u_kvqd/U2982/ZN (NAND2V2_140P7T30R)                0.02       8.25 f
  u_cp/u_kvqd/U12383/Z (OR2V2_140P7T30R)                  0.03       8.28 f
  u_cp/u_kvqd/U13186/ZN (NOR2V2_140P7T30R)                0.02       8.30 r
  u_cp/u_kvqd/U2975/ZN (NAND2V2_140P7T30R)                0.02       8.31 f
  u_cp/u_kvqd/U12384/Z (OR2V2_140P7T30R)                  0.03       8.34 f
  u_cp/u_kvqd/U1067/ZN (NOR2V2_140P7T30R)                 0.02       8.36 r
  u_cp/u_kvqd/U1620/ZN (NAND2V2_140P7T30R)                0.02       8.37 f
  u_cp/u_kvqd/U2390/ZN (CLKNOR2V3_140P7T30R)              0.02       8.39 r
  u_cp/u_kvqd/U27840/ZN (CLKNAND2V4_140P7T30R)            0.02       8.41 f
  u_cp/u_kvqd/U1619/ZN (NOR2V8_140P7T30R)                 0.02       8.42 r
  u_cp/u_kvqd/U9/ZN (NAND2V2_140P7T30R)                   0.01       8.44 f
  u_cp/u_kvqd/U27872/Z (XOR2V2_140P7T30R)                 0.02       8.46 f
  u_cp/u_kvqd/U27873/Z (AO22V2_140P7T30R)                 0.02       8.48 f
  u_cp/u_kvqd/U2387/ZN (INV2_140P7T30R)                   0.01       8.49 r
  u_cp/u_kvqd/U2016/ZN (NAND4V1P5_140P7T30R)              0.02       8.51 f
  u_cp/u_kvqd/U27926/ZN (OAI12V2_140P7T30R)               0.02       8.53 r
  u_cp/u_kvqd/U27928/ZN (NAND2V2_140P7T30R)               0.01       8.54 f
  u_cp/u_kvqd/U27929/ZN (NOR2V2_140P7T30R)                0.01       8.55 r
  u_cp/u_kvqd/U28188/ZN (OAI13V2_140P7T30R)               0.01       8.56 f
  u_cp/u_kvqd/wr_data[0] (kv_quantdequant)                0.00       8.56 f
  u_cp/U39067/Z (AO1B2V2_140P7T30R)                       0.02       8.58 f
  u_cp/mem_wr_data[0] (command_processor_NINST4096_MAX_VEC128)     0.00     8.58 f
  hbm_wdata[0] (out)                                      0.00       8.58 f
  data arrival time                                                  8.58

  clock clk (rise edge)                                   1.00       1.00
  clock network delay (ideal)                             0.00       1.00
  output external delay                                   0.00       1.00
  data required time                                                 1.00
  --------------------------------------------------------------------------
  data required time                                                 1.00
  data arrival time                                                 -8.58
  --------------------------------------------------------------------------
  slack (VIOLATED)                                                  -7.58


  Startpoint: u_cp/pos_base_reg[6]
              (rising edge-triggered flip-flop clocked by clk)
  Endpoint: u_cp/u_bfeed/row_reg[87][26]
            (rising edge-triggered flip-flop clocked by clk)
  Path Group: clk
  Path Type: max

  Point                                                   Incr       Path
  --------------------------------------------------------------------------
  clock clk (rise edge)                                   0.00       0.00
  clock network delay (ideal)                             0.00       0.00
  u_cp/pos_base_reg[6]/CK (DQV6_140P7T30R)                0.00 #     0.00 r
  u_cp/pos_base_reg[6]/Q (DQV6_140P7T30R)                 0.05       0.05 f
  u_cp/u_bfeed/pos_base[6] (kv_bfeed_MAX_N128)            0.00       0.05 f
  u_cp/u_bfeed/U143075/ZN (NOR2V16_140P7T30R)             0.02       0.07 r
  u_cp/u_bfeed/U36448/Z (BUFV20_140P7T30R)                0.02       0.09 r
  u_cp/u_bfeed/U101507/ZN (NOR2V12_140P7T30R)             0.01       0.10 f
  u_cp/u_bfeed/U80137/ZN (CLKNAND2V4_140P7T30R)           0.01       0.11 r
  u_cp/u_bfeed/U64741/ZN (NOR2V6_140P7T30R)               0.01       0.12 f
  u_cp/u_bfeed/U35555/ZN (NOR3V2_140P7T30R)               0.02       0.14 r
  u_cp/u_bfeed/U169103/ZN (NAND2XBV4_140P7T30R)           0.02       0.16 r
  u_cp/u_bfeed/U63664/ZN (NAND2V8_140P7T30R)              0.01       0.17 f
  u_cp/u_bfeed/U35496/ZN (NOR2V8_140P7T30R)               0.01       0.18 r
  u_cp/u_bfeed/U48460/ZN (CLKNAND2V12_140P7T30R)          0.01       0.19 f
  u_cp/u_bfeed/U142302/ZN (CLKNAND2V16_140P7T30R)         0.01       0.20 r
  u_cp/u_bfeed/U41064/ZN (INV16_140P7T30R)                0.01       0.21 f
  u_cp/u_bfeed/U47818/ZN (NOR2V16_140P7T30R)              0.02       0.23 r
  u_cp/u_bfeed/U35226/ZN (INV5_140P7T30R)                 0.01       0.23 f
  u_cp/u_bfeed/U149276/ZN (OAI22V1_140P7T30R)             0.02       0.25 r
  u_cp/u_bfeed/U168443/Z (OA12V4_140P7T30R)               0.02       0.28 r
  u_cp/u_bfeed/U55694/ZN (NOR2V12_140P7T30R)              0.01       0.28 f
  u_cp/u_bfeed/U67799/ZN (CLKNAND2V16_140P7T30R)          0.01       0.29 r
  u_cp/u_bfeed/U35015/ZN (INV12_140P7T30R)                0.01       0.30 f
  u_cp/u_bfeed/U150673/Z (CLKXOR2V6_140P7T30R)            0.02       0.32 f
  u_cp/u_bfeed/U149252/ZN (OAI22V1_140P7T30R)             0.03       0.35 r
  u_cp/u_bfeed/U190596/CO (AD1V4_140P7T30R)               0.04       0.38 r
  u_cp/u_bfeed/U190635/S (AD1V4_140P7T30R)                0.05       0.43 f
  u_cp/u_bfeed/U34667/ZN (OAI12V4_140P7T30R)              0.01       0.45 r
  u_cp/u_bfeed/U57428/ZN (NAND2V8_140P7T30R)              0.01       0.46 f
  u_cp/u_bfeed/U141074/Z (CLKXOR2V6_140P7T30R)            0.02       0.48 f
  u_cp/u_bfeed/U62028/Z (CLKXOR2V6_140P7T30R)             0.02       0.51 f
  u_cp/u_bfeed/U34549/ZN (NAND2V6_140P7T30R)              0.01       0.52 r
  u_cp/u_bfeed/U68763/ZN (OAI12V8_140P7T30R)              0.01       0.53 f
  u_cp/u_bfeed/U60307/ZN (AOI12V12_140P7T30R)             0.01       0.54 r
  u_cp/u_bfeed/U62349/ZN (OAI12V12_140P7T30R)             0.01       0.55 f
  u_cp/u_bfeed/U146506/ZN (NOR2V16_140P7T30R)             0.02       0.57 r
  u_cp/u_bfeed/U142866/ZN (OAI12V12_140P7T30R)            0.01       0.59 f
  u_cp/u_bfeed/U53699/ZN (NOR2V16_140P7T30R)              0.01       0.60 r
  u_cp/u_bfeed/U146624/ZN (NOR2V16_140P7T30R)             0.01       0.61 f
  u_cp/u_bfeed/U49889/ZN (INV20_140P7T30R)                0.01       0.62 r
  u_cp/u_bfeed/U44160/ZN (INV32_140P7T30R)                0.01       0.62 f
  u_cp/u_bfeed/U34102/ZN (CLKNAND2V4_140P7T30R)           0.01       0.63 r
  u_cp/u_bfeed/U117237/ZN (CLKNAND2V12_140P7T30R)         0.02       0.65 f
  u_cp/u_bfeed/U173742/CO (AD1V4_140P7T30R)               0.03       0.69 f
  u_cp/u_bfeed/U169402/Z (MAJ23V4_140P7T30R)              0.02       0.71 f
  u_cp/u_bfeed/U98053/ZN (OAI12V4_140P7T30R)              0.01       0.72 r
  u_cp/u_bfeed/U117186/ZN (NAND2V6_140P7T30R)             0.01       0.74 f
  u_cp/u_bfeed/U151399/Z (CLKXOR2V6_140P7T30R)            0.02       0.76 f
  u_cp/u_bfeed/U151398/Z (CLKXOR2V6_140P7T30R)            0.02       0.78 f
  u_cp/u_bfeed/U61417/ZN (NOR2V8_140P7T30R)               0.01       0.79 r
  u_cp/u_bfeed/U62142/ZN (NOR2V6_140P7T30R)               0.01       0.80 f
  u_cp/u_bfeed/U63628/ZN (NOR2V6_140P7T30R)               0.01       0.81 r
  u_cp/u_bfeed/U64332/ZN (OAI12V6_140P7T30R)              0.01       0.82 f
  u_cp/u_bfeed/U64331/ZN (AOI12V8_140P7T30R)              0.02       0.84 r
  u_cp/u_bfeed/U145065/ZN (OAI12V12_140P7T30R)            0.02       0.85 f
  u_cp/u_bfeed/U33655/Z (BUFV12_140P7T30R)                0.02       0.87 f
  u_cp/u_bfeed/U47701/ZN (NOR2V16_140P7T30R)              0.01       0.88 r
  u_cp/u_bfeed/U51550/ZN (OAI22V12_140P7T30R)             0.02       0.90 f
  u_cp/u_bfeed/U53525/ZN (NOR2V16_140P7T30R)              0.02       0.92 r
  u_cp/u_bfeed/U55658/ZN (NOR2V16_140P7T30R)              0.01       0.92 f
  u_cp/u_bfeed/U56673/ZN (NOR2V16_140P7T30R)              0.01       0.93 r
  u_cp/u_bfeed/U65431/ZN (NAND2V8_140P7T30R)              0.01       0.94 f
  u_cp/u_bfeed/U65432/ZN (NAND2V6_140P7T30R)              0.01       0.95 r
  u_cp/u_bfeed/U107331/ZN (NAND2V8_140P7T30R)             0.02       0.96 f
  u_cp/u_bfeed/U65538/ZN (NAND2XBV6_140P7T30R)            0.01       0.97 r
  u_cp/u_bfeed/U117029/ZN (NOR2V6_140P7T30R)              0.01       0.98 f
  u_cp/u_bfeed/U65612/ZN (INV8_140P7T30R)                 0.01       0.99 r
  u_cp/u_bfeed/U65613/ZN (NOR2V6_140P7T30R)               0.01       0.99 f
  u_cp/u_bfeed/U117013/ZN (AOI12V6_140P7T30R)             0.02       1.01 r
  u_cp/u_bfeed/U45602/ZN (NOR2V12_140P7T30R)              0.01       1.02 f
  u_cp/u_bfeed/U45484/ZN (CLKNAND2V16_140P7T30R)          0.01       1.03 r
  u_cp/u_bfeed/U67784/ZN (INV20_140P7T30R)                0.01       1.04 f
  u_cp/u_bfeed/U145315/ZN (NAND3V12_140P7T30R)            0.01       1.04 r
  u_cp/u_bfeed/U145448/Z (CLKXOR2V6_140P7T30R)            0.02       1.06 r
  u_cp/u_bfeed/U66874/ZN (OAI12V8_140P7T30R)              0.01       1.08 f
  u_cp/u_bfeed/U53374/ZN (INV8_140P7T30R)                 0.01       1.08 r
  u_cp/u_bfeed/U54774/ZN (CLKNAND2V12_140P7T30R)          0.01       1.09 f
  u_cp/u_bfeed/U66316/ZN (NOR2V8_140P7T30R)               0.01       1.10 r
  u_cp/u_bfeed/U67778/ZN (NAND2V8_140P7T30R)              0.01       1.11 f
  u_cp/u_bfeed/U107297/ZN (OAI12V8_140P7T30R)             0.01       1.12 r
  u_cp/u_bfeed/U41013/ZN (CLKNAND2V16_140P7T30R)          0.02       1.14 f
  u_cp/u_bfeed/U49585/ZN (INV20_140P7T30R)                0.01       1.15 r
  u_cp/u_bfeed/U58244/ZN (NOR2V16_140P7T30R)              0.01       1.16 f
  u_cp/u_bfeed/U48459/ZN (INV32_140P7T30R)                0.01       1.17 r
  u_cp/u_bfeed/U48515/ZN (OAI22V12_140P7T30R)             0.01       1.18 f
  u_cp/u_bfeed/U60641/ZN (NOR2V12_140P7T30R)              0.01       1.19 r
  u_cp/u_bfeed/U65492/ZN (OAI12V8_140P7T30R)              0.01       1.20 f
  u_cp/u_bfeed/U143009/ZN (OAI22V8_140P7T30R)             0.02       1.22 r
  u_cp/u_bfeed/U41048/ZN (INV12_140P7T30R)                0.01       1.23 f
  u_cp/u_bfeed/U97969/Z (BUFV12_140P7T30R)                0.01       1.25 f
  u_cp/u_bfeed/U32812/ZN (INV6_140P7T30R)                 0.02       1.26 r
  u_cp/u_bfeed/U49881/ZN (INV4_140P7T30R)                 0.02       1.28 f
  u_cp/u_bfeed/U79884/Z (XOR2V4_140P7T30R)                0.03       1.31 f
  u_cp/u_bfeed/U32683/ZN (CLKNAND2V4_140P7T30R)           0.01       1.32 r
  u_cp/u_bfeed/U73859/ZN (NAND2V3_140P7T30R)              0.01       1.33 f
  u_cp/u_bfeed/U89966/ZN (NOR2V6_140P7T30R)               0.01       1.34 r
  u_cp/u_bfeed/U89963/ZN (CLKNAND2V12_140P7T30R)          0.01       1.36 f
  u_cp/u_bfeed/U77300/ZN (INV8_140P7T30R)                 0.01       1.36 r
  u_cp/u_bfeed/U153680/ZN (NAND3V8_140P7T30R)             0.01       1.38 f
  u_cp/u_bfeed/U50233/ZN (OAI12V8_140P7T30R)              0.01       1.39 r
  u_cp/u_bfeed/U150852/ZN (NOR2V16_140P7T30R)             0.01       1.40 f
  u_cp/u_bfeed/U153135/ZN (MUX2NV4_140P7T30R)             0.02       1.43 f
  u_cp/u_bfeed/U51671/ZN (OAI12V8_140P7T30R)              0.01       1.44 r
  u_cp/u_bfeed/U150973/ZN (OAI12V6_140P7T30R)             0.01       1.45 f
  u_cp/u_bfeed/U149220/ZN (NAND2XBV16_140P7T30R)          0.03       1.48 f
  u_cp/u_bfeed/U68506/ZN (NOR2V16_140P7T30R)              0.02       1.50 r
  u_cp/u_bfeed/U31978/ZN (INV6_140P7T30R)                 0.01       1.51 f
  u_cp/u_bfeed/U149227/ZN (NAND3V12_140P7T30R)            0.01       1.52 r
  u_cp/u_bfeed/U31924/Z (CLKBUFV16_140P7T30R)             0.01       1.53 r
  u_cp/u_bfeed/U52091/ZN (NOR2V6_140P7T30R)               0.01       1.54 f
  u_cp/u_bfeed/U151391/Z (OA1B2V4_140P7T30R)              0.01       1.55 r
  u_cp/u_bfeed/U51703/ZN (NAND3V6_140P7T30R)              0.01       1.56 f
  u_cp/u_bfeed/U31794/ZN (INV8_140P7T30R)                 0.01       1.57 r
  u_cp/u_bfeed/U58179/ZN (AOI12V8_140P7T30R)              0.01       1.58 f
  u_cp/u_bfeed/U116614/ZN (AOI22V8_140P7T30R)             0.02       1.60 r
  u_cp/u_bfeed/U149301/ZN (OAI12V12_140P7T30R)            0.01       1.61 f
  u_cp/u_bfeed/U139197/Z (AND2V6_140P7T30R)               0.01       1.63 f
  u_cp/u_bfeed/U107084/ZN (NOR2V4_140P7T30R)              0.01       1.64 r
  u_cp/u_bfeed/U57433/ZN (AOI12V8_140P7T30R)              0.01       1.65 f
  u_cp/u_bfeed/U57434/ZN (OAI12V12_140P7T30R)             0.02       1.67 r
  u_cp/u_bfeed/U149294/ZN (AOI12V12_140P7T30R)            0.02       1.68 f
  u_cp/u_bfeed/U97818/ZN (OAI12V4_140P7T30R)              0.02       1.70 r
  u_cp/u_bfeed/U57431/ZN (XNOR2V4_140P7T30R)              0.02       1.72 r
  u_cp/u_bfeed/U151024/ZN (MUX2NV4_140P7T30R)             0.02       1.74 f
  u_cp/u_bfeed/U151023/ZN (NAND2V8_140P7T30R)             0.01       1.75 r
  u_cp/u_bfeed/U149279/ZN (NOR2V16_140P7T30R)             0.01       1.76 f
  u_cp/u_bfeed/U48505/ZN (INV20_140P7T30R)                0.01       1.77 r
  u_cp/u_bfeed/U31206/ZN (NOR2V6_140P7T30R)               0.01       1.78 f
  u_cp/u_bfeed/U49550/ZN (AOI22V12_140P7T30R)             0.02       1.80 r
  u_cp/u_bfeed/U51701/ZN (CLKNAND2V16_140P7T30R)          0.01       1.81 f
  u_cp/u_bfeed/U145062/ZN (AOI12V8_140P7T30R)             0.01       1.83 r
  u_cp/u_bfeed/U146621/ZN (OAI12V12_140P7T30R)            0.01       1.84 f
  u_cp/u_bfeed/U168260/ZN (AOI12V8_140P7T30R)             0.01       1.85 r
  u_cp/u_bfeed/U168259/Z (CLKXOR2V6_140P7T30R)            0.02       1.87 r
  u_cp/u_bfeed/U148974/ZN (OAI12V8_140P7T30R)             0.02       1.89 f
  u_cp/u_bfeed/U64192/ZN (CLKNAND2V16_140P7T30R)          0.01       1.90 r
  u_cp/u_bfeed/U45474/ZN (NOR2V16_140P7T30R)              0.01       1.91 f
  u_cp/u_bfeed/U45473/ZN (NOR2V12_140P7T30R)              0.01       1.92 r
  u_cp/u_bfeed/U68664/ZN (OAI12V12_140P7T30R)             0.01       1.93 f
  u_cp/u_bfeed/U30481/Z (BUFV6_140P7T30R)                 0.01       1.94 f
  u_cp/u_bfeed/U168457/ZN (NOR2V4_140P7T30R)              0.01       1.96 r
  u_cp/u_bfeed/U163208/ZN (INV2_140P7T30R)                0.01       1.97 f
  u_cp/u_bfeed/U155877/ZN (AOI12V4_140P7T30R)             0.01       1.98 r
  u_cp/u_bfeed/U116365/ZN (OAI13V4_140P7T30R)             0.02       1.99 f
  u_cp/u_bfeed/U45548/ZN (XNOR2V4_140P7T30R)              0.03       2.02 f
  u_cp/u_bfeed/U45547/ZN (MUX2NV4_140P7T30R)              0.02       2.04 r
  u_cp/u_bfeed/U56646/ZN (CLKNAND2V12_140P7T30R)          0.02       2.06 f
  u_cp/u_bfeed/U56675/ZN (NOR2V16_140P7T30R)              0.02       2.08 r
  u_cp/u_bfeed/U48576/ZN (NAND3V6_140P7T30R)              0.01       2.09 f
  u_cp/u_bfeed/U51615/ZN (OAI12V6_140P7T30R)              0.01       2.10 r
  u_cp/u_bfeed/U60646/ZN (NOR2V6_140P7T30R)               0.01       2.11 f
  u_cp/u_bfeed/U60645/ZN (CLKNAND2V16_140P7T30R)          0.01       2.12 r
  u_cp/u_bfeed/U51607/Z (CLKAND2V16_140P7T30R)            0.02       2.14 r
  u_cp/u_bfeed/U138372/ZN (OAI12V8_140P7T30R)             0.01       2.15 f
  u_cp/u_bfeed/U43910/ZN (AOI12V12_140P7T30R)             0.01       2.16 r
  u_cp/u_bfeed/U60672/ZN (OAI12V12_140P7T30R)             0.01       2.18 f
  u_cp/u_bfeed/U29727/ZN (INV10_140P7T30R)                0.01       2.19 r
  u_cp/u_bfeed/U60295/ZN (OAI12V8_140P7T30R)              0.01       2.20 f
  u_cp/u_bfeed/U148005/Z (CLKXOR2V6_140P7T30R)            0.02       2.22 f
  u_cp/u_bfeed/U61296/ZN (NAND2V8_140P7T30R)              0.01       2.23 r
  u_cp/u_bfeed/U47802/ZN (OAI12V12_140P7T30R)             0.01       2.24 f
  u_cp/u_bfeed/U138126/ZN (NOR2V12_140P7T30R)             0.01       2.25 r
  u_cp/u_bfeed/U29590/ZN (INV6_140P7T30R)                 0.01       2.25 f
  u_cp/u_bfeed/U29545/ZN (NOR2V12_140P7T30R)              0.01       2.27 r
  u_cp/u_bfeed/U48534/ZN (INV12_140P7T30R)                0.01       2.27 f
  u_cp/u_bfeed/U106698/ZN (NAND2XBV8_140P7T30R)           0.01       2.28 r
  u_cp/u_bfeed/U97610/ZN (OAI12V4_140P7T30R)              0.01       2.29 f
  u_cp/u_bfeed/U29397/ZN (NOR2V4_140P7T30R)               0.01       2.30 r
  u_cp/u_bfeed/U148743/ZN (OAI12V8_140P7T30R)             0.02       2.32 f
  u_cp/u_bfeed/U46981/ZN (NOR2V12_140P7T30R)              0.01       2.33 r
  u_cp/u_bfeed/U46980/ZN (OAI12V8_140P7T30R)              0.01       2.34 f
  u_cp/u_bfeed/U149669/ZN (AOI12V8_140P7T30R)             0.02       2.35 r
  u_cp/u_bfeed/U149666/ZN (OAI12V4_140P7T30R)             0.01       2.37 f
  u_cp/u_bfeed/U153020/ZN (XNOR2V4_140P7T30R)             0.03       2.39 f
  u_cp/u_bfeed/U44050/ZN (NAND2XBV12_140P7T30R)           0.02       2.41 f
  u_cp/u_bfeed/U137955/ZN (NOR2V12_140P7T30R)             0.01       2.42 r
  u_cp/u_bfeed/U142853/ZN (CLKNAND2V16_140P7T30R)         0.02       2.44 f
  u_cp/u_bfeed/U67783/ZN (NAND2XBV16_140P7T30R)           0.01       2.45 r
  u_cp/u_bfeed/U51683/ZN (CLKNAND2V16_140P7T30R)          0.01       2.46 f
  u_cp/u_bfeed/U41100/ZN (NOR2XBV16_140P7T30R)            0.01       2.47 r
  u_cp/u_bfeed/U62323/ZN (CLKNAND2V12_140P7T30R)          0.01       2.48 f
  u_cp/u_bfeed/U62322/ZN (NOR3V12_140P7T30R)              0.01       2.50 r
  u_cp/u_bfeed/U148735/ZN (NOR2V16_140P7T30R)             0.01       2.51 f
  u_cp/u_bfeed/U28671/ZN (NAND2XBV6_140P7T30R)            0.02       2.53 f
  u_cp/u_bfeed/U28646/ZN (NAND2V6_140P7T30R)              0.01       2.54 r
  u_cp/u_bfeed/U28565/ZN (INV4_140P7T30R)                 0.01       2.55 f
  u_cp/u_bfeed/U106609/ZN (NOR2V6_140P7T30R)              0.01       2.56 r
  u_cp/u_bfeed/U68584/ZN (NOR2V6_140P7T30R)               0.01       2.56 f
  u_cp/u_bfeed/U115981/ZN (NAND2XBV8_140P7T30R)           0.02       2.58 f
  u_cp/u_bfeed/U146516/ZN (OAI22V12_140P7T30R)            0.02       2.60 r
  u_cp/u_bfeed/U28366/ZN (INV6_140P7T30R)                 0.01       2.61 f
  u_cp/u_bfeed/U28325/ZN (NAND2XBV2_140P7T30R)            0.01       2.62 r
  u_cp/u_bfeed/U51594/ZN (OAI12V6_140P7T30R)              0.01       2.63 f
  u_cp/u_bfeed/U106531/ZN (CLKNAND2V4_140P7T30R)          0.01       2.64 r
  u_cp/u_bfeed/U47304/ZN (NAND2XBV6_140P7T30R)            0.01       2.66 f
  u_cp/u_bfeed/U163313/ZN (AOI12V2_140P7T30R)             0.01       2.67 r
  u_cp/u_bfeed/U137648/ZN (OAI12V2_140P7T30R)             0.02       2.69 f
  u_cp/u_bfeed/U115842/Z (CLKXOR2V1P5_140P7T30R)          0.02       2.71 f
  u_cp/u_bfeed/U153388/ZN (NOR2XBV4_140P7T30R)            0.02       2.73 r
  u_cp/u_bfeed/U65775/ZN (NOR2V12_140P7T30R)              0.01       2.74 f
  u_cp/u_bfeed/U46376/ZN (CLKNAND2V12_140P7T30R)          0.01       2.75 r
  u_cp/u_bfeed/U100813/ZN (NOR2V12_140P7T30R)             0.01       2.75 f
  u_cp/u_bfeed/U27922/ZN (CLKINV10_140P7T30R)             0.01       2.76 r
  u_cp/u_bfeed/U66850/ZN (NOR3V6_140P7T30R)               0.01       2.77 f
  u_cp/u_bfeed/U149473/ZN (NOR2V4_140P7T30R)              0.01       2.78 r
  u_cp/u_bfeed/U66799/ZN (NAND3V6_140P7T30R)              0.02       2.80 f
  u_cp/u_bfeed/U44056/ZN (CLKNAND2V12_140P7T30R)          0.01       2.81 r
  u_cp/u_bfeed/U143020/ZN (CLKNAND2V12_140P7T30R)         0.01       2.82 f
  u_cp/u_bfeed/U27527/Z (BUFV8_140P7T30R)                 0.02       2.84 f
  u_cp/u_bfeed/U27500/Z (AND2V12_140P7T30R)               0.02       2.85 f
  u_cp/u_bfeed/U94267/ZN (INV8_140P7T30R)                 0.01       2.86 r
  u_cp/u_bfeed/U100778/ZN (OAI12V4_140P7T30R)             0.01       2.87 f
  u_cp/u_bfeed/U79557/ZN (NOR2V4_140P7T30R)               0.02       2.89 r
  u_cp/u_bfeed/U106379/ZN (AOI22V4_140P7T30R)             0.01       2.90 f
  u_cp/u_bfeed/U94262/ZN (AOI22V4_140P7T30R)              0.02       2.92 r
  u_cp/u_bfeed/U38336/ZN (OAI22V8_140P7T30R)              0.02       2.94 f
  u_cp/u_bfeed/U148470/Z (BUFV6_140P7T30R)                0.02       2.95 f
  u_cp/u_bfeed/U60669/ZN (AOI22V12_140P7T30R)             0.02       2.97 r
  u_cp/u_bfeed/U61979/ZN (NOR2V4_140P7T30R)               0.01       2.98 f
  u_cp/u_bfeed/U63252/ZN (NOR2V4_140P7T30R)               0.01       2.99 r
  u_cp/u_bfeed/U63253/ZN (NAND2V6_140P7T30R)              0.01       3.00 f
  u_cp/u_bfeed/U53514/ZN (NAND2V8_140P7T30R)              0.01       3.01 r
  u_cp/u_bfeed/U76816/ZN (NAND2V8_140P7T30R)              0.01       3.02 f
  u_cp/u_bfeed/U115609/Z (OR2V6_140P7T30R)                0.02       3.05 f
  u_cp/u_bfeed/U65439/ZN (AOI22V6_140P7T30R)              0.01       3.06 r
  u_cp/u_bfeed/U26778/ZN (OAI12V6_140P7T30R)              0.01       3.07 f
  u_cp/u_bfeed/U39450/ZN (AOI12V8_140P7T30R)              0.02       3.09 r
  u_cp/u_bfeed/U67755/ZN (OAI12V6_140P7T30R)              0.01       3.10 f
  u_cp/u_bfeed/U106205/Z (CLKXOR2V1P5_140P7T30R)          0.02       3.13 f
  u_cp/u_bfeed/U57412/Z (AND2V6_140P7T30R)                0.02       3.14 f
  u_cp/u_bfeed/U57411/ZN (AOI12V8_140P7T30R)              0.01       3.15 r
  u_cp/u_bfeed/U26544/ZN (CLKNAND2V12_140P7T30R)          0.02       3.17 f
  u_cp/u_bfeed/U26508/ZN (NOR2V8_140P7T30R)               0.01       3.18 r
  u_cp/u_bfeed/U45775/ZN (CLKNAND2V12_140P7T30R)          0.01       3.19 f
  u_cp/u_bfeed/U68594/ZN (NOR2V16_140P7T30R)              0.01       3.21 r
  u_cp/u_bfeed/U62379/ZN (NAND3V8_140P7T30R)              0.01       3.22 f
  u_cp/u_bfeed/U38334/ZN (CLKINV7_140P7T30R)              0.01       3.22 r
  u_cp/u_bfeed/U67428/ZN (NOR2V12_140P7T30R)              0.01       3.23 f
  u_cp/u_bfeed/U142360/ZN (CLKNAND2V16_140P7T30R)         0.01       3.24 r
  u_cp/u_bfeed/U144216/ZN (CLKNAND2V16_140P7T30R)         0.02       3.26 f
  u_cp/u_bfeed/U47012/ZN (OAI22V12_140P7T30R)             0.02       3.28 r
  u_cp/u_bfeed/U25971/ZN (NOR2V4_140P7T30R)               0.01       3.29 f
  u_cp/u_bfeed/U25930/ZN (NAND2V3_140P7T30R)              0.01       3.30 r
  u_cp/u_bfeed/U53576/ZN (OAI12V12_140P7T30R)             0.01       3.31 f
  u_cp/u_bfeed/U45447/ZN (AOI12V12_140P7T30R)             0.01       3.32 r
  u_cp/u_bfeed/U145098/Z (OA12V8_140P7T30R)               0.02       3.34 r
  u_cp/u_bfeed/U25741/ZN (INV12_140P7T30R)                0.01       3.35 f
  u_cp/u_bfeed/U173732/S (AD1V4_140P7T30R)                0.06       3.41 r
  u_cp/u_bfeed/U153041/ZN (OAI12V12_140P7T30R)            0.01       3.42 f
  u_cp/u_bfeed/U25551/ZN (CLKNAND2V4_140P7T30R)           0.01       3.43 r
  u_cp/u_bfeed/U65562/ZN (NAND2V8_140P7T30R)              0.01       3.44 f
  u_cp/u_bfeed/U62166/ZN (NAND2V8_140P7T30R)              0.01       3.45 r
  u_cp/u_bfeed/U39020/Z (CLKXOR2V6_140P7T30R)             0.02       3.47 r
  u_cp/u_bfeed/U148601/Z (CLKXOR2V6_140P7T30R)            0.02       3.49 r
  u_cp/u_bfeed/U55652/ZN (NOR2V8_140P7T30R)               0.01       3.50 f
  u_cp/u_bfeed/U38960/ZN (NOR2V12_140P7T30R)              0.01       3.52 r
  u_cp/u_bfeed/U53621/ZN (CLKNAND2V12_140P7T30R)          0.01       3.53 f
  u_cp/u_bfeed/U41101/ZN (NOR2V16_140P7T30R)              0.01       3.54 r
  u_cp/u_bfeed/U43894/ZN (NAND3V12_140P7T30R)             0.02       3.56 f
  u_cp/u_bfeed/U149046/ZN (NAND3V1P5_140P7T30R)           0.02       3.57 r
  u_cp/u_bfeed/U145807/Z (OR2V6_140P7T30R)                0.02       3.59 r
  u_cp/u_bfeed/U51480/ZN (NAND3V12_140P7T30R)             0.03       3.61 f
  u_cp/u_bfeed/U24964/ZN (NOR2V12_140P7T30R)              0.02       3.63 r
  u_cp/u_bfeed/U68645/ZN (INV20_140P7T30R)                0.01       3.64 f
  u_cp/u_bfeed/U24801/ZN (OAI22V4_140P7T30R)              0.02       3.66 r
  u_cp/u_bfeed/U136553/ZN (NOR2V6_140P7T30R)              0.01       3.67 f
  u_cp/u_bfeed/U24668/ZN (INV3_140P7T30R)                 0.01       3.68 r
  u_cp/u_bfeed/U51625/ZN (OAI12V12_140P7T30R)             0.01       3.69 f
  u_cp/u_bfeed/U58217/ZN (NOR2V6_140P7T30R)               0.01       3.71 r
  u_cp/u_bfeed/U43957/ZN (OAI12V8_140P7T30R)              0.01       3.72 f
  u_cp/u_bfeed/U58164/ZN (OAI12V12_140P7T30R)             0.01       3.73 r
  u_cp/u_bfeed/U24474/Z (AND2V6_140P7T30R)                0.02       3.75 r
  u_cp/u_bfeed/U45552/ZN (CLKNAND2V16_140P7T30R)          0.01       3.76 f
  u_cp/u_bfeed/U51506/ZN (OAI12V12_140P7T30R)             0.01       3.77 r
  u_cp/u_bfeed/U55686/ZN (CLKNAND2V12_140P7T30R)          0.01       3.78 f
  u_cp/u_bfeed/U100435/ZN (INV8_140P7T30R)                0.01       3.79 r
  u_cp/u_bfeed/U40838/ZN (NAND3V12_140P7T30R)             0.01       3.80 f
  u_cp/u_bfeed/U60788/Z (AND2V6_140P7T30R)                0.01       3.82 f
  u_cp/u_bfeed/U135115/ZN (AOI22V8_140P7T30R)             0.01       3.83 r
  u_cp/u_bfeed/U40811/ZN (NOR2V16_140P7T30R)              0.01       3.84 f
  u_cp/u_bfeed/U41026/ZN (INV32_140P7T30R)                0.01       3.85 r
  u_cp/u_bfeed/U23825/ZN (INV32_140P7T30R)                0.01       3.86 f
  u_cp/u_bfeed/U23634/ZN (NAND2XBV2_140P7T30R)            0.01       3.87 r
  u_cp/u_bfeed/U76499/ZN (OAI12V4_140P7T30R)              0.02       3.89 f
  u_cp/u_bfeed/U23570/ZN (INV3_140P7T30R)                 0.01       3.90 r
  u_cp/u_bfeed/U69974/ZN (NOR2V2_140P7T30R)               0.01       3.92 f
  u_cp/u_bfeed/U73206/ZN (NOR3V4_140P7T30R)               0.02       3.94 r
  u_cp/u_bfeed/U55663/ZN (NOR2V4_140P7T30R)               0.01       3.95 f
  u_cp/u_bfeed/U114089/ZN (NOR3V6_140P7T30R)              0.02       3.96 r
  u_cp/u_bfeed/U60360/ZN (NAND2V8_140P7T30R)              0.02       3.98 f
  u_cp/u_bfeed/U23168/ZN (CLKNAND2V4_140P7T30R)           0.01       4.00 r
  u_cp/u_bfeed/U52383/ZN (OAI12V8_140P7T30R)              0.01       4.01 f
  u_cp/u_bfeed/U23049/ZN (AOI12V6_140P7T30R)              0.01       4.02 r
  u_cp/u_bfeed/U54838/ZN (OAI12V12_140P7T30R)             0.02       4.04 f
  u_cp/u_bfeed/U38101/ZN (INV10_140P7T30R)                0.01       4.05 r
  u_cp/u_bfeed/U22926/ZN (NOR2V4_140P7T30R)               0.01       4.06 f
  u_cp/u_bfeed/U51929/ZN (NOR2V6_140P7T30R)               0.01       4.07 r
  u_cp/u_bfeed/U146563/Z (CLKXOR2V6_140P7T30R)            0.02       4.09 r
  u_cp/u_bfeed/U62397/ZN (NOR2V8_140P7T30R)               0.01       4.09 f
  u_cp/u_bfeed/U55679/ZN (AOI12V12_140P7T30R)             0.01       4.11 r
  u_cp/u_bfeed/U82227/ZN (CLKNAND2V4_140P7T30R)           0.01       4.12 f
  u_cp/u_bfeed/U22617/ZN (AOI12V6_140P7T30R)              0.01       4.13 r
  u_cp/u_bfeed/U67724/ZN (OAI13V6_140P7T30R)              0.01       4.14 f
  u_cp/u_bfeed/U65170/ZN (AOI12V8_140P7T30R)              0.01       4.15 r
  u_cp/u_bfeed/U82185/ZN (OAI12V8_140P7T30R)              0.01       4.17 f
  u_cp/u_bfeed/U59940/ZN (NOR2V16_140P7T30R)              0.01       4.18 r
  u_cp/u_bfeed/U50223/ZN (CLKNAND2V16_140P7T30R)          0.02       4.20 f
  u_cp/u_bfeed/U50222/ZN (NAND3V12_140P7T30R)             0.01       4.21 r
  u_cp/u_bfeed/U53609/ZN (INV16_140P7T30R)                0.01       4.22 f
  u_cp/u_bfeed/U66795/ZN (NOR2V16_140P7T30R)              0.01       4.23 r
  u_cp/u_bfeed/U37838/ZN (NOR2V12_140P7T30R)              0.01       4.24 f
  u_cp/u_bfeed/U22023/ZN (AOI12V4_140P7T30R)              0.01       4.25 r
  u_cp/u_bfeed/U21978/ZN (OAI12V4_140P7T30R)              0.01       4.26 f
  u_cp/u_bfeed/U88714/ZN (AOI12V4_140P7T30R)              0.02       4.28 r
  u_cp/u_bfeed/U142376/Z (AO1B2V4_140P7T30R)              0.01       4.29 f
  u_cp/u_bfeed/U21836/ZN (NOR2V12_140P7T30R)              0.02       4.30 r
  u_cp/u_bfeed/U21660/ZN (XNOR2V2_140P7T30R)              0.03       4.33 r
  u_cp/u_bfeed/U73039/ZN (NAND2XBV2_140P7T30R)            0.01       4.34 f
  u_cp/u_bfeed/U132009/ZN (NAND2V2_140P7T30R)             0.01       4.35 r
  u_cp/u_bfeed/U142285/Z (AO1B2V4_140P7T30R)              0.01       4.36 f
  u_cp/u_bfeed/U131959/ZN (XNOR2V2_140P7T30R)             0.02       4.38 f
  u_cp/u_bfeed/U100105/ZN (XNOR2V2_140P7T30R)             0.03       4.41 f
  u_cp/u_bfeed/U96779/ZN (NAND2V3_140P7T30R)              0.02       4.43 r
  u_cp/u_bfeed/U21353/ZN (OAI12V6_140P7T30R)              0.01       4.44 f
  u_cp/u_bfeed/U62241/ZN (AOI12V6_140P7T30R)              0.02       4.45 r
  u_cp/u_bfeed/U61302/ZN (OAI12V6_140P7T30R)              0.01       4.47 f
  u_cp/u_bfeed/U57425/ZN (NOR2V8_140P7T30R)               0.01       4.48 r
  u_cp/u_bfeed/U62263/ZN (OAI12V12_140P7T30R)             0.01       4.49 f
  u_cp/u_bfeed/U20906/ZN (CLKNAND2V4_140P7T30R)           0.01       4.50 r
  u_cp/u_bfeed/U20881/ZN (CLKNAND2V4_140P7T30R)           0.01       4.51 f
  u_cp/u_bfeed/U79056/ZN (AOI13V6_140P7T30R)              0.02       4.53 r
  u_cp/u_bfeed/U59776/Z (CLKXOR2V6_140P7T30R)             0.02       4.55 r
  u_cp/u_bfeed/U20705/ZN (NOR2V4_140P7T30R)               0.01       4.56 f
  u_cp/u_bfeed/U51655/ZN (NOR2V16_140P7T30R)              0.03       4.59 r
  u_cp/u_bfeed/U49845/ZN (INV16_140P7T30R)                0.02       4.60 f
  u_cp/u_bfeed/U193708/ZN (XNOR2V2_140P7T30R)             0.03       4.63 f
  u_cp/u_bfeed/U173239/ZN (OAI22V4_140P7T30R)             0.02       4.66 r
  u_cp/u_bfeed/U169722/S (AD1V4_140P7T30R)                0.05       4.71 f
  u_cp/u_bfeed/U168841/Z (MAJ23V4_140P7T30R)              0.02       4.73 f
  u_cp/u_bfeed/U169175/Z (MAJ23V4_140P7T30R)              0.03       4.75 f
  u_cp/u_bfeed/U68578/Z (CLKXOR2V6_140P7T30R)             0.02       4.78 f
  u_cp/u_bfeed/U168558/Z (CLKXOR2V6_140P7T30R)            0.02       4.79 f
  u_cp/u_bfeed/U51789/Z (CLKXOR2V1P5_140P7T30R)           0.03       4.82 f
  u_cp/u_bfeed/U96638/Z (AND2V2_140P7T30R)                0.02       4.84 f
  u_cp/u_bfeed/U68502/ZN (NOR2V4_140P7T30R)               0.01       4.85 r
  u_cp/u_bfeed/U130372/ZN (OAI12V4_140P7T30R)             0.01       4.86 f
  u_cp/u_bfeed/U49574/ZN (AOI12V8_140P7T30R)              0.02       4.88 r
  u_cp/u_bfeed/U45844/ZN (OAI12V8_140P7T30R)              0.01       4.89 f
  u_cp/u_bfeed/U39435/ZN (AOI12V12_140P7T30R)             0.01       4.91 r
  u_cp/u_bfeed/U18739/Z (OR2V12_140P7T30R)                0.01       4.92 r
  u_cp/u_bfeed/U142178/ZN (CLKNAND2V16_140P7T30R)         0.01       4.93 f
  u_cp/u_bfeed/U18568/Z (BUFV16_140P7T30R)                0.02       4.95 f
  u_cp/u_bfeed/U18489/ZN (NAND2XBV8_140P7T30R)            0.01       4.96 r
  u_cp/u_bfeed/U153017/ZN (OAI12V12_140P7T30R)            0.01       4.97 f
  u_cp/u_bfeed/U129807/ZN (NAND2XBV8_140P7T30R)           0.02       4.99 f
  u_cp/u_bfeed/U46339/ZN (AOI12V6_140P7T30R)              0.01       5.00 r
  u_cp/u_bfeed/U39378/ZN (NAND3V8_140P7T30R)              0.02       5.02 f
  u_cp/u_bfeed/U39377/ZN (CLKNAND2V16_140P7T30R)          0.01       5.03 r
  u_cp/u_bfeed/U142656/Z (CLKMUX2V12_140P7T30R)           0.03       5.06 f
  u_cp/u_bfeed/U17589/ZN (CLKINV32_140P7T30R)             0.01       5.07 r
  u_cp/u_bfeed/U42508/ZN (CLKNAND2V16_140P7T30R)          0.01       5.08 f
  u_cp/u_bfeed/U129322/ZN (NOR2V12_140P7T30R)             0.01       5.10 r
  u_cp/u_bfeed/U47253/Z (BUFV8_140P7T30R)                 0.02       5.11 r
  u_cp/u_bfeed/U37925/ZN (NAND4V1P5_140P7T30R)            0.02       5.13 f
  u_cp/u_bfeed/U72821/ZN (OAI12V2_140P7T30R)              0.02       5.15 r
  u_cp/u_bfeed/U99765/ZN (AOI12V4_140P7T30R)              0.01       5.16 f
  u_cp/u_bfeed/U85157/ZN (NAND2V6_140P7T30R)              0.01       5.17 r
  u_cp/u_bfeed/U16700/ZN (INV4_140P7T30R)                 0.01       5.18 f
  u_cp/u_bfeed/U16661/ZN (NOR2V2_140P7T30R)               0.02       5.19 r
  u_cp/u_bfeed/U93067/ZN (NOR2V4_140P7T30R)               0.01       5.20 f
  u_cp/u_bfeed/U45416/ZN (NAND2V6_140P7T30R)              0.01       5.21 r
  u_cp/u_bfeed/U16441/ZN (NAND2V6_140P7T30R)              0.01       5.22 f
  u_cp/u_bfeed/U16423/ZN (CLKNAND2V4_140P7T30R)           0.01       5.23 r
  u_cp/u_bfeed/U16358/ZN (NAND2V6_140P7T30R)              0.01       5.24 f
  u_cp/u_bfeed/U128740/ZN (NAND2XBV4_140P7T30R)           0.02       5.26 f
  u_cp/u_bfeed/U64380/ZN (AOI13V4_140P7T30R)              0.01       5.27 r
  u_cp/u_bfeed/U64379/ZN (XNOR2V2_140P7T30R)              0.02       5.30 r
  u_cp/u_bfeed/U148841/ZN (OAI22V4_140P7T30R)             0.01       5.31 f
  u_cp/u_bfeed/U64321/ZN (NOR2V8_140P7T30R)               0.01       5.32 r
  u_cp/u_bfeed/U53366/ZN (CLKNAND2V12_140P7T30R)          0.01       5.33 f
  u_cp/u_bfeed/U92903/ZN (NOR2V16_140P7T30R)              0.02       5.35 r
  u_cp/u_bfeed/U39458/ZN (NAND3V8_140P7T30R)              0.02       5.37 f
  u_cp/u_bfeed/U39457/ZN (NOR2V12_140P7T30R)              0.01       5.38 r
  u_cp/u_bfeed/U72683/ZN (INV12_140P7T30R)                0.01       5.39 f
  u_cp/u_bfeed/U64360/ZN (NOR2V8_140P7T30R)               0.01       5.40 r
  u_cp/u_bfeed/U47200/ZN (NOR2V8_140P7T30R)               0.01       5.40 f
  u_cp/u_bfeed/U64334/ZN (NOR2XBV8_140P7T30R)             0.01       5.41 r
  u_cp/u_bfeed/U61314/ZN (OAI12V8_140P7T30R)              0.01       5.43 f
  u_cp/u_bfeed/U49768/ZN (AOI12V8_140P7T30R)              0.01       5.44 r
  u_cp/u_bfeed/U65420/ZN (OAI12V6_140P7T30R)              0.01       5.45 f
  u_cp/u_bfeed/U54760/Z (CLKXOR2V6_140P7T30R)             0.02       5.47 f
  u_cp/u_bfeed/U15368/ZN (NOR2V4_140P7T30R)               0.01       5.48 r
  u_cp/u_bfeed/U127990/ZN (NOR3V8_140P7T30R)              0.01       5.49 f
  u_cp/u_bfeed/U51684/ZN (CLKNAND2V16_140P7T30R)          0.02       5.51 r
  u_cp/u_bfeed/U71298/ZN (NAND2XBV16_140P7T30R)           0.01       5.52 f
  u_cp/u_bfeed/U14876/ZN (INV16_140P7T30R)                0.01       5.53 r
  u_cp/u_bfeed/U92734/ZN (CLKNAND2V4_140P7T30R)           0.01       5.54 f
  u_cp/u_bfeed/U92720/ZN (NAND2V6_140P7T30R)              0.01       5.55 r
  u_cp/u_bfeed/U103950/ZN (NOR2XBV4_140P7T30R)            0.01       5.55 f
  u_cp/u_bfeed/U75607/Z (OR2V8_140P7T30R)                 0.02       5.57 f
  u_cp/u_bfeed/U143265/ZN (NOR2V16_140P7T30R)             0.02       5.59 r
  u_cp/u_bfeed/U14127/ZN (XNOR2V2_140P7T30R)              0.03       5.61 r
  u_cp/u_bfeed/U194828/ZN (OAI22V4_140P7T30R)             0.02       5.63 f
  u_cp/u_bfeed/U194850/CO (AD1V4_140P7T30R)               0.04       5.67 f
  u_cp/u_bfeed/U13937/ZN (OAI12V2_140P7T30R)              0.01       5.68 r
  u_cp/u_bfeed/U13918/ZN (NAND2V2_140P7T30R)              0.01       5.69 f
  u_cp/u_bfeed/U13850/Z (XOR2V2_140P7T30R)                0.02       5.72 f
  u_cp/u_bfeed/U13825/ZN (XNOR2V2_140P7T30R)              0.03       5.75 f
  u_cp/u_bfeed/U142269/Z (MAJ23V4_140P7T30R)              0.03       5.77 f
  u_cp/u_bfeed/U103823/ZN (XNOR2V2_140P7T30R)             0.02       5.80 f
  u_cp/u_bfeed/U66856/ZN (XNOR2V4_140P7T30R)              0.03       5.82 f
  u_cp/u_bfeed/U81494/ZN (CLKNAND2V4_140P7T30R)           0.01       5.84 r
  u_cp/u_bfeed/U72524/ZN (OAI12V6_140P7T30R)              0.01       5.85 f
  u_cp/u_bfeed/U49886/ZN (AOI12V8_140P7T30R)              0.02       5.86 r
  u_cp/u_bfeed/U13655/ZN (OAI12V6_140P7T30R)              0.01       5.88 f
  u_cp/u_bfeed/U53381/ZN (AOI12V8_140P7T30R)              0.02       5.89 r
  u_cp/u_bfeed/U169127/ZN (OAI12V8_140P7T30R)             0.01       5.90 f
  u_cp/u_bfeed/U151420/Z (CLKXOR2V12_140P7T30R)           0.03       5.93 f
  u_cp/u_bfeed/U42537/ZN (INV24_140P7T30R)                0.02       5.95 r
  u_cp/u_bfeed/U13357/ZN (INV16_140P7T30R)                0.01       5.95 f
  u_cp/u_bfeed/U75446/ZN (NAND2XBV4_140P7T30R)            0.01       5.96 r
  u_cp/u_bfeed/U60629/ZN (NAND2V8_140P7T30R)              0.01       5.97 f
  u_cp/u_bfeed/U111229/ZN (OAI12V8_140P7T30R)             0.01       5.98 r
  u_cp/u_bfeed/U78534/ZN (AOI12V8_140P7T30R)              0.02       6.00 f
  u_cp/u_bfeed/U142660/ZN (NOR2V16_140P7T30R)             0.02       6.02 r
  u_cp/u_bfeed/U12829/ZN (INV24_140P7T30R)                0.01       6.03 f
  u_cp/u_bfeed/U12649/ZN (NAND2XBV2_140P7T30R)            0.01       6.04 r
  u_cp/u_bfeed/U12605/ZN (NAND3V6_140P7T30R)              0.02       6.06 f
  u_cp/u_bfeed/U92406/ZN (AOI12V4_140P7T30R)              0.02       6.08 r
  u_cp/u_bfeed/U111085/ZN (OAI12V6_140P7T30R)             0.02       6.10 f
  u_cp/u_bfeed/U111083/ZN (NOR2V4_140P7T30R)              0.01       6.11 r
  u_cp/u_bfeed/U103544/ZN (NOR3V6_140P7T30R)              0.01       6.12 f
  u_cp/u_bfeed/U195104/ZN (INV4_140P7T30R)                0.01       6.13 r
  u_cp/u_bfeed/U11701/ZN (OAI22V8_140P7T30R)              0.01       6.14 f
  u_cp/u_bfeed/U11353/ZN (INV2_140P7T30R)                 0.01       6.16 r
  u_cp/u_bfeed/U11214/Z (OR2V2_140P7T30R)                 0.02       6.17 r
  u_cp/u_bfeed/U81325/ZN (NAND2V2_140P7T30R)              0.01       6.19 f
  u_cp/u_bfeed/U75313/ZN (NOR2V2_140P7T30R)               0.02       6.21 r
  u_cp/u_bfeed/U11078/ZN (NAND2V2_140P7T30R)              0.02       6.23 f
  u_cp/u_bfeed/U11011/Z (OR2V2_140P7T30R)                 0.03       6.25 f
  u_cp/u_bfeed/U148758/ZN (NOR2V6_140P7T30R)              0.01       6.27 r
  u_cp/u_bfeed/U125020/ZN (NOR2XBV4_140P7T30R)            0.01       6.27 f
  u_cp/u_bfeed/U168399/Z (CLKXOR2V6_140P7T30R)            0.02       6.29 f
  u_cp/u_bfeed/U124956/ZN (NOR2V6_140P7T30R)              0.01       6.31 r
  u_cp/u_bfeed/U10807/ZN (NOR2V12_140P7T30R)              0.01       6.32 f
  u_cp/u_bfeed/U124888/ZN (CLKNAND2V12_140P7T30R)         0.01       6.33 r
  u_cp/u_bfeed/U46332/ZN (NOR2V16_140P7T30R)              0.01       6.33 f
  u_cp/u_bfeed/U57461/ZN (CLKNAND2V4_140P7T30R)           0.01       6.34 r
  u_cp/u_bfeed/U43914/ZN (NAND3V6_140P7T30R)              0.01       6.36 f
  u_cp/u_bfeed/U84590/ZN (NOR2V6_140P7T30R)               0.01       6.37 r
  u_cp/u_bfeed/U81220/ZN (CLKNAND2V12_140P7T30R)          0.01       6.38 f
  u_cp/u_bfeed/U10479/ZN (NAND2XBV6_140P7T30R)            0.01       6.39 r
  u_cp/u_bfeed/U95802/ZN (NAND3V8_140P7T30R)              0.01       6.40 f
  u_cp/u_bfeed/U10372/ZN (INV6_140P7T30R)                 0.01       6.42 r
  u_cp/u_bfeed/U10347/ZN (INV6_140P7T30R)                 0.01       6.43 f
  u_cp/u_bfeed/U68454/Z (OA12V8_140P7T30R)                0.02       6.45 f
  u_cp/u_bfeed/U64325/ZN (NOR2V12_140P7T30R)              0.01       6.46 r
  u_cp/u_bfeed/U59739/ZN (CLKNAND2V12_140P7T30R)          0.01       6.47 f
  u_cp/u_bfeed/U142653/ZN (OAI12V8_140P7T30R)             0.01       6.48 r
  u_cp/u_bfeed/U57476/ZN (CLKNAND2V12_140P7T30R)          0.01       6.49 f
  u_cp/u_bfeed/U148838/Z (BUFV8_140P7T30R)                0.02       6.51 f
  u_cp/u_bfeed/U81160/ZN (AOI22V4_140P7T30R)              0.02       6.53 r
  u_cp/u_bfeed/U168830/ZN (NAND3V12_140P7T30R)            0.02       6.55 f
  u_cp/u_bfeed/U9055/Z (BUFV16_140P7T30R)                 0.02       6.57 f
  u_cp/u_bfeed/U155697/ZN (OAI22V4_140P7T30R)             0.01       6.58 r
  u_cp/u_bfeed/U47856/S (AD1V4_140P7T30R)                 0.05       6.63 f
  u_cp/u_bfeed/U195648/CO (AD1V4_140P7T30R)               0.03       6.66 f
  u_cp/u_bfeed/U195658/S (AD1V4_140P7T30R)                0.05       6.71 r
  u_cp/u_bfeed/U195663/S (AD1V4_140P7T30R)                0.05       6.76 f
  u_cp/u_bfeed/U47815/ZN (NAND2V8_140P7T30R)              0.01       6.77 r
  u_cp/u_bfeed/U47816/ZN (INV6_140P7T30R)                 0.00       6.77 f
  u_cp/u_bfeed/U51726/ZN (AOI12V6_140P7T30R)              0.01       6.78 r
  u_cp/u_bfeed/U51727/ZN (OAI12V6_140P7T30R)              0.01       6.79 f
  u_cp/u_bfeed/U47832/ZN (AOI12V6_140P7T30R)              0.02       6.81 r
  u_cp/u_bfeed/U72224/ZN (OAI12V6_140P7T30R)              0.01       6.82 f
  u_cp/u_bfeed/U44070/ZN (AOI12V8_140P7T30R)              0.02       6.84 r
  u_cp/u_bfeed/U8332/Z (OA12V6_140P7T30R)                 0.02       6.86 r
  u_cp/u_bfeed/U169217/ZN (OAI12V8_140P7T30R)             0.01       6.87 f
  u_cp/u_bfeed/U149468/Z (CLKXOR2V12_140P7T30R)           0.03       6.90 f
  u_cp/u_bfeed/U45432/ZN (INV24_140P7T30R)                0.02       6.91 r
  u_cp/u_bfeed/U8135/ZN (NAND2XBV6_140P7T30R)             0.01       6.92 f
  u_cp/u_bfeed/U38404/ZN (OAI12V12_140P7T30R)             0.01       6.93 r
  u_cp/u_bfeed/U165385/ZN (NOR2XBV8_140P7T30R)            0.02       6.95 r
  u_cp/u_bfeed/U146803/ZN (OAI12V12_140P7T30R)            0.01       6.96 f
  u_cp/u_bfeed/U7935/ZN (NOR2V8_140P7T30R)                0.01       6.98 r
  u_cp/u_bfeed/U53425/ZN (OAI12V8_140P7T30R)              0.01       6.99 f
  u_cp/u_bfeed/U47809/ZN (CLKNAND2V16_140P7T30R)          0.01       7.00 r
  u_cp/u_bfeed/U71314/ZN (INV32_140P7T30R)                0.01       7.01 f
  u_cp/u_bfeed/U71313/ZN (INV40_140P7T30R)                0.01       7.02 r
  u_cp/u_bfeed/U148493/ZN (INV40_140P7T30R)               0.01       7.03 f
  u_cp/u_bfeed/U6811/ZN (NOR2V2_140P7T30R)                0.05       7.08 r
  u_cp/u_bfeed/U195768/ZN (NAND2V2_140P7T30R)             0.02       7.10 f
  u_cp/u_bfeed/U91658/ZN (NAND3V4_140P7T30R)              0.02       7.12 r
  u_cp/u_bfeed/U121991/ZN (INV2_140P7T30R)                0.02       7.14 f
  u_cp/u_bfeed/U195776/ZN (NAND2V2_140P7T30R)             0.01       7.15 r
  u_cp/u_bfeed/U102676/ZN (NAND4V1P5_140P7T30R)           0.02       7.16 f
  u_cp/u_bfeed/U109503/ZN (OAI112V2_140P7T30R)            0.02       7.18 r
  u_cp/u_bfeed/U62356/ZN (AOI13V4_140P7T30R)              0.01       7.19 f
  u_cp/u_bfeed/U166413/ZN (OAI12V4_140P7T30R)             0.01       7.21 r
  u_cp/u_bfeed/U68491/ZN (NAND3V6_140P7T30R)              0.02       7.22 f
  u_cp/u_bfeed/U47207/ZN (CLKNAND2V16_140P7T30R)          0.01       7.24 r
  u_cp/u_bfeed/U146800/ZN (NOR2V16_140P7T30R)             0.01       7.25 f
  u_cp/u_bfeed/U39416/Z (AO1B2V4_140P7T30R)               0.03       7.28 f
  u_cp/u_bfeed/U39415/ZN (AOI12V12_140P7T30R)             0.02       7.29 r
  u_cp/u_bfeed/U170652/ZN (INV4_140P7T30R)                0.01       7.30 f
  u_cp/u_bfeed/U66846/ZN (CLKNAND2V4_140P7T30R)           0.01       7.31 r
  u_cp/u_bfeed/U70498/Z (OA13V2_140P7T30R)                0.03       7.33 r
  u_cp/u_bfeed/U57438/ZN (OAI12V8_140P7T30R)              0.01       7.35 f
  u_cp/u_bfeed/U44078/ZN (OAI12V12_140P7T30R)             0.01       7.36 r
  u_cp/u_bfeed/U63214/Z (AND3V8_140P7T30R)                0.02       7.39 r
  u_cp/u_bfeed/U49799/ZN (OAI12V8_140P7T30R)              0.01       7.40 f
  u_cp/u_bfeed/U144193/ZN (AOI12V12_140P7T30R)            0.02       7.42 r
  u_cp/u_bfeed/U142300/ZN (OAI12V8_140P7T30R)             0.01       7.43 f
  u_cp/u_bfeed/U65718/Z (CLKXOR2V6_140P7T30R)             0.02       7.45 f
  u_cp/u_bfeed/U37782/ZN (NOR2XBV8_140P7T30R)             0.01       7.46 r
  u_cp/u_bfeed/U47788/ZN (NOR2V6_140P7T30R)               0.01       7.46 f
  u_cp/u_bfeed/U68496/ZN (NOR2V8_140P7T30R)               0.01       7.47 r
  u_cp/u_bfeed/U109061/ZN (NAND2V8_140P7T30R)             0.01       7.48 f
  u_cp/u_bfeed/U143007/ZN (NOR2V16_140P7T30R)             0.02       7.50 r
  u_cp/u_bfeed/U142199/ZN (NOR2V16_140P7T30R)             0.01       7.52 f
  u_cp/u_bfeed/U4763/ZN (AOI12V6_140P7T30R)               0.01       7.53 r
  u_cp/u_bfeed/U46371/ZN (NAND2V8_140P7T30R)              0.01       7.54 f
  u_cp/u_bfeed/U46370/ZN (NOR2V12_140P7T30R)              0.01       7.55 r
  u_cp/u_bfeed/U68448/ZN (INV8_140P7T30R)                 0.01       7.56 f
  u_cp/u_bfeed/U169138/ZN (NAND4V6_140P7T30R)             0.01       7.57 r
  u_cp/u_bfeed/U155331/ZN (NOR2V12_140P7T30R)             0.01       7.58 f
  u_cp/u_bfeed/U169403/ZN (NOR2V16_140P7T30R)             0.01       7.59 r
  u_cp/u_bfeed/U91151/ZN (NAND2V8_140P7T30R)              0.01       7.60 f
  u_cp/u_bfeed/U46354/ZN (CLKNAND2V12_140P7T30R)          0.01       7.61 r
  u_cp/u_bfeed/U49592/ZN (INV12_140P7T30R)                0.01       7.62 f
  u_cp/u_bfeed/U61316/ZN (NOR2V12_140P7T30R)              0.01       7.62 r
  u_cp/u_bfeed/U173176/S (AD1V4_140P7T30R)                0.04       7.67 f
  u_cp/u_bfeed/U47698/Z (MAJ23V4_140P7T30R)               0.02       7.69 f
  u_cp/u_bfeed/U45371/ZN (XNOR2V4_140P7T30R)              0.02       7.71 f
  u_cp/u_bfeed/U45370/ZN (XNOR2V4_140P7T30R)              0.03       7.74 f
  u_cp/u_bfeed/U145547/ZN (NOR2V8_140P7T30R)              0.02       7.76 r
  u_cp/u_bfeed/U68413/ZN (OAI12V8_140P7T30R)              0.01       7.77 f
  u_cp/u_bfeed/U68412/ZN (AOI12V12_140P7T30R)             0.02       7.78 r
  u_cp/u_bfeed/U43811/ZN (NOR2V16_140P7T30R)              0.01       7.79 f
  u_cp/u_bfeed/U142266/ZN (NOR2V16_140P7T30R)             0.02       7.81 r
  u_cp/u_bfeed/U119941/ZN (OAI12V8_140P7T30R)             0.01       7.82 f
  u_cp/u_bfeed/U62317/ZN (AOI12V12_140P7T30R)             0.01       7.83 r
  u_cp/u_bfeed/U68574/ZN (NAND2V8_140P7T30R)              0.01       7.84 f
  u_cp/u_bfeed/U80467/ZN (NAND2V6_140P7T30R)              0.01       7.85 r
  u_cp/u_bfeed/U154875/ZN (NAND3V8_140P7T30R)             0.01       7.86 f
  u_cp/u_bfeed/U108684/ZN (NOR2V8_140P7T30R)              0.01       7.87 r
  u_cp/u_bfeed/U142658/ZN (CLKNAND2V16_140P7T30R)         0.02       7.89 f
  u_cp/u_bfeed/U65783/ZN (CLKNAND2V16_140P7T30R)          0.01       7.90 r
  u_cp/u_bfeed/U46304/Z (OA22V12_140P7T30R)               0.02       7.93 r
  u_cp/u_bfeed/U51473/ZN (CLKNAND2V16_140P7T30R)          0.01       7.94 f
  u_cp/u_bfeed/U3286/ZN (CLKNAND2V12_140P7T30R)           0.01       7.94 r
  u_cp/u_bfeed/U68535/ZN (NAND3V8_140P7T30R)              0.01       7.96 f
  u_cp/u_bfeed/U47850/ZN (OAI12V12_140P7T30R)             0.02       7.98 r
  u_cp/u_bfeed/U47849/ZN (AOI12V6_140P7T30R)              0.01       7.99 f
  u_cp/u_bfeed/U146517/ZN (XNOR2V4_140P7T30R)             0.02       8.01 f
  u_cp/u_bfeed/U68911/ZN (NAND3V8_140P7T30R)              0.02       8.03 r
  u_cp/u_bfeed/U119383/ZN (NOR2V8_140P7T30R)              0.01       8.04 f
  u_cp/u_bfeed/U55620/ZN (INV7_140P7T30R)                 0.01       8.05 r
  u_cp/u_bfeed/U146898/ZN (OAI12V12_140P7T30R)            0.01       8.06 f
  u_cp/u_bfeed/U2632/ZN (CLKNAND2V12_140P7T30R)           0.01       8.07 r
  u_cp/u_bfeed/U39402/ZN (CLKNAND2V16_140P7T30R)          0.01       8.08 f
  u_cp/u_bfeed/U59734/ZN (INV4_140P7T30R)                 0.01       8.09 r
  u_cp/u_bfeed/U59733/ZN (NOR2V6_140P7T30R)               0.01       8.09 f
  u_cp/u_bfeed/U101951/ZN (NOR2V8_140P7T30R)              0.01       8.11 r
  u_cp/u_bfeed/U44400/ZN (NAND2V6_140P7T30R)              0.01       8.11 f
  u_cp/u_bfeed/U170115/ZN (NOR4V6_140P7T30R)              0.02       8.13 r
  u_cp/u_bfeed/U146363/ZN (NAND4V6_140P7T30R)             0.02       8.15 f
  u_cp/u_bfeed/U143224/ZN (AOI12V8_140P7T30R)             0.02       8.17 r
  u_cp/u_bfeed/U47337/ZN (NOR2V16_140P7T30R)              0.01       8.18 f
  u_cp/u_bfeed/U45601/ZN (INV32_140P7T30R)                0.01       8.19 r
  u_cp/u_bfeed/U60336/ZN (OAI22V8_140P7T30R)              0.01       8.20 f
  u_cp/u_bfeed/U48457/ZN (AOI12V12_140P7T30R)             0.02       8.22 r
  u_cp/u_bfeed/U48456/ZN (CLKNAND2V12_140P7T30R)          0.01       8.23 f
  u_cp/u_bfeed/U1525/ZN (NOR2V16_140P7T30R)               0.02       8.25 r
  u_cp/u_bfeed/U61372/ZN (CLKNAND2V16_140P7T30R)          0.01       8.26 f
  u_cp/u_bfeed/U80299/ZN (CLKINV20_140P7T30R)             0.01       8.27 r
  u_cp/u_bfeed/U55726/ZN (CLKNAND2V12_140P7T30R)          0.01       8.28 f
  u_cp/u_bfeed/U142836/ZN (NAND2V6_140P7T30R)             0.01       8.29 r
  u_cp/u_bfeed/U48567/ZN (OAI12V8_140P7T30R)              0.01       8.30 f
  u_cp/u_bfeed/U57360/ZN (NAND2XBV8_140P7T30R)            0.01       8.31 r
  u_cp/u_bfeed/U52162/ZN (NAND3V6_140P7T30R)              0.01       8.32 f
  u_cp/u_bfeed/U52161/ZN (AOI12V12_140P7T30R)             0.01       8.33 r
  u_cp/u_bfeed/U144183/Z (CLKXOR2V6_140P7T30R)            0.02       8.35 r
  u_cp/u_bfeed/U146337/ZN (OAI12V8_140P7T30R)             0.01       8.37 f
  u_cp/u_bfeed/U55564/ZN (NAND3V8_140P7T30R)              0.01       8.38 r
  u_cp/u_bfeed/U49572/ZN (INV16_140P7T30R)                0.01       8.39 f
  u_cp/u_bfeed/U52437/ZN (CLKNAND2V16_140P7T30R)          0.01       8.40 r
  u_cp/u_bfeed/U45687/ZN (CLKINV20_140P7T30R)             0.01       8.40 f
  u_cp/u_bfeed/U899/ZN (NOR2V8_140P7T30R)                 0.01       8.41 r
  u_cp/u_bfeed/U881/ZN (INV4_140P7T30R)                   0.01       8.42 f
  u_cp/u_bfeed/U74262/ZN (OAI12V6_140P7T30R)              0.01       8.43 r
  u_cp/u_bfeed/U74253/ZN (AOI12V8_140P7T30R)              0.01       8.44 f
  u_cp/u_bfeed/U118594/ZN (NOR3V8_140P7T30R)              0.02       8.45 r
  u_cp/u_bfeed/U39376/ZN (NAND3V12_140P7T30R)             0.02       8.48 f
  u_cp/u_bfeed/U39375/ZN (CLKINV32_140P7T30R)             0.01       8.49 r
  u_cp/u_bfeed/U680/ZN (NOR3V6_140P7T30R)                 0.01       8.50 f
  u_cp/u_bfeed/U37607/ZN (NOR2V4_140P7T30R)               0.01       8.51 r
  u_cp/u_bfeed/U37619/Z (AND2V12_140P7T30R)               0.02       8.53 r
  u_cp/u_bfeed/U37811/ZN (INV32_140P7T30R)                0.01       8.54 f
  u_cp/u_bfeed/U37892/ZN (NAND2V2_140P7T30R)              0.01       8.55 r
  u_cp/u_bfeed/U37729/ZN (NAND2V2_140P7T30R)              0.01       8.56 f
  u_cp/u_bfeed/row_reg[87][26]/D (DQV2_140P7T30R)         0.00       8.56 f
  data arrival time                                                  8.56

  clock clk (rise edge)                                   1.00       1.00
  clock network delay (ideal)                             0.00       1.00
  u_cp/u_bfeed/row_reg[87][26]/CK (DQV2_140P7T30R)        0.00       1.00 r
  library setup time                                     -0.01       0.99
  data required time                                                 0.99
  --------------------------------------------------------------------------
  data required time                                                 0.99
  data arrival time                                                 -8.56
  --------------------------------------------------------------------------
  slack (VIOLATED)                                                  -7.57


  Startpoint: u_cp/pos_base_reg[6]
              (rising edge-triggered flip-flop clocked by clk)
  Endpoint: u_cp/u_bfeed/row_reg[87][22]
            (rising edge-triggered flip-flop clocked by clk)
  Path Group: clk
  Path Type: max

  Point                                                   Incr       Path
  --------------------------------------------------------------------------
  clock clk (rise edge)                                   0.00       0.00
  clock network delay (ideal)                             0.00       0.00
  u_cp/pos_base_reg[6]/CK (DQV6_140P7T30R)                0.00 #     0.00 r
  u_cp/pos_base_reg[6]/Q (DQV6_140P7T30R)                 0.05       0.05 f
  u_cp/u_bfeed/pos_base[6] (kv_bfeed_MAX_N128)            0.00       0.05 f
  u_cp/u_bfeed/U143075/ZN (NOR2V16_140P7T30R)             0.02       0.07 r
  u_cp/u_bfeed/U36448/Z (BUFV20_140P7T30R)                0.02       0.09 r
  u_cp/u_bfeed/U101507/ZN (NOR2V12_140P7T30R)             0.01       0.10 f
  u_cp/u_bfeed/U80137/ZN (CLKNAND2V4_140P7T30R)           0.01       0.11 r
  u_cp/u_bfeed/U64741/ZN (NOR2V6_140P7T30R)               0.01       0.12 f
  u_cp/u_bfeed/U35555/ZN (NOR3V2_140P7T30R)               0.02       0.14 r
  u_cp/u_bfeed/U169103/ZN (NAND2XBV4_140P7T30R)           0.02       0.16 r
  u_cp/u_bfeed/U63664/ZN (NAND2V8_140P7T30R)              0.01       0.17 f
  u_cp/u_bfeed/U35496/ZN (NOR2V8_140P7T30R)               0.01       0.18 r
  u_cp/u_bfeed/U48460/ZN (CLKNAND2V12_140P7T30R)          0.01       0.19 f
  u_cp/u_bfeed/U142302/ZN (CLKNAND2V16_140P7T30R)         0.01       0.20 r
  u_cp/u_bfeed/U41064/ZN (INV16_140P7T30R)                0.01       0.21 f
  u_cp/u_bfeed/U47818/ZN (NOR2V16_140P7T30R)              0.02       0.23 r
  u_cp/u_bfeed/U35226/ZN (INV5_140P7T30R)                 0.01       0.23 f
  u_cp/u_bfeed/U149276/ZN (OAI22V1_140P7T30R)             0.02       0.25 r
  u_cp/u_bfeed/U168443/Z (OA12V4_140P7T30R)               0.02       0.28 r
  u_cp/u_bfeed/U55694/ZN (NOR2V12_140P7T30R)              0.01       0.28 f
  u_cp/u_bfeed/U67799/ZN (CLKNAND2V16_140P7T30R)          0.01       0.29 r
  u_cp/u_bfeed/U35015/ZN (INV12_140P7T30R)                0.01       0.30 f
  u_cp/u_bfeed/U150673/Z (CLKXOR2V6_140P7T30R)            0.02       0.32 f
  u_cp/u_bfeed/U149252/ZN (OAI22V1_140P7T30R)             0.03       0.35 r
  u_cp/u_bfeed/U190596/CO (AD1V4_140P7T30R)               0.04       0.38 r
  u_cp/u_bfeed/U190635/S (AD1V4_140P7T30R)                0.05       0.43 f
  u_cp/u_bfeed/U34667/ZN (OAI12V4_140P7T30R)              0.01       0.45 r
  u_cp/u_bfeed/U57428/ZN (NAND2V8_140P7T30R)              0.01       0.46 f
  u_cp/u_bfeed/U141074/Z (CLKXOR2V6_140P7T30R)            0.02       0.48 f
  u_cp/u_bfeed/U62028/Z (CLKXOR2V6_140P7T30R)             0.02       0.51 f
  u_cp/u_bfeed/U34549/ZN (NAND2V6_140P7T30R)              0.01       0.52 r
  u_cp/u_bfeed/U68763/ZN (OAI12V8_140P7T30R)              0.01       0.53 f
  u_cp/u_bfeed/U60307/ZN (AOI12V12_140P7T30R)             0.01       0.54 r
  u_cp/u_bfeed/U62349/ZN (OAI12V12_140P7T30R)             0.01       0.55 f
  u_cp/u_bfeed/U146506/ZN (NOR2V16_140P7T30R)             0.02       0.57 r
  u_cp/u_bfeed/U142866/ZN (OAI12V12_140P7T30R)            0.01       0.59 f
  u_cp/u_bfeed/U53699/ZN (NOR2V16_140P7T30R)              0.01       0.60 r
  u_cp/u_bfeed/U146624/ZN (NOR2V16_140P7T30R)             0.01       0.61 f
  u_cp/u_bfeed/U49889/ZN (INV20_140P7T30R)                0.01       0.62 r
  u_cp/u_bfeed/U44160/ZN (INV32_140P7T30R)                0.01       0.62 f
  u_cp/u_bfeed/U34102/ZN (CLKNAND2V4_140P7T30R)           0.01       0.63 r
  u_cp/u_bfeed/U117237/ZN (CLKNAND2V12_140P7T30R)         0.02       0.65 f
  u_cp/u_bfeed/U173742/CO (AD1V4_140P7T30R)               0.03       0.69 f
  u_cp/u_bfeed/U169402/Z (MAJ23V4_140P7T30R)              0.02       0.71 f
  u_cp/u_bfeed/U98053/ZN (OAI12V4_140P7T30R)              0.01       0.72 r
  u_cp/u_bfeed/U117186/ZN (NAND2V6_140P7T30R)             0.01       0.74 f
  u_cp/u_bfeed/U151399/Z (CLKXOR2V6_140P7T30R)            0.02       0.76 f
  u_cp/u_bfeed/U151398/Z (CLKXOR2V6_140P7T30R)            0.02       0.78 f
  u_cp/u_bfeed/U61417/ZN (NOR2V8_140P7T30R)               0.01       0.79 r
  u_cp/u_bfeed/U62142/ZN (NOR2V6_140P7T30R)               0.01       0.80 f
  u_cp/u_bfeed/U63628/ZN (NOR2V6_140P7T30R)               0.01       0.81 r
  u_cp/u_bfeed/U64332/ZN (OAI12V6_140P7T30R)              0.01       0.82 f
  u_cp/u_bfeed/U64331/ZN (AOI12V8_140P7T30R)              0.02       0.84 r
  u_cp/u_bfeed/U145065/ZN (OAI12V12_140P7T30R)            0.02       0.85 f
  u_cp/u_bfeed/U33655/Z (BUFV12_140P7T30R)                0.02       0.87 f
  u_cp/u_bfeed/U47701/ZN (NOR2V16_140P7T30R)              0.01       0.88 r
  u_cp/u_bfeed/U51550/ZN (OAI22V12_140P7T30R)             0.02       0.90 f
  u_cp/u_bfeed/U53525/ZN (NOR2V16_140P7T30R)              0.02       0.92 r
  u_cp/u_bfeed/U55658/ZN (NOR2V16_140P7T30R)              0.01       0.92 f
  u_cp/u_bfeed/U56673/ZN (NOR2V16_140P7T30R)              0.01       0.93 r
  u_cp/u_bfeed/U65431/ZN (NAND2V8_140P7T30R)              0.01       0.94 f
  u_cp/u_bfeed/U65432/ZN (NAND2V6_140P7T30R)              0.01       0.95 r
  u_cp/u_bfeed/U107331/ZN (NAND2V8_140P7T30R)             0.02       0.96 f
  u_cp/u_bfeed/U65538/ZN (NAND2XBV6_140P7T30R)            0.01       0.97 r
  u_cp/u_bfeed/U117029/ZN (NOR2V6_140P7T30R)              0.01       0.98 f
  u_cp/u_bfeed/U65612/ZN (INV8_140P7T30R)                 0.01       0.99 r
  u_cp/u_bfeed/U65613/ZN (NOR2V6_140P7T30R)               0.01       0.99 f
  u_cp/u_bfeed/U117013/ZN (AOI12V6_140P7T30R)             0.02       1.01 r
  u_cp/u_bfeed/U45602/ZN (NOR2V12_140P7T30R)              0.01       1.02 f
  u_cp/u_bfeed/U45484/ZN (CLKNAND2V16_140P7T30R)          0.01       1.03 r
  u_cp/u_bfeed/U67784/ZN (INV20_140P7T30R)                0.01       1.04 f
  u_cp/u_bfeed/U145315/ZN (NAND3V12_140P7T30R)            0.01       1.04 r
  u_cp/u_bfeed/U145448/Z (CLKXOR2V6_140P7T30R)            0.02       1.06 r
  u_cp/u_bfeed/U66874/ZN (OAI12V8_140P7T30R)              0.01       1.08 f
  u_cp/u_bfeed/U53374/ZN (INV8_140P7T30R)                 0.01       1.08 r
  u_cp/u_bfeed/U54774/ZN (CLKNAND2V12_140P7T30R)          0.01       1.09 f
  u_cp/u_bfeed/U66316/ZN (NOR2V8_140P7T30R)               0.01       1.10 r
  u_cp/u_bfeed/U67778/ZN (NAND2V8_140P7T30R)              0.01       1.11 f
  u_cp/u_bfeed/U107297/ZN (OAI12V8_140P7T30R)             0.01       1.12 r
  u_cp/u_bfeed/U41013/ZN (CLKNAND2V16_140P7T30R)          0.02       1.14 f
  u_cp/u_bfeed/U49585/ZN (INV20_140P7T30R)                0.01       1.15 r
  u_cp/u_bfeed/U58244/ZN (NOR2V16_140P7T30R)              0.01       1.16 f
  u_cp/u_bfeed/U48459/ZN (INV32_140P7T30R)                0.01       1.17 r
  u_cp/u_bfeed/U48515/ZN (OAI22V12_140P7T30R)             0.01       1.18 f
  u_cp/u_bfeed/U60641/ZN (NOR2V12_140P7T30R)              0.01       1.19 r
  u_cp/u_bfeed/U65492/ZN (OAI12V8_140P7T30R)              0.01       1.20 f
  u_cp/u_bfeed/U143009/ZN (OAI22V8_140P7T30R)             0.02       1.22 r
  u_cp/u_bfeed/U41048/ZN (INV12_140P7T30R)                0.01       1.23 f
  u_cp/u_bfeed/U97969/Z (BUFV12_140P7T30R)                0.01       1.25 f
  u_cp/u_bfeed/U32812/ZN (INV6_140P7T30R)                 0.02       1.26 r
  u_cp/u_bfeed/U49881/ZN (INV4_140P7T30R)                 0.02       1.28 f
  u_cp/u_bfeed/U79884/Z (XOR2V4_140P7T30R)                0.03       1.31 f
  u_cp/u_bfeed/U32683/ZN (CLKNAND2V4_140P7T30R)           0.01       1.32 r
  u_cp/u_bfeed/U73859/ZN (NAND2V3_140P7T30R)              0.01       1.33 f
  u_cp/u_bfeed/U89966/ZN (NOR2V6_140P7T30R)               0.01       1.34 r
  u_cp/u_bfeed/U89963/ZN (CLKNAND2V12_140P7T30R)          0.01       1.36 f
  u_cp/u_bfeed/U77300/ZN (INV8_140P7T30R)                 0.01       1.36 r
  u_cp/u_bfeed/U153680/ZN (NAND3V8_140P7T30R)             0.01       1.38 f
  u_cp/u_bfeed/U50233/ZN (OAI12V8_140P7T30R)              0.01       1.39 r
  u_cp/u_bfeed/U150852/ZN (NOR2V16_140P7T30R)             0.01       1.40 f
  u_cp/u_bfeed/U153135/ZN (MUX2NV4_140P7T30R)             0.02       1.43 f
  u_cp/u_bfeed/U51671/ZN (OAI12V8_140P7T30R)              0.01       1.44 r
  u_cp/u_bfeed/U150973/ZN (OAI12V6_140P7T30R)             0.01       1.45 f
  u_cp/u_bfeed/U149220/ZN (NAND2XBV16_140P7T30R)          0.03       1.48 f
  u_cp/u_bfeed/U68506/ZN (NOR2V16_140P7T30R)              0.02       1.50 r
  u_cp/u_bfeed/U31978/ZN (INV6_140P7T30R)                 0.01       1.51 f
  u_cp/u_bfeed/U149227/ZN (NAND3V12_140P7T30R)            0.01       1.52 r
  u_cp/u_bfeed/U31924/Z (CLKBUFV16_140P7T30R)             0.01       1.53 r
  u_cp/u_bfeed/U52091/ZN (NOR2V6_140P7T30R)               0.01       1.54 f
  u_cp/u_bfeed/U151391/Z (OA1B2V4_140P7T30R)              0.01       1.55 r
  u_cp/u_bfeed/U51703/ZN (NAND3V6_140P7T30R)              0.01       1.56 f
  u_cp/u_bfeed/U31794/ZN (INV8_140P7T30R)                 0.01       1.57 r
  u_cp/u_bfeed/U58179/ZN (AOI12V8_140P7T30R)              0.01       1.58 f
  u_cp/u_bfeed/U116614/ZN (AOI22V8_140P7T30R)             0.02       1.60 r
  u_cp/u_bfeed/U149301/ZN (OAI12V12_140P7T30R)            0.01       1.61 f
  u_cp/u_bfeed/U139197/Z (AND2V6_140P7T30R)               0.01       1.63 f
  u_cp/u_bfeed/U107084/ZN (NOR2V4_140P7T30R)              0.01       1.64 r
  u_cp/u_bfeed/U57433/ZN (AOI12V8_140P7T30R)              0.01       1.65 f
  u_cp/u_bfeed/U57434/ZN (OAI12V12_140P7T30R)             0.02       1.67 r
  u_cp/u_bfeed/U149294/ZN (AOI12V12_140P7T30R)            0.02       1.68 f
  u_cp/u_bfeed/U97818/ZN (OAI12V4_140P7T30R)              0.02       1.70 r
  u_cp/u_bfeed/U57431/ZN (XNOR2V4_140P7T30R)              0.02       1.72 r
  u_cp/u_bfeed/U151024/ZN (MUX2NV4_140P7T30R)             0.02       1.74 f
  u_cp/u_bfeed/U151023/ZN (NAND2V8_140P7T30R)             0.01       1.75 r
  u_cp/u_bfeed/U149279/ZN (NOR2V16_140P7T30R)             0.01       1.76 f
  u_cp/u_bfeed/U48505/ZN (INV20_140P7T30R)                0.01       1.77 r
  u_cp/u_bfeed/U31206/ZN (NOR2V6_140P7T30R)               0.01       1.78 f
  u_cp/u_bfeed/U49550/ZN (AOI22V12_140P7T30R)             0.02       1.80 r
  u_cp/u_bfeed/U51701/ZN (CLKNAND2V16_140P7T30R)          0.01       1.81 f
  u_cp/u_bfeed/U145062/ZN (AOI12V8_140P7T30R)             0.01       1.83 r
  u_cp/u_bfeed/U146621/ZN (OAI12V12_140P7T30R)            0.01       1.84 f
  u_cp/u_bfeed/U168260/ZN (AOI12V8_140P7T30R)             0.01       1.85 r
  u_cp/u_bfeed/U168259/Z (CLKXOR2V6_140P7T30R)            0.02       1.87 r
  u_cp/u_bfeed/U148974/ZN (OAI12V8_140P7T30R)             0.02       1.89 f
  u_cp/u_bfeed/U64192/ZN (CLKNAND2V16_140P7T30R)          0.01       1.90 r
  u_cp/u_bfeed/U45474/ZN (NOR2V16_140P7T30R)              0.01       1.91 f
  u_cp/u_bfeed/U45473/ZN (NOR2V12_140P7T30R)              0.01       1.92 r
  u_cp/u_bfeed/U68664/ZN (OAI12V12_140P7T30R)             0.01       1.93 f
  u_cp/u_bfeed/U30481/Z (BUFV6_140P7T30R)                 0.01       1.94 f
  u_cp/u_bfeed/U168457/ZN (NOR2V4_140P7T30R)              0.01       1.96 r
  u_cp/u_bfeed/U163208/ZN (INV2_140P7T30R)                0.01       1.97 f
  u_cp/u_bfeed/U155877/ZN (AOI12V4_140P7T30R)             0.01       1.98 r
  u_cp/u_bfeed/U116365/ZN (OAI13V4_140P7T30R)             0.02       1.99 f
  u_cp/u_bfeed/U45548/ZN (XNOR2V4_140P7T30R)              0.03       2.02 f
  u_cp/u_bfeed/U45547/ZN (MUX2NV4_140P7T30R)              0.02       2.04 r
  u_cp/u_bfeed/U56646/ZN (CLKNAND2V12_140P7T30R)          0.02       2.06 f
  u_cp/u_bfeed/U56675/ZN (NOR2V16_140P7T30R)              0.02       2.08 r
  u_cp/u_bfeed/U48576/ZN (NAND3V6_140P7T30R)              0.01       2.09 f
  u_cp/u_bfeed/U51615/ZN (OAI12V6_140P7T30R)              0.01       2.10 r
  u_cp/u_bfeed/U60646/ZN (NOR2V6_140P7T30R)               0.01       2.11 f
  u_cp/u_bfeed/U60645/ZN (CLKNAND2V16_140P7T30R)          0.01       2.12 r
  u_cp/u_bfeed/U51607/Z (CLKAND2V16_140P7T30R)            0.02       2.14 r
  u_cp/u_bfeed/U138372/ZN (OAI12V8_140P7T30R)             0.01       2.15 f
  u_cp/u_bfeed/U43910/ZN (AOI12V12_140P7T30R)             0.01       2.16 r
  u_cp/u_bfeed/U60672/ZN (OAI12V12_140P7T30R)             0.01       2.18 f
  u_cp/u_bfeed/U29727/ZN (INV10_140P7T30R)                0.01       2.19 r
  u_cp/u_bfeed/U60295/ZN (OAI12V8_140P7T30R)              0.01       2.20 f
  u_cp/u_bfeed/U148005/Z (CLKXOR2V6_140P7T30R)            0.02       2.22 f
  u_cp/u_bfeed/U61296/ZN (NAND2V8_140P7T30R)              0.01       2.23 r
  u_cp/u_bfeed/U47802/ZN (OAI12V12_140P7T30R)             0.01       2.24 f
  u_cp/u_bfeed/U138126/ZN (NOR2V12_140P7T30R)             0.01       2.25 r
  u_cp/u_bfeed/U29590/ZN (INV6_140P7T30R)                 0.01       2.25 f
  u_cp/u_bfeed/U29545/ZN (NOR2V12_140P7T30R)              0.01       2.27 r
  u_cp/u_bfeed/U48534/ZN (INV12_140P7T30R)                0.01       2.27 f
  u_cp/u_bfeed/U106698/ZN (NAND2XBV8_140P7T30R)           0.01       2.28 r
  u_cp/u_bfeed/U97610/ZN (OAI12V4_140P7T30R)              0.01       2.29 f
  u_cp/u_bfeed/U29397/ZN (NOR2V4_140P7T30R)               0.01       2.30 r
  u_cp/u_bfeed/U148743/ZN (OAI12V8_140P7T30R)             0.02       2.32 f
  u_cp/u_bfeed/U46981/ZN (NOR2V12_140P7T30R)              0.01       2.33 r
  u_cp/u_bfeed/U46980/ZN (OAI12V8_140P7T30R)              0.01       2.34 f
  u_cp/u_bfeed/U149669/ZN (AOI12V8_140P7T30R)             0.02       2.35 r
  u_cp/u_bfeed/U149666/ZN (OAI12V4_140P7T30R)             0.01       2.37 f
  u_cp/u_bfeed/U153020/ZN (XNOR2V4_140P7T30R)             0.03       2.39 f
  u_cp/u_bfeed/U44050/ZN (NAND2XBV12_140P7T30R)           0.02       2.41 f
  u_cp/u_bfeed/U137955/ZN (NOR2V12_140P7T30R)             0.01       2.42 r
  u_cp/u_bfeed/U142853/ZN (CLKNAND2V16_140P7T30R)         0.02       2.44 f
  u_cp/u_bfeed/U67783/ZN (NAND2XBV16_140P7T30R)           0.01       2.45 r
  u_cp/u_bfeed/U51683/ZN (CLKNAND2V16_140P7T30R)          0.01       2.46 f
  u_cp/u_bfeed/U41100/ZN (NOR2XBV16_140P7T30R)            0.01       2.47 r
  u_cp/u_bfeed/U62323/ZN (CLKNAND2V12_140P7T30R)          0.01       2.48 f
  u_cp/u_bfeed/U62322/ZN (NOR3V12_140P7T30R)              0.01       2.50 r
  u_cp/u_bfeed/U148735/ZN (NOR2V16_140P7T30R)             0.01       2.51 f
  u_cp/u_bfeed/U28671/ZN (NAND2XBV6_140P7T30R)            0.02       2.53 f
  u_cp/u_bfeed/U28646/ZN (NAND2V6_140P7T30R)              0.01       2.54 r
  u_cp/u_bfeed/U28565/ZN (INV4_140P7T30R)                 0.01       2.55 f
  u_cp/u_bfeed/U106609/ZN (NOR2V6_140P7T30R)              0.01       2.56 r
  u_cp/u_bfeed/U68584/ZN (NOR2V6_140P7T30R)               0.01       2.56 f
  u_cp/u_bfeed/U115981/ZN (NAND2XBV8_140P7T30R)           0.02       2.58 f
  u_cp/u_bfeed/U146516/ZN (OAI22V12_140P7T30R)            0.02       2.60 r
  u_cp/u_bfeed/U28366/ZN (INV6_140P7T30R)                 0.01       2.61 f
  u_cp/u_bfeed/U28325/ZN (NAND2XBV2_140P7T30R)            0.01       2.62 r
  u_cp/u_bfeed/U51594/ZN (OAI12V6_140P7T30R)              0.01       2.63 f
  u_cp/u_bfeed/U106531/ZN (CLKNAND2V4_140P7T30R)          0.01       2.64 r
  u_cp/u_bfeed/U47304/ZN (NAND2XBV6_140P7T30R)            0.01       2.66 f
  u_cp/u_bfeed/U163313/ZN (AOI12V2_140P7T30R)             0.01       2.67 r
  u_cp/u_bfeed/U137648/ZN (OAI12V2_140P7T30R)             0.02       2.69 f
  u_cp/u_bfeed/U115842/Z (CLKXOR2V1P5_140P7T30R)          0.02       2.71 f
  u_cp/u_bfeed/U153388/ZN (NOR2XBV4_140P7T30R)            0.02       2.73 r
  u_cp/u_bfeed/U65775/ZN (NOR2V12_140P7T30R)              0.01       2.74 f
  u_cp/u_bfeed/U46376/ZN (CLKNAND2V12_140P7T30R)          0.01       2.75 r
  u_cp/u_bfeed/U100813/ZN (NOR2V12_140P7T30R)             0.01       2.75 f
  u_cp/u_bfeed/U27922/ZN (CLKINV10_140P7T30R)             0.01       2.76 r
  u_cp/u_bfeed/U66850/ZN (NOR3V6_140P7T30R)               0.01       2.77 f
  u_cp/u_bfeed/U149473/ZN (NOR2V4_140P7T30R)              0.01       2.78 r
  u_cp/u_bfeed/U66799/ZN (NAND3V6_140P7T30R)              0.02       2.80 f
  u_cp/u_bfeed/U44056/ZN (CLKNAND2V12_140P7T30R)          0.01       2.81 r
  u_cp/u_bfeed/U143020/ZN (CLKNAND2V12_140P7T30R)         0.01       2.82 f
  u_cp/u_bfeed/U27527/Z (BUFV8_140P7T30R)                 0.02       2.84 f
  u_cp/u_bfeed/U27500/Z (AND2V12_140P7T30R)               0.02       2.85 f
  u_cp/u_bfeed/U94267/ZN (INV8_140P7T30R)                 0.01       2.86 r
  u_cp/u_bfeed/U100778/ZN (OAI12V4_140P7T30R)             0.01       2.87 f
  u_cp/u_bfeed/U79557/ZN (NOR2V4_140P7T30R)               0.02       2.89 r
  u_cp/u_bfeed/U106379/ZN (AOI22V4_140P7T30R)             0.01       2.90 f
  u_cp/u_bfeed/U94262/ZN (AOI22V4_140P7T30R)              0.02       2.92 r
  u_cp/u_bfeed/U38336/ZN (OAI22V8_140P7T30R)              0.02       2.94 f
  u_cp/u_bfeed/U148470/Z (BUFV6_140P7T30R)                0.02       2.95 f
  u_cp/u_bfeed/U60669/ZN (AOI22V12_140P7T30R)             0.02       2.97 r
  u_cp/u_bfeed/U61979/ZN (NOR2V4_140P7T30R)               0.01       2.98 f
  u_cp/u_bfeed/U63252/ZN (NOR2V4_140P7T30R)               0.01       2.99 r
  u_cp/u_bfeed/U63253/ZN (NAND2V6_140P7T30R)              0.01       3.00 f
  u_cp/u_bfeed/U53514/ZN (NAND2V8_140P7T30R)              0.01       3.01 r
  u_cp/u_bfeed/U76816/ZN (NAND2V8_140P7T30R)              0.01       3.02 f
  u_cp/u_bfeed/U115609/Z (OR2V6_140P7T30R)                0.02       3.05 f
  u_cp/u_bfeed/U65439/ZN (AOI22V6_140P7T30R)              0.01       3.06 r
  u_cp/u_bfeed/U26778/ZN (OAI12V6_140P7T30R)              0.01       3.07 f
  u_cp/u_bfeed/U39450/ZN (AOI12V8_140P7T30R)              0.02       3.09 r
  u_cp/u_bfeed/U67755/ZN (OAI12V6_140P7T30R)              0.01       3.10 f
  u_cp/u_bfeed/U106205/Z (CLKXOR2V1P5_140P7T30R)          0.02       3.13 f
  u_cp/u_bfeed/U57412/Z (AND2V6_140P7T30R)                0.02       3.14 f
  u_cp/u_bfeed/U57411/ZN (AOI12V8_140P7T30R)              0.01       3.15 r
  u_cp/u_bfeed/U26544/ZN (CLKNAND2V12_140P7T30R)          0.02       3.17 f
  u_cp/u_bfeed/U26508/ZN (NOR2V8_140P7T30R)               0.01       3.18 r
  u_cp/u_bfeed/U45775/ZN (CLKNAND2V12_140P7T30R)          0.01       3.19 f
  u_cp/u_bfeed/U68594/ZN (NOR2V16_140P7T30R)              0.01       3.21 r
  u_cp/u_bfeed/U62379/ZN (NAND3V8_140P7T30R)              0.01       3.22 f
  u_cp/u_bfeed/U38334/ZN (CLKINV7_140P7T30R)              0.01       3.22 r
  u_cp/u_bfeed/U67428/ZN (NOR2V12_140P7T30R)              0.01       3.23 f
  u_cp/u_bfeed/U142360/ZN (CLKNAND2V16_140P7T30R)         0.01       3.24 r
  u_cp/u_bfeed/U144216/ZN (CLKNAND2V16_140P7T30R)         0.02       3.26 f
  u_cp/u_bfeed/U47012/ZN (OAI22V12_140P7T30R)             0.02       3.28 r
  u_cp/u_bfeed/U25971/ZN (NOR2V4_140P7T30R)               0.01       3.29 f
  u_cp/u_bfeed/U25930/ZN (NAND2V3_140P7T30R)              0.01       3.30 r
  u_cp/u_bfeed/U53576/ZN (OAI12V12_140P7T30R)             0.01       3.31 f
  u_cp/u_bfeed/U45447/ZN (AOI12V12_140P7T30R)             0.01       3.32 r
  u_cp/u_bfeed/U145098/Z (OA12V8_140P7T30R)               0.02       3.34 r
  u_cp/u_bfeed/U25741/ZN (INV12_140P7T30R)                0.01       3.35 f
  u_cp/u_bfeed/U173732/S (AD1V4_140P7T30R)                0.06       3.41 r
  u_cp/u_bfeed/U153041/ZN (OAI12V12_140P7T30R)            0.01       3.42 f
  u_cp/u_bfeed/U25551/ZN (CLKNAND2V4_140P7T30R)           0.01       3.43 r
  u_cp/u_bfeed/U65562/ZN (NAND2V8_140P7T30R)              0.01       3.44 f
  u_cp/u_bfeed/U62166/ZN (NAND2V8_140P7T30R)              0.01       3.45 r
  u_cp/u_bfeed/U39020/Z (CLKXOR2V6_140P7T30R)             0.02       3.47 r
  u_cp/u_bfeed/U148601/Z (CLKXOR2V6_140P7T30R)            0.02       3.49 r
  u_cp/u_bfeed/U55652/ZN (NOR2V8_140P7T30R)               0.01       3.50 f
  u_cp/u_bfeed/U38960/ZN (NOR2V12_140P7T30R)              0.01       3.52 r
  u_cp/u_bfeed/U53621/ZN (CLKNAND2V12_140P7T30R)          0.01       3.53 f
  u_cp/u_bfeed/U41101/ZN (NOR2V16_140P7T30R)              0.01       3.54 r
  u_cp/u_bfeed/U43894/ZN (NAND3V12_140P7T30R)             0.02       3.56 f
  u_cp/u_bfeed/U149046/ZN (NAND3V1P5_140P7T30R)           0.02       3.57 r
  u_cp/u_bfeed/U145807/Z (OR2V6_140P7T30R)                0.02       3.59 r
  u_cp/u_bfeed/U51480/ZN (NAND3V12_140P7T30R)             0.03       3.61 f
  u_cp/u_bfeed/U24964/ZN (NOR2V12_140P7T30R)              0.02       3.63 r
  u_cp/u_bfeed/U68645/ZN (INV20_140P7T30R)                0.01       3.64 f
  u_cp/u_bfeed/U24801/ZN (OAI22V4_140P7T30R)              0.02       3.66 r
  u_cp/u_bfeed/U136553/ZN (NOR2V6_140P7T30R)              0.01       3.67 f
  u_cp/u_bfeed/U24668/ZN (INV3_140P7T30R)                 0.01       3.68 r
  u_cp/u_bfeed/U51625/ZN (OAI12V12_140P7T30R)             0.01       3.69 f
  u_cp/u_bfeed/U58217/ZN (NOR2V6_140P7T30R)               0.01       3.71 r
  u_cp/u_bfeed/U43957/ZN (OAI12V8_140P7T30R)              0.01       3.72 f
  u_cp/u_bfeed/U58164/ZN (OAI12V12_140P7T30R)             0.01       3.73 r
  u_cp/u_bfeed/U24474/Z (AND2V6_140P7T30R)                0.02       3.75 r
  u_cp/u_bfeed/U45552/ZN (CLKNAND2V16_140P7T30R)          0.01       3.76 f
  u_cp/u_bfeed/U51506/ZN (OAI12V12_140P7T30R)             0.01       3.77 r
  u_cp/u_bfeed/U55686/ZN (CLKNAND2V12_140P7T30R)          0.01       3.78 f
  u_cp/u_bfeed/U100435/ZN (INV8_140P7T30R)                0.01       3.79 r
  u_cp/u_bfeed/U40838/ZN (NAND3V12_140P7T30R)             0.01       3.80 f
  u_cp/u_bfeed/U60788/Z (AND2V6_140P7T30R)                0.01       3.82 f
  u_cp/u_bfeed/U135115/ZN (AOI22V8_140P7T30R)             0.01       3.83 r
  u_cp/u_bfeed/U40811/ZN (NOR2V16_140P7T30R)              0.01       3.84 f
  u_cp/u_bfeed/U41026/ZN (INV32_140P7T30R)                0.01       3.85 r
  u_cp/u_bfeed/U23825/ZN (INV32_140P7T30R)                0.01       3.86 f
  u_cp/u_bfeed/U23634/ZN (NAND2XBV2_140P7T30R)            0.01       3.87 r
  u_cp/u_bfeed/U76499/ZN (OAI12V4_140P7T30R)              0.02       3.89 f
  u_cp/u_bfeed/U23570/ZN (INV3_140P7T30R)                 0.01       3.90 r
  u_cp/u_bfeed/U69974/ZN (NOR2V2_140P7T30R)               0.01       3.92 f
  u_cp/u_bfeed/U73206/ZN (NOR3V4_140P7T30R)               0.02       3.94 r
  u_cp/u_bfeed/U55663/ZN (NOR2V4_140P7T30R)               0.01       3.95 f
  u_cp/u_bfeed/U114089/ZN (NOR3V6_140P7T30R)              0.02       3.96 r
  u_cp/u_bfeed/U60360/ZN (NAND2V8_140P7T30R)              0.02       3.98 f
  u_cp/u_bfeed/U23168/ZN (CLKNAND2V4_140P7T30R)           0.01       4.00 r
  u_cp/u_bfeed/U52383/ZN (OAI12V8_140P7T30R)              0.01       4.01 f
  u_cp/u_bfeed/U23049/ZN (AOI12V6_140P7T30R)              0.01       4.02 r
  u_cp/u_bfeed/U54838/ZN (OAI12V12_140P7T30R)             0.02       4.04 f
  u_cp/u_bfeed/U38101/ZN (INV10_140P7T30R)                0.01       4.05 r
  u_cp/u_bfeed/U22926/ZN (NOR2V4_140P7T30R)               0.01       4.06 f
  u_cp/u_bfeed/U51929/ZN (NOR2V6_140P7T30R)               0.01       4.07 r
  u_cp/u_bfeed/U146563/Z (CLKXOR2V6_140P7T30R)            0.02       4.09 r
  u_cp/u_bfeed/U62397/ZN (NOR2V8_140P7T30R)               0.01       4.09 f
  u_cp/u_bfeed/U55679/ZN (AOI12V12_140P7T30R)             0.01       4.11 r
  u_cp/u_bfeed/U82227/ZN (CLKNAND2V4_140P7T30R)           0.01       4.12 f
  u_cp/u_bfeed/U22617/ZN (AOI12V6_140P7T30R)              0.01       4.13 r
  u_cp/u_bfeed/U67724/ZN (OAI13V6_140P7T30R)              0.01       4.14 f
  u_cp/u_bfeed/U65170/ZN (AOI12V8_140P7T30R)              0.01       4.15 r
  u_cp/u_bfeed/U82185/ZN (OAI12V8_140P7T30R)              0.01       4.17 f
  u_cp/u_bfeed/U59940/ZN (NOR2V16_140P7T30R)              0.01       4.18 r
  u_cp/u_bfeed/U50223/ZN (CLKNAND2V16_140P7T30R)          0.02       4.20 f
  u_cp/u_bfeed/U50222/ZN (NAND3V12_140P7T30R)             0.01       4.21 r
  u_cp/u_bfeed/U53609/ZN (INV16_140P7T30R)                0.01       4.22 f
  u_cp/u_bfeed/U66795/ZN (NOR2V16_140P7T30R)              0.01       4.23 r
  u_cp/u_bfeed/U37838/ZN (NOR2V12_140P7T30R)              0.01       4.24 f
  u_cp/u_bfeed/U22023/ZN (AOI12V4_140P7T30R)              0.01       4.25 r
  u_cp/u_bfeed/U21978/ZN (OAI12V4_140P7T30R)              0.01       4.26 f
  u_cp/u_bfeed/U88714/ZN (AOI12V4_140P7T30R)              0.02       4.28 r
  u_cp/u_bfeed/U142376/Z (AO1B2V4_140P7T30R)              0.01       4.29 f
  u_cp/u_bfeed/U21836/ZN (NOR2V12_140P7T30R)              0.02       4.30 r
  u_cp/u_bfeed/U21660/ZN (XNOR2V2_140P7T30R)              0.03       4.33 r
  u_cp/u_bfeed/U73039/ZN (NAND2XBV2_140P7T30R)            0.01       4.34 f
  u_cp/u_bfeed/U132009/ZN (NAND2V2_140P7T30R)             0.01       4.35 r
  u_cp/u_bfeed/U142285/Z (AO1B2V4_140P7T30R)              0.01       4.36 f
  u_cp/u_bfeed/U131959/ZN (XNOR2V2_140P7T30R)             0.02       4.38 f
  u_cp/u_bfeed/U100105/ZN (XNOR2V2_140P7T30R)             0.03       4.41 f
  u_cp/u_bfeed/U96779/ZN (NAND2V3_140P7T30R)              0.02       4.43 r
  u_cp/u_bfeed/U21353/ZN (OAI12V6_140P7T30R)              0.01       4.44 f
  u_cp/u_bfeed/U62241/ZN (AOI12V6_140P7T30R)              0.02       4.45 r
  u_cp/u_bfeed/U61302/ZN (OAI12V6_140P7T30R)              0.01       4.47 f
  u_cp/u_bfeed/U57425/ZN (NOR2V8_140P7T30R)               0.01       4.48 r
  u_cp/u_bfeed/U62263/ZN (OAI12V12_140P7T30R)             0.01       4.49 f
  u_cp/u_bfeed/U20906/ZN (CLKNAND2V4_140P7T30R)           0.01       4.50 r
  u_cp/u_bfeed/U20881/ZN (CLKNAND2V4_140P7T30R)           0.01       4.51 f
  u_cp/u_bfeed/U79056/ZN (AOI13V6_140P7T30R)              0.02       4.53 r
  u_cp/u_bfeed/U59776/Z (CLKXOR2V6_140P7T30R)             0.02       4.55 r
  u_cp/u_bfeed/U20705/ZN (NOR2V4_140P7T30R)               0.01       4.56 f
  u_cp/u_bfeed/U51655/ZN (NOR2V16_140P7T30R)              0.03       4.59 r
  u_cp/u_bfeed/U49845/ZN (INV16_140P7T30R)                0.02       4.60 f
  u_cp/u_bfeed/U193708/ZN (XNOR2V2_140P7T30R)             0.03       4.63 f
  u_cp/u_bfeed/U173239/ZN (OAI22V4_140P7T30R)             0.02       4.66 r
  u_cp/u_bfeed/U169722/S (AD1V4_140P7T30R)                0.05       4.71 f
  u_cp/u_bfeed/U168841/Z (MAJ23V4_140P7T30R)              0.02       4.73 f
  u_cp/u_bfeed/U169175/Z (MAJ23V4_140P7T30R)              0.03       4.75 f
  u_cp/u_bfeed/U68578/Z (CLKXOR2V6_140P7T30R)             0.02       4.78 f
  u_cp/u_bfeed/U168558/Z (CLKXOR2V6_140P7T30R)            0.02       4.79 f
  u_cp/u_bfeed/U51789/Z (CLKXOR2V1P5_140P7T30R)           0.03       4.82 f
  u_cp/u_bfeed/U96638/Z (AND2V2_140P7T30R)                0.02       4.84 f
  u_cp/u_bfeed/U68502/ZN (NOR2V4_140P7T30R)               0.01       4.85 r
  u_cp/u_bfeed/U130372/ZN (OAI12V4_140P7T30R)             0.01       4.86 f
  u_cp/u_bfeed/U49574/ZN (AOI12V8_140P7T30R)              0.02       4.88 r
  u_cp/u_bfeed/U45844/ZN (OAI12V8_140P7T30R)              0.01       4.89 f
  u_cp/u_bfeed/U39435/ZN (AOI12V12_140P7T30R)             0.01       4.91 r
  u_cp/u_bfeed/U18739/Z (OR2V12_140P7T30R)                0.01       4.92 r
  u_cp/u_bfeed/U142178/ZN (CLKNAND2V16_140P7T30R)         0.01       4.93 f
  u_cp/u_bfeed/U18568/Z (BUFV16_140P7T30R)                0.02       4.95 f
  u_cp/u_bfeed/U18489/ZN (NAND2XBV8_140P7T30R)            0.01       4.96 r
  u_cp/u_bfeed/U153017/ZN (OAI12V12_140P7T30R)            0.01       4.97 f
  u_cp/u_bfeed/U129807/ZN (NAND2XBV8_140P7T30R)           0.02       4.99 f
  u_cp/u_bfeed/U46339/ZN (AOI12V6_140P7T30R)              0.01       5.00 r
  u_cp/u_bfeed/U39378/ZN (NAND3V8_140P7T30R)              0.02       5.02 f
  u_cp/u_bfeed/U39377/ZN (CLKNAND2V16_140P7T30R)          0.01       5.03 r
  u_cp/u_bfeed/U142656/Z (CLKMUX2V12_140P7T30R)           0.03       5.06 f
  u_cp/u_bfeed/U17589/ZN (CLKINV32_140P7T30R)             0.01       5.07 r
  u_cp/u_bfeed/U42508/ZN (CLKNAND2V16_140P7T30R)          0.01       5.08 f
  u_cp/u_bfeed/U129322/ZN (NOR2V12_140P7T30R)             0.01       5.10 r
  u_cp/u_bfeed/U47253/Z (BUFV8_140P7T30R)                 0.02       5.11 r
  u_cp/u_bfeed/U37925/ZN (NAND4V1P5_140P7T30R)            0.02       5.13 f
  u_cp/u_bfeed/U72821/ZN (OAI12V2_140P7T30R)              0.02       5.15 r
  u_cp/u_bfeed/U99765/ZN (AOI12V4_140P7T30R)              0.01       5.16 f
  u_cp/u_bfeed/U85157/ZN (NAND2V6_140P7T30R)              0.01       5.17 r
  u_cp/u_bfeed/U16700/ZN (INV4_140P7T30R)                 0.01       5.18 f
  u_cp/u_bfeed/U16661/ZN (NOR2V2_140P7T30R)               0.02       5.19 r
  u_cp/u_bfeed/U93067/ZN (NOR2V4_140P7T30R)               0.01       5.20 f
  u_cp/u_bfeed/U45416/ZN (NAND2V6_140P7T30R)              0.01       5.21 r
  u_cp/u_bfeed/U16441/ZN (NAND2V6_140P7T30R)              0.01       5.22 f
  u_cp/u_bfeed/U16423/ZN (CLKNAND2V4_140P7T30R)           0.01       5.23 r
  u_cp/u_bfeed/U16358/ZN (NAND2V6_140P7T30R)              0.01       5.24 f
  u_cp/u_bfeed/U128740/ZN (NAND2XBV4_140P7T30R)           0.02       5.26 f
  u_cp/u_bfeed/U64380/ZN (AOI13V4_140P7T30R)              0.01       5.27 r
  u_cp/u_bfeed/U64379/ZN (XNOR2V2_140P7T30R)              0.02       5.30 r
  u_cp/u_bfeed/U148841/ZN (OAI22V4_140P7T30R)             0.01       5.31 f
  u_cp/u_bfeed/U64321/ZN (NOR2V8_140P7T30R)               0.01       5.32 r
  u_cp/u_bfeed/U53366/ZN (CLKNAND2V12_140P7T30R)          0.01       5.33 f
  u_cp/u_bfeed/U92903/ZN (NOR2V16_140P7T30R)              0.02       5.35 r
  u_cp/u_bfeed/U39458/ZN (NAND3V8_140P7T30R)              0.02       5.37 f
  u_cp/u_bfeed/U39457/ZN (NOR2V12_140P7T30R)              0.01       5.38 r
  u_cp/u_bfeed/U72683/ZN (INV12_140P7T30R)                0.01       5.39 f
  u_cp/u_bfeed/U64360/ZN (NOR2V8_140P7T30R)               0.01       5.40 r
  u_cp/u_bfeed/U47200/ZN (NOR2V8_140P7T30R)               0.01       5.40 f
  u_cp/u_bfeed/U64334/ZN (NOR2XBV8_140P7T30R)             0.01       5.41 r
  u_cp/u_bfeed/U61314/ZN (OAI12V8_140P7T30R)              0.01       5.43 f
  u_cp/u_bfeed/U49768/ZN (AOI12V8_140P7T30R)              0.01       5.44 r
  u_cp/u_bfeed/U65420/ZN (OAI12V6_140P7T30R)              0.01       5.45 f
  u_cp/u_bfeed/U54760/Z (CLKXOR2V6_140P7T30R)             0.02       5.47 f
  u_cp/u_bfeed/U15368/ZN (NOR2V4_140P7T30R)               0.01       5.48 r
  u_cp/u_bfeed/U127990/ZN (NOR3V8_140P7T30R)              0.01       5.49 f
  u_cp/u_bfeed/U51684/ZN (CLKNAND2V16_140P7T30R)          0.02       5.51 r
  u_cp/u_bfeed/U71298/ZN (NAND2XBV16_140P7T30R)           0.01       5.52 f
  u_cp/u_bfeed/U14876/ZN (INV16_140P7T30R)                0.01       5.53 r
  u_cp/u_bfeed/U92734/ZN (CLKNAND2V4_140P7T30R)           0.01       5.54 f
  u_cp/u_bfeed/U92720/ZN (NAND2V6_140P7T30R)              0.01       5.55 r
  u_cp/u_bfeed/U103950/ZN (NOR2XBV4_140P7T30R)            0.01       5.55 f
  u_cp/u_bfeed/U75607/Z (OR2V8_140P7T30R)                 0.02       5.57 f
  u_cp/u_bfeed/U143265/ZN (NOR2V16_140P7T30R)             0.02       5.59 r
  u_cp/u_bfeed/U14127/ZN (XNOR2V2_140P7T30R)              0.03       5.61 r
  u_cp/u_bfeed/U194828/ZN (OAI22V4_140P7T30R)             0.02       5.63 f
  u_cp/u_bfeed/U194850/CO (AD1V4_140P7T30R)               0.04       5.67 f
  u_cp/u_bfeed/U13937/ZN (OAI12V2_140P7T30R)              0.01       5.68 r
  u_cp/u_bfeed/U13918/ZN (NAND2V2_140P7T30R)              0.01       5.69 f
  u_cp/u_bfeed/U13850/Z (XOR2V2_140P7T30R)                0.02       5.72 f
  u_cp/u_bfeed/U13825/ZN (XNOR2V2_140P7T30R)              0.03       5.75 f
  u_cp/u_bfeed/U142269/Z (MAJ23V4_140P7T30R)              0.03       5.77 f
  u_cp/u_bfeed/U103823/ZN (XNOR2V2_140P7T30R)             0.02       5.80 f
  u_cp/u_bfeed/U66856/ZN (XNOR2V4_140P7T30R)              0.03       5.82 f
  u_cp/u_bfeed/U81494/ZN (CLKNAND2V4_140P7T30R)           0.01       5.84 r
  u_cp/u_bfeed/U72524/ZN (OAI12V6_140P7T30R)              0.01       5.85 f
  u_cp/u_bfeed/U49886/ZN (AOI12V8_140P7T30R)              0.02       5.86 r
  u_cp/u_bfeed/U13655/ZN (OAI12V6_140P7T30R)              0.01       5.88 f
  u_cp/u_bfeed/U53381/ZN (AOI12V8_140P7T30R)              0.02       5.89 r
  u_cp/u_bfeed/U169127/ZN (OAI12V8_140P7T30R)             0.01       5.90 f
  u_cp/u_bfeed/U151420/Z (CLKXOR2V12_140P7T30R)           0.03       5.93 f
  u_cp/u_bfeed/U42537/ZN (INV24_140P7T30R)                0.02       5.95 r
  u_cp/u_bfeed/U13357/ZN (INV16_140P7T30R)                0.01       5.95 f
  u_cp/u_bfeed/U75446/ZN (NAND2XBV4_140P7T30R)            0.01       5.96 r
  u_cp/u_bfeed/U60629/ZN (NAND2V8_140P7T30R)              0.01       5.97 f
  u_cp/u_bfeed/U111229/ZN (OAI12V8_140P7T30R)             0.01       5.98 r
  u_cp/u_bfeed/U78534/ZN (AOI12V8_140P7T30R)              0.02       6.00 f
  u_cp/u_bfeed/U142660/ZN (NOR2V16_140P7T30R)             0.02       6.02 r
  u_cp/u_bfeed/U12829/ZN (INV24_140P7T30R)                0.01       6.03 f
  u_cp/u_bfeed/U12649/ZN (NAND2XBV2_140P7T30R)            0.01       6.04 r
  u_cp/u_bfeed/U12605/ZN (NAND3V6_140P7T30R)              0.02       6.06 f
  u_cp/u_bfeed/U92406/ZN (AOI12V4_140P7T30R)              0.02       6.08 r
  u_cp/u_bfeed/U111085/ZN (OAI12V6_140P7T30R)             0.02       6.10 f
  u_cp/u_bfeed/U111083/ZN (NOR2V4_140P7T30R)              0.01       6.11 r
  u_cp/u_bfeed/U103544/ZN (NOR3V6_140P7T30R)              0.01       6.12 f
  u_cp/u_bfeed/U195104/ZN (INV4_140P7T30R)                0.01       6.13 r
  u_cp/u_bfeed/U11701/ZN (OAI22V8_140P7T30R)              0.01       6.14 f
  u_cp/u_bfeed/U11353/ZN (INV2_140P7T30R)                 0.01       6.16 r
  u_cp/u_bfeed/U11214/Z (OR2V2_140P7T30R)                 0.02       6.17 r
  u_cp/u_bfeed/U81325/ZN (NAND2V2_140P7T30R)              0.01       6.19 f
  u_cp/u_bfeed/U75313/ZN (NOR2V2_140P7T30R)               0.02       6.21 r
  u_cp/u_bfeed/U11078/ZN (NAND2V2_140P7T30R)              0.02       6.23 f
  u_cp/u_bfeed/U11011/Z (OR2V2_140P7T30R)                 0.03       6.25 f
  u_cp/u_bfeed/U148758/ZN (NOR2V6_140P7T30R)              0.01       6.27 r
  u_cp/u_bfeed/U125020/ZN (NOR2XBV4_140P7T30R)            0.01       6.27 f
  u_cp/u_bfeed/U168399/Z (CLKXOR2V6_140P7T30R)            0.02       6.29 f
  u_cp/u_bfeed/U124956/ZN (NOR2V6_140P7T30R)              0.01       6.31 r
  u_cp/u_bfeed/U10807/ZN (NOR2V12_140P7T30R)              0.01       6.32 f
  u_cp/u_bfeed/U124888/ZN (CLKNAND2V12_140P7T30R)         0.01       6.33 r
  u_cp/u_bfeed/U46332/ZN (NOR2V16_140P7T30R)              0.01       6.33 f
  u_cp/u_bfeed/U57461/ZN (CLKNAND2V4_140P7T30R)           0.01       6.34 r
  u_cp/u_bfeed/U43914/ZN (NAND3V6_140P7T30R)              0.01       6.36 f
  u_cp/u_bfeed/U84590/ZN (NOR2V6_140P7T30R)               0.01       6.37 r
  u_cp/u_bfeed/U81220/ZN (CLKNAND2V12_140P7T30R)          0.01       6.38 f
  u_cp/u_bfeed/U10479/ZN (NAND2XBV6_140P7T30R)            0.01       6.39 r
  u_cp/u_bfeed/U95802/ZN (NAND3V8_140P7T30R)              0.01       6.40 f
  u_cp/u_bfeed/U10372/ZN (INV6_140P7T30R)                 0.01       6.42 r
  u_cp/u_bfeed/U10347/ZN (INV6_140P7T30R)                 0.01       6.43 f
  u_cp/u_bfeed/U68454/Z (OA12V8_140P7T30R)                0.02       6.45 f
  u_cp/u_bfeed/U64325/ZN (NOR2V12_140P7T30R)              0.01       6.46 r
  u_cp/u_bfeed/U59739/ZN (CLKNAND2V12_140P7T30R)          0.01       6.47 f
  u_cp/u_bfeed/U142653/ZN (OAI12V8_140P7T30R)             0.01       6.48 r
  u_cp/u_bfeed/U57476/ZN (CLKNAND2V12_140P7T30R)          0.01       6.49 f
  u_cp/u_bfeed/U148838/Z (BUFV8_140P7T30R)                0.02       6.51 f
  u_cp/u_bfeed/U81160/ZN (AOI22V4_140P7T30R)              0.02       6.53 r
  u_cp/u_bfeed/U168830/ZN (NAND3V12_140P7T30R)            0.02       6.55 f
  u_cp/u_bfeed/U9055/Z (BUFV16_140P7T30R)                 0.02       6.57 f
  u_cp/u_bfeed/U155697/ZN (OAI22V4_140P7T30R)             0.01       6.58 r
  u_cp/u_bfeed/U47856/S (AD1V4_140P7T30R)                 0.05       6.63 f
  u_cp/u_bfeed/U195648/CO (AD1V4_140P7T30R)               0.03       6.66 f
  u_cp/u_bfeed/U195658/S (AD1V4_140P7T30R)                0.05       6.71 r
  u_cp/u_bfeed/U195663/S (AD1V4_140P7T30R)                0.05       6.76 f
  u_cp/u_bfeed/U47815/ZN (NAND2V8_140P7T30R)              0.01       6.77 r
  u_cp/u_bfeed/U47816/ZN (INV6_140P7T30R)                 0.00       6.77 f
  u_cp/u_bfeed/U51726/ZN (AOI12V6_140P7T30R)              0.01       6.78 r
  u_cp/u_bfeed/U51727/ZN (OAI12V6_140P7T30R)              0.01       6.79 f
  u_cp/u_bfeed/U47832/ZN (AOI12V6_140P7T30R)              0.02       6.81 r
  u_cp/u_bfeed/U72224/ZN (OAI12V6_140P7T30R)              0.01       6.82 f
  u_cp/u_bfeed/U44070/ZN (AOI12V8_140P7T30R)              0.02       6.84 r
  u_cp/u_bfeed/U8332/Z (OA12V6_140P7T30R)                 0.02       6.86 r
  u_cp/u_bfeed/U169217/ZN (OAI12V8_140P7T30R)             0.01       6.87 f
  u_cp/u_bfeed/U149468/Z (CLKXOR2V12_140P7T30R)           0.03       6.90 f
  u_cp/u_bfeed/U45432/ZN (INV24_140P7T30R)                0.02       6.91 r
  u_cp/u_bfeed/U8135/ZN (NAND2XBV6_140P7T30R)             0.01       6.92 f
  u_cp/u_bfeed/U38404/ZN (OAI12V12_140P7T30R)             0.01       6.93 r
  u_cp/u_bfeed/U165385/ZN (NOR2XBV8_140P7T30R)            0.02       6.95 r
  u_cp/u_bfeed/U146803/ZN (OAI12V12_140P7T30R)            0.01       6.96 f
  u_cp/u_bfeed/U7935/ZN (NOR2V8_140P7T30R)                0.01       6.98 r
  u_cp/u_bfeed/U53425/ZN (OAI12V8_140P7T30R)              0.01       6.99 f
  u_cp/u_bfeed/U47809/ZN (CLKNAND2V16_140P7T30R)          0.01       7.00 r
  u_cp/u_bfeed/U71314/ZN (INV32_140P7T30R)                0.01       7.01 f
  u_cp/u_bfeed/U71313/ZN (INV40_140P7T30R)                0.01       7.02 r
  u_cp/u_bfeed/U148493/ZN (INV40_140P7T30R)               0.01       7.03 f
  u_cp/u_bfeed/U6811/ZN (NOR2V2_140P7T30R)                0.05       7.08 r
  u_cp/u_bfeed/U195768/ZN (NAND2V2_140P7T30R)             0.02       7.10 f
  u_cp/u_bfeed/U91658/ZN (NAND3V4_140P7T30R)              0.02       7.12 r
  u_cp/u_bfeed/U121991/ZN (INV2_140P7T30R)                0.02       7.14 f
  u_cp/u_bfeed/U195776/ZN (NAND2V2_140P7T30R)             0.01       7.15 r
  u_cp/u_bfeed/U102676/ZN (NAND4V1P5_140P7T30R)           0.02       7.16 f
  u_cp/u_bfeed/U109503/ZN (OAI112V2_140P7T30R)            0.02       7.18 r
  u_cp/u_bfeed/U62356/ZN (AOI13V4_140P7T30R)              0.01       7.19 f
  u_cp/u_bfeed/U166413/ZN (OAI12V4_140P7T30R)             0.01       7.21 r
  u_cp/u_bfeed/U68491/ZN (NAND3V6_140P7T30R)              0.02       7.22 f
  u_cp/u_bfeed/U47207/ZN (CLKNAND2V16_140P7T30R)          0.01       7.24 r
  u_cp/u_bfeed/U146800/ZN (NOR2V16_140P7T30R)             0.01       7.25 f
  u_cp/u_bfeed/U39416/Z (AO1B2V4_140P7T30R)               0.03       7.28 f
  u_cp/u_bfeed/U39415/ZN (AOI12V12_140P7T30R)             0.02       7.29 r
  u_cp/u_bfeed/U170652/ZN (INV4_140P7T30R)                0.01       7.30 f
  u_cp/u_bfeed/U66846/ZN (CLKNAND2V4_140P7T30R)           0.01       7.31 r
  u_cp/u_bfeed/U70498/Z (OA13V2_140P7T30R)                0.03       7.33 r
  u_cp/u_bfeed/U57438/ZN (OAI12V8_140P7T30R)              0.01       7.35 f
  u_cp/u_bfeed/U44078/ZN (OAI12V12_140P7T30R)             0.01       7.36 r
  u_cp/u_bfeed/U63214/Z (AND3V8_140P7T30R)                0.02       7.39 r
  u_cp/u_bfeed/U49799/ZN (OAI12V8_140P7T30R)              0.01       7.40 f
  u_cp/u_bfeed/U144193/ZN (AOI12V12_140P7T30R)            0.02       7.42 r
  u_cp/u_bfeed/U142300/ZN (OAI12V8_140P7T30R)             0.01       7.43 f
  u_cp/u_bfeed/U65718/Z (CLKXOR2V6_140P7T30R)             0.02       7.45 f
  u_cp/u_bfeed/U37782/ZN (NOR2XBV8_140P7T30R)             0.01       7.46 r
  u_cp/u_bfeed/U47788/ZN (NOR2V6_140P7T30R)               0.01       7.46 f
  u_cp/u_bfeed/U68496/ZN (NOR2V8_140P7T30R)               0.01       7.47 r
  u_cp/u_bfeed/U109061/ZN (NAND2V8_140P7T30R)             0.01       7.48 f
  u_cp/u_bfeed/U143007/ZN (NOR2V16_140P7T30R)             0.02       7.50 r
  u_cp/u_bfeed/U142199/ZN (NOR2V16_140P7T30R)             0.01       7.52 f
  u_cp/u_bfeed/U4763/ZN (AOI12V6_140P7T30R)               0.01       7.53 r
  u_cp/u_bfeed/U46371/ZN (NAND2V8_140P7T30R)              0.01       7.54 f
  u_cp/u_bfeed/U46370/ZN (NOR2V12_140P7T30R)              0.01       7.55 r
  u_cp/u_bfeed/U68448/ZN (INV8_140P7T30R)                 0.01       7.56 f
  u_cp/u_bfeed/U153424/ZN (NAND2V6_140P7T30R)             0.01       7.57 r
  u_cp/u_bfeed/U49556/ZN (NAND2V6_140P7T30R)              0.01       7.58 f
  u_cp/u_bfeed/U166410/ZN (OAI13V4_140P7T30R)             0.02       7.59 r
  u_cp/u_bfeed/U196043/ZN (NAND3V8_140P7T30R)             0.02       7.62 f
  u_cp/u_bfeed/U173176/S (AD1V4_140P7T30R)                0.06       7.67 r
  u_cp/u_bfeed/U47698/Z (MAJ23V4_140P7T30R)               0.02       7.70 r
  u_cp/u_bfeed/U45371/ZN (XNOR2V4_140P7T30R)              0.02       7.72 r
  u_cp/u_bfeed/U45370/ZN (XNOR2V4_140P7T30R)              0.03       7.75 r
  u_cp/u_bfeed/U145547/ZN (NOR2V8_140P7T30R)              0.01       7.76 f
  u_cp/u_bfeed/U63453/ZN (NOR2V8_140P7T30R)               0.01       7.77 r
  u_cp/u_bfeed/U68412/ZN (AOI12V12_140P7T30R)             0.01       7.78 f
  u_cp/u_bfeed/U43811/ZN (NOR2V16_140P7T30R)              0.01       7.79 r
  u_cp/u_bfeed/U142266/ZN (NOR2V16_140P7T30R)             0.01       7.80 f
  u_cp/u_bfeed/U145608/ZN (INV32_140P7T30R)               0.01       7.81 r
  u_cp/u_bfeed/U168858/ZN (OAI22BBV4_140P7T30R)           0.01       7.82 f
  u_cp/u_bfeed/U102132/ZN (NOR2V8_140P7T30R)              0.02       7.84 r
  u_cp/u_bfeed/U91001/ZN (INV7_140P7T30R)                 0.01       7.85 f
  u_cp/u_bfeed/U90989/ZN (NOR2V4_140P7T30R)               0.01       7.86 r
  u_cp/u_bfeed/U90984/ZN (NAND4V4_140P7T30R)              0.01       7.87 f
  u_cp/u_bfeed/U119753/ZN (NOR2V4_140P7T30R)              0.01       7.89 r
  u_cp/u_bfeed/U38378/ZN (NAND3V8_140P7T30R)              0.01       7.90 f
  u_cp/u_bfeed/U49866/ZN (CLKNAND2V12_140P7T30R)          0.01       7.91 r
  u_cp/u_bfeed/U3341/ZN (INV8_140P7T30R)                  0.01       7.92 f
  u_cp/u_bfeed/U46236/ZN (NAND3V12_140P7T30R)             0.01       7.93 r
  u_cp/u_bfeed/U3278/ZN (CLKINV16_140P7T30R)              0.01       7.94 f
  u_cp/u_bfeed/U3190/ZN (NOR2V2_140P7T30R)                0.02       7.96 r
  u_cp/u_bfeed/U48545/ZN (NAND2V8_140P7T30R)              0.01       7.97 f
  u_cp/u_bfeed/U47016/ZN (INV8_140P7T30R)                 0.01       7.98 r
  u_cp/u_bfeed/U3054/ZN (NOR2V12_140P7T30R)               0.01       7.99 f
  u_cp/u_bfeed/U169379/ZN (OAI12V6_140P7T30R)             0.01       8.00 r
  u_cp/u_bfeed/U119423/Z (CLKXOR2V6_140P7T30R)            0.02       8.03 r
  u_cp/u_bfeed/U67814/ZN (NAND2XBV8_140P7T30R)            0.01       8.04 f
  u_cp/u_bfeed/U146375/ZN (OAI22V12_140P7T30R)            0.02       8.06 r
  u_cp/u_bfeed/U108508/ZN (CLKNAND2V12_140P7T30R)         0.01       8.07 f
  u_cp/u_bfeed/U95052/ZN (INV8_140P7T30R)                 0.01       8.08 r
  u_cp/u_bfeed/U64226/ZN (NAND2XBV12_140P7T30R)           0.01       8.08 f
  u_cp/u_bfeed/U2504/ZN (NOR2V6_140P7T30R)                0.01       8.10 r
  u_cp/u_bfeed/U80365/ZN (NOR2V6_140P7T30R)               0.01       8.11 f
  u_cp/u_bfeed/U2334/ZN (CLKINV7_140P7T30R)               0.01       8.12 r
  u_cp/u_bfeed/U64241/ZN (NAND2V8_140P7T30R)              0.01       8.13 f
  u_cp/u_bfeed/U71631/ZN (CLKNOR2V3_140P7T30R)            0.02       8.15 r
  u_cp/u_bfeed/U64234/ZN (CLKNAND2V4_140P7T30R)           0.01       8.16 f
  u_cp/u_bfeed/U64235/ZN (NOR2V4_140P7T30R)               0.01       8.16 r
  u_cp/u_bfeed/U108400/ZN (NOR2V2_140P7T30R)              0.01       8.17 f
  u_cp/u_bfeed/U119054/Z (AO1B2V2_140P7T30R)              0.01       8.18 r
  u_cp/u_bfeed/U198833/ZN (XNOR2V2_140P7T30R)             0.02       8.20 r
  u_cp/u_bfeed/U39445/ZN (OAI22V6_140P7T30R)              0.02       8.22 f
  u_cp/u_bfeed/U145970/ZN (AOI12V12_140P7T30R)            0.02       8.24 r
  u_cp/u_bfeed/U53571/ZN (CLKNAND2V16_140P7T30R)          0.01       8.25 f
  u_cp/u_bfeed/U66888/Z (CLKOR2V16_140P7T30R)             0.02       8.26 f
  u_cp/u_bfeed/U42417/ZN (NOR2V12_140P7T30R)              0.01       8.27 r
  u_cp/u_bfeed/U148003/ZN (OAI12V12_140P7T30R)            0.01       8.29 f
  u_cp/u_bfeed/U63613/ZN (NOR2V12_140P7T30R)              0.01       8.30 r
  u_cp/u_bfeed/U42579/ZN (OAI12V8_140P7T30R)              0.01       8.31 f
  u_cp/u_bfeed/U48513/ZN (INV8_140P7T30R)                 0.01       8.32 r
  u_cp/u_bfeed/U63627/ZN (CLKNAND2V12_140P7T30R)          0.01       8.33 f
  u_cp/u_bfeed/U1274/ZN (NAND3V6_140P7T30R)               0.01       8.34 r
  u_cp/u_bfeed/U1216/ZN (NAND2V2_140P7T30R)               0.01       8.35 f
  u_cp/u_bfeed/U58256/ZN (OAI22V6_140P7T30R)              0.02       8.37 r
  u_cp/u_bfeed/U41083/ZN (NOR2XBV6_140P7T30R)             0.01       8.37 f
  u_cp/u_bfeed/U1066/ZN (NOR2V6_140P7T30R)                0.01       8.39 r
  u_cp/u_bfeed/U51450/ZN (CLKNAND2V16_140P7T30R)          0.01       8.40 f
  u_cp/u_bfeed/U979/ZN (NOR2V6_140P7T30R)                 0.01       8.41 r
  u_cp/u_bfeed/U63229/ZN (NAND2V8_140P7T30R)              0.01       8.42 f
  u_cp/u_bfeed/U63230/ZN (INV6_140P7T30R)                 0.01       8.43 r
  u_cp/u_bfeed/U101746/ZN (NOR2XBV6_140P7T30R)            0.01       8.43 f
  u_cp/u_bfeed/U817/ZN (NOR2XBV4_140P7T30R)               0.01       8.44 r
  u_cp/u_bfeed/U63251/ZN (NAND4V6_140P7T30R)              0.01       8.46 f
  u_cp/u_bfeed/U750/Z (OR2V6_140P7T30R)                   0.03       8.48 f
  u_cp/u_bfeed/U722/ZN (INV6_140P7T30R)                   0.01       8.49 r
  u_cp/u_bfeed/U703/ZN (NAND2XBV8_140P7T30R)              0.01       8.51 f
  u_cp/u_bfeed/U58248/ZN (CLKNAND2V12_140P7T30R)          0.01       8.52 r
  u_cp/u_bfeed/U37563/ZN (INV16_140P7T30R)                0.01       8.52 f
  u_cp/u_bfeed/U507/ZN (NOR3V2_140P7T30R)                 0.02       8.54 r
  u_cp/u_bfeed/U61360/ZN (NOR2V4_140P7T30R)               0.01       8.55 f
  u_cp/u_bfeed/U167157/Z (AO1B2V2_140P7T30R)              0.01       8.56 r
  u_cp/u_bfeed/row_reg[87][22]/D (DQV2_140P7T30R)         0.00       8.56 r
  data arrival time                                                  8.56

  clock clk (rise edge)                                   1.00       1.00
  clock network delay (ideal)                             0.00       1.00
  u_cp/u_bfeed/row_reg[87][22]/CK (DQV2_140P7T30R)        0.00       1.00 r
  library setup time                                     -0.02       0.98
  data required time                                                 0.98
  --------------------------------------------------------------------------
  data required time                                                 0.98
  data arrival time                                                 -8.56
  --------------------------------------------------------------------------
  slack (VIOLATED)                                                  -7.57


  Startpoint: u_cp/pos_base_reg[6]
              (rising edge-triggered flip-flop clocked by clk)
  Endpoint: u_cp/u_bfeed/row_reg[23][29]
            (rising edge-triggered flip-flop clocked by clk)
  Path Group: clk
  Path Type: max

  Point                                                   Incr       Path
  --------------------------------------------------------------------------
  clock clk (rise edge)                                   0.00       0.00
  clock network delay (ideal)                             0.00       0.00
  u_cp/pos_base_reg[6]/CK (DQV6_140P7T30R)                0.00 #     0.00 r
  u_cp/pos_base_reg[6]/Q (DQV6_140P7T30R)                 0.05       0.05 f
  u_cp/u_bfeed/pos_base[6] (kv_bfeed_MAX_N128)            0.00       0.05 f
  u_cp/u_bfeed/U143075/ZN (NOR2V16_140P7T30R)             0.02       0.07 r
  u_cp/u_bfeed/U36448/Z (BUFV20_140P7T30R)                0.02       0.09 r
  u_cp/u_bfeed/U101507/ZN (NOR2V12_140P7T30R)             0.01       0.10 f
  u_cp/u_bfeed/U80137/ZN (CLKNAND2V4_140P7T30R)           0.01       0.11 r
  u_cp/u_bfeed/U64741/ZN (NOR2V6_140P7T30R)               0.01       0.12 f
  u_cp/u_bfeed/U35555/ZN (NOR3V2_140P7T30R)               0.02       0.14 r
  u_cp/u_bfeed/U169103/ZN (NAND2XBV4_140P7T30R)           0.02       0.16 r
  u_cp/u_bfeed/U63664/ZN (NAND2V8_140P7T30R)              0.01       0.17 f
  u_cp/u_bfeed/U35496/ZN (NOR2V8_140P7T30R)               0.01       0.18 r
  u_cp/u_bfeed/U48460/ZN (CLKNAND2V12_140P7T30R)          0.01       0.19 f
  u_cp/u_bfeed/U142302/ZN (CLKNAND2V16_140P7T30R)         0.01       0.20 r
  u_cp/u_bfeed/U41064/ZN (INV16_140P7T30R)                0.01       0.21 f
  u_cp/u_bfeed/U47818/ZN (NOR2V16_140P7T30R)              0.02       0.23 r
  u_cp/u_bfeed/U35226/ZN (INV5_140P7T30R)                 0.01       0.23 f
  u_cp/u_bfeed/U149276/ZN (OAI22V1_140P7T30R)             0.02       0.25 r
  u_cp/u_bfeed/U168443/Z (OA12V4_140P7T30R)               0.02       0.28 r
  u_cp/u_bfeed/U55694/ZN (NOR2V12_140P7T30R)              0.01       0.28 f
  u_cp/u_bfeed/U67799/ZN (CLKNAND2V16_140P7T30R)          0.01       0.29 r
  u_cp/u_bfeed/U35015/ZN (INV12_140P7T30R)                0.01       0.30 f
  u_cp/u_bfeed/U150673/Z (CLKXOR2V6_140P7T30R)            0.02       0.32 f
  u_cp/u_bfeed/U149252/ZN (OAI22V1_140P7T30R)             0.03       0.35 r
  u_cp/u_bfeed/U190596/CO (AD1V4_140P7T30R)               0.04       0.38 r
  u_cp/u_bfeed/U190635/S (AD1V4_140P7T30R)                0.05       0.43 f
  u_cp/u_bfeed/U34667/ZN (OAI12V4_140P7T30R)              0.01       0.45 r
  u_cp/u_bfeed/U57428/ZN (NAND2V8_140P7T30R)              0.01       0.46 f
  u_cp/u_bfeed/U141074/Z (CLKXOR2V6_140P7T30R)            0.02       0.48 f
  u_cp/u_bfeed/U62028/Z (CLKXOR2V6_140P7T30R)             0.02       0.51 f
  u_cp/u_bfeed/U34549/ZN (NAND2V6_140P7T30R)              0.01       0.52 r
  u_cp/u_bfeed/U68763/ZN (OAI12V8_140P7T30R)              0.01       0.53 f
  u_cp/u_bfeed/U60307/ZN (AOI12V12_140P7T30R)             0.01       0.54 r
  u_cp/u_bfeed/U62349/ZN (OAI12V12_140P7T30R)             0.01       0.55 f
  u_cp/u_bfeed/U146506/ZN (NOR2V16_140P7T30R)             0.02       0.57 r
  u_cp/u_bfeed/U142866/ZN (OAI12V12_140P7T30R)            0.01       0.59 f
  u_cp/u_bfeed/U53699/ZN (NOR2V16_140P7T30R)              0.01       0.60 r
  u_cp/u_bfeed/U146624/ZN (NOR2V16_140P7T30R)             0.01       0.61 f
  u_cp/u_bfeed/U49889/ZN (INV20_140P7T30R)                0.01       0.62 r
  u_cp/u_bfeed/U44160/ZN (INV32_140P7T30R)                0.01       0.62 f
  u_cp/u_bfeed/U34102/ZN (CLKNAND2V4_140P7T30R)           0.01       0.63 r
  u_cp/u_bfeed/U117237/ZN (CLKNAND2V12_140P7T30R)         0.02       0.65 f
  u_cp/u_bfeed/U173742/CO (AD1V4_140P7T30R)               0.03       0.69 f
  u_cp/u_bfeed/U169402/Z (MAJ23V4_140P7T30R)              0.02       0.71 f
  u_cp/u_bfeed/U98053/ZN (OAI12V4_140P7T30R)              0.01       0.72 r
  u_cp/u_bfeed/U117186/ZN (NAND2V6_140P7T30R)             0.01       0.74 f
  u_cp/u_bfeed/U151399/Z (CLKXOR2V6_140P7T30R)            0.02       0.76 f
  u_cp/u_bfeed/U151398/Z (CLKXOR2V6_140P7T30R)            0.02       0.78 f
  u_cp/u_bfeed/U61417/ZN (NOR2V8_140P7T30R)               0.01       0.79 r
  u_cp/u_bfeed/U62142/ZN (NOR2V6_140P7T30R)               0.01       0.80 f
  u_cp/u_bfeed/U63628/ZN (NOR2V6_140P7T30R)               0.01       0.81 r
  u_cp/u_bfeed/U64332/ZN (OAI12V6_140P7T30R)              0.01       0.82 f
  u_cp/u_bfeed/U64331/ZN (AOI12V8_140P7T30R)              0.02       0.84 r
  u_cp/u_bfeed/U145065/ZN (OAI12V12_140P7T30R)            0.02       0.85 f
  u_cp/u_bfeed/U33655/Z (BUFV12_140P7T30R)                0.02       0.87 f
  u_cp/u_bfeed/U47701/ZN (NOR2V16_140P7T30R)              0.01       0.88 r
  u_cp/u_bfeed/U51550/ZN (OAI22V12_140P7T30R)             0.02       0.90 f
  u_cp/u_bfeed/U53525/ZN (NOR2V16_140P7T30R)              0.02       0.92 r
  u_cp/u_bfeed/U55658/ZN (NOR2V16_140P7T30R)              0.01       0.92 f
  u_cp/u_bfeed/U56673/ZN (NOR2V16_140P7T30R)              0.01       0.93 r
  u_cp/u_bfeed/U65431/ZN (NAND2V8_140P7T30R)              0.01       0.94 f
  u_cp/u_bfeed/U65432/ZN (NAND2V6_140P7T30R)              0.01       0.95 r
  u_cp/u_bfeed/U107331/ZN (NAND2V8_140P7T30R)             0.02       0.96 f
  u_cp/u_bfeed/U65538/ZN (NAND2XBV6_140P7T30R)            0.01       0.97 r
  u_cp/u_bfeed/U117029/ZN (NOR2V6_140P7T30R)              0.01       0.98 f
  u_cp/u_bfeed/U65612/ZN (INV8_140P7T30R)                 0.01       0.99 r
  u_cp/u_bfeed/U65613/ZN (NOR2V6_140P7T30R)               0.01       0.99 f
  u_cp/u_bfeed/U117013/ZN (AOI12V6_140P7T30R)             0.02       1.01 r
  u_cp/u_bfeed/U45602/ZN (NOR2V12_140P7T30R)              0.01       1.02 f
  u_cp/u_bfeed/U45484/ZN (CLKNAND2V16_140P7T30R)          0.01       1.03 r
  u_cp/u_bfeed/U67784/ZN (INV20_140P7T30R)                0.01       1.04 f
  u_cp/u_bfeed/U145315/ZN (NAND3V12_140P7T30R)            0.01       1.04 r
  u_cp/u_bfeed/U145448/Z (CLKXOR2V6_140P7T30R)            0.02       1.06 r
  u_cp/u_bfeed/U66874/ZN (OAI12V8_140P7T30R)              0.01       1.08 f
  u_cp/u_bfeed/U53374/ZN (INV8_140P7T30R)                 0.01       1.08 r
  u_cp/u_bfeed/U54774/ZN (CLKNAND2V12_140P7T30R)          0.01       1.09 f
  u_cp/u_bfeed/U66316/ZN (NOR2V8_140P7T30R)               0.01       1.10 r
  u_cp/u_bfeed/U67778/ZN (NAND2V8_140P7T30R)              0.01       1.11 f
  u_cp/u_bfeed/U107297/ZN (OAI12V8_140P7T30R)             0.01       1.12 r
  u_cp/u_bfeed/U41013/ZN (CLKNAND2V16_140P7T30R)          0.02       1.14 f
  u_cp/u_bfeed/U49585/ZN (INV20_140P7T30R)                0.01       1.15 r
  u_cp/u_bfeed/U58244/ZN (NOR2V16_140P7T30R)              0.01       1.16 f
  u_cp/u_bfeed/U48459/ZN (INV32_140P7T30R)                0.01       1.17 r
  u_cp/u_bfeed/U48515/ZN (OAI22V12_140P7T30R)             0.01       1.18 f
  u_cp/u_bfeed/U60641/ZN (NOR2V12_140P7T30R)              0.01       1.19 r
  u_cp/u_bfeed/U65492/ZN (OAI12V8_140P7T30R)              0.01       1.20 f
  u_cp/u_bfeed/U143009/ZN (OAI22V8_140P7T30R)             0.02       1.22 r
  u_cp/u_bfeed/U41048/ZN (INV12_140P7T30R)                0.01       1.23 f
  u_cp/u_bfeed/U97969/Z (BUFV12_140P7T30R)                0.01       1.25 f
  u_cp/u_bfeed/U32812/ZN (INV6_140P7T30R)                 0.02       1.26 r
  u_cp/u_bfeed/U49881/ZN (INV4_140P7T30R)                 0.02       1.28 f
  u_cp/u_bfeed/U79884/Z (XOR2V4_140P7T30R)                0.03       1.31 f
  u_cp/u_bfeed/U32683/ZN (CLKNAND2V4_140P7T30R)           0.01       1.32 r
  u_cp/u_bfeed/U73859/ZN (NAND2V3_140P7T30R)              0.01       1.33 f
  u_cp/u_bfeed/U89966/ZN (NOR2V6_140P7T30R)               0.01       1.34 r
  u_cp/u_bfeed/U89963/ZN (CLKNAND2V12_140P7T30R)          0.01       1.36 f
  u_cp/u_bfeed/U77300/ZN (INV8_140P7T30R)                 0.01       1.36 r
  u_cp/u_bfeed/U153680/ZN (NAND3V8_140P7T30R)             0.01       1.38 f
  u_cp/u_bfeed/U50233/ZN (OAI12V8_140P7T30R)              0.01       1.39 r
  u_cp/u_bfeed/U150852/ZN (NOR2V16_140P7T30R)             0.01       1.40 f
  u_cp/u_bfeed/U153135/ZN (MUX2NV4_140P7T30R)             0.02       1.43 f
  u_cp/u_bfeed/U51671/ZN (OAI12V8_140P7T30R)              0.01       1.44 r
  u_cp/u_bfeed/U150973/ZN (OAI12V6_140P7T30R)             0.01       1.45 f
  u_cp/u_bfeed/U149220/ZN (NAND2XBV16_140P7T30R)          0.03       1.48 f
  u_cp/u_bfeed/U68506/ZN (NOR2V16_140P7T30R)              0.02       1.50 r
  u_cp/u_bfeed/U31978/ZN (INV6_140P7T30R)                 0.01       1.51 f
  u_cp/u_bfeed/U149227/ZN (NAND3V12_140P7T30R)            0.01       1.52 r
  u_cp/u_bfeed/U31924/Z (CLKBUFV16_140P7T30R)             0.01       1.53 r
  u_cp/u_bfeed/U52091/ZN (NOR2V6_140P7T30R)               0.01       1.54 f
  u_cp/u_bfeed/U151391/Z (OA1B2V4_140P7T30R)              0.01       1.55 r
  u_cp/u_bfeed/U51703/ZN (NAND3V6_140P7T30R)              0.01       1.56 f
  u_cp/u_bfeed/U31794/ZN (INV8_140P7T30R)                 0.01       1.57 r
  u_cp/u_bfeed/U58179/ZN (AOI12V8_140P7T30R)              0.01       1.58 f
  u_cp/u_bfeed/U116614/ZN (AOI22V8_140P7T30R)             0.02       1.60 r
  u_cp/u_bfeed/U149301/ZN (OAI12V12_140P7T30R)            0.01       1.61 f
  u_cp/u_bfeed/U139197/Z (AND2V6_140P7T30R)               0.01       1.63 f
  u_cp/u_bfeed/U107084/ZN (NOR2V4_140P7T30R)              0.01       1.64 r
  u_cp/u_bfeed/U57433/ZN (AOI12V8_140P7T30R)              0.01       1.65 f
  u_cp/u_bfeed/U57434/ZN (OAI12V12_140P7T30R)             0.02       1.67 r
  u_cp/u_bfeed/U149294/ZN (AOI12V12_140P7T30R)            0.02       1.68 f
  u_cp/u_bfeed/U97818/ZN (OAI12V4_140P7T30R)              0.02       1.70 r
  u_cp/u_bfeed/U57431/ZN (XNOR2V4_140P7T30R)              0.02       1.72 r
  u_cp/u_bfeed/U151024/ZN (MUX2NV4_140P7T30R)             0.02       1.74 f
  u_cp/u_bfeed/U151023/ZN (NAND2V8_140P7T30R)             0.01       1.75 r
  u_cp/u_bfeed/U149279/ZN (NOR2V16_140P7T30R)             0.01       1.76 f
  u_cp/u_bfeed/U48505/ZN (INV20_140P7T30R)                0.01       1.77 r
  u_cp/u_bfeed/U31206/ZN (NOR2V6_140P7T30R)               0.01       1.78 f
  u_cp/u_bfeed/U49550/ZN (AOI22V12_140P7T30R)             0.02       1.80 r
  u_cp/u_bfeed/U51701/ZN (CLKNAND2V16_140P7T30R)          0.01       1.81 f
  u_cp/u_bfeed/U145062/ZN (AOI12V8_140P7T30R)             0.01       1.83 r
  u_cp/u_bfeed/U146621/ZN (OAI12V12_140P7T30R)            0.01       1.84 f
  u_cp/u_bfeed/U168260/ZN (AOI12V8_140P7T30R)             0.01       1.85 r
  u_cp/u_bfeed/U168259/Z (CLKXOR2V6_140P7T30R)            0.02       1.87 r
  u_cp/u_bfeed/U148974/ZN (OAI12V8_140P7T30R)             0.02       1.89 f
  u_cp/u_bfeed/U64192/ZN (CLKNAND2V16_140P7T30R)          0.01       1.90 r
  u_cp/u_bfeed/U45474/ZN (NOR2V16_140P7T30R)              0.01       1.91 f
  u_cp/u_bfeed/U45473/ZN (NOR2V12_140P7T30R)              0.01       1.92 r
  u_cp/u_bfeed/U68664/ZN (OAI12V12_140P7T30R)             0.01       1.93 f
  u_cp/u_bfeed/U30481/Z (BUFV6_140P7T30R)                 0.01       1.94 f
  u_cp/u_bfeed/U168457/ZN (NOR2V4_140P7T30R)              0.01       1.96 r
  u_cp/u_bfeed/U163208/ZN (INV2_140P7T30R)                0.01       1.97 f
  u_cp/u_bfeed/U155877/ZN (AOI12V4_140P7T30R)             0.01       1.98 r
  u_cp/u_bfeed/U116365/ZN (OAI13V4_140P7T30R)             0.02       1.99 f
  u_cp/u_bfeed/U45548/ZN (XNOR2V4_140P7T30R)              0.03       2.02 f
  u_cp/u_bfeed/U45547/ZN (MUX2NV4_140P7T30R)              0.02       2.04 r
  u_cp/u_bfeed/U56646/ZN (CLKNAND2V12_140P7T30R)          0.02       2.06 f
  u_cp/u_bfeed/U56675/ZN (NOR2V16_140P7T30R)              0.02       2.08 r
  u_cp/u_bfeed/U48576/ZN (NAND3V6_140P7T30R)              0.01       2.09 f
  u_cp/u_bfeed/U51615/ZN (OAI12V6_140P7T30R)              0.01       2.10 r
  u_cp/u_bfeed/U60646/ZN (NOR2V6_140P7T30R)               0.01       2.11 f
  u_cp/u_bfeed/U60645/ZN (CLKNAND2V16_140P7T30R)          0.01       2.12 r
  u_cp/u_bfeed/U51607/Z (CLKAND2V16_140P7T30R)            0.02       2.14 r
  u_cp/u_bfeed/U138372/ZN (OAI12V8_140P7T30R)             0.01       2.15 f
  u_cp/u_bfeed/U43910/ZN (AOI12V12_140P7T30R)             0.01       2.16 r
  u_cp/u_bfeed/U60672/ZN (OAI12V12_140P7T30R)             0.01       2.18 f
  u_cp/u_bfeed/U29727/ZN (INV10_140P7T30R)                0.01       2.19 r
  u_cp/u_bfeed/U60295/ZN (OAI12V8_140P7T30R)              0.01       2.20 f
  u_cp/u_bfeed/U148005/Z (CLKXOR2V6_140P7T30R)            0.02       2.22 f
  u_cp/u_bfeed/U61296/ZN (NAND2V8_140P7T30R)              0.01       2.23 r
  u_cp/u_bfeed/U47802/ZN (OAI12V12_140P7T30R)             0.01       2.24 f
  u_cp/u_bfeed/U138126/ZN (NOR2V12_140P7T30R)             0.01       2.25 r
  u_cp/u_bfeed/U29590/ZN (INV6_140P7T30R)                 0.01       2.25 f
  u_cp/u_bfeed/U29545/ZN (NOR2V12_140P7T30R)              0.01       2.27 r
  u_cp/u_bfeed/U48534/ZN (INV12_140P7T30R)                0.01       2.27 f
  u_cp/u_bfeed/U106698/ZN (NAND2XBV8_140P7T30R)           0.01       2.28 r
  u_cp/u_bfeed/U97610/ZN (OAI12V4_140P7T30R)              0.01       2.29 f
  u_cp/u_bfeed/U29397/ZN (NOR2V4_140P7T30R)               0.01       2.30 r
  u_cp/u_bfeed/U148743/ZN (OAI12V8_140P7T30R)             0.02       2.32 f
  u_cp/u_bfeed/U46981/ZN (NOR2V12_140P7T30R)              0.01       2.33 r
  u_cp/u_bfeed/U46980/ZN (OAI12V8_140P7T30R)              0.01       2.34 f
  u_cp/u_bfeed/U149669/ZN (AOI12V8_140P7T30R)             0.02       2.35 r
  u_cp/u_bfeed/U149666/ZN (OAI12V4_140P7T30R)             0.01       2.37 f
  u_cp/u_bfeed/U153020/ZN (XNOR2V4_140P7T30R)             0.03       2.39 f
  u_cp/u_bfeed/U44050/ZN (NAND2XBV12_140P7T30R)           0.02       2.41 f
  u_cp/u_bfeed/U137955/ZN (NOR2V12_140P7T30R)             0.01       2.42 r
  u_cp/u_bfeed/U142853/ZN (CLKNAND2V16_140P7T30R)         0.02       2.44 f
  u_cp/u_bfeed/U67783/ZN (NAND2XBV16_140P7T30R)           0.01       2.45 r
  u_cp/u_bfeed/U51683/ZN (CLKNAND2V16_140P7T30R)          0.01       2.46 f
  u_cp/u_bfeed/U41100/ZN (NOR2XBV16_140P7T30R)            0.01       2.47 r
  u_cp/u_bfeed/U62323/ZN (CLKNAND2V12_140P7T30R)          0.01       2.48 f
  u_cp/u_bfeed/U62322/ZN (NOR3V12_140P7T30R)              0.01       2.50 r
  u_cp/u_bfeed/U148735/ZN (NOR2V16_140P7T30R)             0.01       2.51 f
  u_cp/u_bfeed/U28671/ZN (NAND2XBV6_140P7T30R)            0.02       2.53 f
  u_cp/u_bfeed/U28646/ZN (NAND2V6_140P7T30R)              0.01       2.54 r
  u_cp/u_bfeed/U28565/ZN (INV4_140P7T30R)                 0.01       2.55 f
  u_cp/u_bfeed/U106609/ZN (NOR2V6_140P7T30R)              0.01       2.56 r
  u_cp/u_bfeed/U68584/ZN (NOR2V6_140P7T30R)               0.01       2.56 f
  u_cp/u_bfeed/U115981/ZN (NAND2XBV8_140P7T30R)           0.02       2.58 f
  u_cp/u_bfeed/U146516/ZN (OAI22V12_140P7T30R)            0.02       2.60 r
  u_cp/u_bfeed/U28366/ZN (INV6_140P7T30R)                 0.01       2.61 f
  u_cp/u_bfeed/U28325/ZN (NAND2XBV2_140P7T30R)            0.01       2.62 r
  u_cp/u_bfeed/U51594/ZN (OAI12V6_140P7T30R)              0.01       2.63 f
  u_cp/u_bfeed/U106531/ZN (CLKNAND2V4_140P7T30R)          0.01       2.64 r
  u_cp/u_bfeed/U47304/ZN (NAND2XBV6_140P7T30R)            0.01       2.66 f
  u_cp/u_bfeed/U163313/ZN (AOI12V2_140P7T30R)             0.01       2.67 r
  u_cp/u_bfeed/U137648/ZN (OAI12V2_140P7T30R)             0.02       2.69 f
  u_cp/u_bfeed/U115842/Z (CLKXOR2V1P5_140P7T30R)          0.02       2.71 f
  u_cp/u_bfeed/U153388/ZN (NOR2XBV4_140P7T30R)            0.02       2.73 r
  u_cp/u_bfeed/U65775/ZN (NOR2V12_140P7T30R)              0.01       2.74 f
  u_cp/u_bfeed/U46376/ZN (CLKNAND2V12_140P7T30R)          0.01       2.75 r
  u_cp/u_bfeed/U100813/ZN (NOR2V12_140P7T30R)             0.01       2.75 f
  u_cp/u_bfeed/U27922/ZN (CLKINV10_140P7T30R)             0.01       2.76 r
  u_cp/u_bfeed/U66850/ZN (NOR3V6_140P7T30R)               0.01       2.77 f
  u_cp/u_bfeed/U149473/ZN (NOR2V4_140P7T30R)              0.01       2.78 r
  u_cp/u_bfeed/U66799/ZN (NAND3V6_140P7T30R)              0.02       2.80 f
  u_cp/u_bfeed/U44056/ZN (CLKNAND2V12_140P7T30R)          0.01       2.81 r
  u_cp/u_bfeed/U143020/ZN (CLKNAND2V12_140P7T30R)         0.01       2.82 f
  u_cp/u_bfeed/U27527/Z (BUFV8_140P7T30R)                 0.02       2.84 f
  u_cp/u_bfeed/U27500/Z (AND2V12_140P7T30R)               0.02       2.85 f
  u_cp/u_bfeed/U94267/ZN (INV8_140P7T30R)                 0.01       2.86 r
  u_cp/u_bfeed/U100778/ZN (OAI12V4_140P7T30R)             0.01       2.87 f
  u_cp/u_bfeed/U79557/ZN (NOR2V4_140P7T30R)               0.02       2.89 r
  u_cp/u_bfeed/U106379/ZN (AOI22V4_140P7T30R)             0.01       2.90 f
  u_cp/u_bfeed/U94262/ZN (AOI22V4_140P7T30R)              0.02       2.92 r
  u_cp/u_bfeed/U38336/ZN (OAI22V8_140P7T30R)              0.02       2.94 f
  u_cp/u_bfeed/U148470/Z (BUFV6_140P7T30R)                0.02       2.95 f
  u_cp/u_bfeed/U60669/ZN (AOI22V12_140P7T30R)             0.02       2.97 r
  u_cp/u_bfeed/U61979/ZN (NOR2V4_140P7T30R)               0.01       2.98 f
  u_cp/u_bfeed/U63252/ZN (NOR2V4_140P7T30R)               0.01       2.99 r
  u_cp/u_bfeed/U63253/ZN (NAND2V6_140P7T30R)              0.01       3.00 f
  u_cp/u_bfeed/U53514/ZN (NAND2V8_140P7T30R)              0.01       3.01 r
  u_cp/u_bfeed/U76816/ZN (NAND2V8_140P7T30R)              0.01       3.02 f
  u_cp/u_bfeed/U115609/Z (OR2V6_140P7T30R)                0.02       3.05 f
  u_cp/u_bfeed/U65439/ZN (AOI22V6_140P7T30R)              0.01       3.06 r
  u_cp/u_bfeed/U26778/ZN (OAI12V6_140P7T30R)              0.01       3.07 f
  u_cp/u_bfeed/U39450/ZN (AOI12V8_140P7T30R)              0.02       3.09 r
  u_cp/u_bfeed/U67755/ZN (OAI12V6_140P7T30R)              0.01       3.10 f
  u_cp/u_bfeed/U106205/Z (CLKXOR2V1P5_140P7T30R)          0.02       3.13 f
  u_cp/u_bfeed/U57412/Z (AND2V6_140P7T30R)                0.02       3.14 f
  u_cp/u_bfeed/U57411/ZN (AOI12V8_140P7T30R)              0.01       3.15 r
  u_cp/u_bfeed/U26544/ZN (CLKNAND2V12_140P7T30R)          0.02       3.17 f
  u_cp/u_bfeed/U26508/ZN (NOR2V8_140P7T30R)               0.01       3.18 r
  u_cp/u_bfeed/U45775/ZN (CLKNAND2V12_140P7T30R)          0.01       3.19 f
  u_cp/u_bfeed/U68594/ZN (NOR2V16_140P7T30R)              0.01       3.21 r
  u_cp/u_bfeed/U62379/ZN (NAND3V8_140P7T30R)              0.01       3.22 f
  u_cp/u_bfeed/U38334/ZN (CLKINV7_140P7T30R)              0.01       3.22 r
  u_cp/u_bfeed/U67428/ZN (NOR2V12_140P7T30R)              0.01       3.23 f
  u_cp/u_bfeed/U142360/ZN (CLKNAND2V16_140P7T30R)         0.01       3.24 r
  u_cp/u_bfeed/U144216/ZN (CLKNAND2V16_140P7T30R)         0.02       3.26 f
  u_cp/u_bfeed/U47012/ZN (OAI22V12_140P7T30R)             0.02       3.28 r
  u_cp/u_bfeed/U25971/ZN (NOR2V4_140P7T30R)               0.01       3.29 f
  u_cp/u_bfeed/U25930/ZN (NAND2V3_140P7T30R)              0.01       3.30 r
  u_cp/u_bfeed/U53576/ZN (OAI12V12_140P7T30R)             0.01       3.31 f
  u_cp/u_bfeed/U45447/ZN (AOI12V12_140P7T30R)             0.01       3.32 r
  u_cp/u_bfeed/U145098/Z (OA12V8_140P7T30R)               0.02       3.34 r
  u_cp/u_bfeed/U25741/ZN (INV12_140P7T30R)                0.01       3.35 f
  u_cp/u_bfeed/U173732/S (AD1V4_140P7T30R)                0.06       3.41 r
  u_cp/u_bfeed/U153041/ZN (OAI12V12_140P7T30R)            0.01       3.42 f
  u_cp/u_bfeed/U25551/ZN (CLKNAND2V4_140P7T30R)           0.01       3.43 r
  u_cp/u_bfeed/U65562/ZN (NAND2V8_140P7T30R)              0.01       3.44 f
  u_cp/u_bfeed/U62166/ZN (NAND2V8_140P7T30R)              0.01       3.45 r
  u_cp/u_bfeed/U39020/Z (CLKXOR2V6_140P7T30R)             0.02       3.47 r
  u_cp/u_bfeed/U148601/Z (CLKXOR2V6_140P7T30R)            0.02       3.49 r
  u_cp/u_bfeed/U55652/ZN (NOR2V8_140P7T30R)               0.01       3.50 f
  u_cp/u_bfeed/U38960/ZN (NOR2V12_140P7T30R)              0.01       3.52 r
  u_cp/u_bfeed/U53621/ZN (CLKNAND2V12_140P7T30R)          0.01       3.53 f
  u_cp/u_bfeed/U41101/ZN (NOR2V16_140P7T30R)              0.01       3.54 r
  u_cp/u_bfeed/U43894/ZN (NAND3V12_140P7T30R)             0.02       3.56 f
  u_cp/u_bfeed/U149046/ZN (NAND3V1P5_140P7T30R)           0.02       3.57 r
  u_cp/u_bfeed/U145807/Z (OR2V6_140P7T30R)                0.02       3.59 r
  u_cp/u_bfeed/U51480/ZN (NAND3V12_140P7T30R)             0.03       3.61 f
  u_cp/u_bfeed/U24964/ZN (NOR2V12_140P7T30R)              0.02       3.63 r
  u_cp/u_bfeed/U68645/ZN (INV20_140P7T30R)                0.01       3.64 f
  u_cp/u_bfeed/U24801/ZN (OAI22V4_140P7T30R)              0.02       3.66 r
  u_cp/u_bfeed/U136553/ZN (NOR2V6_140P7T30R)              0.01       3.67 f
  u_cp/u_bfeed/U24668/ZN (INV3_140P7T30R)                 0.01       3.68 r
  u_cp/u_bfeed/U51625/ZN (OAI12V12_140P7T30R)             0.01       3.69 f
  u_cp/u_bfeed/U58217/ZN (NOR2V6_140P7T30R)               0.01       3.71 r
  u_cp/u_bfeed/U43957/ZN (OAI12V8_140P7T30R)              0.01       3.72 f
  u_cp/u_bfeed/U58164/ZN (OAI12V12_140P7T30R)             0.01       3.73 r
  u_cp/u_bfeed/U24474/Z (AND2V6_140P7T30R)                0.02       3.75 r
  u_cp/u_bfeed/U45552/ZN (CLKNAND2V16_140P7T30R)          0.01       3.76 f
  u_cp/u_bfeed/U51506/ZN (OAI12V12_140P7T30R)             0.01       3.77 r
  u_cp/u_bfeed/U55686/ZN (CLKNAND2V12_140P7T30R)          0.01       3.78 f
  u_cp/u_bfeed/U100435/ZN (INV8_140P7T30R)                0.01       3.79 r
  u_cp/u_bfeed/U40838/ZN (NAND3V12_140P7T30R)             0.01       3.80 f
  u_cp/u_bfeed/U60788/Z (AND2V6_140P7T30R)                0.01       3.82 f
  u_cp/u_bfeed/U135115/ZN (AOI22V8_140P7T30R)             0.01       3.83 r
  u_cp/u_bfeed/U40811/ZN (NOR2V16_140P7T30R)              0.01       3.84 f
  u_cp/u_bfeed/U41026/ZN (INV32_140P7T30R)                0.01       3.85 r
  u_cp/u_bfeed/U23825/ZN (INV32_140P7T30R)                0.01       3.86 f
  u_cp/u_bfeed/U23634/ZN (NAND2XBV2_140P7T30R)            0.01       3.87 r
  u_cp/u_bfeed/U76499/ZN (OAI12V4_140P7T30R)              0.02       3.89 f
  u_cp/u_bfeed/U23570/ZN (INV3_140P7T30R)                 0.01       3.90 r
  u_cp/u_bfeed/U69974/ZN (NOR2V2_140P7T30R)               0.01       3.92 f
  u_cp/u_bfeed/U73206/ZN (NOR3V4_140P7T30R)               0.02       3.94 r
  u_cp/u_bfeed/U55663/ZN (NOR2V4_140P7T30R)               0.01       3.95 f
  u_cp/u_bfeed/U114089/ZN (NOR3V6_140P7T30R)              0.02       3.96 r
  u_cp/u_bfeed/U60360/ZN (NAND2V8_140P7T30R)              0.02       3.98 f
  u_cp/u_bfeed/U23168/ZN (CLKNAND2V4_140P7T30R)           0.01       4.00 r
  u_cp/u_bfeed/U52383/ZN (OAI12V8_140P7T30R)              0.01       4.01 f
  u_cp/u_bfeed/U23049/ZN (AOI12V6_140P7T30R)              0.01       4.02 r
  u_cp/u_bfeed/U54838/ZN (OAI12V12_140P7T30R)             0.02       4.04 f
  u_cp/u_bfeed/U38101/ZN (INV10_140P7T30R)                0.01       4.05 r
  u_cp/u_bfeed/U22926/ZN (NOR2V4_140P7T30R)               0.01       4.06 f
  u_cp/u_bfeed/U51929/ZN (NOR2V6_140P7T30R)               0.01       4.07 r
  u_cp/u_bfeed/U146563/Z (CLKXOR2V6_140P7T30R)            0.02       4.09 r
  u_cp/u_bfeed/U62397/ZN (NOR2V8_140P7T30R)               0.01       4.09 f
  u_cp/u_bfeed/U55679/ZN (AOI12V12_140P7T30R)             0.01       4.11 r
  u_cp/u_bfeed/U82227/ZN (CLKNAND2V4_140P7T30R)           0.01       4.12 f
  u_cp/u_bfeed/U22617/ZN (AOI12V6_140P7T30R)              0.01       4.13 r
  u_cp/u_bfeed/U67724/ZN (OAI13V6_140P7T30R)              0.01       4.14 f
  u_cp/u_bfeed/U65170/ZN (AOI12V8_140P7T30R)              0.01       4.15 r
  u_cp/u_bfeed/U82185/ZN (OAI12V8_140P7T30R)              0.01       4.17 f
  u_cp/u_bfeed/U59940/ZN (NOR2V16_140P7T30R)              0.01       4.18 r
  u_cp/u_bfeed/U50223/ZN (CLKNAND2V16_140P7T30R)          0.02       4.20 f
  u_cp/u_bfeed/U50222/ZN (NAND3V12_140P7T30R)             0.01       4.21 r
  u_cp/u_bfeed/U53609/ZN (INV16_140P7T30R)                0.01       4.22 f
  u_cp/u_bfeed/U66795/ZN (NOR2V16_140P7T30R)              0.01       4.23 r
  u_cp/u_bfeed/U37838/ZN (NOR2V12_140P7T30R)              0.01       4.24 f
  u_cp/u_bfeed/U22023/ZN (AOI12V4_140P7T30R)              0.01       4.25 r
  u_cp/u_bfeed/U21978/ZN (OAI12V4_140P7T30R)              0.01       4.26 f
  u_cp/u_bfeed/U88714/ZN (AOI12V4_140P7T30R)              0.02       4.28 r
  u_cp/u_bfeed/U142376/Z (AO1B2V4_140P7T30R)              0.01       4.29 f
  u_cp/u_bfeed/U21836/ZN (NOR2V12_140P7T30R)              0.02       4.30 r
  u_cp/u_bfeed/U21660/ZN (XNOR2V2_140P7T30R)              0.03       4.33 r
  u_cp/u_bfeed/U73039/ZN (NAND2XBV2_140P7T30R)            0.01       4.34 f
  u_cp/u_bfeed/U132009/ZN (NAND2V2_140P7T30R)             0.01       4.35 r
  u_cp/u_bfeed/U142285/Z (AO1B2V4_140P7T30R)              0.01       4.36 f
  u_cp/u_bfeed/U131959/ZN (XNOR2V2_140P7T30R)             0.02       4.38 f
  u_cp/u_bfeed/U100105/ZN (XNOR2V2_140P7T30R)             0.03       4.41 f
  u_cp/u_bfeed/U96779/ZN (NAND2V3_140P7T30R)              0.02       4.43 r
  u_cp/u_bfeed/U21353/ZN (OAI12V6_140P7T30R)              0.01       4.44 f
  u_cp/u_bfeed/U62241/ZN (AOI12V6_140P7T30R)              0.02       4.45 r
  u_cp/u_bfeed/U61302/ZN (OAI12V6_140P7T30R)              0.01       4.47 f
  u_cp/u_bfeed/U57425/ZN (NOR2V8_140P7T30R)               0.01       4.48 r
  u_cp/u_bfeed/U62263/ZN (OAI12V12_140P7T30R)             0.01       4.49 f
  u_cp/u_bfeed/U20906/ZN (CLKNAND2V4_140P7T30R)           0.01       4.50 r
  u_cp/u_bfeed/U20881/ZN (CLKNAND2V4_140P7T30R)           0.01       4.51 f
  u_cp/u_bfeed/U79056/ZN (AOI13V6_140P7T30R)              0.02       4.53 r
  u_cp/u_bfeed/U59776/Z (CLKXOR2V6_140P7T30R)             0.02       4.55 r
  u_cp/u_bfeed/U20705/ZN (NOR2V4_140P7T30R)               0.01       4.56 f
  u_cp/u_bfeed/U51655/ZN (NOR2V16_140P7T30R)              0.03       4.59 r
  u_cp/u_bfeed/U49845/ZN (INV16_140P7T30R)                0.02       4.60 f
  u_cp/u_bfeed/U193708/ZN (XNOR2V2_140P7T30R)             0.03       4.63 f
  u_cp/u_bfeed/U173239/ZN (OAI22V4_140P7T30R)             0.02       4.66 r
  u_cp/u_bfeed/U169722/S (AD1V4_140P7T30R)                0.05       4.71 f
  u_cp/u_bfeed/U168841/Z (MAJ23V4_140P7T30R)              0.02       4.73 f
  u_cp/u_bfeed/U169175/Z (MAJ23V4_140P7T30R)              0.03       4.75 f
  u_cp/u_bfeed/U68578/Z (CLKXOR2V6_140P7T30R)             0.02       4.78 f
  u_cp/u_bfeed/U168558/Z (CLKXOR2V6_140P7T30R)            0.02       4.79 f
  u_cp/u_bfeed/U51789/Z (CLKXOR2V1P5_140P7T30R)           0.03       4.82 f
  u_cp/u_bfeed/U96638/Z (AND2V2_140P7T30R)                0.02       4.84 f
  u_cp/u_bfeed/U68502/ZN (NOR2V4_140P7T30R)               0.01       4.85 r
  u_cp/u_bfeed/U130372/ZN (OAI12V4_140P7T30R)             0.01       4.86 f
  u_cp/u_bfeed/U49574/ZN (AOI12V8_140P7T30R)              0.02       4.88 r
  u_cp/u_bfeed/U45844/ZN (OAI12V8_140P7T30R)              0.01       4.89 f
  u_cp/u_bfeed/U39435/ZN (AOI12V12_140P7T30R)             0.01       4.91 r
  u_cp/u_bfeed/U18739/Z (OR2V12_140P7T30R)                0.01       4.92 r
  u_cp/u_bfeed/U142178/ZN (CLKNAND2V16_140P7T30R)         0.01       4.93 f
  u_cp/u_bfeed/U18568/Z (BUFV16_140P7T30R)                0.02       4.95 f
  u_cp/u_bfeed/U18489/ZN (NAND2XBV8_140P7T30R)            0.01       4.96 r
  u_cp/u_bfeed/U153017/ZN (OAI12V12_140P7T30R)            0.01       4.97 f
  u_cp/u_bfeed/U129807/ZN (NAND2XBV8_140P7T30R)           0.02       4.99 f
  u_cp/u_bfeed/U46339/ZN (AOI12V6_140P7T30R)              0.01       5.00 r
  u_cp/u_bfeed/U39378/ZN (NAND3V8_140P7T30R)              0.02       5.02 f
  u_cp/u_bfeed/U39377/ZN (CLKNAND2V16_140P7T30R)          0.01       5.03 r
  u_cp/u_bfeed/U142656/Z (CLKMUX2V12_140P7T30R)           0.03       5.06 f
  u_cp/u_bfeed/U17589/ZN (CLKINV32_140P7T30R)             0.01       5.07 r
  u_cp/u_bfeed/U42508/ZN (CLKNAND2V16_140P7T30R)          0.01       5.08 f
  u_cp/u_bfeed/U129322/ZN (NOR2V12_140P7T30R)             0.01       5.10 r
  u_cp/u_bfeed/U47253/Z (BUFV8_140P7T30R)                 0.02       5.11 r
  u_cp/u_bfeed/U37925/ZN (NAND4V1P5_140P7T30R)            0.02       5.13 f
  u_cp/u_bfeed/U72821/ZN (OAI12V2_140P7T30R)              0.02       5.15 r
  u_cp/u_bfeed/U99765/ZN (AOI12V4_140P7T30R)              0.01       5.16 f
  u_cp/u_bfeed/U85157/ZN (NAND2V6_140P7T30R)              0.01       5.17 r
  u_cp/u_bfeed/U16700/ZN (INV4_140P7T30R)                 0.01       5.18 f
  u_cp/u_bfeed/U16661/ZN (NOR2V2_140P7T30R)               0.02       5.19 r
  u_cp/u_bfeed/U93067/ZN (NOR2V4_140P7T30R)               0.01       5.20 f
  u_cp/u_bfeed/U45416/ZN (NAND2V6_140P7T30R)              0.01       5.21 r
  u_cp/u_bfeed/U16441/ZN (NAND2V6_140P7T30R)              0.01       5.22 f
  u_cp/u_bfeed/U16423/ZN (CLKNAND2V4_140P7T30R)           0.01       5.23 r
  u_cp/u_bfeed/U16358/ZN (NAND2V6_140P7T30R)              0.01       5.24 f
  u_cp/u_bfeed/U128740/ZN (NAND2XBV4_140P7T30R)           0.02       5.26 f
  u_cp/u_bfeed/U64380/ZN (AOI13V4_140P7T30R)              0.01       5.27 r
  u_cp/u_bfeed/U64379/ZN (XNOR2V2_140P7T30R)              0.02       5.30 r
  u_cp/u_bfeed/U148841/ZN (OAI22V4_140P7T30R)             0.01       5.31 f
  u_cp/u_bfeed/U64321/ZN (NOR2V8_140P7T30R)               0.01       5.32 r
  u_cp/u_bfeed/U53366/ZN (CLKNAND2V12_140P7T30R)          0.01       5.33 f
  u_cp/u_bfeed/U92903/ZN (NOR2V16_140P7T30R)              0.02       5.35 r
  u_cp/u_bfeed/U39458/ZN (NAND3V8_140P7T30R)              0.02       5.37 f
  u_cp/u_bfeed/U39457/ZN (NOR2V12_140P7T30R)              0.01       5.38 r
  u_cp/u_bfeed/U72683/ZN (INV12_140P7T30R)                0.01       5.39 f
  u_cp/u_bfeed/U64360/ZN (NOR2V8_140P7T30R)               0.01       5.40 r
  u_cp/u_bfeed/U47200/ZN (NOR2V8_140P7T30R)               0.01       5.40 f
  u_cp/u_bfeed/U64334/ZN (NOR2XBV8_140P7T30R)             0.01       5.41 r
  u_cp/u_bfeed/U61314/ZN (OAI12V8_140P7T30R)              0.01       5.43 f
  u_cp/u_bfeed/U49768/ZN (AOI12V8_140P7T30R)              0.01       5.44 r
  u_cp/u_bfeed/U65420/ZN (OAI12V6_140P7T30R)              0.01       5.45 f
  u_cp/u_bfeed/U54760/Z (CLKXOR2V6_140P7T30R)             0.02       5.47 f
  u_cp/u_bfeed/U15368/ZN (NOR2V4_140P7T30R)               0.01       5.48 r
  u_cp/u_bfeed/U127990/ZN (NOR3V8_140P7T30R)              0.01       5.49 f
  u_cp/u_bfeed/U51684/ZN (CLKNAND2V16_140P7T30R)          0.02       5.51 r
  u_cp/u_bfeed/U71298/ZN (NAND2XBV16_140P7T30R)           0.01       5.52 f
  u_cp/u_bfeed/U14876/ZN (INV16_140P7T30R)                0.01       5.53 r
  u_cp/u_bfeed/U92734/ZN (CLKNAND2V4_140P7T30R)           0.01       5.54 f
  u_cp/u_bfeed/U92720/ZN (NAND2V6_140P7T30R)              0.01       5.55 r
  u_cp/u_bfeed/U103950/ZN (NOR2XBV4_140P7T30R)            0.01       5.55 f
  u_cp/u_bfeed/U75607/Z (OR2V8_140P7T30R)                 0.02       5.57 f
  u_cp/u_bfeed/U143265/ZN (NOR2V16_140P7T30R)             0.02       5.59 r
  u_cp/u_bfeed/U14127/ZN (XNOR2V2_140P7T30R)              0.03       5.61 r
  u_cp/u_bfeed/U194828/ZN (OAI22V4_140P7T30R)             0.02       5.63 f
  u_cp/u_bfeed/U194850/CO (AD1V4_140P7T30R)               0.04       5.67 f
  u_cp/u_bfeed/U13937/ZN (OAI12V2_140P7T30R)              0.01       5.68 r
  u_cp/u_bfeed/U13918/ZN (NAND2V2_140P7T30R)              0.01       5.69 f
  u_cp/u_bfeed/U13850/Z (XOR2V2_140P7T30R)                0.02       5.72 f
  u_cp/u_bfeed/U13825/ZN (XNOR2V2_140P7T30R)              0.03       5.75 f
  u_cp/u_bfeed/U142269/Z (MAJ23V4_140P7T30R)              0.03       5.77 f
  u_cp/u_bfeed/U103823/ZN (XNOR2V2_140P7T30R)             0.02       5.80 f
  u_cp/u_bfeed/U66856/ZN (XNOR2V4_140P7T30R)              0.03       5.82 f
  u_cp/u_bfeed/U81494/ZN (CLKNAND2V4_140P7T30R)           0.01       5.84 r
  u_cp/u_bfeed/U72524/ZN (OAI12V6_140P7T30R)              0.01       5.85 f
  u_cp/u_bfeed/U49886/ZN (AOI12V8_140P7T30R)              0.02       5.86 r
  u_cp/u_bfeed/U13655/ZN (OAI12V6_140P7T30R)              0.01       5.88 f
  u_cp/u_bfeed/U53381/ZN (AOI12V8_140P7T30R)              0.02       5.89 r
  u_cp/u_bfeed/U169127/ZN (OAI12V8_140P7T30R)             0.01       5.90 f
  u_cp/u_bfeed/U151420/Z (CLKXOR2V12_140P7T30R)           0.03       5.93 f
  u_cp/u_bfeed/U42537/ZN (INV24_140P7T30R)                0.02       5.95 r
  u_cp/u_bfeed/U13357/ZN (INV16_140P7T30R)                0.01       5.95 f
  u_cp/u_bfeed/U75446/ZN (NAND2XBV4_140P7T30R)            0.01       5.96 r
  u_cp/u_bfeed/U60629/ZN (NAND2V8_140P7T30R)              0.01       5.97 f
  u_cp/u_bfeed/U111229/ZN (OAI12V8_140P7T30R)             0.01       5.98 r
  u_cp/u_bfeed/U78534/ZN (AOI12V8_140P7T30R)              0.02       6.00 f
  u_cp/u_bfeed/U142660/ZN (NOR2V16_140P7T30R)             0.02       6.02 r
  u_cp/u_bfeed/U12829/ZN (INV24_140P7T30R)                0.01       6.03 f
  u_cp/u_bfeed/U12649/ZN (NAND2XBV2_140P7T30R)            0.01       6.04 r
  u_cp/u_bfeed/U12605/ZN (NAND3V6_140P7T30R)              0.02       6.06 f
  u_cp/u_bfeed/U92406/ZN (AOI12V4_140P7T30R)              0.02       6.08 r
  u_cp/u_bfeed/U111085/ZN (OAI12V6_140P7T30R)             0.02       6.10 f
  u_cp/u_bfeed/U111083/ZN (NOR2V4_140P7T30R)              0.01       6.11 r
  u_cp/u_bfeed/U103544/ZN (NOR3V6_140P7T30R)              0.01       6.12 f
  u_cp/u_bfeed/U195104/ZN (INV4_140P7T30R)                0.01       6.13 r
  u_cp/u_bfeed/U11701/ZN (OAI22V8_140P7T30R)              0.01       6.14 f
  u_cp/u_bfeed/U11353/ZN (INV2_140P7T30R)                 0.01       6.16 r
  u_cp/u_bfeed/U11214/Z (OR2V2_140P7T30R)                 0.02       6.17 r
  u_cp/u_bfeed/U81325/ZN (NAND2V2_140P7T30R)              0.01       6.19 f
  u_cp/u_bfeed/U75313/ZN (NOR2V2_140P7T30R)               0.02       6.21 r
  u_cp/u_bfeed/U11078/ZN (NAND2V2_140P7T30R)              0.02       6.23 f
  u_cp/u_bfeed/U11011/Z (OR2V2_140P7T30R)                 0.03       6.25 f
  u_cp/u_bfeed/U148758/ZN (NOR2V6_140P7T30R)              0.01       6.27 r
  u_cp/u_bfeed/U125020/ZN (NOR2XBV4_140P7T30R)            0.01       6.27 f
  u_cp/u_bfeed/U168399/Z (CLKXOR2V6_140P7T30R)            0.02       6.29 f
  u_cp/u_bfeed/U124956/ZN (NOR2V6_140P7T30R)              0.01       6.31 r
  u_cp/u_bfeed/U10807/ZN (NOR2V12_140P7T30R)              0.01       6.32 f
  u_cp/u_bfeed/U124888/ZN (CLKNAND2V12_140P7T30R)         0.01       6.33 r
  u_cp/u_bfeed/U46332/ZN (NOR2V16_140P7T30R)              0.01       6.33 f
  u_cp/u_bfeed/U57461/ZN (CLKNAND2V4_140P7T30R)           0.01       6.34 r
  u_cp/u_bfeed/U43914/ZN (NAND3V6_140P7T30R)              0.01       6.36 f
  u_cp/u_bfeed/U84590/ZN (NOR2V6_140P7T30R)               0.01       6.37 r
  u_cp/u_bfeed/U81220/ZN (CLKNAND2V12_140P7T30R)          0.01       6.38 f
  u_cp/u_bfeed/U10479/ZN (NAND2XBV6_140P7T30R)            0.01       6.39 r
  u_cp/u_bfeed/U95802/ZN (NAND3V8_140P7T30R)              0.01       6.40 f
  u_cp/u_bfeed/U10372/ZN (INV6_140P7T30R)                 0.01       6.42 r
  u_cp/u_bfeed/U10347/ZN (INV6_140P7T30R)                 0.01       6.43 f
  u_cp/u_bfeed/U68454/Z (OA12V8_140P7T30R)                0.02       6.45 f
  u_cp/u_bfeed/U64325/ZN (NOR2V12_140P7T30R)              0.01       6.46 r
  u_cp/u_bfeed/U59739/ZN (CLKNAND2V12_140P7T30R)          0.01       6.47 f
  u_cp/u_bfeed/U142653/ZN (OAI12V8_140P7T30R)             0.01       6.48 r
  u_cp/u_bfeed/U57476/ZN (CLKNAND2V12_140P7T30R)          0.01       6.49 f
  u_cp/u_bfeed/U148838/Z (BUFV8_140P7T30R)                0.02       6.51 f
  u_cp/u_bfeed/U81160/ZN (AOI22V4_140P7T30R)              0.02       6.53 r
  u_cp/u_bfeed/U168830/ZN (NAND3V12_140P7T30R)            0.02       6.55 f
  u_cp/u_bfeed/U9055/Z (BUFV16_140P7T30R)                 0.02       6.57 f
  u_cp/u_bfeed/U155697/ZN (OAI22V4_140P7T30R)             0.01       6.58 r
  u_cp/u_bfeed/U47856/S (AD1V4_140P7T30R)                 0.05       6.63 f
  u_cp/u_bfeed/U195648/CO (AD1V4_140P7T30R)               0.03       6.66 f
  u_cp/u_bfeed/U195658/S (AD1V4_140P7T30R)                0.05       6.71 r
  u_cp/u_bfeed/U195663/S (AD1V4_140P7T30R)                0.05       6.76 f
  u_cp/u_bfeed/U47815/ZN (NAND2V8_140P7T30R)              0.01       6.77 r
  u_cp/u_bfeed/U47816/ZN (INV6_140P7T30R)                 0.00       6.77 f
  u_cp/u_bfeed/U51726/ZN (AOI12V6_140P7T30R)              0.01       6.78 r
  u_cp/u_bfeed/U51727/ZN (OAI12V6_140P7T30R)              0.01       6.79 f
  u_cp/u_bfeed/U47832/ZN (AOI12V6_140P7T30R)              0.02       6.81 r
  u_cp/u_bfeed/U72224/ZN (OAI12V6_140P7T30R)              0.01       6.82 f
  u_cp/u_bfeed/U44070/ZN (AOI12V8_140P7T30R)              0.02       6.84 r
  u_cp/u_bfeed/U8332/Z (OA12V6_140P7T30R)                 0.02       6.86 r
  u_cp/u_bfeed/U169217/ZN (OAI12V8_140P7T30R)             0.01       6.87 f
  u_cp/u_bfeed/U149468/Z (CLKXOR2V12_140P7T30R)           0.03       6.90 f
  u_cp/u_bfeed/U45432/ZN (INV24_140P7T30R)                0.02       6.91 r
  u_cp/u_bfeed/U8135/ZN (NAND2XBV6_140P7T30R)             0.01       6.92 f
  u_cp/u_bfeed/U38404/ZN (OAI12V12_140P7T30R)             0.01       6.93 r
  u_cp/u_bfeed/U165385/ZN (NOR2XBV8_140P7T30R)            0.02       6.95 r
  u_cp/u_bfeed/U146803/ZN (OAI12V12_140P7T30R)            0.01       6.96 f
  u_cp/u_bfeed/U7935/ZN (NOR2V8_140P7T30R)                0.01       6.98 r
  u_cp/u_bfeed/U53425/ZN (OAI12V8_140P7T30R)              0.01       6.99 f
  u_cp/u_bfeed/U47809/ZN (CLKNAND2V16_140P7T30R)          0.01       7.00 r
  u_cp/u_bfeed/U71314/ZN (INV32_140P7T30R)                0.01       7.01 f
  u_cp/u_bfeed/U71313/ZN (INV40_140P7T30R)                0.01       7.02 r
  u_cp/u_bfeed/U148493/ZN (INV40_140P7T30R)               0.01       7.03 f
  u_cp/u_bfeed/U6811/ZN (NOR2V2_140P7T30R)                0.05       7.08 r
  u_cp/u_bfeed/U195768/ZN (NAND2V2_140P7T30R)             0.02       7.10 f
  u_cp/u_bfeed/U91658/ZN (NAND3V4_140P7T30R)              0.02       7.12 r
  u_cp/u_bfeed/U121991/ZN (INV2_140P7T30R)                0.02       7.14 f
  u_cp/u_bfeed/U195776/ZN (NAND2V2_140P7T30R)             0.01       7.15 r
  u_cp/u_bfeed/U102676/ZN (NAND4V1P5_140P7T30R)           0.02       7.16 f
  u_cp/u_bfeed/U109503/ZN (OAI112V2_140P7T30R)            0.02       7.18 r
  u_cp/u_bfeed/U62356/ZN (AOI13V4_140P7T30R)              0.01       7.19 f
  u_cp/u_bfeed/U166413/ZN (OAI12V4_140P7T30R)             0.01       7.21 r
  u_cp/u_bfeed/U68491/ZN (NAND3V6_140P7T30R)              0.02       7.22 f
  u_cp/u_bfeed/U47207/ZN (CLKNAND2V16_140P7T30R)          0.01       7.24 r
  u_cp/u_bfeed/U146800/ZN (NOR2V16_140P7T30R)             0.01       7.25 f
  u_cp/u_bfeed/U39416/Z (AO1B2V4_140P7T30R)               0.03       7.28 f
  u_cp/u_bfeed/U39415/ZN (AOI12V12_140P7T30R)             0.02       7.29 r
  u_cp/u_bfeed/U170652/ZN (INV4_140P7T30R)                0.01       7.30 f
  u_cp/u_bfeed/U66846/ZN (CLKNAND2V4_140P7T30R)           0.01       7.31 r
  u_cp/u_bfeed/U70498/Z (OA13V2_140P7T30R)                0.03       7.33 r
  u_cp/u_bfeed/U57438/ZN (OAI12V8_140P7T30R)              0.01       7.35 f
  u_cp/u_bfeed/U44078/ZN (OAI12V12_140P7T30R)             0.01       7.36 r
  u_cp/u_bfeed/U63214/Z (AND3V8_140P7T30R)                0.02       7.39 r
  u_cp/u_bfeed/U49799/ZN (OAI12V8_140P7T30R)              0.01       7.40 f
  u_cp/u_bfeed/U144193/ZN (AOI12V12_140P7T30R)            0.02       7.42 r
  u_cp/u_bfeed/U142300/ZN (OAI12V8_140P7T30R)             0.01       7.43 f
  u_cp/u_bfeed/U65718/Z (CLKXOR2V6_140P7T30R)             0.02       7.45 f
  u_cp/u_bfeed/U37782/ZN (NOR2XBV8_140P7T30R)             0.01       7.46 r
  u_cp/u_bfeed/U47788/ZN (NOR2V6_140P7T30R)               0.01       7.46 f
  u_cp/u_bfeed/U68496/ZN (NOR2V8_140P7T30R)               0.01       7.47 r
  u_cp/u_bfeed/U109061/ZN (NAND2V8_140P7T30R)             0.01       7.48 f
  u_cp/u_bfeed/U143007/ZN (NOR2V16_140P7T30R)             0.02       7.50 r
  u_cp/u_bfeed/U142199/ZN (NOR2V16_140P7T30R)             0.01       7.52 f
  u_cp/u_bfeed/U4763/ZN (AOI12V6_140P7T30R)               0.01       7.53 r
  u_cp/u_bfeed/U46371/ZN (NAND2V8_140P7T30R)              0.01       7.54 f
  u_cp/u_bfeed/U46370/ZN (NOR2V12_140P7T30R)              0.01       7.55 r
  u_cp/u_bfeed/U68448/ZN (INV8_140P7T30R)                 0.01       7.56 f
  u_cp/u_bfeed/U169138/ZN (NAND4V6_140P7T30R)             0.01       7.57 r
  u_cp/u_bfeed/U155331/ZN (NOR2V12_140P7T30R)             0.01       7.58 f
  u_cp/u_bfeed/U169403/ZN (NOR2V16_140P7T30R)             0.01       7.59 r
  u_cp/u_bfeed/U91151/ZN (NAND2V8_140P7T30R)              0.01       7.60 f
  u_cp/u_bfeed/U46354/ZN (CLKNAND2V12_140P7T30R)          0.01       7.61 r
  u_cp/u_bfeed/U49592/ZN (INV12_140P7T30R)                0.01       7.62 f
  u_cp/u_bfeed/U61316/ZN (NOR2V12_140P7T30R)              0.01       7.62 r
  u_cp/u_bfeed/U173176/S (AD1V4_140P7T30R)                0.04       7.67 f
  u_cp/u_bfeed/U47698/Z (MAJ23V4_140P7T30R)               0.02       7.69 f
  u_cp/u_bfeed/U45371/ZN (XNOR2V4_140P7T30R)              0.02       7.71 f
  u_cp/u_bfeed/U45370/ZN (XNOR2V4_140P7T30R)              0.03       7.74 f
  u_cp/u_bfeed/U145547/ZN (NOR2V8_140P7T30R)              0.02       7.76 r
  u_cp/u_bfeed/U68413/ZN (OAI12V8_140P7T30R)              0.01       7.77 f
  u_cp/u_bfeed/U68412/ZN (AOI12V12_140P7T30R)             0.02       7.78 r
  u_cp/u_bfeed/U43811/ZN (NOR2V16_140P7T30R)              0.01       7.79 f
  u_cp/u_bfeed/U142266/ZN (NOR2V16_140P7T30R)             0.02       7.81 r
  u_cp/u_bfeed/U119941/ZN (OAI12V8_140P7T30R)             0.01       7.82 f
  u_cp/u_bfeed/U62317/ZN (AOI12V12_140P7T30R)             0.01       7.83 r
  u_cp/u_bfeed/U68574/ZN (NAND2V8_140P7T30R)              0.01       7.84 f
  u_cp/u_bfeed/U80467/ZN (NAND2V6_140P7T30R)              0.01       7.85 r
  u_cp/u_bfeed/U154875/ZN (NAND3V8_140P7T30R)             0.01       7.86 f
  u_cp/u_bfeed/U108684/ZN (NOR2V8_140P7T30R)              0.01       7.87 r
  u_cp/u_bfeed/U142658/ZN (CLKNAND2V16_140P7T30R)         0.02       7.89 f
  u_cp/u_bfeed/U65783/ZN (CLKNAND2V16_140P7T30R)          0.01       7.90 r
  u_cp/u_bfeed/U54810/ZN (NOR2V6_140P7T30R)               0.01       7.91 f
  u_cp/u_bfeed/U49803/ZN (NOR2V12_140P7T30R)              0.01       7.92 r
  u_cp/u_bfeed/U59741/ZN (NAND2XBV16_140P7T30R)           0.01       7.93 f
  u_cp/u_bfeed/U66801/ZN (CLKNAND2V16_140P7T30R)          0.01       7.94 r
  u_cp/u_bfeed/U48599/ZN (CLKNAND2V12_140P7T30R)          0.01       7.95 f
  u_cp/u_bfeed/U56605/ZN (OAI12V12_140P7T30R)             0.01       7.97 r
  u_cp/u_bfeed/U54767/ZN (NOR2V12_140P7T30R)              0.01       7.97 f
  u_cp/u_bfeed/U143248/ZN (NOR2V16_140P7T30R)             0.01       7.99 r
  u_cp/u_bfeed/U38335/ZN (INV40_140P7T30R)                0.01       8.00 f
  u_cp/u_bfeed/U2981/Z (AND2V8_140P7T30R)                 0.01       8.01 f
  u_cp/u_bfeed/U168233/ZN (AOI12V12_140P7T30R)            0.01       8.03 r
  u_cp/u_bfeed/U143256/ZN (MUX2NV4_140P7T30R)             0.02       8.05 f
  u_cp/u_bfeed/U44396/ZN (NAND2XBV6_140P7T30R)            0.01       8.06 r
  u_cp/u_bfeed/U38992/ZN (NAND2V8_140P7T30R)              0.01       8.07 f
  u_cp/u_bfeed/U44390/ZN (CLKINV7_140P7T30R)              0.01       8.08 r
  u_cp/u_bfeed/U59808/ZN (OAI22V12_140P7T30R)             0.01       8.09 f
  u_cp/u_bfeed/U143245/ZN (NAND2XBV4_140P7T30R)           0.01       8.10 r
  u_cp/u_bfeed/U66868/ZN (NOR4BBV4_140P7T30R)             0.03       8.12 r
  u_cp/u_bfeed/U59791/ZN (NAND4V6_140P7T30R)              0.01       8.14 f
  u_cp/u_bfeed/U67766/ZN (NOR3V6_140P7T30R)               0.02       8.16 r
  u_cp/u_bfeed/U149020/ZN (NOR2V6_140P7T30R)              0.01       8.17 f
  u_cp/u_bfeed/U149018/ZN (OAI12V8_140P7T30R)             0.01       8.18 r
  u_cp/u_bfeed/U119056/ZN (INV12_140P7T30R)               0.01       8.19 f
  u_cp/u_bfeed/U149017/ZN (CLKINV32_140P7T30R)            0.01       8.20 r
  u_cp/u_bfeed/U1819/ZN (OAI22V8_140P7T30R)               0.02       8.21 f
  u_cp/u_bfeed/U59821/ZN (NOR2V12_140P7T30R)              0.01       8.23 r
  u_cp/u_bfeed/U39380/ZN (NAND3V8_140P7T30R)              0.02       8.24 f
  u_cp/u_bfeed/U39379/ZN (NOR2XBV8_140P7T30R)             0.01       8.26 r
  u_cp/u_bfeed/U44389/ZN (INV5_140P7T30R)                 0.01       8.26 f
  u_cp/u_bfeed/U1579/ZN (NOR2V6_140P7T30R)                0.01       8.27 r
  u_cp/u_bfeed/U42417/ZN (NOR2V12_140P7T30R)              0.01       8.28 f
  u_cp/u_bfeed/U148003/ZN (OAI12V12_140P7T30R)            0.01       8.29 r
  u_cp/u_bfeed/U63613/ZN (NOR2V12_140P7T30R)              0.01       8.29 f
  u_cp/u_bfeed/U44410/ZN (CLKINV7_140P7T30R)              0.01       8.30 r
  u_cp/u_bfeed/U68420/ZN (NAND2V8_140P7T30R)              0.01       8.31 f
  u_cp/u_bfeed/U63627/ZN (CLKNAND2V12_140P7T30R)          0.01       8.32 r
  u_cp/u_bfeed/U1184/ZN (AOI12V4_140P7T30R)               0.01       8.33 f
  u_cp/u_bfeed/U62357/ZN (XNOR2V4_140P7T30R)              0.02       8.36 f
  u_cp/u_bfeed/U148723/ZN (OAI12V8_140P7T30R)             0.02       8.37 r
  u_cp/u_bfeed/U54758/ZN (NAND3V12_140P7T30R)             0.02       8.39 f
  u_cp/u_bfeed/U37982/ZN (NOR2V4_140P7T30R)               0.01       8.40 r
  u_cp/u_bfeed/U937/ZN (INV4_140P7T30R)                   0.01       8.41 f
  u_cp/u_bfeed/U63620/ZN (NOR2V12_140P7T30R)              0.01       8.42 r
  u_cp/u_bfeed/U68629/ZN (NOR2V16_140P7T30R)              0.01       8.43 f
  u_cp/u_bfeed/U149136/ZN (NAND3V12_140P7T30R)            0.01       8.44 r
  u_cp/u_bfeed/U52071/ZN (NAND3V8_140P7T30R)              0.02       8.45 f
  u_cp/u_bfeed/U54279/ZN (NOR2V16_140P7T30R)              0.02       8.47 r
  u_cp/u_bfeed/U753/Z (BUFV4_140P7T30R)                   0.02       8.49 r
  u_cp/u_bfeed/U118565/ZN (INV4_140P7T30R)                0.00       8.49 f
  u_cp/u_bfeed/U101707/ZN (CLKNAND2V4_140P7T30R)          0.01       8.50 r
  u_cp/u_bfeed/U108122/ZN (OAI12V8_140P7T30R)             0.01       8.51 f
  u_cp/u_bfeed/U146377/ZN (AOI12V12_140P7T30R)            0.02       8.53 r
  u_cp/u_bfeed/U98274/ZN (NOR2V4_140P7T30R)               0.01       8.54 f
  u_cp/u_bfeed/U48472/ZN (NOR2V4_140P7T30R)               0.01       8.55 r
  u_cp/u_bfeed/U101548/ZN (NAND2V2_140P7T30R)             0.01       8.56 f
  u_cp/u_bfeed/row_reg[23][29]/D (DQV2_140P7T30R)         0.00       8.56 f
  data arrival time                                                  8.56

  clock clk (rise edge)                                   1.00       1.00
  clock network delay (ideal)                             0.00       1.00
  u_cp/u_bfeed/row_reg[23][29]/CK (DQV2_140P7T30R)        0.00       1.00 r
  library setup time                                     -0.01       0.99
  data required time                                                 0.99
  --------------------------------------------------------------------------
  data required time                                                 0.99
  data arrival time                                                 -8.56
  --------------------------------------------------------------------------
  slack (VIOLATED)                                                  -7.57


  Startpoint: u_cp/pos_base_reg[6]
              (rising edge-triggered flip-flop clocked by clk)
  Endpoint: u_cp/u_bfeed/row_reg[111][26]
            (rising edge-triggered flip-flop clocked by clk)
  Path Group: clk
  Path Type: max

  Point                                                   Incr       Path
  --------------------------------------------------------------------------
  clock clk (rise edge)                                   0.00       0.00
  clock network delay (ideal)                             0.00       0.00
  u_cp/pos_base_reg[6]/CK (DQV6_140P7T30R)                0.00 #     0.00 r
  u_cp/pos_base_reg[6]/Q (DQV6_140P7T30R)                 0.05       0.05 f
  u_cp/u_bfeed/pos_base[6] (kv_bfeed_MAX_N128)            0.00       0.05 f
  u_cp/u_bfeed/U143075/ZN (NOR2V16_140P7T30R)             0.02       0.07 r
  u_cp/u_bfeed/U36448/Z (BUFV20_140P7T30R)                0.02       0.09 r
  u_cp/u_bfeed/U101507/ZN (NOR2V12_140P7T30R)             0.01       0.10 f
  u_cp/u_bfeed/U80137/ZN (CLKNAND2V4_140P7T30R)           0.01       0.11 r
  u_cp/u_bfeed/U64741/ZN (NOR2V6_140P7T30R)               0.01       0.12 f
  u_cp/u_bfeed/U35555/ZN (NOR3V2_140P7T30R)               0.02       0.14 r
  u_cp/u_bfeed/U169103/ZN (NAND2XBV4_140P7T30R)           0.02       0.16 r
  u_cp/u_bfeed/U63664/ZN (NAND2V8_140P7T30R)              0.01       0.17 f
  u_cp/u_bfeed/U35496/ZN (NOR2V8_140P7T30R)               0.01       0.18 r
  u_cp/u_bfeed/U48460/ZN (CLKNAND2V12_140P7T30R)          0.01       0.19 f
  u_cp/u_bfeed/U142302/ZN (CLKNAND2V16_140P7T30R)         0.01       0.20 r
  u_cp/u_bfeed/U41064/ZN (INV16_140P7T30R)                0.01       0.21 f
  u_cp/u_bfeed/U47818/ZN (NOR2V16_140P7T30R)              0.02       0.23 r
  u_cp/u_bfeed/U35226/ZN (INV5_140P7T30R)                 0.01       0.23 f
  u_cp/u_bfeed/U149276/ZN (OAI22V1_140P7T30R)             0.02       0.25 r
  u_cp/u_bfeed/U168443/Z (OA12V4_140P7T30R)               0.02       0.28 r
  u_cp/u_bfeed/U55694/ZN (NOR2V12_140P7T30R)              0.01       0.28 f
  u_cp/u_bfeed/U67799/ZN (CLKNAND2V16_140P7T30R)          0.01       0.29 r
  u_cp/u_bfeed/U35015/ZN (INV12_140P7T30R)                0.01       0.30 f
  u_cp/u_bfeed/U150673/Z (CLKXOR2V6_140P7T30R)            0.02       0.32 f
  u_cp/u_bfeed/U149252/ZN (OAI22V1_140P7T30R)             0.03       0.35 r
  u_cp/u_bfeed/U190596/CO (AD1V4_140P7T30R)               0.04       0.38 r
  u_cp/u_bfeed/U190635/S (AD1V4_140P7T30R)                0.05       0.43 f
  u_cp/u_bfeed/U34667/ZN (OAI12V4_140P7T30R)              0.01       0.45 r
  u_cp/u_bfeed/U57428/ZN (NAND2V8_140P7T30R)              0.01       0.46 f
  u_cp/u_bfeed/U141074/Z (CLKXOR2V6_140P7T30R)            0.02       0.48 f
  u_cp/u_bfeed/U62028/Z (CLKXOR2V6_140P7T30R)             0.02       0.51 f
  u_cp/u_bfeed/U34549/ZN (NAND2V6_140P7T30R)              0.01       0.52 r
  u_cp/u_bfeed/U68763/ZN (OAI12V8_140P7T30R)              0.01       0.53 f
  u_cp/u_bfeed/U60307/ZN (AOI12V12_140P7T30R)             0.01       0.54 r
  u_cp/u_bfeed/U62349/ZN (OAI12V12_140P7T30R)             0.01       0.55 f
  u_cp/u_bfeed/U146506/ZN (NOR2V16_140P7T30R)             0.02       0.57 r
  u_cp/u_bfeed/U142866/ZN (OAI12V12_140P7T30R)            0.01       0.59 f
  u_cp/u_bfeed/U53699/ZN (NOR2V16_140P7T30R)              0.01       0.60 r
  u_cp/u_bfeed/U146624/ZN (NOR2V16_140P7T30R)             0.01       0.61 f
  u_cp/u_bfeed/U49889/ZN (INV20_140P7T30R)                0.01       0.62 r
  u_cp/u_bfeed/U44160/ZN (INV32_140P7T30R)                0.01       0.62 f
  u_cp/u_bfeed/U34102/ZN (CLKNAND2V4_140P7T30R)           0.01       0.63 r
  u_cp/u_bfeed/U117237/ZN (CLKNAND2V12_140P7T30R)         0.02       0.65 f
  u_cp/u_bfeed/U173742/CO (AD1V4_140P7T30R)               0.03       0.69 f
  u_cp/u_bfeed/U169402/Z (MAJ23V4_140P7T30R)              0.02       0.71 f
  u_cp/u_bfeed/U98053/ZN (OAI12V4_140P7T30R)              0.01       0.72 r
  u_cp/u_bfeed/U117186/ZN (NAND2V6_140P7T30R)             0.01       0.74 f
  u_cp/u_bfeed/U151399/Z (CLKXOR2V6_140P7T30R)            0.02       0.76 f
  u_cp/u_bfeed/U151398/Z (CLKXOR2V6_140P7T30R)            0.02       0.78 f
  u_cp/u_bfeed/U61417/ZN (NOR2V8_140P7T30R)               0.01       0.79 r
  u_cp/u_bfeed/U62142/ZN (NOR2V6_140P7T30R)               0.01       0.80 f
  u_cp/u_bfeed/U63628/ZN (NOR2V6_140P7T30R)               0.01       0.81 r
  u_cp/u_bfeed/U64332/ZN (OAI12V6_140P7T30R)              0.01       0.82 f
  u_cp/u_bfeed/U64331/ZN (AOI12V8_140P7T30R)              0.02       0.84 r
  u_cp/u_bfeed/U145065/ZN (OAI12V12_140P7T30R)            0.02       0.85 f
  u_cp/u_bfeed/U33655/Z (BUFV12_140P7T30R)                0.02       0.87 f
  u_cp/u_bfeed/U47701/ZN (NOR2V16_140P7T30R)              0.01       0.88 r
  u_cp/u_bfeed/U51550/ZN (OAI22V12_140P7T30R)             0.02       0.90 f
  u_cp/u_bfeed/U53525/ZN (NOR2V16_140P7T30R)              0.02       0.92 r
  u_cp/u_bfeed/U55658/ZN (NOR2V16_140P7T30R)              0.01       0.92 f
  u_cp/u_bfeed/U56673/ZN (NOR2V16_140P7T30R)              0.01       0.93 r
  u_cp/u_bfeed/U65431/ZN (NAND2V8_140P7T30R)              0.01       0.94 f
  u_cp/u_bfeed/U65432/ZN (NAND2V6_140P7T30R)              0.01       0.95 r
  u_cp/u_bfeed/U107331/ZN (NAND2V8_140P7T30R)             0.02       0.96 f
  u_cp/u_bfeed/U65538/ZN (NAND2XBV6_140P7T30R)            0.01       0.97 r
  u_cp/u_bfeed/U117029/ZN (NOR2V6_140P7T30R)              0.01       0.98 f
  u_cp/u_bfeed/U65612/ZN (INV8_140P7T30R)                 0.01       0.99 r
  u_cp/u_bfeed/U65613/ZN (NOR2V6_140P7T30R)               0.01       0.99 f
  u_cp/u_bfeed/U117013/ZN (AOI12V6_140P7T30R)             0.02       1.01 r
  u_cp/u_bfeed/U45602/ZN (NOR2V12_140P7T30R)              0.01       1.02 f
  u_cp/u_bfeed/U45484/ZN (CLKNAND2V16_140P7T30R)          0.01       1.03 r
  u_cp/u_bfeed/U67784/ZN (INV20_140P7T30R)                0.01       1.04 f
  u_cp/u_bfeed/U145315/ZN (NAND3V12_140P7T30R)            0.01       1.04 r
  u_cp/u_bfeed/U145448/Z (CLKXOR2V6_140P7T30R)            0.02       1.06 r
  u_cp/u_bfeed/U66874/ZN (OAI12V8_140P7T30R)              0.01       1.08 f
  u_cp/u_bfeed/U53374/ZN (INV8_140P7T30R)                 0.01       1.08 r
  u_cp/u_bfeed/U54774/ZN (CLKNAND2V12_140P7T30R)          0.01       1.09 f
  u_cp/u_bfeed/U66316/ZN (NOR2V8_140P7T30R)               0.01       1.10 r
  u_cp/u_bfeed/U67778/ZN (NAND2V8_140P7T30R)              0.01       1.11 f
  u_cp/u_bfeed/U107297/ZN (OAI12V8_140P7T30R)             0.01       1.12 r
  u_cp/u_bfeed/U41013/ZN (CLKNAND2V16_140P7T30R)          0.02       1.14 f
  u_cp/u_bfeed/U49585/ZN (INV20_140P7T30R)                0.01       1.15 r
  u_cp/u_bfeed/U58244/ZN (NOR2V16_140P7T30R)              0.01       1.16 f
  u_cp/u_bfeed/U48459/ZN (INV32_140P7T30R)                0.01       1.17 r
  u_cp/u_bfeed/U48515/ZN (OAI22V12_140P7T30R)             0.01       1.18 f
  u_cp/u_bfeed/U60641/ZN (NOR2V12_140P7T30R)              0.01       1.19 r
  u_cp/u_bfeed/U65492/ZN (OAI12V8_140P7T30R)              0.01       1.20 f
  u_cp/u_bfeed/U143009/ZN (OAI22V8_140P7T30R)             0.02       1.22 r
  u_cp/u_bfeed/U41048/ZN (INV12_140P7T30R)                0.01       1.23 f
  u_cp/u_bfeed/U97969/Z (BUFV12_140P7T30R)                0.01       1.25 f
  u_cp/u_bfeed/U32812/ZN (INV6_140P7T30R)                 0.02       1.26 r
  u_cp/u_bfeed/U49881/ZN (INV4_140P7T30R)                 0.02       1.28 f
  u_cp/u_bfeed/U79884/Z (XOR2V4_140P7T30R)                0.03       1.31 f
  u_cp/u_bfeed/U32683/ZN (CLKNAND2V4_140P7T30R)           0.01       1.32 r
  u_cp/u_bfeed/U73859/ZN (NAND2V3_140P7T30R)              0.01       1.33 f
  u_cp/u_bfeed/U89966/ZN (NOR2V6_140P7T30R)               0.01       1.34 r
  u_cp/u_bfeed/U89963/ZN (CLKNAND2V12_140P7T30R)          0.01       1.36 f
  u_cp/u_bfeed/U77300/ZN (INV8_140P7T30R)                 0.01       1.36 r
  u_cp/u_bfeed/U153680/ZN (NAND3V8_140P7T30R)             0.01       1.38 f
  u_cp/u_bfeed/U50233/ZN (OAI12V8_140P7T30R)              0.01       1.39 r
  u_cp/u_bfeed/U150852/ZN (NOR2V16_140P7T30R)             0.01       1.40 f
  u_cp/u_bfeed/U153135/ZN (MUX2NV4_140P7T30R)             0.02       1.43 f
  u_cp/u_bfeed/U51671/ZN (OAI12V8_140P7T30R)              0.01       1.44 r
  u_cp/u_bfeed/U150973/ZN (OAI12V6_140P7T30R)             0.01       1.45 f
  u_cp/u_bfeed/U149220/ZN (NAND2XBV16_140P7T30R)          0.03       1.48 f
  u_cp/u_bfeed/U68506/ZN (NOR2V16_140P7T30R)              0.02       1.50 r
  u_cp/u_bfeed/U31978/ZN (INV6_140P7T30R)                 0.01       1.51 f
  u_cp/u_bfeed/U149227/ZN (NAND3V12_140P7T30R)            0.01       1.52 r
  u_cp/u_bfeed/U31924/Z (CLKBUFV16_140P7T30R)             0.01       1.53 r
  u_cp/u_bfeed/U52091/ZN (NOR2V6_140P7T30R)               0.01       1.54 f
  u_cp/u_bfeed/U151391/Z (OA1B2V4_140P7T30R)              0.01       1.55 r
  u_cp/u_bfeed/U51703/ZN (NAND3V6_140P7T30R)              0.01       1.56 f
  u_cp/u_bfeed/U31794/ZN (INV8_140P7T30R)                 0.01       1.57 r
  u_cp/u_bfeed/U58179/ZN (AOI12V8_140P7T30R)              0.01       1.58 f
  u_cp/u_bfeed/U116614/ZN (AOI22V8_140P7T30R)             0.02       1.60 r
  u_cp/u_bfeed/U149301/ZN (OAI12V12_140P7T30R)            0.01       1.61 f
  u_cp/u_bfeed/U139197/Z (AND2V6_140P7T30R)               0.01       1.63 f
  u_cp/u_bfeed/U107084/ZN (NOR2V4_140P7T30R)              0.01       1.64 r
  u_cp/u_bfeed/U57433/ZN (AOI12V8_140P7T30R)              0.01       1.65 f
  u_cp/u_bfeed/U57434/ZN (OAI12V12_140P7T30R)             0.02       1.67 r
  u_cp/u_bfeed/U149294/ZN (AOI12V12_140P7T30R)            0.02       1.68 f
  u_cp/u_bfeed/U97818/ZN (OAI12V4_140P7T30R)              0.02       1.70 r
  u_cp/u_bfeed/U57431/ZN (XNOR2V4_140P7T30R)              0.02       1.72 r
  u_cp/u_bfeed/U151024/ZN (MUX2NV4_140P7T30R)             0.02       1.74 f
  u_cp/u_bfeed/U151023/ZN (NAND2V8_140P7T30R)             0.01       1.75 r
  u_cp/u_bfeed/U149279/ZN (NOR2V16_140P7T30R)             0.01       1.76 f
  u_cp/u_bfeed/U48505/ZN (INV20_140P7T30R)                0.01       1.77 r
  u_cp/u_bfeed/U31206/ZN (NOR2V6_140P7T30R)               0.01       1.78 f
  u_cp/u_bfeed/U49550/ZN (AOI22V12_140P7T30R)             0.02       1.80 r
  u_cp/u_bfeed/U51701/ZN (CLKNAND2V16_140P7T30R)          0.01       1.81 f
  u_cp/u_bfeed/U145062/ZN (AOI12V8_140P7T30R)             0.01       1.83 r
  u_cp/u_bfeed/U146621/ZN (OAI12V12_140P7T30R)            0.01       1.84 f
  u_cp/u_bfeed/U168260/ZN (AOI12V8_140P7T30R)             0.01       1.85 r
  u_cp/u_bfeed/U168259/Z (CLKXOR2V6_140P7T30R)            0.02       1.87 r
  u_cp/u_bfeed/U148974/ZN (OAI12V8_140P7T30R)             0.02       1.89 f
  u_cp/u_bfeed/U64192/ZN (CLKNAND2V16_140P7T30R)          0.01       1.90 r
  u_cp/u_bfeed/U45474/ZN (NOR2V16_140P7T30R)              0.01       1.91 f
  u_cp/u_bfeed/U45473/ZN (NOR2V12_140P7T30R)              0.01       1.92 r
  u_cp/u_bfeed/U68664/ZN (OAI12V12_140P7T30R)             0.01       1.93 f
  u_cp/u_bfeed/U30481/Z (BUFV6_140P7T30R)                 0.01       1.94 f
  u_cp/u_bfeed/U168457/ZN (NOR2V4_140P7T30R)              0.01       1.96 r
  u_cp/u_bfeed/U163208/ZN (INV2_140P7T30R)                0.01       1.97 f
  u_cp/u_bfeed/U155877/ZN (AOI12V4_140P7T30R)             0.01       1.98 r
  u_cp/u_bfeed/U116365/ZN (OAI13V4_140P7T30R)             0.02       1.99 f
  u_cp/u_bfeed/U45548/ZN (XNOR2V4_140P7T30R)              0.03       2.02 f
  u_cp/u_bfeed/U45547/ZN (MUX2NV4_140P7T30R)              0.02       2.04 r
  u_cp/u_bfeed/U56646/ZN (CLKNAND2V12_140P7T30R)          0.02       2.06 f
  u_cp/u_bfeed/U56675/ZN (NOR2V16_140P7T30R)              0.02       2.08 r
  u_cp/u_bfeed/U48576/ZN (NAND3V6_140P7T30R)              0.01       2.09 f
  u_cp/u_bfeed/U51615/ZN (OAI12V6_140P7T30R)              0.01       2.10 r
  u_cp/u_bfeed/U60646/ZN (NOR2V6_140P7T30R)               0.01       2.11 f
  u_cp/u_bfeed/U60645/ZN (CLKNAND2V16_140P7T30R)          0.01       2.12 r
  u_cp/u_bfeed/U51607/Z (CLKAND2V16_140P7T30R)            0.02       2.14 r
  u_cp/u_bfeed/U138372/ZN (OAI12V8_140P7T30R)             0.01       2.15 f
  u_cp/u_bfeed/U43910/ZN (AOI12V12_140P7T30R)             0.01       2.16 r
  u_cp/u_bfeed/U60672/ZN (OAI12V12_140P7T30R)             0.01       2.18 f
  u_cp/u_bfeed/U29727/ZN (INV10_140P7T30R)                0.01       2.19 r
  u_cp/u_bfeed/U60295/ZN (OAI12V8_140P7T30R)              0.01       2.20 f
  u_cp/u_bfeed/U148005/Z (CLKXOR2V6_140P7T30R)            0.02       2.22 f
  u_cp/u_bfeed/U61296/ZN (NAND2V8_140P7T30R)              0.01       2.23 r
  u_cp/u_bfeed/U47802/ZN (OAI12V12_140P7T30R)             0.01       2.24 f
  u_cp/u_bfeed/U138126/ZN (NOR2V12_140P7T30R)             0.01       2.25 r
  u_cp/u_bfeed/U29590/ZN (INV6_140P7T30R)                 0.01       2.25 f
  u_cp/u_bfeed/U29545/ZN (NOR2V12_140P7T30R)              0.01       2.27 r
  u_cp/u_bfeed/U48534/ZN (INV12_140P7T30R)                0.01       2.27 f
  u_cp/u_bfeed/U106698/ZN (NAND2XBV8_140P7T30R)           0.01       2.28 r
  u_cp/u_bfeed/U97610/ZN (OAI12V4_140P7T30R)              0.01       2.29 f
  u_cp/u_bfeed/U29397/ZN (NOR2V4_140P7T30R)               0.01       2.30 r
  u_cp/u_bfeed/U148743/ZN (OAI12V8_140P7T30R)             0.02       2.32 f
  u_cp/u_bfeed/U46981/ZN (NOR2V12_140P7T30R)              0.01       2.33 r
  u_cp/u_bfeed/U46980/ZN (OAI12V8_140P7T30R)              0.01       2.34 f
  u_cp/u_bfeed/U149669/ZN (AOI12V8_140P7T30R)             0.02       2.35 r
  u_cp/u_bfeed/U149666/ZN (OAI12V4_140P7T30R)             0.01       2.37 f
  u_cp/u_bfeed/U153020/ZN (XNOR2V4_140P7T30R)             0.03       2.39 f
  u_cp/u_bfeed/U44050/ZN (NAND2XBV12_140P7T30R)           0.02       2.41 f
  u_cp/u_bfeed/U137955/ZN (NOR2V12_140P7T30R)             0.01       2.42 r
  u_cp/u_bfeed/U142853/ZN (CLKNAND2V16_140P7T30R)         0.02       2.44 f
  u_cp/u_bfeed/U67783/ZN (NAND2XBV16_140P7T30R)           0.01       2.45 r
  u_cp/u_bfeed/U51683/ZN (CLKNAND2V16_140P7T30R)          0.01       2.46 f
  u_cp/u_bfeed/U41100/ZN (NOR2XBV16_140P7T30R)            0.01       2.47 r
  u_cp/u_bfeed/U62323/ZN (CLKNAND2V12_140P7T30R)          0.01       2.48 f
  u_cp/u_bfeed/U62322/ZN (NOR3V12_140P7T30R)              0.01       2.50 r
  u_cp/u_bfeed/U148735/ZN (NOR2V16_140P7T30R)             0.01       2.51 f
  u_cp/u_bfeed/U28671/ZN (NAND2XBV6_140P7T30R)            0.02       2.53 f
  u_cp/u_bfeed/U28646/ZN (NAND2V6_140P7T30R)              0.01       2.54 r
  u_cp/u_bfeed/U28565/ZN (INV4_140P7T30R)                 0.01       2.55 f
  u_cp/u_bfeed/U106609/ZN (NOR2V6_140P7T30R)              0.01       2.56 r
  u_cp/u_bfeed/U68584/ZN (NOR2V6_140P7T30R)               0.01       2.56 f
  u_cp/u_bfeed/U115981/ZN (NAND2XBV8_140P7T30R)           0.02       2.58 f
  u_cp/u_bfeed/U146516/ZN (OAI22V12_140P7T30R)            0.02       2.60 r
  u_cp/u_bfeed/U28366/ZN (INV6_140P7T30R)                 0.01       2.61 f
  u_cp/u_bfeed/U28325/ZN (NAND2XBV2_140P7T30R)            0.01       2.62 r
  u_cp/u_bfeed/U51594/ZN (OAI12V6_140P7T30R)              0.01       2.63 f
  u_cp/u_bfeed/U106531/ZN (CLKNAND2V4_140P7T30R)          0.01       2.64 r
  u_cp/u_bfeed/U47304/ZN (NAND2XBV6_140P7T30R)            0.01       2.66 f
  u_cp/u_bfeed/U163313/ZN (AOI12V2_140P7T30R)             0.01       2.67 r
  u_cp/u_bfeed/U137648/ZN (OAI12V2_140P7T30R)             0.02       2.69 f
  u_cp/u_bfeed/U115842/Z (CLKXOR2V1P5_140P7T30R)          0.02       2.71 f
  u_cp/u_bfeed/U153388/ZN (NOR2XBV4_140P7T30R)            0.02       2.73 r
  u_cp/u_bfeed/U65775/ZN (NOR2V12_140P7T30R)              0.01       2.74 f
  u_cp/u_bfeed/U46376/ZN (CLKNAND2V12_140P7T30R)          0.01       2.75 r
  u_cp/u_bfeed/U100813/ZN (NOR2V12_140P7T30R)             0.01       2.75 f
  u_cp/u_bfeed/U27922/ZN (CLKINV10_140P7T30R)             0.01       2.76 r
  u_cp/u_bfeed/U66850/ZN (NOR3V6_140P7T30R)               0.01       2.77 f
  u_cp/u_bfeed/U149473/ZN (NOR2V4_140P7T30R)              0.01       2.78 r
  u_cp/u_bfeed/U66799/ZN (NAND3V6_140P7T30R)              0.02       2.80 f
  u_cp/u_bfeed/U44056/ZN (CLKNAND2V12_140P7T30R)          0.01       2.81 r
  u_cp/u_bfeed/U143020/ZN (CLKNAND2V12_140P7T30R)         0.01       2.82 f
  u_cp/u_bfeed/U27527/Z (BUFV8_140P7T30R)                 0.02       2.84 f
  u_cp/u_bfeed/U27500/Z (AND2V12_140P7T30R)               0.02       2.85 f
  u_cp/u_bfeed/U94267/ZN (INV8_140P7T30R)                 0.01       2.86 r
  u_cp/u_bfeed/U100778/ZN (OAI12V4_140P7T30R)             0.01       2.87 f
  u_cp/u_bfeed/U79557/ZN (NOR2V4_140P7T30R)               0.02       2.89 r
  u_cp/u_bfeed/U106379/ZN (AOI22V4_140P7T30R)             0.01       2.90 f
  u_cp/u_bfeed/U94262/ZN (AOI22V4_140P7T30R)              0.02       2.92 r
  u_cp/u_bfeed/U38336/ZN (OAI22V8_140P7T30R)              0.02       2.94 f
  u_cp/u_bfeed/U148470/Z (BUFV6_140P7T30R)                0.02       2.95 f
  u_cp/u_bfeed/U60669/ZN (AOI22V12_140P7T30R)             0.02       2.97 r
  u_cp/u_bfeed/U61979/ZN (NOR2V4_140P7T30R)               0.01       2.98 f
  u_cp/u_bfeed/U63252/ZN (NOR2V4_140P7T30R)               0.01       2.99 r
  u_cp/u_bfeed/U63253/ZN (NAND2V6_140P7T30R)              0.01       3.00 f
  u_cp/u_bfeed/U53514/ZN (NAND2V8_140P7T30R)              0.01       3.01 r
  u_cp/u_bfeed/U76816/ZN (NAND2V8_140P7T30R)              0.01       3.02 f
  u_cp/u_bfeed/U115609/Z (OR2V6_140P7T30R)                0.02       3.05 f
  u_cp/u_bfeed/U65439/ZN (AOI22V6_140P7T30R)              0.01       3.06 r
  u_cp/u_bfeed/U26778/ZN (OAI12V6_140P7T30R)              0.01       3.07 f
  u_cp/u_bfeed/U39450/ZN (AOI12V8_140P7T30R)              0.02       3.09 r
  u_cp/u_bfeed/U67755/ZN (OAI12V6_140P7T30R)              0.01       3.10 f
  u_cp/u_bfeed/U106205/Z (CLKXOR2V1P5_140P7T30R)          0.02       3.13 f
  u_cp/u_bfeed/U57412/Z (AND2V6_140P7T30R)                0.02       3.14 f
  u_cp/u_bfeed/U57411/ZN (AOI12V8_140P7T30R)              0.01       3.15 r
  u_cp/u_bfeed/U26544/ZN (CLKNAND2V12_140P7T30R)          0.02       3.17 f
  u_cp/u_bfeed/U26508/ZN (NOR2V8_140P7T30R)               0.01       3.18 r
  u_cp/u_bfeed/U45775/ZN (CLKNAND2V12_140P7T30R)          0.01       3.19 f
  u_cp/u_bfeed/U68594/ZN (NOR2V16_140P7T30R)              0.01       3.21 r
  u_cp/u_bfeed/U62379/ZN (NAND3V8_140P7T30R)              0.01       3.22 f
  u_cp/u_bfeed/U38334/ZN (CLKINV7_140P7T30R)              0.01       3.22 r
  u_cp/u_bfeed/U67428/ZN (NOR2V12_140P7T30R)              0.01       3.23 f
  u_cp/u_bfeed/U142360/ZN (CLKNAND2V16_140P7T30R)         0.01       3.24 r
  u_cp/u_bfeed/U144216/ZN (CLKNAND2V16_140P7T30R)         0.02       3.26 f
  u_cp/u_bfeed/U47012/ZN (OAI22V12_140P7T30R)             0.02       3.28 r
  u_cp/u_bfeed/U25971/ZN (NOR2V4_140P7T30R)               0.01       3.29 f
  u_cp/u_bfeed/U25930/ZN (NAND2V3_140P7T30R)              0.01       3.30 r
  u_cp/u_bfeed/U53576/ZN (OAI12V12_140P7T30R)             0.01       3.31 f
  u_cp/u_bfeed/U45447/ZN (AOI12V12_140P7T30R)             0.01       3.32 r
  u_cp/u_bfeed/U145098/Z (OA12V8_140P7T30R)               0.02       3.34 r
  u_cp/u_bfeed/U25741/ZN (INV12_140P7T30R)                0.01       3.35 f
  u_cp/u_bfeed/U173732/S (AD1V4_140P7T30R)                0.06       3.41 r
  u_cp/u_bfeed/U153041/ZN (OAI12V12_140P7T30R)            0.01       3.42 f
  u_cp/u_bfeed/U25551/ZN (CLKNAND2V4_140P7T30R)           0.01       3.43 r
  u_cp/u_bfeed/U65562/ZN (NAND2V8_140P7T30R)              0.01       3.44 f
  u_cp/u_bfeed/U62166/ZN (NAND2V8_140P7T30R)              0.01       3.45 r
  u_cp/u_bfeed/U39020/Z (CLKXOR2V6_140P7T30R)             0.02       3.47 r
  u_cp/u_bfeed/U148601/Z (CLKXOR2V6_140P7T30R)            0.02       3.49 r
  u_cp/u_bfeed/U55652/ZN (NOR2V8_140P7T30R)               0.01       3.50 f
  u_cp/u_bfeed/U38960/ZN (NOR2V12_140P7T30R)              0.01       3.52 r
  u_cp/u_bfeed/U53621/ZN (CLKNAND2V12_140P7T30R)          0.01       3.53 f
  u_cp/u_bfeed/U41101/ZN (NOR2V16_140P7T30R)              0.01       3.54 r
  u_cp/u_bfeed/U43894/ZN (NAND3V12_140P7T30R)             0.02       3.56 f
  u_cp/u_bfeed/U149046/ZN (NAND3V1P5_140P7T30R)           0.02       3.57 r
  u_cp/u_bfeed/U145807/Z (OR2V6_140P7T30R)                0.02       3.59 r
  u_cp/u_bfeed/U51480/ZN (NAND3V12_140P7T30R)             0.03       3.61 f
  u_cp/u_bfeed/U24964/ZN (NOR2V12_140P7T30R)              0.02       3.63 r
  u_cp/u_bfeed/U68645/ZN (INV20_140P7T30R)                0.01       3.64 f
  u_cp/u_bfeed/U24801/ZN (OAI22V4_140P7T30R)              0.02       3.66 r
  u_cp/u_bfeed/U136553/ZN (NOR2V6_140P7T30R)              0.01       3.67 f
  u_cp/u_bfeed/U24668/ZN (INV3_140P7T30R)                 0.01       3.68 r
  u_cp/u_bfeed/U51625/ZN (OAI12V12_140P7T30R)             0.01       3.69 f
  u_cp/u_bfeed/U58217/ZN (NOR2V6_140P7T30R)               0.01       3.71 r
  u_cp/u_bfeed/U43957/ZN (OAI12V8_140P7T30R)              0.01       3.72 f
  u_cp/u_bfeed/U58164/ZN (OAI12V12_140P7T30R)             0.01       3.73 r
  u_cp/u_bfeed/U24474/Z (AND2V6_140P7T30R)                0.02       3.75 r
  u_cp/u_bfeed/U45552/ZN (CLKNAND2V16_140P7T30R)          0.01       3.76 f
  u_cp/u_bfeed/U51506/ZN (OAI12V12_140P7T30R)             0.01       3.77 r
  u_cp/u_bfeed/U55686/ZN (CLKNAND2V12_140P7T30R)          0.01       3.78 f
  u_cp/u_bfeed/U100435/ZN (INV8_140P7T30R)                0.01       3.79 r
  u_cp/u_bfeed/U40838/ZN (NAND3V12_140P7T30R)             0.01       3.80 f
  u_cp/u_bfeed/U60788/Z (AND2V6_140P7T30R)                0.01       3.82 f
  u_cp/u_bfeed/U135115/ZN (AOI22V8_140P7T30R)             0.01       3.83 r
  u_cp/u_bfeed/U40811/ZN (NOR2V16_140P7T30R)              0.01       3.84 f
  u_cp/u_bfeed/U41026/ZN (INV32_140P7T30R)                0.01       3.85 r
  u_cp/u_bfeed/U23825/ZN (INV32_140P7T30R)                0.01       3.86 f
  u_cp/u_bfeed/U23634/ZN (NAND2XBV2_140P7T30R)            0.01       3.87 r
  u_cp/u_bfeed/U76499/ZN (OAI12V4_140P7T30R)              0.02       3.89 f
  u_cp/u_bfeed/U23570/ZN (INV3_140P7T30R)                 0.01       3.90 r
  u_cp/u_bfeed/U69974/ZN (NOR2V2_140P7T30R)               0.01       3.92 f
  u_cp/u_bfeed/U73206/ZN (NOR3V4_140P7T30R)               0.02       3.94 r
  u_cp/u_bfeed/U55663/ZN (NOR2V4_140P7T30R)               0.01       3.95 f
  u_cp/u_bfeed/U114089/ZN (NOR3V6_140P7T30R)              0.02       3.96 r
  u_cp/u_bfeed/U60360/ZN (NAND2V8_140P7T30R)              0.02       3.98 f
  u_cp/u_bfeed/U23168/ZN (CLKNAND2V4_140P7T30R)           0.01       4.00 r
  u_cp/u_bfeed/U52383/ZN (OAI12V8_140P7T30R)              0.01       4.01 f
  u_cp/u_bfeed/U23049/ZN (AOI12V6_140P7T30R)              0.01       4.02 r
  u_cp/u_bfeed/U54838/ZN (OAI12V12_140P7T30R)             0.02       4.04 f
  u_cp/u_bfeed/U38101/ZN (INV10_140P7T30R)                0.01       4.05 r
  u_cp/u_bfeed/U22926/ZN (NOR2V4_140P7T30R)               0.01       4.06 f
  u_cp/u_bfeed/U51929/ZN (NOR2V6_140P7T30R)               0.01       4.07 r
  u_cp/u_bfeed/U146563/Z (CLKXOR2V6_140P7T30R)            0.02       4.09 r
  u_cp/u_bfeed/U62397/ZN (NOR2V8_140P7T30R)               0.01       4.09 f
  u_cp/u_bfeed/U55679/ZN (AOI12V12_140P7T30R)             0.01       4.11 r
  u_cp/u_bfeed/U82227/ZN (CLKNAND2V4_140P7T30R)           0.01       4.12 f
  u_cp/u_bfeed/U22617/ZN (AOI12V6_140P7T30R)              0.01       4.13 r
  u_cp/u_bfeed/U67724/ZN (OAI13V6_140P7T30R)              0.01       4.14 f
  u_cp/u_bfeed/U65170/ZN (AOI12V8_140P7T30R)              0.01       4.15 r
  u_cp/u_bfeed/U82185/ZN (OAI12V8_140P7T30R)              0.01       4.17 f
  u_cp/u_bfeed/U59940/ZN (NOR2V16_140P7T30R)              0.01       4.18 r
  u_cp/u_bfeed/U50223/ZN (CLKNAND2V16_140P7T30R)          0.02       4.20 f
  u_cp/u_bfeed/U50222/ZN (NAND3V12_140P7T30R)             0.01       4.21 r
  u_cp/u_bfeed/U53609/ZN (INV16_140P7T30R)                0.01       4.22 f
  u_cp/u_bfeed/U66795/ZN (NOR2V16_140P7T30R)              0.01       4.23 r
  u_cp/u_bfeed/U37838/ZN (NOR2V12_140P7T30R)              0.01       4.24 f
  u_cp/u_bfeed/U22023/ZN (AOI12V4_140P7T30R)              0.01       4.25 r
  u_cp/u_bfeed/U21978/ZN (OAI12V4_140P7T30R)              0.01       4.26 f
  u_cp/u_bfeed/U88714/ZN (AOI12V4_140P7T30R)              0.02       4.28 r
  u_cp/u_bfeed/U142376/Z (AO1B2V4_140P7T30R)              0.01       4.29 f
  u_cp/u_bfeed/U21836/ZN (NOR2V12_140P7T30R)              0.02       4.30 r
  u_cp/u_bfeed/U21660/ZN (XNOR2V2_140P7T30R)              0.03       4.33 r
  u_cp/u_bfeed/U73039/ZN (NAND2XBV2_140P7T30R)            0.01       4.34 f
  u_cp/u_bfeed/U132009/ZN (NAND2V2_140P7T30R)             0.01       4.35 r
  u_cp/u_bfeed/U142285/Z (AO1B2V4_140P7T30R)              0.01       4.36 f
  u_cp/u_bfeed/U131959/ZN (XNOR2V2_140P7T30R)             0.02       4.38 f
  u_cp/u_bfeed/U100105/ZN (XNOR2V2_140P7T30R)             0.03       4.41 f
  u_cp/u_bfeed/U96779/ZN (NAND2V3_140P7T30R)              0.02       4.43 r
  u_cp/u_bfeed/U21353/ZN (OAI12V6_140P7T30R)              0.01       4.44 f
  u_cp/u_bfeed/U62241/ZN (AOI12V6_140P7T30R)              0.02       4.45 r
  u_cp/u_bfeed/U61302/ZN (OAI12V6_140P7T30R)              0.01       4.47 f
  u_cp/u_bfeed/U57425/ZN (NOR2V8_140P7T30R)               0.01       4.48 r
  u_cp/u_bfeed/U62263/ZN (OAI12V12_140P7T30R)             0.01       4.49 f
  u_cp/u_bfeed/U20906/ZN (CLKNAND2V4_140P7T30R)           0.01       4.50 r
  u_cp/u_bfeed/U20881/ZN (CLKNAND2V4_140P7T30R)           0.01       4.51 f
  u_cp/u_bfeed/U79056/ZN (AOI13V6_140P7T30R)              0.02       4.53 r
  u_cp/u_bfeed/U59776/Z (CLKXOR2V6_140P7T30R)             0.02       4.55 r
  u_cp/u_bfeed/U20705/ZN (NOR2V4_140P7T30R)               0.01       4.56 f
  u_cp/u_bfeed/U51655/ZN (NOR2V16_140P7T30R)              0.03       4.59 r
  u_cp/u_bfeed/U49845/ZN (INV16_140P7T30R)                0.02       4.60 f
  u_cp/u_bfeed/U193708/ZN (XNOR2V2_140P7T30R)             0.03       4.63 f
  u_cp/u_bfeed/U173239/ZN (OAI22V4_140P7T30R)             0.02       4.66 r
  u_cp/u_bfeed/U169722/S (AD1V4_140P7T30R)                0.05       4.71 f
  u_cp/u_bfeed/U168841/Z (MAJ23V4_140P7T30R)              0.02       4.73 f
  u_cp/u_bfeed/U169175/Z (MAJ23V4_140P7T30R)              0.03       4.75 f
  u_cp/u_bfeed/U68578/Z (CLKXOR2V6_140P7T30R)             0.02       4.78 f
  u_cp/u_bfeed/U168558/Z (CLKXOR2V6_140P7T30R)            0.02       4.79 f
  u_cp/u_bfeed/U51789/Z (CLKXOR2V1P5_140P7T30R)           0.03       4.82 f
  u_cp/u_bfeed/U96638/Z (AND2V2_140P7T30R)                0.02       4.84 f
  u_cp/u_bfeed/U68502/ZN (NOR2V4_140P7T30R)               0.01       4.85 r
  u_cp/u_bfeed/U130372/ZN (OAI12V4_140P7T30R)             0.01       4.86 f
  u_cp/u_bfeed/U49574/ZN (AOI12V8_140P7T30R)              0.02       4.88 r
  u_cp/u_bfeed/U45844/ZN (OAI12V8_140P7T30R)              0.01       4.89 f
  u_cp/u_bfeed/U39435/ZN (AOI12V12_140P7T30R)             0.01       4.91 r
  u_cp/u_bfeed/U18739/Z (OR2V12_140P7T30R)                0.01       4.92 r
  u_cp/u_bfeed/U142178/ZN (CLKNAND2V16_140P7T30R)         0.01       4.93 f
  u_cp/u_bfeed/U18568/Z (BUFV16_140P7T30R)                0.02       4.95 f
  u_cp/u_bfeed/U18489/ZN (NAND2XBV8_140P7T30R)            0.01       4.96 r
  u_cp/u_bfeed/U153017/ZN (OAI12V12_140P7T30R)            0.01       4.97 f
  u_cp/u_bfeed/U129807/ZN (NAND2XBV8_140P7T30R)           0.02       4.99 f
  u_cp/u_bfeed/U46339/ZN (AOI12V6_140P7T30R)              0.01       5.00 r
  u_cp/u_bfeed/U39378/ZN (NAND3V8_140P7T30R)              0.02       5.02 f
  u_cp/u_bfeed/U39377/ZN (CLKNAND2V16_140P7T30R)          0.01       5.03 r
  u_cp/u_bfeed/U142656/Z (CLKMUX2V12_140P7T30R)           0.03       5.06 f
  u_cp/u_bfeed/U17589/ZN (CLKINV32_140P7T30R)             0.01       5.07 r
  u_cp/u_bfeed/U42508/ZN (CLKNAND2V16_140P7T30R)          0.01       5.08 f
  u_cp/u_bfeed/U129322/ZN (NOR2V12_140P7T30R)             0.01       5.10 r
  u_cp/u_bfeed/U47253/Z (BUFV8_140P7T30R)                 0.02       5.11 r
  u_cp/u_bfeed/U37925/ZN (NAND4V1P5_140P7T30R)            0.02       5.13 f
  u_cp/u_bfeed/U72821/ZN (OAI12V2_140P7T30R)              0.02       5.15 r
  u_cp/u_bfeed/U99765/ZN (AOI12V4_140P7T30R)              0.01       5.16 f
  u_cp/u_bfeed/U85157/ZN (NAND2V6_140P7T30R)              0.01       5.17 r
  u_cp/u_bfeed/U16700/ZN (INV4_140P7T30R)                 0.01       5.18 f
  u_cp/u_bfeed/U16661/ZN (NOR2V2_140P7T30R)               0.02       5.19 r
  u_cp/u_bfeed/U93067/ZN (NOR2V4_140P7T30R)               0.01       5.20 f
  u_cp/u_bfeed/U45416/ZN (NAND2V6_140P7T30R)              0.01       5.21 r
  u_cp/u_bfeed/U16441/ZN (NAND2V6_140P7T30R)              0.01       5.22 f
  u_cp/u_bfeed/U16423/ZN (CLKNAND2V4_140P7T30R)           0.01       5.23 r
  u_cp/u_bfeed/U16358/ZN (NAND2V6_140P7T30R)              0.01       5.24 f
  u_cp/u_bfeed/U128740/ZN (NAND2XBV4_140P7T30R)           0.02       5.26 f
  u_cp/u_bfeed/U64380/ZN (AOI13V4_140P7T30R)              0.01       5.27 r
  u_cp/u_bfeed/U64379/ZN (XNOR2V2_140P7T30R)              0.02       5.30 r
  u_cp/u_bfeed/U148841/ZN (OAI22V4_140P7T30R)             0.01       5.31 f
  u_cp/u_bfeed/U64321/ZN (NOR2V8_140P7T30R)               0.01       5.32 r
  u_cp/u_bfeed/U53366/ZN (CLKNAND2V12_140P7T30R)          0.01       5.33 f
  u_cp/u_bfeed/U92903/ZN (NOR2V16_140P7T30R)              0.02       5.35 r
  u_cp/u_bfeed/U39458/ZN (NAND3V8_140P7T30R)              0.02       5.37 f
  u_cp/u_bfeed/U39457/ZN (NOR2V12_140P7T30R)              0.01       5.38 r
  u_cp/u_bfeed/U72683/ZN (INV12_140P7T30R)                0.01       5.39 f
  u_cp/u_bfeed/U64360/ZN (NOR2V8_140P7T30R)               0.01       5.40 r
  u_cp/u_bfeed/U47200/ZN (NOR2V8_140P7T30R)               0.01       5.40 f
  u_cp/u_bfeed/U64334/ZN (NOR2XBV8_140P7T30R)             0.01       5.41 r
  u_cp/u_bfeed/U61314/ZN (OAI12V8_140P7T30R)              0.01       5.43 f
  u_cp/u_bfeed/U49768/ZN (AOI12V8_140P7T30R)              0.01       5.44 r
  u_cp/u_bfeed/U65420/ZN (OAI12V6_140P7T30R)              0.01       5.45 f
  u_cp/u_bfeed/U54760/Z (CLKXOR2V6_140P7T30R)             0.02       5.47 f
  u_cp/u_bfeed/U15368/ZN (NOR2V4_140P7T30R)               0.01       5.48 r
  u_cp/u_bfeed/U127990/ZN (NOR3V8_140P7T30R)              0.01       5.49 f
  u_cp/u_bfeed/U51684/ZN (CLKNAND2V16_140P7T30R)          0.02       5.51 r
  u_cp/u_bfeed/U71298/ZN (NAND2XBV16_140P7T30R)           0.01       5.52 f
  u_cp/u_bfeed/U14876/ZN (INV16_140P7T30R)                0.01       5.53 r
  u_cp/u_bfeed/U92734/ZN (CLKNAND2V4_140P7T30R)           0.01       5.54 f
  u_cp/u_bfeed/U92720/ZN (NAND2V6_140P7T30R)              0.01       5.55 r
  u_cp/u_bfeed/U103950/ZN (NOR2XBV4_140P7T30R)            0.01       5.55 f
  u_cp/u_bfeed/U75607/Z (OR2V8_140P7T30R)                 0.02       5.57 f
  u_cp/u_bfeed/U143265/ZN (NOR2V16_140P7T30R)             0.02       5.59 r
  u_cp/u_bfeed/U14127/ZN (XNOR2V2_140P7T30R)              0.03       5.61 r
  u_cp/u_bfeed/U194828/ZN (OAI22V4_140P7T30R)             0.02       5.63 f
  u_cp/u_bfeed/U194850/CO (AD1V4_140P7T30R)               0.04       5.67 f
  u_cp/u_bfeed/U13937/ZN (OAI12V2_140P7T30R)              0.01       5.68 r
  u_cp/u_bfeed/U13918/ZN (NAND2V2_140P7T30R)              0.01       5.69 f
  u_cp/u_bfeed/U13850/Z (XOR2V2_140P7T30R)                0.02       5.72 f
  u_cp/u_bfeed/U13825/ZN (XNOR2V2_140P7T30R)              0.03       5.75 f
  u_cp/u_bfeed/U142269/Z (MAJ23V4_140P7T30R)              0.03       5.77 f
  u_cp/u_bfeed/U103823/ZN (XNOR2V2_140P7T30R)             0.02       5.80 f
  u_cp/u_bfeed/U66856/ZN (XNOR2V4_140P7T30R)              0.03       5.82 f
  u_cp/u_bfeed/U81494/ZN (CLKNAND2V4_140P7T30R)           0.01       5.84 r
  u_cp/u_bfeed/U72524/ZN (OAI12V6_140P7T30R)              0.01       5.85 f
  u_cp/u_bfeed/U49886/ZN (AOI12V8_140P7T30R)              0.02       5.86 r
  u_cp/u_bfeed/U13655/ZN (OAI12V6_140P7T30R)              0.01       5.88 f
  u_cp/u_bfeed/U53381/ZN (AOI12V8_140P7T30R)              0.02       5.89 r
  u_cp/u_bfeed/U169127/ZN (OAI12V8_140P7T30R)             0.01       5.90 f
  u_cp/u_bfeed/U151420/Z (CLKXOR2V12_140P7T30R)           0.03       5.93 f
  u_cp/u_bfeed/U42537/ZN (INV24_140P7T30R)                0.02       5.95 r
  u_cp/u_bfeed/U13357/ZN (INV16_140P7T30R)                0.01       5.95 f
  u_cp/u_bfeed/U75446/ZN (NAND2XBV4_140P7T30R)            0.01       5.96 r
  u_cp/u_bfeed/U60629/ZN (NAND2V8_140P7T30R)              0.01       5.97 f
  u_cp/u_bfeed/U111229/ZN (OAI12V8_140P7T30R)             0.01       5.98 r
  u_cp/u_bfeed/U78534/ZN (AOI12V8_140P7T30R)              0.02       6.00 f
  u_cp/u_bfeed/U142660/ZN (NOR2V16_140P7T30R)             0.02       6.02 r
  u_cp/u_bfeed/U12829/ZN (INV24_140P7T30R)                0.01       6.03 f
  u_cp/u_bfeed/U12649/ZN (NAND2XBV2_140P7T30R)            0.01       6.04 r
  u_cp/u_bfeed/U12605/ZN (NAND3V6_140P7T30R)              0.02       6.06 f
  u_cp/u_bfeed/U92406/ZN (AOI12V4_140P7T30R)              0.02       6.08 r
  u_cp/u_bfeed/U111085/ZN (OAI12V6_140P7T30R)             0.02       6.10 f
  u_cp/u_bfeed/U111083/ZN (NOR2V4_140P7T30R)              0.01       6.11 r
  u_cp/u_bfeed/U103544/ZN (NOR3V6_140P7T30R)              0.01       6.12 f
  u_cp/u_bfeed/U195104/ZN (INV4_140P7T30R)                0.01       6.13 r
  u_cp/u_bfeed/U11701/ZN (OAI22V8_140P7T30R)              0.01       6.14 f
  u_cp/u_bfeed/U11353/ZN (INV2_140P7T30R)                 0.01       6.16 r
  u_cp/u_bfeed/U11214/Z (OR2V2_140P7T30R)                 0.02       6.17 r
  u_cp/u_bfeed/U81325/ZN (NAND2V2_140P7T30R)              0.01       6.19 f
  u_cp/u_bfeed/U75313/ZN (NOR2V2_140P7T30R)               0.02       6.21 r
  u_cp/u_bfeed/U11078/ZN (NAND2V2_140P7T30R)              0.02       6.23 f
  u_cp/u_bfeed/U11011/Z (OR2V2_140P7T30R)                 0.03       6.25 f
  u_cp/u_bfeed/U148758/ZN (NOR2V6_140P7T30R)              0.01       6.27 r
  u_cp/u_bfeed/U125020/ZN (NOR2XBV4_140P7T30R)            0.01       6.27 f
  u_cp/u_bfeed/U168399/Z (CLKXOR2V6_140P7T30R)            0.02       6.29 f
  u_cp/u_bfeed/U124956/ZN (NOR2V6_140P7T30R)              0.01       6.31 r
  u_cp/u_bfeed/U10807/ZN (NOR2V12_140P7T30R)              0.01       6.32 f
  u_cp/u_bfeed/U124888/ZN (CLKNAND2V12_140P7T30R)         0.01       6.33 r
  u_cp/u_bfeed/U46332/ZN (NOR2V16_140P7T30R)              0.01       6.33 f
  u_cp/u_bfeed/U57461/ZN (CLKNAND2V4_140P7T30R)           0.01       6.34 r
  u_cp/u_bfeed/U43914/ZN (NAND3V6_140P7T30R)              0.01       6.36 f
  u_cp/u_bfeed/U84590/ZN (NOR2V6_140P7T30R)               0.01       6.37 r
  u_cp/u_bfeed/U81220/ZN (CLKNAND2V12_140P7T30R)          0.01       6.38 f
  u_cp/u_bfeed/U10479/ZN (NAND2XBV6_140P7T30R)            0.01       6.39 r
  u_cp/u_bfeed/U95802/ZN (NAND3V8_140P7T30R)              0.01       6.40 f
  u_cp/u_bfeed/U10372/ZN (INV6_140P7T30R)                 0.01       6.42 r
  u_cp/u_bfeed/U10347/ZN (INV6_140P7T30R)                 0.01       6.43 f
  u_cp/u_bfeed/U68454/Z (OA12V8_140P7T30R)                0.02       6.45 f
  u_cp/u_bfeed/U64325/ZN (NOR2V12_140P7T30R)              0.01       6.46 r
  u_cp/u_bfeed/U59739/ZN (CLKNAND2V12_140P7T30R)          0.01       6.47 f
  u_cp/u_bfeed/U142653/ZN (OAI12V8_140P7T30R)             0.01       6.48 r
  u_cp/u_bfeed/U57476/ZN (CLKNAND2V12_140P7T30R)          0.01       6.49 f
  u_cp/u_bfeed/U148838/Z (BUFV8_140P7T30R)                0.02       6.51 f
  u_cp/u_bfeed/U81160/ZN (AOI22V4_140P7T30R)              0.02       6.53 r
  u_cp/u_bfeed/U168830/ZN (NAND3V12_140P7T30R)            0.02       6.55 f
  u_cp/u_bfeed/U9055/Z (BUFV16_140P7T30R)                 0.02       6.57 f
  u_cp/u_bfeed/U155697/ZN (OAI22V4_140P7T30R)             0.01       6.58 r
  u_cp/u_bfeed/U47856/S (AD1V4_140P7T30R)                 0.05       6.63 f
  u_cp/u_bfeed/U195648/CO (AD1V4_140P7T30R)               0.03       6.66 f
  u_cp/u_bfeed/U195658/S (AD1V4_140P7T30R)                0.05       6.71 r
  u_cp/u_bfeed/U195663/S (AD1V4_140P7T30R)                0.05       6.76 f
  u_cp/u_bfeed/U47815/ZN (NAND2V8_140P7T30R)              0.01       6.77 r
  u_cp/u_bfeed/U47816/ZN (INV6_140P7T30R)                 0.00       6.77 f
  u_cp/u_bfeed/U51726/ZN (AOI12V6_140P7T30R)              0.01       6.78 r
  u_cp/u_bfeed/U51727/ZN (OAI12V6_140P7T30R)              0.01       6.79 f
  u_cp/u_bfeed/U47832/ZN (AOI12V6_140P7T30R)              0.02       6.81 r
  u_cp/u_bfeed/U72224/ZN (OAI12V6_140P7T30R)              0.01       6.82 f
  u_cp/u_bfeed/U44070/ZN (AOI12V8_140P7T30R)              0.02       6.84 r
  u_cp/u_bfeed/U8332/Z (OA12V6_140P7T30R)                 0.02       6.86 r
  u_cp/u_bfeed/U169217/ZN (OAI12V8_140P7T30R)             0.01       6.87 f
  u_cp/u_bfeed/U149468/Z (CLKXOR2V12_140P7T30R)           0.03       6.90 f
  u_cp/u_bfeed/U45432/ZN (INV24_140P7T30R)                0.02       6.91 r
  u_cp/u_bfeed/U8135/ZN (NAND2XBV6_140P7T30R)             0.01       6.92 f
  u_cp/u_bfeed/U38404/ZN (OAI12V12_140P7T30R)             0.01       6.93 r
  u_cp/u_bfeed/U165385/ZN (NOR2XBV8_140P7T30R)            0.02       6.95 r
  u_cp/u_bfeed/U146803/ZN (OAI12V12_140P7T30R)            0.01       6.96 f
  u_cp/u_bfeed/U7935/ZN (NOR2V8_140P7T30R)                0.01       6.98 r
  u_cp/u_bfeed/U53425/ZN (OAI12V8_140P7T30R)              0.01       6.99 f
  u_cp/u_bfeed/U47809/ZN (CLKNAND2V16_140P7T30R)          0.01       7.00 r
  u_cp/u_bfeed/U71314/ZN (INV32_140P7T30R)                0.01       7.01 f
  u_cp/u_bfeed/U71313/ZN (INV40_140P7T30R)                0.01       7.02 r
  u_cp/u_bfeed/U148493/ZN (INV40_140P7T30R)               0.01       7.03 f
  u_cp/u_bfeed/U6811/ZN (NOR2V2_140P7T30R)                0.05       7.08 r
  u_cp/u_bfeed/U195768/ZN (NAND2V2_140P7T30R)             0.02       7.10 f
  u_cp/u_bfeed/U91658/ZN (NAND3V4_140P7T30R)              0.02       7.12 r
  u_cp/u_bfeed/U121991/ZN (INV2_140P7T30R)                0.02       7.14 f
  u_cp/u_bfeed/U195776/ZN (NAND2V2_140P7T30R)             0.01       7.15 r
  u_cp/u_bfeed/U102676/ZN (NAND4V1P5_140P7T30R)           0.02       7.16 f
  u_cp/u_bfeed/U109503/ZN (OAI112V2_140P7T30R)            0.02       7.18 r
  u_cp/u_bfeed/U62356/ZN (AOI13V4_140P7T30R)              0.01       7.19 f
  u_cp/u_bfeed/U166413/ZN (OAI12V4_140P7T30R)             0.01       7.21 r
  u_cp/u_bfeed/U68491/ZN (NAND3V6_140P7T30R)              0.02       7.22 f
  u_cp/u_bfeed/U47207/ZN (CLKNAND2V16_140P7T30R)          0.01       7.24 r
  u_cp/u_bfeed/U146800/ZN (NOR2V16_140P7T30R)             0.01       7.25 f
  u_cp/u_bfeed/U39416/Z (AO1B2V4_140P7T30R)               0.03       7.28 f
  u_cp/u_bfeed/U39415/ZN (AOI12V12_140P7T30R)             0.02       7.29 r
  u_cp/u_bfeed/U170652/ZN (INV4_140P7T30R)                0.01       7.30 f
  u_cp/u_bfeed/U66846/ZN (CLKNAND2V4_140P7T30R)           0.01       7.31 r
  u_cp/u_bfeed/U70498/Z (OA13V2_140P7T30R)                0.03       7.33 r
  u_cp/u_bfeed/U57438/ZN (OAI12V8_140P7T30R)              0.01       7.35 f
  u_cp/u_bfeed/U44078/ZN (OAI12V12_140P7T30R)             0.01       7.36 r
  u_cp/u_bfeed/U63214/Z (AND3V8_140P7T30R)                0.02       7.39 r
  u_cp/u_bfeed/U49799/ZN (OAI12V8_140P7T30R)              0.01       7.40 f
  u_cp/u_bfeed/U144193/ZN (AOI12V12_140P7T30R)            0.02       7.42 r
  u_cp/u_bfeed/U142300/ZN (OAI12V8_140P7T30R)             0.01       7.43 f
  u_cp/u_bfeed/U65718/Z (CLKXOR2V6_140P7T30R)             0.02       7.45 f
  u_cp/u_bfeed/U37782/ZN (NOR2XBV8_140P7T30R)             0.01       7.46 r
  u_cp/u_bfeed/U47788/ZN (NOR2V6_140P7T30R)               0.01       7.46 f
  u_cp/u_bfeed/U68496/ZN (NOR2V8_140P7T30R)               0.01       7.47 r
  u_cp/u_bfeed/U109061/ZN (NAND2V8_140P7T30R)             0.01       7.48 f
  u_cp/u_bfeed/U143007/ZN (NOR2V16_140P7T30R)             0.02       7.50 r
  u_cp/u_bfeed/U142199/ZN (NOR2V16_140P7T30R)             0.01       7.52 f
  u_cp/u_bfeed/U4763/ZN (AOI12V6_140P7T30R)               0.01       7.53 r
  u_cp/u_bfeed/U46371/ZN (NAND2V8_140P7T30R)              0.01       7.54 f
  u_cp/u_bfeed/U46370/ZN (NOR2V12_140P7T30R)              0.01       7.55 r
  u_cp/u_bfeed/U68448/ZN (INV8_140P7T30R)                 0.01       7.56 f
  u_cp/u_bfeed/U169138/ZN (NAND4V6_140P7T30R)             0.01       7.57 r
  u_cp/u_bfeed/U155331/ZN (NOR2V12_140P7T30R)             0.01       7.58 f
  u_cp/u_bfeed/U169403/ZN (NOR2V16_140P7T30R)             0.01       7.59 r
  u_cp/u_bfeed/U91151/ZN (NAND2V8_140P7T30R)              0.01       7.60 f
  u_cp/u_bfeed/U46354/ZN (CLKNAND2V12_140P7T30R)          0.01       7.61 r
  u_cp/u_bfeed/U49592/ZN (INV12_140P7T30R)                0.01       7.62 f
  u_cp/u_bfeed/U61316/ZN (NOR2V12_140P7T30R)              0.01       7.62 r
  u_cp/u_bfeed/U173176/S (AD1V4_140P7T30R)                0.04       7.67 f
  u_cp/u_bfeed/U47698/Z (MAJ23V4_140P7T30R)               0.02       7.69 f
  u_cp/u_bfeed/U45371/ZN (XNOR2V4_140P7T30R)              0.02       7.71 f
  u_cp/u_bfeed/U45370/ZN (XNOR2V4_140P7T30R)              0.03       7.74 f
  u_cp/u_bfeed/U145547/ZN (NOR2V8_140P7T30R)              0.02       7.76 r
  u_cp/u_bfeed/U68413/ZN (OAI12V8_140P7T30R)              0.01       7.77 f
  u_cp/u_bfeed/U68412/ZN (AOI12V12_140P7T30R)             0.02       7.78 r
  u_cp/u_bfeed/U43811/ZN (NOR2V16_140P7T30R)              0.01       7.79 f
  u_cp/u_bfeed/U142266/ZN (NOR2V16_140P7T30R)             0.02       7.81 r
  u_cp/u_bfeed/U119941/ZN (OAI12V8_140P7T30R)             0.01       7.82 f
  u_cp/u_bfeed/U62317/ZN (AOI12V12_140P7T30R)             0.01       7.83 r
  u_cp/u_bfeed/U68574/ZN (NAND2V8_140P7T30R)              0.01       7.84 f
  u_cp/u_bfeed/U80467/ZN (NAND2V6_140P7T30R)              0.01       7.85 r
  u_cp/u_bfeed/U154875/ZN (NAND3V8_140P7T30R)             0.01       7.86 f
  u_cp/u_bfeed/U108684/ZN (NOR2V8_140P7T30R)              0.01       7.87 r
  u_cp/u_bfeed/U142658/ZN (CLKNAND2V16_140P7T30R)         0.02       7.89 f
  u_cp/u_bfeed/U65783/ZN (CLKNAND2V16_140P7T30R)          0.01       7.90 r
  u_cp/u_bfeed/U46304/Z (OA22V12_140P7T30R)               0.02       7.93 r
  u_cp/u_bfeed/U51473/ZN (CLKNAND2V16_140P7T30R)          0.01       7.94 f
  u_cp/u_bfeed/U3286/ZN (CLKNAND2V12_140P7T30R)           0.01       7.94 r
  u_cp/u_bfeed/U68535/ZN (NAND3V8_140P7T30R)              0.01       7.96 f
  u_cp/u_bfeed/U47850/ZN (OAI12V12_140P7T30R)             0.02       7.98 r
  u_cp/u_bfeed/U47849/ZN (AOI12V6_140P7T30R)              0.01       7.99 f
  u_cp/u_bfeed/U146517/ZN (XNOR2V4_140P7T30R)             0.02       8.01 f
  u_cp/u_bfeed/U68911/ZN (NAND3V8_140P7T30R)              0.02       8.03 r
  u_cp/u_bfeed/U119383/ZN (NOR2V8_140P7T30R)              0.01       8.04 f
  u_cp/u_bfeed/U55620/ZN (INV7_140P7T30R)                 0.01       8.05 r
  u_cp/u_bfeed/U146898/ZN (OAI12V12_140P7T30R)            0.01       8.06 f
  u_cp/u_bfeed/U2632/ZN (CLKNAND2V12_140P7T30R)           0.01       8.07 r
  u_cp/u_bfeed/U39402/ZN (CLKNAND2V16_140P7T30R)          0.01       8.08 f
  u_cp/u_bfeed/U59734/ZN (INV4_140P7T30R)                 0.01       8.09 r
  u_cp/u_bfeed/U59733/ZN (NOR2V6_140P7T30R)               0.01       8.09 f
  u_cp/u_bfeed/U101951/ZN (NOR2V8_140P7T30R)              0.01       8.11 r
  u_cp/u_bfeed/U44400/ZN (NAND2V6_140P7T30R)              0.01       8.11 f
  u_cp/u_bfeed/U170115/ZN (NOR4V6_140P7T30R)              0.02       8.13 r
  u_cp/u_bfeed/U146363/ZN (NAND4V6_140P7T30R)             0.02       8.15 f
  u_cp/u_bfeed/U143224/ZN (AOI12V8_140P7T30R)             0.02       8.17 r
  u_cp/u_bfeed/U47337/ZN (NOR2V16_140P7T30R)              0.01       8.18 f
  u_cp/u_bfeed/U45601/ZN (INV32_140P7T30R)                0.01       8.19 r
  u_cp/u_bfeed/U60336/ZN (OAI22V8_140P7T30R)              0.01       8.20 f
  u_cp/u_bfeed/U48457/ZN (AOI12V12_140P7T30R)             0.02       8.22 r
  u_cp/u_bfeed/U48456/ZN (CLKNAND2V12_140P7T30R)          0.01       8.23 f
  u_cp/u_bfeed/U1525/ZN (NOR2V16_140P7T30R)               0.02       8.25 r
  u_cp/u_bfeed/U61372/ZN (CLKNAND2V16_140P7T30R)          0.01       8.26 f
  u_cp/u_bfeed/U80299/ZN (CLKINV20_140P7T30R)             0.01       8.27 r
  u_cp/u_bfeed/U55726/ZN (CLKNAND2V12_140P7T30R)          0.01       8.28 f
  u_cp/u_bfeed/U142836/ZN (NAND2V6_140P7T30R)             0.01       8.29 r
  u_cp/u_bfeed/U48567/ZN (OAI12V8_140P7T30R)              0.01       8.30 f
  u_cp/u_bfeed/U57360/ZN (NAND2XBV8_140P7T30R)            0.01       8.31 r
  u_cp/u_bfeed/U52162/ZN (NAND3V6_140P7T30R)              0.01       8.32 f
  u_cp/u_bfeed/U52161/ZN (AOI12V12_140P7T30R)             0.01       8.33 r
  u_cp/u_bfeed/U144183/Z (CLKXOR2V6_140P7T30R)            0.02       8.35 r
  u_cp/u_bfeed/U146337/ZN (OAI12V8_140P7T30R)             0.01       8.37 f
  u_cp/u_bfeed/U55564/ZN (NAND3V8_140P7T30R)              0.01       8.38 r
  u_cp/u_bfeed/U49572/ZN (INV16_140P7T30R)                0.01       8.39 f
  u_cp/u_bfeed/U52437/ZN (CLKNAND2V16_140P7T30R)          0.01       8.40 r
  u_cp/u_bfeed/U45687/ZN (CLKINV20_140P7T30R)             0.01       8.40 f
  u_cp/u_bfeed/U899/ZN (NOR2V8_140P7T30R)                 0.01       8.41 r
  u_cp/u_bfeed/U881/ZN (INV4_140P7T30R)                   0.01       8.42 f
  u_cp/u_bfeed/U74262/ZN (OAI12V6_140P7T30R)              0.01       8.43 r
  u_cp/u_bfeed/U74253/ZN (AOI12V8_140P7T30R)              0.01       8.44 f
  u_cp/u_bfeed/U118594/ZN (NOR3V8_140P7T30R)              0.02       8.45 r
  u_cp/u_bfeed/U39376/ZN (NAND3V12_140P7T30R)             0.02       8.48 f
  u_cp/u_bfeed/U39375/ZN (CLKINV32_140P7T30R)             0.01       8.49 r
  u_cp/u_bfeed/U680/ZN (NOR3V6_140P7T30R)                 0.01       8.50 f
  u_cp/u_bfeed/U37607/ZN (NOR2V4_140P7T30R)               0.01       8.51 r
  u_cp/u_bfeed/U37619/Z (AND2V12_140P7T30R)               0.02       8.53 r
  u_cp/u_bfeed/U37811/ZN (INV32_140P7T30R)                0.01       8.54 f
  u_cp/u_bfeed/U37880/ZN (NAND2V2_140P7T30R)              0.01       8.55 r
  u_cp/u_bfeed/U37701/ZN (NAND2V2_140P7T30R)              0.01       8.56 f
  u_cp/u_bfeed/row_reg[111][26]/D (DQV2_140P7T30R)        0.00       8.56 f
  data arrival time                                                  8.56

  clock clk (rise edge)                                   1.00       1.00
  clock network delay (ideal)                             0.00       1.00
  u_cp/u_bfeed/row_reg[111][26]/CK (DQV2_140P7T30R)       0.00       1.00 r
  library setup time                                     -0.01       0.99
  data required time                                                 0.99
  --------------------------------------------------------------------------
  data required time                                                 0.99
  data arrival time                                                 -8.56
  --------------------------------------------------------------------------
  slack (VIOLATED)                                                  -7.57


  Startpoint: u_cp/pos_base_reg[6]
              (rising edge-triggered flip-flop clocked by clk)
  Endpoint: u_cp/u_bfeed/row_reg[59][26]
            (rising edge-triggered flip-flop clocked by clk)
  Path Group: clk
  Path Type: max

  Point                                                   Incr       Path
  --------------------------------------------------------------------------
  clock clk (rise edge)                                   0.00       0.00
  clock network delay (ideal)                             0.00       0.00
  u_cp/pos_base_reg[6]/CK (DQV6_140P7T30R)                0.00 #     0.00 r
  u_cp/pos_base_reg[6]/Q (DQV6_140P7T30R)                 0.05       0.05 f
  u_cp/u_bfeed/pos_base[6] (kv_bfeed_MAX_N128)            0.00       0.05 f
  u_cp/u_bfeed/U143075/ZN (NOR2V16_140P7T30R)             0.02       0.07 r
  u_cp/u_bfeed/U36448/Z (BUFV20_140P7T30R)                0.02       0.09 r
  u_cp/u_bfeed/U101507/ZN (NOR2V12_140P7T30R)             0.01       0.10 f
  u_cp/u_bfeed/U80137/ZN (CLKNAND2V4_140P7T30R)           0.01       0.11 r
  u_cp/u_bfeed/U64741/ZN (NOR2V6_140P7T30R)               0.01       0.12 f
  u_cp/u_bfeed/U35555/ZN (NOR3V2_140P7T30R)               0.02       0.14 r
  u_cp/u_bfeed/U169103/ZN (NAND2XBV4_140P7T30R)           0.02       0.16 r
  u_cp/u_bfeed/U63664/ZN (NAND2V8_140P7T30R)              0.01       0.17 f
  u_cp/u_bfeed/U35496/ZN (NOR2V8_140P7T30R)               0.01       0.18 r
  u_cp/u_bfeed/U48460/ZN (CLKNAND2V12_140P7T30R)          0.01       0.19 f
  u_cp/u_bfeed/U142302/ZN (CLKNAND2V16_140P7T30R)         0.01       0.20 r
  u_cp/u_bfeed/U41064/ZN (INV16_140P7T30R)                0.01       0.21 f
  u_cp/u_bfeed/U47818/ZN (NOR2V16_140P7T30R)              0.02       0.23 r
  u_cp/u_bfeed/U35226/ZN (INV5_140P7T30R)                 0.01       0.23 f
  u_cp/u_bfeed/U149276/ZN (OAI22V1_140P7T30R)             0.02       0.25 r
  u_cp/u_bfeed/U168443/Z (OA12V4_140P7T30R)               0.02       0.28 r
  u_cp/u_bfeed/U55694/ZN (NOR2V12_140P7T30R)              0.01       0.28 f
  u_cp/u_bfeed/U67799/ZN (CLKNAND2V16_140P7T30R)          0.01       0.29 r
  u_cp/u_bfeed/U35015/ZN (INV12_140P7T30R)                0.01       0.30 f
  u_cp/u_bfeed/U150673/Z (CLKXOR2V6_140P7T30R)            0.02       0.32 f
  u_cp/u_bfeed/U149252/ZN (OAI22V1_140P7T30R)             0.03       0.35 r
  u_cp/u_bfeed/U190596/CO (AD1V4_140P7T30R)               0.04       0.38 r
  u_cp/u_bfeed/U190635/S (AD1V4_140P7T30R)                0.05       0.43 f
  u_cp/u_bfeed/U34667/ZN (OAI12V4_140P7T30R)              0.01       0.45 r
  u_cp/u_bfeed/U57428/ZN (NAND2V8_140P7T30R)              0.01       0.46 f
  u_cp/u_bfeed/U141074/Z (CLKXOR2V6_140P7T30R)            0.02       0.48 f
  u_cp/u_bfeed/U62028/Z (CLKXOR2V6_140P7T30R)             0.02       0.51 f
  u_cp/u_bfeed/U34549/ZN (NAND2V6_140P7T30R)              0.01       0.52 r
  u_cp/u_bfeed/U68763/ZN (OAI12V8_140P7T30R)              0.01       0.53 f
  u_cp/u_bfeed/U60307/ZN (AOI12V12_140P7T30R)             0.01       0.54 r
  u_cp/u_bfeed/U62349/ZN (OAI12V12_140P7T30R)             0.01       0.55 f
  u_cp/u_bfeed/U146506/ZN (NOR2V16_140P7T30R)             0.02       0.57 r
  u_cp/u_bfeed/U142866/ZN (OAI12V12_140P7T30R)            0.01       0.59 f
  u_cp/u_bfeed/U53699/ZN (NOR2V16_140P7T30R)              0.01       0.60 r
  u_cp/u_bfeed/U146624/ZN (NOR2V16_140P7T30R)             0.01       0.61 f
  u_cp/u_bfeed/U49889/ZN (INV20_140P7T30R)                0.01       0.62 r
  u_cp/u_bfeed/U44160/ZN (INV32_140P7T30R)                0.01       0.62 f
  u_cp/u_bfeed/U34102/ZN (CLKNAND2V4_140P7T30R)           0.01       0.63 r
  u_cp/u_bfeed/U117237/ZN (CLKNAND2V12_140P7T30R)         0.02       0.65 f
  u_cp/u_bfeed/U173742/CO (AD1V4_140P7T30R)               0.03       0.69 f
  u_cp/u_bfeed/U169402/Z (MAJ23V4_140P7T30R)              0.02       0.71 f
  u_cp/u_bfeed/U98053/ZN (OAI12V4_140P7T30R)              0.01       0.72 r
  u_cp/u_bfeed/U117186/ZN (NAND2V6_140P7T30R)             0.01       0.74 f
  u_cp/u_bfeed/U151399/Z (CLKXOR2V6_140P7T30R)            0.02       0.76 f
  u_cp/u_bfeed/U151398/Z (CLKXOR2V6_140P7T30R)            0.02       0.78 f
  u_cp/u_bfeed/U61417/ZN (NOR2V8_140P7T30R)               0.01       0.79 r
  u_cp/u_bfeed/U62142/ZN (NOR2V6_140P7T30R)               0.01       0.80 f
  u_cp/u_bfeed/U63628/ZN (NOR2V6_140P7T30R)               0.01       0.81 r
  u_cp/u_bfeed/U64332/ZN (OAI12V6_140P7T30R)              0.01       0.82 f
  u_cp/u_bfeed/U64331/ZN (AOI12V8_140P7T30R)              0.02       0.84 r
  u_cp/u_bfeed/U145065/ZN (OAI12V12_140P7T30R)            0.02       0.85 f
  u_cp/u_bfeed/U33655/Z (BUFV12_140P7T30R)                0.02       0.87 f
  u_cp/u_bfeed/U47701/ZN (NOR2V16_140P7T30R)              0.01       0.88 r
  u_cp/u_bfeed/U51550/ZN (OAI22V12_140P7T30R)             0.02       0.90 f
  u_cp/u_bfeed/U53525/ZN (NOR2V16_140P7T30R)              0.02       0.92 r
  u_cp/u_bfeed/U55658/ZN (NOR2V16_140P7T30R)              0.01       0.92 f
  u_cp/u_bfeed/U56673/ZN (NOR2V16_140P7T30R)              0.01       0.93 r
  u_cp/u_bfeed/U65431/ZN (NAND2V8_140P7T30R)              0.01       0.94 f
  u_cp/u_bfeed/U65432/ZN (NAND2V6_140P7T30R)              0.01       0.95 r
  u_cp/u_bfeed/U107331/ZN (NAND2V8_140P7T30R)             0.02       0.96 f
  u_cp/u_bfeed/U65538/ZN (NAND2XBV6_140P7T30R)            0.01       0.97 r
  u_cp/u_bfeed/U117029/ZN (NOR2V6_140P7T30R)              0.01       0.98 f
  u_cp/u_bfeed/U65612/ZN (INV8_140P7T30R)                 0.01       0.99 r
  u_cp/u_bfeed/U65613/ZN (NOR2V6_140P7T30R)               0.01       0.99 f
  u_cp/u_bfeed/U117013/ZN (AOI12V6_140P7T30R)             0.02       1.01 r
  u_cp/u_bfeed/U45602/ZN (NOR2V12_140P7T30R)              0.01       1.02 f
  u_cp/u_bfeed/U45484/ZN (CLKNAND2V16_140P7T30R)          0.01       1.03 r
  u_cp/u_bfeed/U67784/ZN (INV20_140P7T30R)                0.01       1.04 f
  u_cp/u_bfeed/U145315/ZN (NAND3V12_140P7T30R)            0.01       1.04 r
  u_cp/u_bfeed/U145448/Z (CLKXOR2V6_140P7T30R)            0.02       1.06 r
  u_cp/u_bfeed/U66874/ZN (OAI12V8_140P7T30R)              0.01       1.08 f
  u_cp/u_bfeed/U53374/ZN (INV8_140P7T30R)                 0.01       1.08 r
  u_cp/u_bfeed/U54774/ZN (CLKNAND2V12_140P7T30R)          0.01       1.09 f
  u_cp/u_bfeed/U66316/ZN (NOR2V8_140P7T30R)               0.01       1.10 r
  u_cp/u_bfeed/U67778/ZN (NAND2V8_140P7T30R)              0.01       1.11 f
  u_cp/u_bfeed/U107297/ZN (OAI12V8_140P7T30R)             0.01       1.12 r
  u_cp/u_bfeed/U41013/ZN (CLKNAND2V16_140P7T30R)          0.02       1.14 f
  u_cp/u_bfeed/U49585/ZN (INV20_140P7T30R)                0.01       1.15 r
  u_cp/u_bfeed/U58244/ZN (NOR2V16_140P7T30R)              0.01       1.16 f
  u_cp/u_bfeed/U48459/ZN (INV32_140P7T30R)                0.01       1.17 r
  u_cp/u_bfeed/U48515/ZN (OAI22V12_140P7T30R)             0.01       1.18 f
  u_cp/u_bfeed/U60641/ZN (NOR2V12_140P7T30R)              0.01       1.19 r
  u_cp/u_bfeed/U65492/ZN (OAI12V8_140P7T30R)              0.01       1.20 f
  u_cp/u_bfeed/U143009/ZN (OAI22V8_140P7T30R)             0.02       1.22 r
  u_cp/u_bfeed/U41048/ZN (INV12_140P7T30R)                0.01       1.23 f
  u_cp/u_bfeed/U97969/Z (BUFV12_140P7T30R)                0.01       1.25 f
  u_cp/u_bfeed/U32812/ZN (INV6_140P7T30R)                 0.02       1.26 r
  u_cp/u_bfeed/U49881/ZN (INV4_140P7T30R)                 0.02       1.28 f
  u_cp/u_bfeed/U79884/Z (XOR2V4_140P7T30R)                0.03       1.31 f
  u_cp/u_bfeed/U32683/ZN (CLKNAND2V4_140P7T30R)           0.01       1.32 r
  u_cp/u_bfeed/U73859/ZN (NAND2V3_140P7T30R)              0.01       1.33 f
  u_cp/u_bfeed/U89966/ZN (NOR2V6_140P7T30R)               0.01       1.34 r
  u_cp/u_bfeed/U89963/ZN (CLKNAND2V12_140P7T30R)          0.01       1.36 f
  u_cp/u_bfeed/U77300/ZN (INV8_140P7T30R)                 0.01       1.36 r
  u_cp/u_bfeed/U153680/ZN (NAND3V8_140P7T30R)             0.01       1.38 f
  u_cp/u_bfeed/U50233/ZN (OAI12V8_140P7T30R)              0.01       1.39 r
  u_cp/u_bfeed/U150852/ZN (NOR2V16_140P7T30R)             0.01       1.40 f
  u_cp/u_bfeed/U153135/ZN (MUX2NV4_140P7T30R)             0.02       1.43 f
  u_cp/u_bfeed/U51671/ZN (OAI12V8_140P7T30R)              0.01       1.44 r
  u_cp/u_bfeed/U150973/ZN (OAI12V6_140P7T30R)             0.01       1.45 f
  u_cp/u_bfeed/U149220/ZN (NAND2XBV16_140P7T30R)          0.03       1.48 f
  u_cp/u_bfeed/U68506/ZN (NOR2V16_140P7T30R)              0.02       1.50 r
  u_cp/u_bfeed/U31978/ZN (INV6_140P7T30R)                 0.01       1.51 f
  u_cp/u_bfeed/U149227/ZN (NAND3V12_140P7T30R)            0.01       1.52 r
  u_cp/u_bfeed/U31924/Z (CLKBUFV16_140P7T30R)             0.01       1.53 r
  u_cp/u_bfeed/U52091/ZN (NOR2V6_140P7T30R)               0.01       1.54 f
  u_cp/u_bfeed/U151391/Z (OA1B2V4_140P7T30R)              0.01       1.55 r
  u_cp/u_bfeed/U51703/ZN (NAND3V6_140P7T30R)              0.01       1.56 f
  u_cp/u_bfeed/U31794/ZN (INV8_140P7T30R)                 0.01       1.57 r
  u_cp/u_bfeed/U58179/ZN (AOI12V8_140P7T30R)              0.01       1.58 f
  u_cp/u_bfeed/U116614/ZN (AOI22V8_140P7T30R)             0.02       1.60 r
  u_cp/u_bfeed/U149301/ZN (OAI12V12_140P7T30R)            0.01       1.61 f
  u_cp/u_bfeed/U139197/Z (AND2V6_140P7T30R)               0.01       1.63 f
  u_cp/u_bfeed/U107084/ZN (NOR2V4_140P7T30R)              0.01       1.64 r
  u_cp/u_bfeed/U57433/ZN (AOI12V8_140P7T30R)              0.01       1.65 f
  u_cp/u_bfeed/U57434/ZN (OAI12V12_140P7T30R)             0.02       1.67 r
  u_cp/u_bfeed/U149294/ZN (AOI12V12_140P7T30R)            0.02       1.68 f
  u_cp/u_bfeed/U97818/ZN (OAI12V4_140P7T30R)              0.02       1.70 r
  u_cp/u_bfeed/U57431/ZN (XNOR2V4_140P7T30R)              0.02       1.72 r
  u_cp/u_bfeed/U151024/ZN (MUX2NV4_140P7T30R)             0.02       1.74 f
  u_cp/u_bfeed/U151023/ZN (NAND2V8_140P7T30R)             0.01       1.75 r
  u_cp/u_bfeed/U149279/ZN (NOR2V16_140P7T30R)             0.01       1.76 f
  u_cp/u_bfeed/U48505/ZN (INV20_140P7T30R)                0.01       1.77 r
  u_cp/u_bfeed/U31206/ZN (NOR2V6_140P7T30R)               0.01       1.78 f
  u_cp/u_bfeed/U49550/ZN (AOI22V12_140P7T30R)             0.02       1.80 r
  u_cp/u_bfeed/U51701/ZN (CLKNAND2V16_140P7T30R)          0.01       1.81 f
  u_cp/u_bfeed/U145062/ZN (AOI12V8_140P7T30R)             0.01       1.83 r
  u_cp/u_bfeed/U146621/ZN (OAI12V12_140P7T30R)            0.01       1.84 f
  u_cp/u_bfeed/U168260/ZN (AOI12V8_140P7T30R)             0.01       1.85 r
  u_cp/u_bfeed/U168259/Z (CLKXOR2V6_140P7T30R)            0.02       1.87 r
  u_cp/u_bfeed/U148974/ZN (OAI12V8_140P7T30R)             0.02       1.89 f
  u_cp/u_bfeed/U64192/ZN (CLKNAND2V16_140P7T30R)          0.01       1.90 r
  u_cp/u_bfeed/U45474/ZN (NOR2V16_140P7T30R)              0.01       1.91 f
  u_cp/u_bfeed/U45473/ZN (NOR2V12_140P7T30R)              0.01       1.92 r
  u_cp/u_bfeed/U68664/ZN (OAI12V12_140P7T30R)             0.01       1.93 f
  u_cp/u_bfeed/U30481/Z (BUFV6_140P7T30R)                 0.01       1.94 f
  u_cp/u_bfeed/U168457/ZN (NOR2V4_140P7T30R)              0.01       1.96 r
  u_cp/u_bfeed/U163208/ZN (INV2_140P7T30R)                0.01       1.97 f
  u_cp/u_bfeed/U155877/ZN (AOI12V4_140P7T30R)             0.01       1.98 r
  u_cp/u_bfeed/U116365/ZN (OAI13V4_140P7T30R)             0.02       1.99 f
  u_cp/u_bfeed/U45548/ZN (XNOR2V4_140P7T30R)              0.03       2.02 f
  u_cp/u_bfeed/U45547/ZN (MUX2NV4_140P7T30R)              0.02       2.04 r
  u_cp/u_bfeed/U56646/ZN (CLKNAND2V12_140P7T30R)          0.02       2.06 f
  u_cp/u_bfeed/U56675/ZN (NOR2V16_140P7T30R)              0.02       2.08 r
  u_cp/u_bfeed/U48576/ZN (NAND3V6_140P7T30R)              0.01       2.09 f
  u_cp/u_bfeed/U51615/ZN (OAI12V6_140P7T30R)              0.01       2.10 r
  u_cp/u_bfeed/U60646/ZN (NOR2V6_140P7T30R)               0.01       2.11 f
  u_cp/u_bfeed/U60645/ZN (CLKNAND2V16_140P7T30R)          0.01       2.12 r
  u_cp/u_bfeed/U51607/Z (CLKAND2V16_140P7T30R)            0.02       2.14 r
  u_cp/u_bfeed/U138372/ZN (OAI12V8_140P7T30R)             0.01       2.15 f
  u_cp/u_bfeed/U43910/ZN (AOI12V12_140P7T30R)             0.01       2.16 r
  u_cp/u_bfeed/U60672/ZN (OAI12V12_140P7T30R)             0.01       2.18 f
  u_cp/u_bfeed/U29727/ZN (INV10_140P7T30R)                0.01       2.19 r
  u_cp/u_bfeed/U60295/ZN (OAI12V8_140P7T30R)              0.01       2.20 f
  u_cp/u_bfeed/U148005/Z (CLKXOR2V6_140P7T30R)            0.02       2.22 f
  u_cp/u_bfeed/U61296/ZN (NAND2V8_140P7T30R)              0.01       2.23 r
  u_cp/u_bfeed/U47802/ZN (OAI12V12_140P7T30R)             0.01       2.24 f
  u_cp/u_bfeed/U138126/ZN (NOR2V12_140P7T30R)             0.01       2.25 r
  u_cp/u_bfeed/U29590/ZN (INV6_140P7T30R)                 0.01       2.25 f
  u_cp/u_bfeed/U29545/ZN (NOR2V12_140P7T30R)              0.01       2.27 r
  u_cp/u_bfeed/U48534/ZN (INV12_140P7T30R)                0.01       2.27 f
  u_cp/u_bfeed/U106698/ZN (NAND2XBV8_140P7T30R)           0.01       2.28 r
  u_cp/u_bfeed/U97610/ZN (OAI12V4_140P7T30R)              0.01       2.29 f
  u_cp/u_bfeed/U29397/ZN (NOR2V4_140P7T30R)               0.01       2.30 r
  u_cp/u_bfeed/U148743/ZN (OAI12V8_140P7T30R)             0.02       2.32 f
  u_cp/u_bfeed/U46981/ZN (NOR2V12_140P7T30R)              0.01       2.33 r
  u_cp/u_bfeed/U46980/ZN (OAI12V8_140P7T30R)              0.01       2.34 f
  u_cp/u_bfeed/U149669/ZN (AOI12V8_140P7T30R)             0.02       2.35 r
  u_cp/u_bfeed/U149666/ZN (OAI12V4_140P7T30R)             0.01       2.37 f
  u_cp/u_bfeed/U153020/ZN (XNOR2V4_140P7T30R)             0.03       2.39 f
  u_cp/u_bfeed/U44050/ZN (NAND2XBV12_140P7T30R)           0.02       2.41 f
  u_cp/u_bfeed/U137955/ZN (NOR2V12_140P7T30R)             0.01       2.42 r
  u_cp/u_bfeed/U142853/ZN (CLKNAND2V16_140P7T30R)         0.02       2.44 f
  u_cp/u_bfeed/U67783/ZN (NAND2XBV16_140P7T30R)           0.01       2.45 r
  u_cp/u_bfeed/U51683/ZN (CLKNAND2V16_140P7T30R)          0.01       2.46 f
  u_cp/u_bfeed/U41100/ZN (NOR2XBV16_140P7T30R)            0.01       2.47 r
  u_cp/u_bfeed/U62323/ZN (CLKNAND2V12_140P7T30R)          0.01       2.48 f
  u_cp/u_bfeed/U62322/ZN (NOR3V12_140P7T30R)              0.01       2.50 r
  u_cp/u_bfeed/U148735/ZN (NOR2V16_140P7T30R)             0.01       2.51 f
  u_cp/u_bfeed/U28671/ZN (NAND2XBV6_140P7T30R)            0.02       2.53 f
  u_cp/u_bfeed/U28646/ZN (NAND2V6_140P7T30R)              0.01       2.54 r
  u_cp/u_bfeed/U28565/ZN (INV4_140P7T30R)                 0.01       2.55 f
  u_cp/u_bfeed/U106609/ZN (NOR2V6_140P7T30R)              0.01       2.56 r
  u_cp/u_bfeed/U68584/ZN (NOR2V6_140P7T30R)               0.01       2.56 f
  u_cp/u_bfeed/U115981/ZN (NAND2XBV8_140P7T30R)           0.02       2.58 f
  u_cp/u_bfeed/U146516/ZN (OAI22V12_140P7T30R)            0.02       2.60 r
  u_cp/u_bfeed/U28366/ZN (INV6_140P7T30R)                 0.01       2.61 f
  u_cp/u_bfeed/U28325/ZN (NAND2XBV2_140P7T30R)            0.01       2.62 r
  u_cp/u_bfeed/U51594/ZN (OAI12V6_140P7T30R)              0.01       2.63 f
  u_cp/u_bfeed/U106531/ZN (CLKNAND2V4_140P7T30R)          0.01       2.64 r
  u_cp/u_bfeed/U47304/ZN (NAND2XBV6_140P7T30R)            0.01       2.66 f
  u_cp/u_bfeed/U163313/ZN (AOI12V2_140P7T30R)             0.01       2.67 r
  u_cp/u_bfeed/U137648/ZN (OAI12V2_140P7T30R)             0.02       2.69 f
  u_cp/u_bfeed/U115842/Z (CLKXOR2V1P5_140P7T30R)          0.02       2.71 f
  u_cp/u_bfeed/U153388/ZN (NOR2XBV4_140P7T30R)            0.02       2.73 r
  u_cp/u_bfeed/U65775/ZN (NOR2V12_140P7T30R)              0.01       2.74 f
  u_cp/u_bfeed/U46376/ZN (CLKNAND2V12_140P7T30R)          0.01       2.75 r
  u_cp/u_bfeed/U100813/ZN (NOR2V12_140P7T30R)             0.01       2.75 f
  u_cp/u_bfeed/U27922/ZN (CLKINV10_140P7T30R)             0.01       2.76 r
  u_cp/u_bfeed/U66850/ZN (NOR3V6_140P7T30R)               0.01       2.77 f
  u_cp/u_bfeed/U149473/ZN (NOR2V4_140P7T30R)              0.01       2.78 r
  u_cp/u_bfeed/U66799/ZN (NAND3V6_140P7T30R)              0.02       2.80 f
  u_cp/u_bfeed/U44056/ZN (CLKNAND2V12_140P7T30R)          0.01       2.81 r
  u_cp/u_bfeed/U143020/ZN (CLKNAND2V12_140P7T30R)         0.01       2.82 f
  u_cp/u_bfeed/U27527/Z (BUFV8_140P7T30R)                 0.02       2.84 f
  u_cp/u_bfeed/U27500/Z (AND2V12_140P7T30R)               0.02       2.85 f
  u_cp/u_bfeed/U94267/ZN (INV8_140P7T30R)                 0.01       2.86 r
  u_cp/u_bfeed/U100778/ZN (OAI12V4_140P7T30R)             0.01       2.87 f
  u_cp/u_bfeed/U79557/ZN (NOR2V4_140P7T30R)               0.02       2.89 r
  u_cp/u_bfeed/U106379/ZN (AOI22V4_140P7T30R)             0.01       2.90 f
  u_cp/u_bfeed/U94262/ZN (AOI22V4_140P7T30R)              0.02       2.92 r
  u_cp/u_bfeed/U38336/ZN (OAI22V8_140P7T30R)              0.02       2.94 f
  u_cp/u_bfeed/U148470/Z (BUFV6_140P7T30R)                0.02       2.95 f
  u_cp/u_bfeed/U60669/ZN (AOI22V12_140P7T30R)             0.02       2.97 r
  u_cp/u_bfeed/U61979/ZN (NOR2V4_140P7T30R)               0.01       2.98 f
  u_cp/u_bfeed/U63252/ZN (NOR2V4_140P7T30R)               0.01       2.99 r
  u_cp/u_bfeed/U63253/ZN (NAND2V6_140P7T30R)              0.01       3.00 f
  u_cp/u_bfeed/U53514/ZN (NAND2V8_140P7T30R)              0.01       3.01 r
  u_cp/u_bfeed/U76816/ZN (NAND2V8_140P7T30R)              0.01       3.02 f
  u_cp/u_bfeed/U115609/Z (OR2V6_140P7T30R)                0.02       3.05 f
  u_cp/u_bfeed/U65439/ZN (AOI22V6_140P7T30R)              0.01       3.06 r
  u_cp/u_bfeed/U26778/ZN (OAI12V6_140P7T30R)              0.01       3.07 f
  u_cp/u_bfeed/U39450/ZN (AOI12V8_140P7T30R)              0.02       3.09 r
  u_cp/u_bfeed/U67755/ZN (OAI12V6_140P7T30R)              0.01       3.10 f
  u_cp/u_bfeed/U106205/Z (CLKXOR2V1P5_140P7T30R)          0.02       3.13 f
  u_cp/u_bfeed/U57412/Z (AND2V6_140P7T30R)                0.02       3.14 f
  u_cp/u_bfeed/U57411/ZN (AOI12V8_140P7T30R)              0.01       3.15 r
  u_cp/u_bfeed/U26544/ZN (CLKNAND2V12_140P7T30R)          0.02       3.17 f
  u_cp/u_bfeed/U26508/ZN (NOR2V8_140P7T30R)               0.01       3.18 r
  u_cp/u_bfeed/U45775/ZN (CLKNAND2V12_140P7T30R)          0.01       3.19 f
  u_cp/u_bfeed/U68594/ZN (NOR2V16_140P7T30R)              0.01       3.21 r
  u_cp/u_bfeed/U62379/ZN (NAND3V8_140P7T30R)              0.01       3.22 f
  u_cp/u_bfeed/U38334/ZN (CLKINV7_140P7T30R)              0.01       3.22 r
  u_cp/u_bfeed/U67428/ZN (NOR2V12_140P7T30R)              0.01       3.23 f
  u_cp/u_bfeed/U142360/ZN (CLKNAND2V16_140P7T30R)         0.01       3.24 r
  u_cp/u_bfeed/U144216/ZN (CLKNAND2V16_140P7T30R)         0.02       3.26 f
  u_cp/u_bfeed/U47012/ZN (OAI22V12_140P7T30R)             0.02       3.28 r
  u_cp/u_bfeed/U25971/ZN (NOR2V4_140P7T30R)               0.01       3.29 f
  u_cp/u_bfeed/U25930/ZN (NAND2V3_140P7T30R)              0.01       3.30 r
  u_cp/u_bfeed/U53576/ZN (OAI12V12_140P7T30R)             0.01       3.31 f
  u_cp/u_bfeed/U45447/ZN (AOI12V12_140P7T30R)             0.01       3.32 r
  u_cp/u_bfeed/U145098/Z (OA12V8_140P7T30R)               0.02       3.34 r
  u_cp/u_bfeed/U25741/ZN (INV12_140P7T30R)                0.01       3.35 f
  u_cp/u_bfeed/U173732/S (AD1V4_140P7T30R)                0.06       3.41 r
  u_cp/u_bfeed/U153041/ZN (OAI12V12_140P7T30R)            0.01       3.42 f
  u_cp/u_bfeed/U25551/ZN (CLKNAND2V4_140P7T30R)           0.01       3.43 r
  u_cp/u_bfeed/U65562/ZN (NAND2V8_140P7T30R)              0.01       3.44 f
  u_cp/u_bfeed/U62166/ZN (NAND2V8_140P7T30R)              0.01       3.45 r
  u_cp/u_bfeed/U39020/Z (CLKXOR2V6_140P7T30R)             0.02       3.47 r
  u_cp/u_bfeed/U148601/Z (CLKXOR2V6_140P7T30R)            0.02       3.49 r
  u_cp/u_bfeed/U55652/ZN (NOR2V8_140P7T30R)               0.01       3.50 f
  u_cp/u_bfeed/U38960/ZN (NOR2V12_140P7T30R)              0.01       3.52 r
  u_cp/u_bfeed/U53621/ZN (CLKNAND2V12_140P7T30R)          0.01       3.53 f
  u_cp/u_bfeed/U41101/ZN (NOR2V16_140P7T30R)              0.01       3.54 r
  u_cp/u_bfeed/U43894/ZN (NAND3V12_140P7T30R)             0.02       3.56 f
  u_cp/u_bfeed/U149046/ZN (NAND3V1P5_140P7T30R)           0.02       3.57 r
  u_cp/u_bfeed/U145807/Z (OR2V6_140P7T30R)                0.02       3.59 r
  u_cp/u_bfeed/U51480/ZN (NAND3V12_140P7T30R)             0.03       3.61 f
  u_cp/u_bfeed/U24964/ZN (NOR2V12_140P7T30R)              0.02       3.63 r
  u_cp/u_bfeed/U68645/ZN (INV20_140P7T30R)                0.01       3.64 f
  u_cp/u_bfeed/U24801/ZN (OAI22V4_140P7T30R)              0.02       3.66 r
  u_cp/u_bfeed/U136553/ZN (NOR2V6_140P7T30R)              0.01       3.67 f
  u_cp/u_bfeed/U24668/ZN (INV3_140P7T30R)                 0.01       3.68 r
  u_cp/u_bfeed/U51625/ZN (OAI12V12_140P7T30R)             0.01       3.69 f
  u_cp/u_bfeed/U58217/ZN (NOR2V6_140P7T30R)               0.01       3.71 r
  u_cp/u_bfeed/U43957/ZN (OAI12V8_140P7T30R)              0.01       3.72 f
  u_cp/u_bfeed/U58164/ZN (OAI12V12_140P7T30R)             0.01       3.73 r
  u_cp/u_bfeed/U24474/Z (AND2V6_140P7T30R)                0.02       3.75 r
  u_cp/u_bfeed/U45552/ZN (CLKNAND2V16_140P7T30R)          0.01       3.76 f
  u_cp/u_bfeed/U51506/ZN (OAI12V12_140P7T30R)             0.01       3.77 r
  u_cp/u_bfeed/U55686/ZN (CLKNAND2V12_140P7T30R)          0.01       3.78 f
  u_cp/u_bfeed/U100435/ZN (INV8_140P7T30R)                0.01       3.79 r
  u_cp/u_bfeed/U40838/ZN (NAND3V12_140P7T30R)             0.01       3.80 f
  u_cp/u_bfeed/U60788/Z (AND2V6_140P7T30R)                0.01       3.82 f
  u_cp/u_bfeed/U135115/ZN (AOI22V8_140P7T30R)             0.01       3.83 r
  u_cp/u_bfeed/U40811/ZN (NOR2V16_140P7T30R)              0.01       3.84 f
  u_cp/u_bfeed/U41026/ZN (INV32_140P7T30R)                0.01       3.85 r
  u_cp/u_bfeed/U23825/ZN (INV32_140P7T30R)                0.01       3.86 f
  u_cp/u_bfeed/U23634/ZN (NAND2XBV2_140P7T30R)            0.01       3.87 r
  u_cp/u_bfeed/U76499/ZN (OAI12V4_140P7T30R)              0.02       3.89 f
  u_cp/u_bfeed/U23570/ZN (INV3_140P7T30R)                 0.01       3.90 r
  u_cp/u_bfeed/U69974/ZN (NOR2V2_140P7T30R)               0.01       3.92 f
  u_cp/u_bfeed/U73206/ZN (NOR3V4_140P7T30R)               0.02       3.94 r
  u_cp/u_bfeed/U55663/ZN (NOR2V4_140P7T30R)               0.01       3.95 f
  u_cp/u_bfeed/U114089/ZN (NOR3V6_140P7T30R)              0.02       3.96 r
  u_cp/u_bfeed/U60360/ZN (NAND2V8_140P7T30R)              0.02       3.98 f
  u_cp/u_bfeed/U23168/ZN (CLKNAND2V4_140P7T30R)           0.01       4.00 r
  u_cp/u_bfeed/U52383/ZN (OAI12V8_140P7T30R)              0.01       4.01 f
  u_cp/u_bfeed/U23049/ZN (AOI12V6_140P7T30R)              0.01       4.02 r
  u_cp/u_bfeed/U54838/ZN (OAI12V12_140P7T30R)             0.02       4.04 f
  u_cp/u_bfeed/U38101/ZN (INV10_140P7T30R)                0.01       4.05 r
  u_cp/u_bfeed/U22926/ZN (NOR2V4_140P7T30R)               0.01       4.06 f
  u_cp/u_bfeed/U51929/ZN (NOR2V6_140P7T30R)               0.01       4.07 r
  u_cp/u_bfeed/U146563/Z (CLKXOR2V6_140P7T30R)            0.02       4.09 r
  u_cp/u_bfeed/U62397/ZN (NOR2V8_140P7T30R)               0.01       4.09 f
  u_cp/u_bfeed/U55679/ZN (AOI12V12_140P7T30R)             0.01       4.11 r
  u_cp/u_bfeed/U82227/ZN (CLKNAND2V4_140P7T30R)           0.01       4.12 f
  u_cp/u_bfeed/U22617/ZN (AOI12V6_140P7T30R)              0.01       4.13 r
  u_cp/u_bfeed/U67724/ZN (OAI13V6_140P7T30R)              0.01       4.14 f
  u_cp/u_bfeed/U65170/ZN (AOI12V8_140P7T30R)              0.01       4.15 r
  u_cp/u_bfeed/U82185/ZN (OAI12V8_140P7T30R)              0.01       4.17 f
  u_cp/u_bfeed/U59940/ZN (NOR2V16_140P7T30R)              0.01       4.18 r
  u_cp/u_bfeed/U50223/ZN (CLKNAND2V16_140P7T30R)          0.02       4.20 f
  u_cp/u_bfeed/U50222/ZN (NAND3V12_140P7T30R)             0.01       4.21 r
  u_cp/u_bfeed/U53609/ZN (INV16_140P7T30R)                0.01       4.22 f
  u_cp/u_bfeed/U66795/ZN (NOR2V16_140P7T30R)              0.01       4.23 r
  u_cp/u_bfeed/U37838/ZN (NOR2V12_140P7T30R)              0.01       4.24 f
  u_cp/u_bfeed/U22023/ZN (AOI12V4_140P7T30R)              0.01       4.25 r
  u_cp/u_bfeed/U21978/ZN (OAI12V4_140P7T30R)              0.01       4.26 f
  u_cp/u_bfeed/U88714/ZN (AOI12V4_140P7T30R)              0.02       4.28 r
  u_cp/u_bfeed/U142376/Z (AO1B2V4_140P7T30R)              0.01       4.29 f
  u_cp/u_bfeed/U21836/ZN (NOR2V12_140P7T30R)              0.02       4.30 r
  u_cp/u_bfeed/U21660/ZN (XNOR2V2_140P7T30R)              0.03       4.33 r
  u_cp/u_bfeed/U73039/ZN (NAND2XBV2_140P7T30R)            0.01       4.34 f
  u_cp/u_bfeed/U132009/ZN (NAND2V2_140P7T30R)             0.01       4.35 r
  u_cp/u_bfeed/U142285/Z (AO1B2V4_140P7T30R)              0.01       4.36 f
  u_cp/u_bfeed/U131959/ZN (XNOR2V2_140P7T30R)             0.02       4.38 f
  u_cp/u_bfeed/U100105/ZN (XNOR2V2_140P7T30R)             0.03       4.41 f
  u_cp/u_bfeed/U96779/ZN (NAND2V3_140P7T30R)              0.02       4.43 r
  u_cp/u_bfeed/U21353/ZN (OAI12V6_140P7T30R)              0.01       4.44 f
  u_cp/u_bfeed/U62241/ZN (AOI12V6_140P7T30R)              0.02       4.45 r
  u_cp/u_bfeed/U61302/ZN (OAI12V6_140P7T30R)              0.01       4.47 f
  u_cp/u_bfeed/U57425/ZN (NOR2V8_140P7T30R)               0.01       4.48 r
  u_cp/u_bfeed/U62263/ZN (OAI12V12_140P7T30R)             0.01       4.49 f
  u_cp/u_bfeed/U20906/ZN (CLKNAND2V4_140P7T30R)           0.01       4.50 r
  u_cp/u_bfeed/U20881/ZN (CLKNAND2V4_140P7T30R)           0.01       4.51 f
  u_cp/u_bfeed/U79056/ZN (AOI13V6_140P7T30R)              0.02       4.53 r
  u_cp/u_bfeed/U59776/Z (CLKXOR2V6_140P7T30R)             0.02       4.55 r
  u_cp/u_bfeed/U20705/ZN (NOR2V4_140P7T30R)               0.01       4.56 f
  u_cp/u_bfeed/U51655/ZN (NOR2V16_140P7T30R)              0.03       4.59 r
  u_cp/u_bfeed/U49845/ZN (INV16_140P7T30R)                0.02       4.60 f
  u_cp/u_bfeed/U193708/ZN (XNOR2V2_140P7T30R)             0.03       4.63 f
  u_cp/u_bfeed/U173239/ZN (OAI22V4_140P7T30R)             0.02       4.66 r
  u_cp/u_bfeed/U169722/S (AD1V4_140P7T30R)                0.05       4.71 f
  u_cp/u_bfeed/U168841/Z (MAJ23V4_140P7T30R)              0.02       4.73 f
  u_cp/u_bfeed/U169175/Z (MAJ23V4_140P7T30R)              0.03       4.75 f
  u_cp/u_bfeed/U68578/Z (CLKXOR2V6_140P7T30R)             0.02       4.78 f
  u_cp/u_bfeed/U168558/Z (CLKXOR2V6_140P7T30R)            0.02       4.79 f
  u_cp/u_bfeed/U51789/Z (CLKXOR2V1P5_140P7T30R)           0.03       4.82 f
  u_cp/u_bfeed/U96638/Z (AND2V2_140P7T30R)                0.02       4.84 f
  u_cp/u_bfeed/U68502/ZN (NOR2V4_140P7T30R)               0.01       4.85 r
  u_cp/u_bfeed/U130372/ZN (OAI12V4_140P7T30R)             0.01       4.86 f
  u_cp/u_bfeed/U49574/ZN (AOI12V8_140P7T30R)              0.02       4.88 r
  u_cp/u_bfeed/U45844/ZN (OAI12V8_140P7T30R)              0.01       4.89 f
  u_cp/u_bfeed/U39435/ZN (AOI12V12_140P7T30R)             0.01       4.91 r
  u_cp/u_bfeed/U18739/Z (OR2V12_140P7T30R)                0.01       4.92 r
  u_cp/u_bfeed/U142178/ZN (CLKNAND2V16_140P7T30R)         0.01       4.93 f
  u_cp/u_bfeed/U18568/Z (BUFV16_140P7T30R)                0.02       4.95 f
  u_cp/u_bfeed/U18489/ZN (NAND2XBV8_140P7T30R)            0.01       4.96 r
  u_cp/u_bfeed/U153017/ZN (OAI12V12_140P7T30R)            0.01       4.97 f
  u_cp/u_bfeed/U129807/ZN (NAND2XBV8_140P7T30R)           0.02       4.99 f
  u_cp/u_bfeed/U46339/ZN (AOI12V6_140P7T30R)              0.01       5.00 r
  u_cp/u_bfeed/U39378/ZN (NAND3V8_140P7T30R)              0.02       5.02 f
  u_cp/u_bfeed/U39377/ZN (CLKNAND2V16_140P7T30R)          0.01       5.03 r
  u_cp/u_bfeed/U142656/Z (CLKMUX2V12_140P7T30R)           0.03       5.06 f
  u_cp/u_bfeed/U17589/ZN (CLKINV32_140P7T30R)             0.01       5.07 r
  u_cp/u_bfeed/U42508/ZN (CLKNAND2V16_140P7T30R)          0.01       5.08 f
  u_cp/u_bfeed/U129322/ZN (NOR2V12_140P7T30R)             0.01       5.10 r
  u_cp/u_bfeed/U47253/Z (BUFV8_140P7T30R)                 0.02       5.11 r
  u_cp/u_bfeed/U37925/ZN (NAND4V1P5_140P7T30R)            0.02       5.13 f
  u_cp/u_bfeed/U72821/ZN (OAI12V2_140P7T30R)              0.02       5.15 r
  u_cp/u_bfeed/U99765/ZN (AOI12V4_140P7T30R)              0.01       5.16 f
  u_cp/u_bfeed/U85157/ZN (NAND2V6_140P7T30R)              0.01       5.17 r
  u_cp/u_bfeed/U16700/ZN (INV4_140P7T30R)                 0.01       5.18 f
  u_cp/u_bfeed/U16661/ZN (NOR2V2_140P7T30R)               0.02       5.19 r
  u_cp/u_bfeed/U93067/ZN (NOR2V4_140P7T30R)               0.01       5.20 f
  u_cp/u_bfeed/U45416/ZN (NAND2V6_140P7T30R)              0.01       5.21 r
  u_cp/u_bfeed/U16441/ZN (NAND2V6_140P7T30R)              0.01       5.22 f
  u_cp/u_bfeed/U16423/ZN (CLKNAND2V4_140P7T30R)           0.01       5.23 r
  u_cp/u_bfeed/U16358/ZN (NAND2V6_140P7T30R)              0.01       5.24 f
  u_cp/u_bfeed/U128740/ZN (NAND2XBV4_140P7T30R)           0.02       5.26 f
  u_cp/u_bfeed/U64380/ZN (AOI13V4_140P7T30R)              0.01       5.27 r
  u_cp/u_bfeed/U64379/ZN (XNOR2V2_140P7T30R)              0.02       5.30 r
  u_cp/u_bfeed/U148841/ZN (OAI22V4_140P7T30R)             0.01       5.31 f
  u_cp/u_bfeed/U64321/ZN (NOR2V8_140P7T30R)               0.01       5.32 r
  u_cp/u_bfeed/U53366/ZN (CLKNAND2V12_140P7T30R)          0.01       5.33 f
  u_cp/u_bfeed/U92903/ZN (NOR2V16_140P7T30R)              0.02       5.35 r
  u_cp/u_bfeed/U39458/ZN (NAND3V8_140P7T30R)              0.02       5.37 f
  u_cp/u_bfeed/U39457/ZN (NOR2V12_140P7T30R)              0.01       5.38 r
  u_cp/u_bfeed/U72683/ZN (INV12_140P7T30R)                0.01       5.39 f
  u_cp/u_bfeed/U64360/ZN (NOR2V8_140P7T30R)               0.01       5.40 r
  u_cp/u_bfeed/U47200/ZN (NOR2V8_140P7T30R)               0.01       5.40 f
  u_cp/u_bfeed/U64334/ZN (NOR2XBV8_140P7T30R)             0.01       5.41 r
  u_cp/u_bfeed/U61314/ZN (OAI12V8_140P7T30R)              0.01       5.43 f
  u_cp/u_bfeed/U49768/ZN (AOI12V8_140P7T30R)              0.01       5.44 r
  u_cp/u_bfeed/U65420/ZN (OAI12V6_140P7T30R)              0.01       5.45 f
  u_cp/u_bfeed/U54760/Z (CLKXOR2V6_140P7T30R)             0.02       5.47 f
  u_cp/u_bfeed/U15368/ZN (NOR2V4_140P7T30R)               0.01       5.48 r
  u_cp/u_bfeed/U127990/ZN (NOR3V8_140P7T30R)              0.01       5.49 f
  u_cp/u_bfeed/U51684/ZN (CLKNAND2V16_140P7T30R)          0.02       5.51 r
  u_cp/u_bfeed/U71298/ZN (NAND2XBV16_140P7T30R)           0.01       5.52 f
  u_cp/u_bfeed/U14876/ZN (INV16_140P7T30R)                0.01       5.53 r
  u_cp/u_bfeed/U92734/ZN (CLKNAND2V4_140P7T30R)           0.01       5.54 f
  u_cp/u_bfeed/U92720/ZN (NAND2V6_140P7T30R)              0.01       5.55 r
  u_cp/u_bfeed/U103950/ZN (NOR2XBV4_140P7T30R)            0.01       5.55 f
  u_cp/u_bfeed/U75607/Z (OR2V8_140P7T30R)                 0.02       5.57 f
  u_cp/u_bfeed/U143265/ZN (NOR2V16_140P7T30R)             0.02       5.59 r
  u_cp/u_bfeed/U14127/ZN (XNOR2V2_140P7T30R)              0.03       5.61 r
  u_cp/u_bfeed/U194828/ZN (OAI22V4_140P7T30R)             0.02       5.63 f
  u_cp/u_bfeed/U194850/CO (AD1V4_140P7T30R)               0.04       5.67 f
  u_cp/u_bfeed/U13937/ZN (OAI12V2_140P7T30R)              0.01       5.68 r
  u_cp/u_bfeed/U13918/ZN (NAND2V2_140P7T30R)              0.01       5.69 f
  u_cp/u_bfeed/U13850/Z (XOR2V2_140P7T30R)                0.02       5.72 f
  u_cp/u_bfeed/U13825/ZN (XNOR2V2_140P7T30R)              0.03       5.75 f
  u_cp/u_bfeed/U142269/Z (MAJ23V4_140P7T30R)              0.03       5.77 f
  u_cp/u_bfeed/U103823/ZN (XNOR2V2_140P7T30R)             0.02       5.80 f
  u_cp/u_bfeed/U66856/ZN (XNOR2V4_140P7T30R)              0.03       5.82 f
  u_cp/u_bfeed/U81494/ZN (CLKNAND2V4_140P7T30R)           0.01       5.84 r
  u_cp/u_bfeed/U72524/ZN (OAI12V6_140P7T30R)              0.01       5.85 f
  u_cp/u_bfeed/U49886/ZN (AOI12V8_140P7T30R)              0.02       5.86 r
  u_cp/u_bfeed/U13655/ZN (OAI12V6_140P7T30R)              0.01       5.88 f
  u_cp/u_bfeed/U53381/ZN (AOI12V8_140P7T30R)              0.02       5.89 r
  u_cp/u_bfeed/U169127/ZN (OAI12V8_140P7T30R)             0.01       5.90 f
  u_cp/u_bfeed/U151420/Z (CLKXOR2V12_140P7T30R)           0.03       5.93 f
  u_cp/u_bfeed/U42537/ZN (INV24_140P7T30R)                0.02       5.95 r
  u_cp/u_bfeed/U13357/ZN (INV16_140P7T30R)                0.01       5.95 f
  u_cp/u_bfeed/U75446/ZN (NAND2XBV4_140P7T30R)            0.01       5.96 r
  u_cp/u_bfeed/U60629/ZN (NAND2V8_140P7T30R)              0.01       5.97 f
  u_cp/u_bfeed/U111229/ZN (OAI12V8_140P7T30R)             0.01       5.98 r
  u_cp/u_bfeed/U78534/ZN (AOI12V8_140P7T30R)              0.02       6.00 f
  u_cp/u_bfeed/U142660/ZN (NOR2V16_140P7T30R)             0.02       6.02 r
  u_cp/u_bfeed/U12829/ZN (INV24_140P7T30R)                0.01       6.03 f
  u_cp/u_bfeed/U12649/ZN (NAND2XBV2_140P7T30R)            0.01       6.04 r
  u_cp/u_bfeed/U12605/ZN (NAND3V6_140P7T30R)              0.02       6.06 f
  u_cp/u_bfeed/U92406/ZN (AOI12V4_140P7T30R)              0.02       6.08 r
  u_cp/u_bfeed/U111085/ZN (OAI12V6_140P7T30R)             0.02       6.10 f
  u_cp/u_bfeed/U111083/ZN (NOR2V4_140P7T30R)              0.01       6.11 r
  u_cp/u_bfeed/U103544/ZN (NOR3V6_140P7T30R)              0.01       6.12 f
  u_cp/u_bfeed/U195104/ZN (INV4_140P7T30R)                0.01       6.13 r
  u_cp/u_bfeed/U11701/ZN (OAI22V8_140P7T30R)              0.01       6.14 f
  u_cp/u_bfeed/U11353/ZN (INV2_140P7T30R)                 0.01       6.16 r
  u_cp/u_bfeed/U11214/Z (OR2V2_140P7T30R)                 0.02       6.17 r
  u_cp/u_bfeed/U81325/ZN (NAND2V2_140P7T30R)              0.01       6.19 f
  u_cp/u_bfeed/U75313/ZN (NOR2V2_140P7T30R)               0.02       6.21 r
  u_cp/u_bfeed/U11078/ZN (NAND2V2_140P7T30R)              0.02       6.23 f
  u_cp/u_bfeed/U11011/Z (OR2V2_140P7T30R)                 0.03       6.25 f
  u_cp/u_bfeed/U148758/ZN (NOR2V6_140P7T30R)              0.01       6.27 r
  u_cp/u_bfeed/U125020/ZN (NOR2XBV4_140P7T30R)            0.01       6.27 f
  u_cp/u_bfeed/U168399/Z (CLKXOR2V6_140P7T30R)            0.02       6.29 f
  u_cp/u_bfeed/U124956/ZN (NOR2V6_140P7T30R)              0.01       6.31 r
  u_cp/u_bfeed/U10807/ZN (NOR2V12_140P7T30R)              0.01       6.32 f
  u_cp/u_bfeed/U124888/ZN (CLKNAND2V12_140P7T30R)         0.01       6.33 r
  u_cp/u_bfeed/U46332/ZN (NOR2V16_140P7T30R)              0.01       6.33 f
  u_cp/u_bfeed/U57461/ZN (CLKNAND2V4_140P7T30R)           0.01       6.34 r
  u_cp/u_bfeed/U43914/ZN (NAND3V6_140P7T30R)              0.01       6.36 f
  u_cp/u_bfeed/U84590/ZN (NOR2V6_140P7T30R)               0.01       6.37 r
  u_cp/u_bfeed/U81220/ZN (CLKNAND2V12_140P7T30R)          0.01       6.38 f
  u_cp/u_bfeed/U10479/ZN (NAND2XBV6_140P7T30R)            0.01       6.39 r
  u_cp/u_bfeed/U95802/ZN (NAND3V8_140P7T30R)              0.01       6.40 f
  u_cp/u_bfeed/U10372/ZN (INV6_140P7T30R)                 0.01       6.42 r
  u_cp/u_bfeed/U10347/ZN (INV6_140P7T30R)                 0.01       6.43 f
  u_cp/u_bfeed/U68454/Z (OA12V8_140P7T30R)                0.02       6.45 f
  u_cp/u_bfeed/U64325/ZN (NOR2V12_140P7T30R)              0.01       6.46 r
  u_cp/u_bfeed/U59739/ZN (CLKNAND2V12_140P7T30R)          0.01       6.47 f
  u_cp/u_bfeed/U142653/ZN (OAI12V8_140P7T30R)             0.01       6.48 r
  u_cp/u_bfeed/U57476/ZN (CLKNAND2V12_140P7T30R)          0.01       6.49 f
  u_cp/u_bfeed/U148838/Z (BUFV8_140P7T30R)                0.02       6.51 f
  u_cp/u_bfeed/U81160/ZN (AOI22V4_140P7T30R)              0.02       6.53 r
  u_cp/u_bfeed/U168830/ZN (NAND3V12_140P7T30R)            0.02       6.55 f
  u_cp/u_bfeed/U9055/Z (BUFV16_140P7T30R)                 0.02       6.57 f
  u_cp/u_bfeed/U155697/ZN (OAI22V4_140P7T30R)             0.01       6.58 r
  u_cp/u_bfeed/U47856/S (AD1V4_140P7T30R)                 0.05       6.63 f
  u_cp/u_bfeed/U195648/CO (AD1V4_140P7T30R)               0.03       6.66 f
  u_cp/u_bfeed/U195658/S (AD1V4_140P7T30R)                0.05       6.71 r
  u_cp/u_bfeed/U195663/S (AD1V4_140P7T30R)                0.05       6.76 f
  u_cp/u_bfeed/U47815/ZN (NAND2V8_140P7T30R)              0.01       6.77 r
  u_cp/u_bfeed/U47816/ZN (INV6_140P7T30R)                 0.00       6.77 f
  u_cp/u_bfeed/U51726/ZN (AOI12V6_140P7T30R)              0.01       6.78 r
  u_cp/u_bfeed/U51727/ZN (OAI12V6_140P7T30R)              0.01       6.79 f
  u_cp/u_bfeed/U47832/ZN (AOI12V6_140P7T30R)              0.02       6.81 r
  u_cp/u_bfeed/U72224/ZN (OAI12V6_140P7T30R)              0.01       6.82 f
  u_cp/u_bfeed/U44070/ZN (AOI12V8_140P7T30R)              0.02       6.84 r
  u_cp/u_bfeed/U8332/Z (OA12V6_140P7T30R)                 0.02       6.86 r
  u_cp/u_bfeed/U169217/ZN (OAI12V8_140P7T30R)             0.01       6.87 f
  u_cp/u_bfeed/U149468/Z (CLKXOR2V12_140P7T30R)           0.03       6.90 f
  u_cp/u_bfeed/U45432/ZN (INV24_140P7T30R)                0.02       6.91 r
  u_cp/u_bfeed/U8135/ZN (NAND2XBV6_140P7T30R)             0.01       6.92 f
  u_cp/u_bfeed/U38404/ZN (OAI12V12_140P7T30R)             0.01       6.93 r
  u_cp/u_bfeed/U165385/ZN (NOR2XBV8_140P7T30R)            0.02       6.95 r
  u_cp/u_bfeed/U146803/ZN (OAI12V12_140P7T30R)            0.01       6.96 f
  u_cp/u_bfeed/U7935/ZN (NOR2V8_140P7T30R)                0.01       6.98 r
  u_cp/u_bfeed/U53425/ZN (OAI12V8_140P7T30R)              0.01       6.99 f
  u_cp/u_bfeed/U47809/ZN (CLKNAND2V16_140P7T30R)          0.01       7.00 r
  u_cp/u_bfeed/U71314/ZN (INV32_140P7T30R)                0.01       7.01 f
  u_cp/u_bfeed/U71313/ZN (INV40_140P7T30R)                0.01       7.02 r
  u_cp/u_bfeed/U148493/ZN (INV40_140P7T30R)               0.01       7.03 f
  u_cp/u_bfeed/U6811/ZN (NOR2V2_140P7T30R)                0.05       7.08 r
  u_cp/u_bfeed/U195768/ZN (NAND2V2_140P7T30R)             0.02       7.10 f
  u_cp/u_bfeed/U91658/ZN (NAND3V4_140P7T30R)              0.02       7.12 r
  u_cp/u_bfeed/U121991/ZN (INV2_140P7T30R)                0.02       7.14 f
  u_cp/u_bfeed/U195776/ZN (NAND2V2_140P7T30R)             0.01       7.15 r
  u_cp/u_bfeed/U102676/ZN (NAND4V1P5_140P7T30R)           0.02       7.16 f
  u_cp/u_bfeed/U109503/ZN (OAI112V2_140P7T30R)            0.02       7.18 r
  u_cp/u_bfeed/U62356/ZN (AOI13V4_140P7T30R)              0.01       7.19 f
  u_cp/u_bfeed/U166413/ZN (OAI12V4_140P7T30R)             0.01       7.21 r
  u_cp/u_bfeed/U68491/ZN (NAND3V6_140P7T30R)              0.02       7.22 f
  u_cp/u_bfeed/U47207/ZN (CLKNAND2V16_140P7T30R)          0.01       7.24 r
  u_cp/u_bfeed/U146800/ZN (NOR2V16_140P7T30R)             0.01       7.25 f
  u_cp/u_bfeed/U39416/Z (AO1B2V4_140P7T30R)               0.03       7.28 f
  u_cp/u_bfeed/U39415/ZN (AOI12V12_140P7T30R)             0.02       7.29 r
  u_cp/u_bfeed/U170652/ZN (INV4_140P7T30R)                0.01       7.30 f
  u_cp/u_bfeed/U66846/ZN (CLKNAND2V4_140P7T30R)           0.01       7.31 r
  u_cp/u_bfeed/U70498/Z (OA13V2_140P7T30R)                0.03       7.33 r
  u_cp/u_bfeed/U57438/ZN (OAI12V8_140P7T30R)              0.01       7.35 f
  u_cp/u_bfeed/U44078/ZN (OAI12V12_140P7T30R)             0.01       7.36 r
  u_cp/u_bfeed/U63214/Z (AND3V8_140P7T30R)                0.02       7.39 r
  u_cp/u_bfeed/U49799/ZN (OAI12V8_140P7T30R)              0.01       7.40 f
  u_cp/u_bfeed/U144193/ZN (AOI12V12_140P7T30R)            0.02       7.42 r
  u_cp/u_bfeed/U142300/ZN (OAI12V8_140P7T30R)             0.01       7.43 f
  u_cp/u_bfeed/U65718/Z (CLKXOR2V6_140P7T30R)             0.02       7.45 f
  u_cp/u_bfeed/U37782/ZN (NOR2XBV8_140P7T30R)             0.01       7.46 r
  u_cp/u_bfeed/U47788/ZN (NOR2V6_140P7T30R)               0.01       7.46 f
  u_cp/u_bfeed/U68496/ZN (NOR2V8_140P7T30R)               0.01       7.47 r
  u_cp/u_bfeed/U109061/ZN (NAND2V8_140P7T30R)             0.01       7.48 f
  u_cp/u_bfeed/U143007/ZN (NOR2V16_140P7T30R)             0.02       7.50 r
  u_cp/u_bfeed/U142199/ZN (NOR2V16_140P7T30R)             0.01       7.52 f
  u_cp/u_bfeed/U4763/ZN (AOI12V6_140P7T30R)               0.01       7.53 r
  u_cp/u_bfeed/U46371/ZN (NAND2V8_140P7T30R)              0.01       7.54 f
  u_cp/u_bfeed/U46370/ZN (NOR2V12_140P7T30R)              0.01       7.55 r
  u_cp/u_bfeed/U68448/ZN (INV8_140P7T30R)                 0.01       7.56 f
  u_cp/u_bfeed/U169138/ZN (NAND4V6_140P7T30R)             0.01       7.57 r
  u_cp/u_bfeed/U155331/ZN (NOR2V12_140P7T30R)             0.01       7.58 f
  u_cp/u_bfeed/U169403/ZN (NOR2V16_140P7T30R)             0.01       7.59 r
  u_cp/u_bfeed/U91151/ZN (NAND2V8_140P7T30R)              0.01       7.60 f
  u_cp/u_bfeed/U46354/ZN (CLKNAND2V12_140P7T30R)          0.01       7.61 r
  u_cp/u_bfeed/U49592/ZN (INV12_140P7T30R)                0.01       7.62 f
  u_cp/u_bfeed/U61316/ZN (NOR2V12_140P7T30R)              0.01       7.62 r
  u_cp/u_bfeed/U173176/S (AD1V4_140P7T30R)                0.04       7.67 f
  u_cp/u_bfeed/U47698/Z (MAJ23V4_140P7T30R)               0.02       7.69 f
  u_cp/u_bfeed/U45371/ZN (XNOR2V4_140P7T30R)              0.02       7.71 f
  u_cp/u_bfeed/U45370/ZN (XNOR2V4_140P7T30R)              0.03       7.74 f
  u_cp/u_bfeed/U145547/ZN (NOR2V8_140P7T30R)              0.02       7.76 r
  u_cp/u_bfeed/U68413/ZN (OAI12V8_140P7T30R)              0.01       7.77 f
  u_cp/u_bfeed/U68412/ZN (AOI12V12_140P7T30R)             0.02       7.78 r
  u_cp/u_bfeed/U43811/ZN (NOR2V16_140P7T30R)              0.01       7.79 f
  u_cp/u_bfeed/U142266/ZN (NOR2V16_140P7T30R)             0.02       7.81 r
  u_cp/u_bfeed/U119941/ZN (OAI12V8_140P7T30R)             0.01       7.82 f
  u_cp/u_bfeed/U62317/ZN (AOI12V12_140P7T30R)             0.01       7.83 r
  u_cp/u_bfeed/U68574/ZN (NAND2V8_140P7T30R)              0.01       7.84 f
  u_cp/u_bfeed/U80467/ZN (NAND2V6_140P7T30R)              0.01       7.85 r
  u_cp/u_bfeed/U154875/ZN (NAND3V8_140P7T30R)             0.01       7.86 f
  u_cp/u_bfeed/U108684/ZN (NOR2V8_140P7T30R)              0.01       7.87 r
  u_cp/u_bfeed/U142658/ZN (CLKNAND2V16_140P7T30R)         0.02       7.89 f
  u_cp/u_bfeed/U65783/ZN (CLKNAND2V16_140P7T30R)          0.01       7.90 r
  u_cp/u_bfeed/U46304/Z (OA22V12_140P7T30R)               0.02       7.93 r
  u_cp/u_bfeed/U51473/ZN (CLKNAND2V16_140P7T30R)          0.01       7.94 f
  u_cp/u_bfeed/U3286/ZN (CLKNAND2V12_140P7T30R)           0.01       7.94 r
  u_cp/u_bfeed/U68535/ZN (NAND3V8_140P7T30R)              0.01       7.96 f
  u_cp/u_bfeed/U47850/ZN (OAI12V12_140P7T30R)             0.02       7.98 r
  u_cp/u_bfeed/U47849/ZN (AOI12V6_140P7T30R)              0.01       7.99 f
  u_cp/u_bfeed/U146517/ZN (XNOR2V4_140P7T30R)             0.02       8.01 f
  u_cp/u_bfeed/U68911/ZN (NAND3V8_140P7T30R)              0.02       8.03 r
  u_cp/u_bfeed/U119383/ZN (NOR2V8_140P7T30R)              0.01       8.04 f
  u_cp/u_bfeed/U55620/ZN (INV7_140P7T30R)                 0.01       8.05 r
  u_cp/u_bfeed/U146898/ZN (OAI12V12_140P7T30R)            0.01       8.06 f
  u_cp/u_bfeed/U2632/ZN (CLKNAND2V12_140P7T30R)           0.01       8.07 r
  u_cp/u_bfeed/U39402/ZN (CLKNAND2V16_140P7T30R)          0.01       8.08 f
  u_cp/u_bfeed/U59734/ZN (INV4_140P7T30R)                 0.01       8.09 r
  u_cp/u_bfeed/U59733/ZN (NOR2V6_140P7T30R)               0.01       8.09 f
  u_cp/u_bfeed/U101951/ZN (NOR2V8_140P7T30R)              0.01       8.11 r
  u_cp/u_bfeed/U44400/ZN (NAND2V6_140P7T30R)              0.01       8.11 f
  u_cp/u_bfeed/U170115/ZN (NOR4V6_140P7T30R)              0.02       8.13 r
  u_cp/u_bfeed/U146363/ZN (NAND4V6_140P7T30R)             0.02       8.15 f
  u_cp/u_bfeed/U143224/ZN (AOI12V8_140P7T30R)             0.02       8.17 r
  u_cp/u_bfeed/U47337/ZN (NOR2V16_140P7T30R)              0.01       8.18 f
  u_cp/u_bfeed/U45601/ZN (INV32_140P7T30R)                0.01       8.19 r
  u_cp/u_bfeed/U60336/ZN (OAI22V8_140P7T30R)              0.01       8.20 f
  u_cp/u_bfeed/U48457/ZN (AOI12V12_140P7T30R)             0.02       8.22 r
  u_cp/u_bfeed/U48456/ZN (CLKNAND2V12_140P7T30R)          0.01       8.23 f
  u_cp/u_bfeed/U1525/ZN (NOR2V16_140P7T30R)               0.02       8.25 r
  u_cp/u_bfeed/U61372/ZN (CLKNAND2V16_140P7T30R)          0.01       8.26 f
  u_cp/u_bfeed/U80299/ZN (CLKINV20_140P7T30R)             0.01       8.27 r
  u_cp/u_bfeed/U55726/ZN (CLKNAND2V12_140P7T30R)          0.01       8.28 f
  u_cp/u_bfeed/U142836/ZN (NAND2V6_140P7T30R)             0.01       8.29 r
  u_cp/u_bfeed/U48567/ZN (OAI12V8_140P7T30R)              0.01       8.30 f
  u_cp/u_bfeed/U57360/ZN (NAND2XBV8_140P7T30R)            0.01       8.31 r
  u_cp/u_bfeed/U52162/ZN (NAND3V6_140P7T30R)              0.01       8.32 f
  u_cp/u_bfeed/U52161/ZN (AOI12V12_140P7T30R)             0.01       8.33 r
  u_cp/u_bfeed/U144183/Z (CLKXOR2V6_140P7T30R)            0.02       8.35 r
  u_cp/u_bfeed/U146337/ZN (OAI12V8_140P7T30R)             0.01       8.37 f
  u_cp/u_bfeed/U55564/ZN (NAND3V8_140P7T30R)              0.01       8.38 r
  u_cp/u_bfeed/U49572/ZN (INV16_140P7T30R)                0.01       8.39 f
  u_cp/u_bfeed/U52437/ZN (CLKNAND2V16_140P7T30R)          0.01       8.40 r
  u_cp/u_bfeed/U45687/ZN (CLKINV20_140P7T30R)             0.01       8.40 f
  u_cp/u_bfeed/U899/ZN (NOR2V8_140P7T30R)                 0.01       8.41 r
  u_cp/u_bfeed/U881/ZN (INV4_140P7T30R)                   0.01       8.42 f
  u_cp/u_bfeed/U74262/ZN (OAI12V6_140P7T30R)              0.01       8.43 r
  u_cp/u_bfeed/U74253/ZN (AOI12V8_140P7T30R)              0.01       8.44 f
  u_cp/u_bfeed/U118594/ZN (NOR3V8_140P7T30R)              0.02       8.45 r
  u_cp/u_bfeed/U39376/ZN (NAND3V12_140P7T30R)             0.02       8.48 f
  u_cp/u_bfeed/U39375/ZN (CLKINV32_140P7T30R)             0.01       8.49 r
  u_cp/u_bfeed/U680/ZN (NOR3V6_140P7T30R)                 0.01       8.50 f
  u_cp/u_bfeed/U37607/ZN (NOR2V4_140P7T30R)               0.01       8.51 r
  u_cp/u_bfeed/U37619/Z (AND2V12_140P7T30R)               0.02       8.53 r
  u_cp/u_bfeed/U37811/ZN (INV32_140P7T30R)                0.01       8.54 f
  u_cp/u_bfeed/U37881/ZN (NAND2V2_140P7T30R)              0.01       8.55 r
  u_cp/u_bfeed/U37702/ZN (NAND2V2_140P7T30R)              0.01       8.56 f
  u_cp/u_bfeed/row_reg[59][26]/D (DQV2_140P7T30R)         0.00       8.56 f
  data arrival time                                                  8.56

  clock clk (rise edge)                                   1.00       1.00
  clock network delay (ideal)                             0.00       1.00
  u_cp/u_bfeed/row_reg[59][26]/CK (DQV2_140P7T30R)        0.00       1.00 r
  library setup time                                     -0.01       0.99
  data required time                                                 0.99
  --------------------------------------------------------------------------
  data required time                                                 0.99
  data arrival time                                                 -8.56
  --------------------------------------------------------------------------
  slack (VIOLATED)                                                  -7.57


  Startpoint: u_cp/pos_base_reg[6]
              (rising edge-triggered flip-flop clocked by clk)
  Endpoint: u_cp/u_bfeed/row_reg[67][29]
            (rising edge-triggered flip-flop clocked by clk)
  Path Group: clk
  Path Type: max

  Point                                                   Incr       Path
  --------------------------------------------------------------------------
  clock clk (rise edge)                                   0.00       0.00
  clock network delay (ideal)                             0.00       0.00
  u_cp/pos_base_reg[6]/CK (DQV6_140P7T30R)                0.00 #     0.00 r
  u_cp/pos_base_reg[6]/Q (DQV6_140P7T30R)                 0.05       0.05 f
  u_cp/u_bfeed/pos_base[6] (kv_bfeed_MAX_N128)            0.00       0.05 f
  u_cp/u_bfeed/U143075/ZN (NOR2V16_140P7T30R)             0.02       0.07 r
  u_cp/u_bfeed/U36448/Z (BUFV20_140P7T30R)                0.02       0.09 r
  u_cp/u_bfeed/U101507/ZN (NOR2V12_140P7T30R)             0.01       0.10 f
  u_cp/u_bfeed/U80137/ZN (CLKNAND2V4_140P7T30R)           0.01       0.11 r
  u_cp/u_bfeed/U64741/ZN (NOR2V6_140P7T30R)               0.01       0.12 f
  u_cp/u_bfeed/U35555/ZN (NOR3V2_140P7T30R)               0.02       0.14 r
  u_cp/u_bfeed/U169103/ZN (NAND2XBV4_140P7T30R)           0.02       0.16 r
  u_cp/u_bfeed/U63664/ZN (NAND2V8_140P7T30R)              0.01       0.17 f
  u_cp/u_bfeed/U35496/ZN (NOR2V8_140P7T30R)               0.01       0.18 r
  u_cp/u_bfeed/U48460/ZN (CLKNAND2V12_140P7T30R)          0.01       0.19 f
  u_cp/u_bfeed/U142302/ZN (CLKNAND2V16_140P7T30R)         0.01       0.20 r
  u_cp/u_bfeed/U41064/ZN (INV16_140P7T30R)                0.01       0.21 f
  u_cp/u_bfeed/U47818/ZN (NOR2V16_140P7T30R)              0.02       0.23 r
  u_cp/u_bfeed/U35226/ZN (INV5_140P7T30R)                 0.01       0.23 f
  u_cp/u_bfeed/U149276/ZN (OAI22V1_140P7T30R)             0.02       0.25 r
  u_cp/u_bfeed/U168443/Z (OA12V4_140P7T30R)               0.02       0.28 r
  u_cp/u_bfeed/U55694/ZN (NOR2V12_140P7T30R)              0.01       0.28 f
  u_cp/u_bfeed/U67799/ZN (CLKNAND2V16_140P7T30R)          0.01       0.29 r
  u_cp/u_bfeed/U35015/ZN (INV12_140P7T30R)                0.01       0.30 f
  u_cp/u_bfeed/U150673/Z (CLKXOR2V6_140P7T30R)            0.02       0.32 f
  u_cp/u_bfeed/U149252/ZN (OAI22V1_140P7T30R)             0.03       0.35 r
  u_cp/u_bfeed/U190596/CO (AD1V4_140P7T30R)               0.04       0.38 r
  u_cp/u_bfeed/U190635/S (AD1V4_140P7T30R)                0.05       0.43 f
  u_cp/u_bfeed/U34667/ZN (OAI12V4_140P7T30R)              0.01       0.45 r
  u_cp/u_bfeed/U57428/ZN (NAND2V8_140P7T30R)              0.01       0.46 f
  u_cp/u_bfeed/U141074/Z (CLKXOR2V6_140P7T30R)            0.02       0.48 f
  u_cp/u_bfeed/U62028/Z (CLKXOR2V6_140P7T30R)             0.02       0.51 f
  u_cp/u_bfeed/U34549/ZN (NAND2V6_140P7T30R)              0.01       0.52 r
  u_cp/u_bfeed/U68763/ZN (OAI12V8_140P7T30R)              0.01       0.53 f
  u_cp/u_bfeed/U60307/ZN (AOI12V12_140P7T30R)             0.01       0.54 r
  u_cp/u_bfeed/U62349/ZN (OAI12V12_140P7T30R)             0.01       0.55 f
  u_cp/u_bfeed/U146506/ZN (NOR2V16_140P7T30R)             0.02       0.57 r
  u_cp/u_bfeed/U142866/ZN (OAI12V12_140P7T30R)            0.01       0.59 f
  u_cp/u_bfeed/U53699/ZN (NOR2V16_140P7T30R)              0.01       0.60 r
  u_cp/u_bfeed/U146624/ZN (NOR2V16_140P7T30R)             0.01       0.61 f
  u_cp/u_bfeed/U49889/ZN (INV20_140P7T30R)                0.01       0.62 r
  u_cp/u_bfeed/U44160/ZN (INV32_140P7T30R)                0.01       0.62 f
  u_cp/u_bfeed/U34102/ZN (CLKNAND2V4_140P7T30R)           0.01       0.63 r
  u_cp/u_bfeed/U117237/ZN (CLKNAND2V12_140P7T30R)         0.02       0.65 f
  u_cp/u_bfeed/U173742/CO (AD1V4_140P7T30R)               0.03       0.69 f
  u_cp/u_bfeed/U169402/Z (MAJ23V4_140P7T30R)              0.02       0.71 f
  u_cp/u_bfeed/U98053/ZN (OAI12V4_140P7T30R)              0.01       0.72 r
  u_cp/u_bfeed/U117186/ZN (NAND2V6_140P7T30R)             0.01       0.74 f
  u_cp/u_bfeed/U151399/Z (CLKXOR2V6_140P7T30R)            0.02       0.76 f
  u_cp/u_bfeed/U151398/Z (CLKXOR2V6_140P7T30R)            0.02       0.78 f
  u_cp/u_bfeed/U61417/ZN (NOR2V8_140P7T30R)               0.01       0.79 r
  u_cp/u_bfeed/U62142/ZN (NOR2V6_140P7T30R)               0.01       0.80 f
  u_cp/u_bfeed/U63628/ZN (NOR2V6_140P7T30R)               0.01       0.81 r
  u_cp/u_bfeed/U64332/ZN (OAI12V6_140P7T30R)              0.01       0.82 f
  u_cp/u_bfeed/U64331/ZN (AOI12V8_140P7T30R)              0.02       0.84 r
  u_cp/u_bfeed/U145065/ZN (OAI12V12_140P7T30R)            0.02       0.85 f
  u_cp/u_bfeed/U33655/Z (BUFV12_140P7T30R)                0.02       0.87 f
  u_cp/u_bfeed/U47701/ZN (NOR2V16_140P7T30R)              0.01       0.88 r
  u_cp/u_bfeed/U51550/ZN (OAI22V12_140P7T30R)             0.02       0.90 f
  u_cp/u_bfeed/U53525/ZN (NOR2V16_140P7T30R)              0.02       0.92 r
  u_cp/u_bfeed/U55658/ZN (NOR2V16_140P7T30R)              0.01       0.92 f
  u_cp/u_bfeed/U56673/ZN (NOR2V16_140P7T30R)              0.01       0.93 r
  u_cp/u_bfeed/U65431/ZN (NAND2V8_140P7T30R)              0.01       0.94 f
  u_cp/u_bfeed/U65432/ZN (NAND2V6_140P7T30R)              0.01       0.95 r
  u_cp/u_bfeed/U107331/ZN (NAND2V8_140P7T30R)             0.02       0.96 f
  u_cp/u_bfeed/U65538/ZN (NAND2XBV6_140P7T30R)            0.01       0.97 r
  u_cp/u_bfeed/U117029/ZN (NOR2V6_140P7T30R)              0.01       0.98 f
  u_cp/u_bfeed/U65612/ZN (INV8_140P7T30R)                 0.01       0.99 r
  u_cp/u_bfeed/U65613/ZN (NOR2V6_140P7T30R)               0.01       0.99 f
  u_cp/u_bfeed/U117013/ZN (AOI12V6_140P7T30R)             0.02       1.01 r
  u_cp/u_bfeed/U45602/ZN (NOR2V12_140P7T30R)              0.01       1.02 f
  u_cp/u_bfeed/U45484/ZN (CLKNAND2V16_140P7T30R)          0.01       1.03 r
  u_cp/u_bfeed/U67784/ZN (INV20_140P7T30R)                0.01       1.04 f
  u_cp/u_bfeed/U145315/ZN (NAND3V12_140P7T30R)            0.01       1.04 r
  u_cp/u_bfeed/U145448/Z (CLKXOR2V6_140P7T30R)            0.02       1.06 r
  u_cp/u_bfeed/U66874/ZN (OAI12V8_140P7T30R)              0.01       1.08 f
  u_cp/u_bfeed/U53374/ZN (INV8_140P7T30R)                 0.01       1.08 r
  u_cp/u_bfeed/U54774/ZN (CLKNAND2V12_140P7T30R)          0.01       1.09 f
  u_cp/u_bfeed/U66316/ZN (NOR2V8_140P7T30R)               0.01       1.10 r
  u_cp/u_bfeed/U67778/ZN (NAND2V8_140P7T30R)              0.01       1.11 f
  u_cp/u_bfeed/U107297/ZN (OAI12V8_140P7T30R)             0.01       1.12 r
  u_cp/u_bfeed/U41013/ZN (CLKNAND2V16_140P7T30R)          0.02       1.14 f
  u_cp/u_bfeed/U49585/ZN (INV20_140P7T30R)                0.01       1.15 r
  u_cp/u_bfeed/U58244/ZN (NOR2V16_140P7T30R)              0.01       1.16 f
  u_cp/u_bfeed/U48459/ZN (INV32_140P7T30R)                0.01       1.17 r
  u_cp/u_bfeed/U48515/ZN (OAI22V12_140P7T30R)             0.01       1.18 f
  u_cp/u_bfeed/U60641/ZN (NOR2V12_140P7T30R)              0.01       1.19 r
  u_cp/u_bfeed/U65492/ZN (OAI12V8_140P7T30R)              0.01       1.20 f
  u_cp/u_bfeed/U143009/ZN (OAI22V8_140P7T30R)             0.02       1.22 r
  u_cp/u_bfeed/U41048/ZN (INV12_140P7T30R)                0.01       1.23 f
  u_cp/u_bfeed/U97969/Z (BUFV12_140P7T30R)                0.01       1.25 f
  u_cp/u_bfeed/U32812/ZN (INV6_140P7T30R)                 0.02       1.26 r
  u_cp/u_bfeed/U49881/ZN (INV4_140P7T30R)                 0.02       1.28 f
  u_cp/u_bfeed/U79884/Z (XOR2V4_140P7T30R)                0.03       1.31 f
  u_cp/u_bfeed/U32683/ZN (CLKNAND2V4_140P7T30R)           0.01       1.32 r
  u_cp/u_bfeed/U73859/ZN (NAND2V3_140P7T30R)              0.01       1.33 f
  u_cp/u_bfeed/U89966/ZN (NOR2V6_140P7T30R)               0.01       1.34 r
  u_cp/u_bfeed/U89963/ZN (CLKNAND2V12_140P7T30R)          0.01       1.36 f
  u_cp/u_bfeed/U77300/ZN (INV8_140P7T30R)                 0.01       1.36 r
  u_cp/u_bfeed/U153680/ZN (NAND3V8_140P7T30R)             0.01       1.38 f
  u_cp/u_bfeed/U50233/ZN (OAI12V8_140P7T30R)              0.01       1.39 r
  u_cp/u_bfeed/U150852/ZN (NOR2V16_140P7T30R)             0.01       1.40 f
  u_cp/u_bfeed/U153135/ZN (MUX2NV4_140P7T30R)             0.02       1.43 f
  u_cp/u_bfeed/U51671/ZN (OAI12V8_140P7T30R)              0.01       1.44 r
  u_cp/u_bfeed/U150973/ZN (OAI12V6_140P7T30R)             0.01       1.45 f
  u_cp/u_bfeed/U149220/ZN (NAND2XBV16_140P7T30R)          0.03       1.48 f
  u_cp/u_bfeed/U68506/ZN (NOR2V16_140P7T30R)              0.02       1.50 r
  u_cp/u_bfeed/U31978/ZN (INV6_140P7T30R)                 0.01       1.51 f
  u_cp/u_bfeed/U149227/ZN (NAND3V12_140P7T30R)            0.01       1.52 r
  u_cp/u_bfeed/U31924/Z (CLKBUFV16_140P7T30R)             0.01       1.53 r
  u_cp/u_bfeed/U52091/ZN (NOR2V6_140P7T30R)               0.01       1.54 f
  u_cp/u_bfeed/U151391/Z (OA1B2V4_140P7T30R)              0.01       1.55 r
  u_cp/u_bfeed/U51703/ZN (NAND3V6_140P7T30R)              0.01       1.56 f
  u_cp/u_bfeed/U31794/ZN (INV8_140P7T30R)                 0.01       1.57 r
  u_cp/u_bfeed/U58179/ZN (AOI12V8_140P7T30R)              0.01       1.58 f
  u_cp/u_bfeed/U116614/ZN (AOI22V8_140P7T30R)             0.02       1.60 r
  u_cp/u_bfeed/U149301/ZN (OAI12V12_140P7T30R)            0.01       1.61 f
  u_cp/u_bfeed/U139197/Z (AND2V6_140P7T30R)               0.01       1.63 f
  u_cp/u_bfeed/U107084/ZN (NOR2V4_140P7T30R)              0.01       1.64 r
  u_cp/u_bfeed/U57433/ZN (AOI12V8_140P7T30R)              0.01       1.65 f
  u_cp/u_bfeed/U57434/ZN (OAI12V12_140P7T30R)             0.02       1.67 r
  u_cp/u_bfeed/U149294/ZN (AOI12V12_140P7T30R)            0.02       1.68 f
  u_cp/u_bfeed/U97818/ZN (OAI12V4_140P7T30R)              0.02       1.70 r
  u_cp/u_bfeed/U57431/ZN (XNOR2V4_140P7T30R)              0.02       1.72 r
  u_cp/u_bfeed/U151024/ZN (MUX2NV4_140P7T30R)             0.02       1.74 f
  u_cp/u_bfeed/U151023/ZN (NAND2V8_140P7T30R)             0.01       1.75 r
  u_cp/u_bfeed/U149279/ZN (NOR2V16_140P7T30R)             0.01       1.76 f
  u_cp/u_bfeed/U48505/ZN (INV20_140P7T30R)                0.01       1.77 r
  u_cp/u_bfeed/U31206/ZN (NOR2V6_140P7T30R)               0.01       1.78 f
  u_cp/u_bfeed/U49550/ZN (AOI22V12_140P7T30R)             0.02       1.80 r
  u_cp/u_bfeed/U51701/ZN (CLKNAND2V16_140P7T30R)          0.01       1.81 f
  u_cp/u_bfeed/U145062/ZN (AOI12V8_140P7T30R)             0.01       1.83 r
  u_cp/u_bfeed/U146621/ZN (OAI12V12_140P7T30R)            0.01       1.84 f
  u_cp/u_bfeed/U168260/ZN (AOI12V8_140P7T30R)             0.01       1.85 r
  u_cp/u_bfeed/U168259/Z (CLKXOR2V6_140P7T30R)            0.02       1.87 r
  u_cp/u_bfeed/U148974/ZN (OAI12V8_140P7T30R)             0.02       1.89 f
  u_cp/u_bfeed/U64192/ZN (CLKNAND2V16_140P7T30R)          0.01       1.90 r
  u_cp/u_bfeed/U45474/ZN (NOR2V16_140P7T30R)              0.01       1.91 f
  u_cp/u_bfeed/U45473/ZN (NOR2V12_140P7T30R)              0.01       1.92 r
  u_cp/u_bfeed/U68664/ZN (OAI12V12_140P7T30R)             0.01       1.93 f
  u_cp/u_bfeed/U30481/Z (BUFV6_140P7T30R)                 0.01       1.94 f
  u_cp/u_bfeed/U168457/ZN (NOR2V4_140P7T30R)              0.01       1.96 r
  u_cp/u_bfeed/U163208/ZN (INV2_140P7T30R)                0.01       1.97 f
  u_cp/u_bfeed/U155877/ZN (AOI12V4_140P7T30R)             0.01       1.98 r
  u_cp/u_bfeed/U116365/ZN (OAI13V4_140P7T30R)             0.02       1.99 f
  u_cp/u_bfeed/U45548/ZN (XNOR2V4_140P7T30R)              0.03       2.02 f
  u_cp/u_bfeed/U45547/ZN (MUX2NV4_140P7T30R)              0.02       2.04 r
  u_cp/u_bfeed/U56646/ZN (CLKNAND2V12_140P7T30R)          0.02       2.06 f
  u_cp/u_bfeed/U56675/ZN (NOR2V16_140P7T30R)              0.02       2.08 r
  u_cp/u_bfeed/U48576/ZN (NAND3V6_140P7T30R)              0.01       2.09 f
  u_cp/u_bfeed/U51615/ZN (OAI12V6_140P7T30R)              0.01       2.10 r
  u_cp/u_bfeed/U60646/ZN (NOR2V6_140P7T30R)               0.01       2.11 f
  u_cp/u_bfeed/U60645/ZN (CLKNAND2V16_140P7T30R)          0.01       2.12 r
  u_cp/u_bfeed/U51607/Z (CLKAND2V16_140P7T30R)            0.02       2.14 r
  u_cp/u_bfeed/U138372/ZN (OAI12V8_140P7T30R)             0.01       2.15 f
  u_cp/u_bfeed/U43910/ZN (AOI12V12_140P7T30R)             0.01       2.16 r
  u_cp/u_bfeed/U60672/ZN (OAI12V12_140P7T30R)             0.01       2.18 f
  u_cp/u_bfeed/U29727/ZN (INV10_140P7T30R)                0.01       2.19 r
  u_cp/u_bfeed/U60295/ZN (OAI12V8_140P7T30R)              0.01       2.20 f
  u_cp/u_bfeed/U148005/Z (CLKXOR2V6_140P7T30R)            0.02       2.22 f
  u_cp/u_bfeed/U61296/ZN (NAND2V8_140P7T30R)              0.01       2.23 r
  u_cp/u_bfeed/U47802/ZN (OAI12V12_140P7T30R)             0.01       2.24 f
  u_cp/u_bfeed/U138126/ZN (NOR2V12_140P7T30R)             0.01       2.25 r
  u_cp/u_bfeed/U29590/ZN (INV6_140P7T30R)                 0.01       2.25 f
  u_cp/u_bfeed/U29545/ZN (NOR2V12_140P7T30R)              0.01       2.27 r
  u_cp/u_bfeed/U48534/ZN (INV12_140P7T30R)                0.01       2.27 f
  u_cp/u_bfeed/U106698/ZN (NAND2XBV8_140P7T30R)           0.01       2.28 r
  u_cp/u_bfeed/U97610/ZN (OAI12V4_140P7T30R)              0.01       2.29 f
  u_cp/u_bfeed/U29397/ZN (NOR2V4_140P7T30R)               0.01       2.30 r
  u_cp/u_bfeed/U148743/ZN (OAI12V8_140P7T30R)             0.02       2.32 f
  u_cp/u_bfeed/U46981/ZN (NOR2V12_140P7T30R)              0.01       2.33 r
  u_cp/u_bfeed/U46980/ZN (OAI12V8_140P7T30R)              0.01       2.34 f
  u_cp/u_bfeed/U149669/ZN (AOI12V8_140P7T30R)             0.02       2.35 r
  u_cp/u_bfeed/U149666/ZN (OAI12V4_140P7T30R)             0.01       2.37 f
  u_cp/u_bfeed/U153020/ZN (XNOR2V4_140P7T30R)             0.03       2.39 f
  u_cp/u_bfeed/U44050/ZN (NAND2XBV12_140P7T30R)           0.02       2.41 f
  u_cp/u_bfeed/U137955/ZN (NOR2V12_140P7T30R)             0.01       2.42 r
  u_cp/u_bfeed/U142853/ZN (CLKNAND2V16_140P7T30R)         0.02       2.44 f
  u_cp/u_bfeed/U67783/ZN (NAND2XBV16_140P7T30R)           0.01       2.45 r
  u_cp/u_bfeed/U51683/ZN (CLKNAND2V16_140P7T30R)          0.01       2.46 f
  u_cp/u_bfeed/U41100/ZN (NOR2XBV16_140P7T30R)            0.01       2.47 r
  u_cp/u_bfeed/U62323/ZN (CLKNAND2V12_140P7T30R)          0.01       2.48 f
  u_cp/u_bfeed/U62322/ZN (NOR3V12_140P7T30R)              0.01       2.50 r
  u_cp/u_bfeed/U148735/ZN (NOR2V16_140P7T30R)             0.01       2.51 f
  u_cp/u_bfeed/U28671/ZN (NAND2XBV6_140P7T30R)            0.02       2.53 f
  u_cp/u_bfeed/U28646/ZN (NAND2V6_140P7T30R)              0.01       2.54 r
  u_cp/u_bfeed/U28565/ZN (INV4_140P7T30R)                 0.01       2.55 f
  u_cp/u_bfeed/U106609/ZN (NOR2V6_140P7T30R)              0.01       2.56 r
  u_cp/u_bfeed/U68584/ZN (NOR2V6_140P7T30R)               0.01       2.56 f
  u_cp/u_bfeed/U115981/ZN (NAND2XBV8_140P7T30R)           0.02       2.58 f
  u_cp/u_bfeed/U146516/ZN (OAI22V12_140P7T30R)            0.02       2.60 r
  u_cp/u_bfeed/U28366/ZN (INV6_140P7T30R)                 0.01       2.61 f
  u_cp/u_bfeed/U28325/ZN (NAND2XBV2_140P7T30R)            0.01       2.62 r
  u_cp/u_bfeed/U51594/ZN (OAI12V6_140P7T30R)              0.01       2.63 f
  u_cp/u_bfeed/U106531/ZN (CLKNAND2V4_140P7T30R)          0.01       2.64 r
  u_cp/u_bfeed/U47304/ZN (NAND2XBV6_140P7T30R)            0.01       2.66 f
  u_cp/u_bfeed/U163313/ZN (AOI12V2_140P7T30R)             0.01       2.67 r
  u_cp/u_bfeed/U137648/ZN (OAI12V2_140P7T30R)             0.02       2.69 f
  u_cp/u_bfeed/U115842/Z (CLKXOR2V1P5_140P7T30R)          0.02       2.71 f
  u_cp/u_bfeed/U153388/ZN (NOR2XBV4_140P7T30R)            0.02       2.73 r
  u_cp/u_bfeed/U65775/ZN (NOR2V12_140P7T30R)              0.01       2.74 f
  u_cp/u_bfeed/U46376/ZN (CLKNAND2V12_140P7T30R)          0.01       2.75 r
  u_cp/u_bfeed/U100813/ZN (NOR2V12_140P7T30R)             0.01       2.75 f
  u_cp/u_bfeed/U27922/ZN (CLKINV10_140P7T30R)             0.01       2.76 r
  u_cp/u_bfeed/U66850/ZN (NOR3V6_140P7T30R)               0.01       2.77 f
  u_cp/u_bfeed/U149473/ZN (NOR2V4_140P7T30R)              0.01       2.78 r
  u_cp/u_bfeed/U66799/ZN (NAND3V6_140P7T30R)              0.02       2.80 f
  u_cp/u_bfeed/U44056/ZN (CLKNAND2V12_140P7T30R)          0.01       2.81 r
  u_cp/u_bfeed/U143020/ZN (CLKNAND2V12_140P7T30R)         0.01       2.82 f
  u_cp/u_bfeed/U27527/Z (BUFV8_140P7T30R)                 0.02       2.84 f
  u_cp/u_bfeed/U27500/Z (AND2V12_140P7T30R)               0.02       2.85 f
  u_cp/u_bfeed/U94267/ZN (INV8_140P7T30R)                 0.01       2.86 r
  u_cp/u_bfeed/U100778/ZN (OAI12V4_140P7T30R)             0.01       2.87 f
  u_cp/u_bfeed/U79557/ZN (NOR2V4_140P7T30R)               0.02       2.89 r
  u_cp/u_bfeed/U106379/ZN (AOI22V4_140P7T30R)             0.01       2.90 f
  u_cp/u_bfeed/U94262/ZN (AOI22V4_140P7T30R)              0.02       2.92 r
  u_cp/u_bfeed/U38336/ZN (OAI22V8_140P7T30R)              0.02       2.94 f
  u_cp/u_bfeed/U148470/Z (BUFV6_140P7T30R)                0.02       2.95 f
  u_cp/u_bfeed/U60669/ZN (AOI22V12_140P7T30R)             0.02       2.97 r
  u_cp/u_bfeed/U61979/ZN (NOR2V4_140P7T30R)               0.01       2.98 f
  u_cp/u_bfeed/U63252/ZN (NOR2V4_140P7T30R)               0.01       2.99 r
  u_cp/u_bfeed/U63253/ZN (NAND2V6_140P7T30R)              0.01       3.00 f
  u_cp/u_bfeed/U53514/ZN (NAND2V8_140P7T30R)              0.01       3.01 r
  u_cp/u_bfeed/U76816/ZN (NAND2V8_140P7T30R)              0.01       3.02 f
  u_cp/u_bfeed/U115609/Z (OR2V6_140P7T30R)                0.02       3.05 f
  u_cp/u_bfeed/U65439/ZN (AOI22V6_140P7T30R)              0.01       3.06 r
  u_cp/u_bfeed/U26778/ZN (OAI12V6_140P7T30R)              0.01       3.07 f
  u_cp/u_bfeed/U39450/ZN (AOI12V8_140P7T30R)              0.02       3.09 r
  u_cp/u_bfeed/U67755/ZN (OAI12V6_140P7T30R)              0.01       3.10 f
  u_cp/u_bfeed/U106205/Z (CLKXOR2V1P5_140P7T30R)          0.02       3.13 f
  u_cp/u_bfeed/U57412/Z (AND2V6_140P7T30R)                0.02       3.14 f
  u_cp/u_bfeed/U57411/ZN (AOI12V8_140P7T30R)              0.01       3.15 r
  u_cp/u_bfeed/U26544/ZN (CLKNAND2V12_140P7T30R)          0.02       3.17 f
  u_cp/u_bfeed/U26508/ZN (NOR2V8_140P7T30R)               0.01       3.18 r
  u_cp/u_bfeed/U45775/ZN (CLKNAND2V12_140P7T30R)          0.01       3.19 f
  u_cp/u_bfeed/U68594/ZN (NOR2V16_140P7T30R)              0.01       3.21 r
  u_cp/u_bfeed/U62379/ZN (NAND3V8_140P7T30R)              0.01       3.22 f
  u_cp/u_bfeed/U38334/ZN (CLKINV7_140P7T30R)              0.01       3.22 r
  u_cp/u_bfeed/U67428/ZN (NOR2V12_140P7T30R)              0.01       3.23 f
  u_cp/u_bfeed/U142360/ZN (CLKNAND2V16_140P7T30R)         0.01       3.24 r
  u_cp/u_bfeed/U144216/ZN (CLKNAND2V16_140P7T30R)         0.02       3.26 f
  u_cp/u_bfeed/U47012/ZN (OAI22V12_140P7T30R)             0.02       3.28 r
  u_cp/u_bfeed/U25971/ZN (NOR2V4_140P7T30R)               0.01       3.29 f
  u_cp/u_bfeed/U25930/ZN (NAND2V3_140P7T30R)              0.01       3.30 r
  u_cp/u_bfeed/U53576/ZN (OAI12V12_140P7T30R)             0.01       3.31 f
  u_cp/u_bfeed/U45447/ZN (AOI12V12_140P7T30R)             0.01       3.32 r
  u_cp/u_bfeed/U145098/Z (OA12V8_140P7T30R)               0.02       3.34 r
  u_cp/u_bfeed/U25741/ZN (INV12_140P7T30R)                0.01       3.35 f
  u_cp/u_bfeed/U173732/S (AD1V4_140P7T30R)                0.06       3.41 r
  u_cp/u_bfeed/U153041/ZN (OAI12V12_140P7T30R)            0.01       3.42 f
  u_cp/u_bfeed/U25551/ZN (CLKNAND2V4_140P7T30R)           0.01       3.43 r
  u_cp/u_bfeed/U65562/ZN (NAND2V8_140P7T30R)              0.01       3.44 f
  u_cp/u_bfeed/U62166/ZN (NAND2V8_140P7T30R)              0.01       3.45 r
  u_cp/u_bfeed/U39020/Z (CLKXOR2V6_140P7T30R)             0.02       3.47 r
  u_cp/u_bfeed/U148601/Z (CLKXOR2V6_140P7T30R)            0.02       3.49 r
  u_cp/u_bfeed/U55652/ZN (NOR2V8_140P7T30R)               0.01       3.50 f
  u_cp/u_bfeed/U38960/ZN (NOR2V12_140P7T30R)              0.01       3.52 r
  u_cp/u_bfeed/U53621/ZN (CLKNAND2V12_140P7T30R)          0.01       3.53 f
  u_cp/u_bfeed/U41101/ZN (NOR2V16_140P7T30R)              0.01       3.54 r
  u_cp/u_bfeed/U43894/ZN (NAND3V12_140P7T30R)             0.02       3.56 f
  u_cp/u_bfeed/U149046/ZN (NAND3V1P5_140P7T30R)           0.02       3.57 r
  u_cp/u_bfeed/U145807/Z (OR2V6_140P7T30R)                0.02       3.59 r
  u_cp/u_bfeed/U51480/ZN (NAND3V12_140P7T30R)             0.03       3.61 f
  u_cp/u_bfeed/U24964/ZN (NOR2V12_140P7T30R)              0.02       3.63 r
  u_cp/u_bfeed/U68645/ZN (INV20_140P7T30R)                0.01       3.64 f
  u_cp/u_bfeed/U24801/ZN (OAI22V4_140P7T30R)              0.02       3.66 r
  u_cp/u_bfeed/U136553/ZN (NOR2V6_140P7T30R)              0.01       3.67 f
  u_cp/u_bfeed/U24668/ZN (INV3_140P7T30R)                 0.01       3.68 r
  u_cp/u_bfeed/U51625/ZN (OAI12V12_140P7T30R)             0.01       3.69 f
  u_cp/u_bfeed/U58217/ZN (NOR2V6_140P7T30R)               0.01       3.71 r
  u_cp/u_bfeed/U43957/ZN (OAI12V8_140P7T30R)              0.01       3.72 f
  u_cp/u_bfeed/U58164/ZN (OAI12V12_140P7T30R)             0.01       3.73 r
  u_cp/u_bfeed/U24474/Z (AND2V6_140P7T30R)                0.02       3.75 r
  u_cp/u_bfeed/U45552/ZN (CLKNAND2V16_140P7T30R)          0.01       3.76 f
  u_cp/u_bfeed/U51506/ZN (OAI12V12_140P7T30R)             0.01       3.77 r
  u_cp/u_bfeed/U55686/ZN (CLKNAND2V12_140P7T30R)          0.01       3.78 f
  u_cp/u_bfeed/U100435/ZN (INV8_140P7T30R)                0.01       3.79 r
  u_cp/u_bfeed/U40838/ZN (NAND3V12_140P7T30R)             0.01       3.80 f
  u_cp/u_bfeed/U60788/Z (AND2V6_140P7T30R)                0.01       3.82 f
  u_cp/u_bfeed/U135115/ZN (AOI22V8_140P7T30R)             0.01       3.83 r
  u_cp/u_bfeed/U40811/ZN (NOR2V16_140P7T30R)              0.01       3.84 f
  u_cp/u_bfeed/U41026/ZN (INV32_140P7T30R)                0.01       3.85 r
  u_cp/u_bfeed/U23825/ZN (INV32_140P7T30R)                0.01       3.86 f
  u_cp/u_bfeed/U23634/ZN (NAND2XBV2_140P7T30R)            0.01       3.87 r
  u_cp/u_bfeed/U76499/ZN (OAI12V4_140P7T30R)              0.02       3.89 f
  u_cp/u_bfeed/U23570/ZN (INV3_140P7T30R)                 0.01       3.90 r
  u_cp/u_bfeed/U69974/ZN (NOR2V2_140P7T30R)               0.01       3.92 f
  u_cp/u_bfeed/U73206/ZN (NOR3V4_140P7T30R)               0.02       3.94 r
  u_cp/u_bfeed/U55663/ZN (NOR2V4_140P7T30R)               0.01       3.95 f
  u_cp/u_bfeed/U114089/ZN (NOR3V6_140P7T30R)              0.02       3.96 r
  u_cp/u_bfeed/U60360/ZN (NAND2V8_140P7T30R)              0.02       3.98 f
  u_cp/u_bfeed/U23168/ZN (CLKNAND2V4_140P7T30R)           0.01       4.00 r
  u_cp/u_bfeed/U52383/ZN (OAI12V8_140P7T30R)              0.01       4.01 f
  u_cp/u_bfeed/U23049/ZN (AOI12V6_140P7T30R)              0.01       4.02 r
  u_cp/u_bfeed/U54838/ZN (OAI12V12_140P7T30R)             0.02       4.04 f
  u_cp/u_bfeed/U38101/ZN (INV10_140P7T30R)                0.01       4.05 r
  u_cp/u_bfeed/U22926/ZN (NOR2V4_140P7T30R)               0.01       4.06 f
  u_cp/u_bfeed/U51929/ZN (NOR2V6_140P7T30R)               0.01       4.07 r
  u_cp/u_bfeed/U146563/Z (CLKXOR2V6_140P7T30R)            0.02       4.09 r
  u_cp/u_bfeed/U62397/ZN (NOR2V8_140P7T30R)               0.01       4.09 f
  u_cp/u_bfeed/U55679/ZN (AOI12V12_140P7T30R)             0.01       4.11 r
  u_cp/u_bfeed/U82227/ZN (CLKNAND2V4_140P7T30R)           0.01       4.12 f
  u_cp/u_bfeed/U22617/ZN (AOI12V6_140P7T30R)              0.01       4.13 r
  u_cp/u_bfeed/U67724/ZN (OAI13V6_140P7T30R)              0.01       4.14 f
  u_cp/u_bfeed/U65170/ZN (AOI12V8_140P7T30R)              0.01       4.15 r
  u_cp/u_bfeed/U82185/ZN (OAI12V8_140P7T30R)              0.01       4.17 f
  u_cp/u_bfeed/U59940/ZN (NOR2V16_140P7T30R)              0.01       4.18 r
  u_cp/u_bfeed/U50223/ZN (CLKNAND2V16_140P7T30R)          0.02       4.20 f
  u_cp/u_bfeed/U50222/ZN (NAND3V12_140P7T30R)             0.01       4.21 r
  u_cp/u_bfeed/U53609/ZN (INV16_140P7T30R)                0.01       4.22 f
  u_cp/u_bfeed/U66795/ZN (NOR2V16_140P7T30R)              0.01       4.23 r
  u_cp/u_bfeed/U37838/ZN (NOR2V12_140P7T30R)              0.01       4.24 f
  u_cp/u_bfeed/U22023/ZN (AOI12V4_140P7T30R)              0.01       4.25 r
  u_cp/u_bfeed/U21978/ZN (OAI12V4_140P7T30R)              0.01       4.26 f
  u_cp/u_bfeed/U88714/ZN (AOI12V4_140P7T30R)              0.02       4.28 r
  u_cp/u_bfeed/U142376/Z (AO1B2V4_140P7T30R)              0.01       4.29 f
  u_cp/u_bfeed/U21836/ZN (NOR2V12_140P7T30R)              0.02       4.30 r
  u_cp/u_bfeed/U21660/ZN (XNOR2V2_140P7T30R)              0.03       4.33 r
  u_cp/u_bfeed/U73039/ZN (NAND2XBV2_140P7T30R)            0.01       4.34 f
  u_cp/u_bfeed/U132009/ZN (NAND2V2_140P7T30R)             0.01       4.35 r
  u_cp/u_bfeed/U142285/Z (AO1B2V4_140P7T30R)              0.01       4.36 f
  u_cp/u_bfeed/U131959/ZN (XNOR2V2_140P7T30R)             0.02       4.38 f
  u_cp/u_bfeed/U100105/ZN (XNOR2V2_140P7T30R)             0.03       4.41 f
  u_cp/u_bfeed/U96779/ZN (NAND2V3_140P7T30R)              0.02       4.43 r
  u_cp/u_bfeed/U21353/ZN (OAI12V6_140P7T30R)              0.01       4.44 f
  u_cp/u_bfeed/U62241/ZN (AOI12V6_140P7T30R)              0.02       4.45 r
  u_cp/u_bfeed/U61302/ZN (OAI12V6_140P7T30R)              0.01       4.47 f
  u_cp/u_bfeed/U57425/ZN (NOR2V8_140P7T30R)               0.01       4.48 r
  u_cp/u_bfeed/U62263/ZN (OAI12V12_140P7T30R)             0.01       4.49 f
  u_cp/u_bfeed/U20906/ZN (CLKNAND2V4_140P7T30R)           0.01       4.50 r
  u_cp/u_bfeed/U20881/ZN (CLKNAND2V4_140P7T30R)           0.01       4.51 f
  u_cp/u_bfeed/U79056/ZN (AOI13V6_140P7T30R)              0.02       4.53 r
  u_cp/u_bfeed/U59776/Z (CLKXOR2V6_140P7T30R)             0.02       4.55 r
  u_cp/u_bfeed/U20705/ZN (NOR2V4_140P7T30R)               0.01       4.56 f
  u_cp/u_bfeed/U51655/ZN (NOR2V16_140P7T30R)              0.03       4.59 r
  u_cp/u_bfeed/U49845/ZN (INV16_140P7T30R)                0.02       4.60 f
  u_cp/u_bfeed/U193708/ZN (XNOR2V2_140P7T30R)             0.03       4.63 f
  u_cp/u_bfeed/U173239/ZN (OAI22V4_140P7T30R)             0.02       4.66 r
  u_cp/u_bfeed/U169722/S (AD1V4_140P7T30R)                0.05       4.71 f
  u_cp/u_bfeed/U168841/Z (MAJ23V4_140P7T30R)              0.02       4.73 f
  u_cp/u_bfeed/U169175/Z (MAJ23V4_140P7T30R)              0.03       4.75 f
  u_cp/u_bfeed/U68578/Z (CLKXOR2V6_140P7T30R)             0.02       4.78 f
  u_cp/u_bfeed/U168558/Z (CLKXOR2V6_140P7T30R)            0.02       4.79 f
  u_cp/u_bfeed/U51789/Z (CLKXOR2V1P5_140P7T30R)           0.03       4.82 f
  u_cp/u_bfeed/U96638/Z (AND2V2_140P7T30R)                0.02       4.84 f
  u_cp/u_bfeed/U68502/ZN (NOR2V4_140P7T30R)               0.01       4.85 r
  u_cp/u_bfeed/U130372/ZN (OAI12V4_140P7T30R)             0.01       4.86 f
  u_cp/u_bfeed/U49574/ZN (AOI12V8_140P7T30R)              0.02       4.88 r
  u_cp/u_bfeed/U45844/ZN (OAI12V8_140P7T30R)              0.01       4.89 f
  u_cp/u_bfeed/U39435/ZN (AOI12V12_140P7T30R)             0.01       4.91 r
  u_cp/u_bfeed/U18739/Z (OR2V12_140P7T30R)                0.01       4.92 r
  u_cp/u_bfeed/U142178/ZN (CLKNAND2V16_140P7T30R)         0.01       4.93 f
  u_cp/u_bfeed/U18568/Z (BUFV16_140P7T30R)                0.02       4.95 f
  u_cp/u_bfeed/U18489/ZN (NAND2XBV8_140P7T30R)            0.01       4.96 r
  u_cp/u_bfeed/U153017/ZN (OAI12V12_140P7T30R)            0.01       4.97 f
  u_cp/u_bfeed/U129807/ZN (NAND2XBV8_140P7T30R)           0.02       4.99 f
  u_cp/u_bfeed/U46339/ZN (AOI12V6_140P7T30R)              0.01       5.00 r
  u_cp/u_bfeed/U39378/ZN (NAND3V8_140P7T30R)              0.02       5.02 f
  u_cp/u_bfeed/U39377/ZN (CLKNAND2V16_140P7T30R)          0.01       5.03 r
  u_cp/u_bfeed/U142656/Z (CLKMUX2V12_140P7T30R)           0.03       5.06 f
  u_cp/u_bfeed/U17589/ZN (CLKINV32_140P7T30R)             0.01       5.07 r
  u_cp/u_bfeed/U42508/ZN (CLKNAND2V16_140P7T30R)          0.01       5.08 f
  u_cp/u_bfeed/U129322/ZN (NOR2V12_140P7T30R)             0.01       5.10 r
  u_cp/u_bfeed/U47253/Z (BUFV8_140P7T30R)                 0.02       5.11 r
  u_cp/u_bfeed/U37925/ZN (NAND4V1P5_140P7T30R)            0.02       5.13 f
  u_cp/u_bfeed/U72821/ZN (OAI12V2_140P7T30R)              0.02       5.15 r
  u_cp/u_bfeed/U99765/ZN (AOI12V4_140P7T30R)              0.01       5.16 f
  u_cp/u_bfeed/U85157/ZN (NAND2V6_140P7T30R)              0.01       5.17 r
  u_cp/u_bfeed/U16700/ZN (INV4_140P7T30R)                 0.01       5.18 f
  u_cp/u_bfeed/U16661/ZN (NOR2V2_140P7T30R)               0.02       5.19 r
  u_cp/u_bfeed/U93067/ZN (NOR2V4_140P7T30R)               0.01       5.20 f
  u_cp/u_bfeed/U45416/ZN (NAND2V6_140P7T30R)              0.01       5.21 r
  u_cp/u_bfeed/U16441/ZN (NAND2V6_140P7T30R)              0.01       5.22 f
  u_cp/u_bfeed/U16423/ZN (CLKNAND2V4_140P7T30R)           0.01       5.23 r
  u_cp/u_bfeed/U16358/ZN (NAND2V6_140P7T30R)              0.01       5.24 f
  u_cp/u_bfeed/U128740/ZN (NAND2XBV4_140P7T30R)           0.02       5.26 f
  u_cp/u_bfeed/U64380/ZN (AOI13V4_140P7T30R)              0.01       5.27 r
  u_cp/u_bfeed/U64379/ZN (XNOR2V2_140P7T30R)              0.02       5.30 r
  u_cp/u_bfeed/U148841/ZN (OAI22V4_140P7T30R)             0.01       5.31 f
  u_cp/u_bfeed/U64321/ZN (NOR2V8_140P7T30R)               0.01       5.32 r
  u_cp/u_bfeed/U53366/ZN (CLKNAND2V12_140P7T30R)          0.01       5.33 f
  u_cp/u_bfeed/U92903/ZN (NOR2V16_140P7T30R)              0.02       5.35 r
  u_cp/u_bfeed/U39458/ZN (NAND3V8_140P7T30R)              0.02       5.37 f
  u_cp/u_bfeed/U39457/ZN (NOR2V12_140P7T30R)              0.01       5.38 r
  u_cp/u_bfeed/U72683/ZN (INV12_140P7T30R)                0.01       5.39 f
  u_cp/u_bfeed/U64360/ZN (NOR2V8_140P7T30R)               0.01       5.40 r
  u_cp/u_bfeed/U47200/ZN (NOR2V8_140P7T30R)               0.01       5.40 f
  u_cp/u_bfeed/U64334/ZN (NOR2XBV8_140P7T30R)             0.01       5.41 r
  u_cp/u_bfeed/U61314/ZN (OAI12V8_140P7T30R)              0.01       5.43 f
  u_cp/u_bfeed/U49768/ZN (AOI12V8_140P7T30R)              0.01       5.44 r
  u_cp/u_bfeed/U65420/ZN (OAI12V6_140P7T30R)              0.01       5.45 f
  u_cp/u_bfeed/U54760/Z (CLKXOR2V6_140P7T30R)             0.02       5.47 f
  u_cp/u_bfeed/U15368/ZN (NOR2V4_140P7T30R)               0.01       5.48 r
  u_cp/u_bfeed/U127990/ZN (NOR3V8_140P7T30R)              0.01       5.49 f
  u_cp/u_bfeed/U51684/ZN (CLKNAND2V16_140P7T30R)          0.02       5.51 r
  u_cp/u_bfeed/U71298/ZN (NAND2XBV16_140P7T30R)           0.01       5.52 f
  u_cp/u_bfeed/U14876/ZN (INV16_140P7T30R)                0.01       5.53 r
  u_cp/u_bfeed/U92734/ZN (CLKNAND2V4_140P7T30R)           0.01       5.54 f
  u_cp/u_bfeed/U92720/ZN (NAND2V6_140P7T30R)              0.01       5.55 r
  u_cp/u_bfeed/U103950/ZN (NOR2XBV4_140P7T30R)            0.01       5.55 f
  u_cp/u_bfeed/U75607/Z (OR2V8_140P7T30R)                 0.02       5.57 f
  u_cp/u_bfeed/U143265/ZN (NOR2V16_140P7T30R)             0.02       5.59 r
  u_cp/u_bfeed/U14127/ZN (XNOR2V2_140P7T30R)              0.03       5.61 r
  u_cp/u_bfeed/U194828/ZN (OAI22V4_140P7T30R)             0.02       5.63 f
  u_cp/u_bfeed/U194850/CO (AD1V4_140P7T30R)               0.04       5.67 f
  u_cp/u_bfeed/U13937/ZN (OAI12V2_140P7T30R)              0.01       5.68 r
  u_cp/u_bfeed/U13918/ZN (NAND2V2_140P7T30R)              0.01       5.69 f
  u_cp/u_bfeed/U13850/Z (XOR2V2_140P7T30R)                0.02       5.72 f
  u_cp/u_bfeed/U13825/ZN (XNOR2V2_140P7T30R)              0.03       5.75 f
  u_cp/u_bfeed/U142269/Z (MAJ23V4_140P7T30R)              0.03       5.77 f
  u_cp/u_bfeed/U103823/ZN (XNOR2V2_140P7T30R)             0.02       5.80 f
  u_cp/u_bfeed/U66856/ZN (XNOR2V4_140P7T30R)              0.03       5.82 f
  u_cp/u_bfeed/U81494/ZN (CLKNAND2V4_140P7T30R)           0.01       5.84 r
  u_cp/u_bfeed/U72524/ZN (OAI12V6_140P7T30R)              0.01       5.85 f
  u_cp/u_bfeed/U49886/ZN (AOI12V8_140P7T30R)              0.02       5.86 r
  u_cp/u_bfeed/U13655/ZN (OAI12V6_140P7T30R)              0.01       5.88 f
  u_cp/u_bfeed/U53381/ZN (AOI12V8_140P7T30R)              0.02       5.89 r
  u_cp/u_bfeed/U169127/ZN (OAI12V8_140P7T30R)             0.01       5.90 f
  u_cp/u_bfeed/U151420/Z (CLKXOR2V12_140P7T30R)           0.03       5.93 f
  u_cp/u_bfeed/U42537/ZN (INV24_140P7T30R)                0.02       5.95 r
  u_cp/u_bfeed/U13357/ZN (INV16_140P7T30R)                0.01       5.95 f
  u_cp/u_bfeed/U75446/ZN (NAND2XBV4_140P7T30R)            0.01       5.96 r
  u_cp/u_bfeed/U60629/ZN (NAND2V8_140P7T30R)              0.01       5.97 f
  u_cp/u_bfeed/U111229/ZN (OAI12V8_140P7T30R)             0.01       5.98 r
  u_cp/u_bfeed/U78534/ZN (AOI12V8_140P7T30R)              0.02       6.00 f
  u_cp/u_bfeed/U142660/ZN (NOR2V16_140P7T30R)             0.02       6.02 r
  u_cp/u_bfeed/U12829/ZN (INV24_140P7T30R)                0.01       6.03 f
  u_cp/u_bfeed/U12649/ZN (NAND2XBV2_140P7T30R)            0.01       6.04 r
  u_cp/u_bfeed/U12605/ZN (NAND3V6_140P7T30R)              0.02       6.06 f
  u_cp/u_bfeed/U92406/ZN (AOI12V4_140P7T30R)              0.02       6.08 r
  u_cp/u_bfeed/U111085/ZN (OAI12V6_140P7T30R)             0.02       6.10 f
  u_cp/u_bfeed/U111083/ZN (NOR2V4_140P7T30R)              0.01       6.11 r
  u_cp/u_bfeed/U103544/ZN (NOR3V6_140P7T30R)              0.01       6.12 f
  u_cp/u_bfeed/U195104/ZN (INV4_140P7T30R)                0.01       6.13 r
  u_cp/u_bfeed/U11701/ZN (OAI22V8_140P7T30R)              0.01       6.14 f
  u_cp/u_bfeed/U11353/ZN (INV2_140P7T30R)                 0.01       6.16 r
  u_cp/u_bfeed/U11214/Z (OR2V2_140P7T30R)                 0.02       6.17 r
  u_cp/u_bfeed/U81325/ZN (NAND2V2_140P7T30R)              0.01       6.19 f
  u_cp/u_bfeed/U75313/ZN (NOR2V2_140P7T30R)               0.02       6.21 r
  u_cp/u_bfeed/U11078/ZN (NAND2V2_140P7T30R)              0.02       6.23 f
  u_cp/u_bfeed/U11011/Z (OR2V2_140P7T30R)                 0.03       6.25 f
  u_cp/u_bfeed/U148758/ZN (NOR2V6_140P7T30R)              0.01       6.27 r
  u_cp/u_bfeed/U125020/ZN (NOR2XBV4_140P7T30R)            0.01       6.27 f
  u_cp/u_bfeed/U168399/Z (CLKXOR2V6_140P7T30R)            0.02       6.29 f
  u_cp/u_bfeed/U124956/ZN (NOR2V6_140P7T30R)              0.01       6.31 r
  u_cp/u_bfeed/U10807/ZN (NOR2V12_140P7T30R)              0.01       6.32 f
  u_cp/u_bfeed/U124888/ZN (CLKNAND2V12_140P7T30R)         0.01       6.33 r
  u_cp/u_bfeed/U46332/ZN (NOR2V16_140P7T30R)              0.01       6.33 f
  u_cp/u_bfeed/U57461/ZN (CLKNAND2V4_140P7T30R)           0.01       6.34 r
  u_cp/u_bfeed/U43914/ZN (NAND3V6_140P7T30R)              0.01       6.36 f
  u_cp/u_bfeed/U84590/ZN (NOR2V6_140P7T30R)               0.01       6.37 r
  u_cp/u_bfeed/U81220/ZN (CLKNAND2V12_140P7T30R)          0.01       6.38 f
  u_cp/u_bfeed/U10479/ZN (NAND2XBV6_140P7T30R)            0.01       6.39 r
  u_cp/u_bfeed/U95802/ZN (NAND3V8_140P7T30R)              0.01       6.40 f
  u_cp/u_bfeed/U10372/ZN (INV6_140P7T30R)                 0.01       6.42 r
  u_cp/u_bfeed/U10347/ZN (INV6_140P7T30R)                 0.01       6.43 f
  u_cp/u_bfeed/U68454/Z (OA12V8_140P7T30R)                0.02       6.45 f
  u_cp/u_bfeed/U64325/ZN (NOR2V12_140P7T30R)              0.01       6.46 r
  u_cp/u_bfeed/U59739/ZN (CLKNAND2V12_140P7T30R)          0.01       6.47 f
  u_cp/u_bfeed/U142653/ZN (OAI12V8_140P7T30R)             0.01       6.48 r
  u_cp/u_bfeed/U57476/ZN (CLKNAND2V12_140P7T30R)          0.01       6.49 f
  u_cp/u_bfeed/U148838/Z (BUFV8_140P7T30R)                0.02       6.51 f
  u_cp/u_bfeed/U81160/ZN (AOI22V4_140P7T30R)              0.02       6.53 r
  u_cp/u_bfeed/U168830/ZN (NAND3V12_140P7T30R)            0.02       6.55 f
  u_cp/u_bfeed/U9055/Z (BUFV16_140P7T30R)                 0.02       6.57 f
  u_cp/u_bfeed/U155697/ZN (OAI22V4_140P7T30R)             0.01       6.58 r
  u_cp/u_bfeed/U47856/S (AD1V4_140P7T30R)                 0.05       6.63 f
  u_cp/u_bfeed/U195648/CO (AD1V4_140P7T30R)               0.03       6.66 f
  u_cp/u_bfeed/U195658/S (AD1V4_140P7T30R)                0.05       6.71 r
  u_cp/u_bfeed/U195663/S (AD1V4_140P7T30R)                0.05       6.76 f
  u_cp/u_bfeed/U47815/ZN (NAND2V8_140P7T30R)              0.01       6.77 r
  u_cp/u_bfeed/U47816/ZN (INV6_140P7T30R)                 0.00       6.77 f
  u_cp/u_bfeed/U51726/ZN (AOI12V6_140P7T30R)              0.01       6.78 r
  u_cp/u_bfeed/U51727/ZN (OAI12V6_140P7T30R)              0.01       6.79 f
  u_cp/u_bfeed/U47832/ZN (AOI12V6_140P7T30R)              0.02       6.81 r
  u_cp/u_bfeed/U72224/ZN (OAI12V6_140P7T30R)              0.01       6.82 f
  u_cp/u_bfeed/U44070/ZN (AOI12V8_140P7T30R)              0.02       6.84 r
  u_cp/u_bfeed/U8332/Z (OA12V6_140P7T30R)                 0.02       6.86 r
  u_cp/u_bfeed/U169217/ZN (OAI12V8_140P7T30R)             0.01       6.87 f
  u_cp/u_bfeed/U149468/Z (CLKXOR2V12_140P7T30R)           0.03       6.90 f
  u_cp/u_bfeed/U45432/ZN (INV24_140P7T30R)                0.02       6.91 r
  u_cp/u_bfeed/U8135/ZN (NAND2XBV6_140P7T30R)             0.01       6.92 f
  u_cp/u_bfeed/U38404/ZN (OAI12V12_140P7T30R)             0.01       6.93 r
  u_cp/u_bfeed/U165385/ZN (NOR2XBV8_140P7T30R)            0.02       6.95 r
  u_cp/u_bfeed/U146803/ZN (OAI12V12_140P7T30R)            0.01       6.96 f
  u_cp/u_bfeed/U7935/ZN (NOR2V8_140P7T30R)                0.01       6.98 r
  u_cp/u_bfeed/U53425/ZN (OAI12V8_140P7T30R)              0.01       6.99 f
  u_cp/u_bfeed/U47809/ZN (CLKNAND2V16_140P7T30R)          0.01       7.00 r
  u_cp/u_bfeed/U71314/ZN (INV32_140P7T30R)                0.01       7.01 f
  u_cp/u_bfeed/U71313/ZN (INV40_140P7T30R)                0.01       7.02 r
  u_cp/u_bfeed/U148493/ZN (INV40_140P7T30R)               0.01       7.03 f
  u_cp/u_bfeed/U6811/ZN (NOR2V2_140P7T30R)                0.05       7.08 r
  u_cp/u_bfeed/U195768/ZN (NAND2V2_140P7T30R)             0.02       7.10 f
  u_cp/u_bfeed/U91658/ZN (NAND3V4_140P7T30R)              0.02       7.12 r
  u_cp/u_bfeed/U121991/ZN (INV2_140P7T30R)                0.02       7.14 f
  u_cp/u_bfeed/U195776/ZN (NAND2V2_140P7T30R)             0.01       7.15 r
  u_cp/u_bfeed/U102676/ZN (NAND4V1P5_140P7T30R)           0.02       7.16 f
  u_cp/u_bfeed/U109503/ZN (OAI112V2_140P7T30R)            0.02       7.18 r
  u_cp/u_bfeed/U62356/ZN (AOI13V4_140P7T30R)              0.01       7.19 f
  u_cp/u_bfeed/U166413/ZN (OAI12V4_140P7T30R)             0.01       7.21 r
  u_cp/u_bfeed/U68491/ZN (NAND3V6_140P7T30R)              0.02       7.22 f
  u_cp/u_bfeed/U47207/ZN (CLKNAND2V16_140P7T30R)          0.01       7.24 r
  u_cp/u_bfeed/U146800/ZN (NOR2V16_140P7T30R)             0.01       7.25 f
  u_cp/u_bfeed/U39416/Z (AO1B2V4_140P7T30R)               0.03       7.28 f
  u_cp/u_bfeed/U39415/ZN (AOI12V12_140P7T30R)             0.02       7.29 r
  u_cp/u_bfeed/U170652/ZN (INV4_140P7T30R)                0.01       7.30 f
  u_cp/u_bfeed/U66846/ZN (CLKNAND2V4_140P7T30R)           0.01       7.31 r
  u_cp/u_bfeed/U70498/Z (OA13V2_140P7T30R)                0.03       7.33 r
  u_cp/u_bfeed/U57438/ZN (OAI12V8_140P7T30R)              0.01       7.35 f
  u_cp/u_bfeed/U44078/ZN (OAI12V12_140P7T30R)             0.01       7.36 r
  u_cp/u_bfeed/U63214/Z (AND3V8_140P7T30R)                0.02       7.39 r
  u_cp/u_bfeed/U49799/ZN (OAI12V8_140P7T30R)              0.01       7.40 f
  u_cp/u_bfeed/U144193/ZN (AOI12V12_140P7T30R)            0.02       7.42 r
  u_cp/u_bfeed/U142300/ZN (OAI12V8_140P7T30R)             0.01       7.43 f
  u_cp/u_bfeed/U65718/Z (CLKXOR2V6_140P7T30R)             0.02       7.45 f
  u_cp/u_bfeed/U37782/ZN (NOR2XBV8_140P7T30R)             0.01       7.46 r
  u_cp/u_bfeed/U47788/ZN (NOR2V6_140P7T30R)               0.01       7.46 f
  u_cp/u_bfeed/U68496/ZN (NOR2V8_140P7T30R)               0.01       7.47 r
  u_cp/u_bfeed/U109061/ZN (NAND2V8_140P7T30R)             0.01       7.48 f
  u_cp/u_bfeed/U143007/ZN (NOR2V16_140P7T30R)             0.02       7.50 r
  u_cp/u_bfeed/U142199/ZN (NOR2V16_140P7T30R)             0.01       7.52 f
  u_cp/u_bfeed/U4763/ZN (AOI12V6_140P7T30R)               0.01       7.53 r
  u_cp/u_bfeed/U46371/ZN (NAND2V8_140P7T30R)              0.01       7.54 f
  u_cp/u_bfeed/U46370/ZN (NOR2V12_140P7T30R)              0.01       7.55 r
  u_cp/u_bfeed/U68448/ZN (INV8_140P7T30R)                 0.01       7.56 f
  u_cp/u_bfeed/U169138/ZN (NAND4V6_140P7T30R)             0.01       7.57 r
  u_cp/u_bfeed/U155331/ZN (NOR2V12_140P7T30R)             0.01       7.58 f
  u_cp/u_bfeed/U169403/ZN (NOR2V16_140P7T30R)             0.01       7.59 r
  u_cp/u_bfeed/U91151/ZN (NAND2V8_140P7T30R)              0.01       7.60 f
  u_cp/u_bfeed/U46354/ZN (CLKNAND2V12_140P7T30R)          0.01       7.61 r
  u_cp/u_bfeed/U49592/ZN (INV12_140P7T30R)                0.01       7.62 f
  u_cp/u_bfeed/U61316/ZN (NOR2V12_140P7T30R)              0.01       7.62 r
  u_cp/u_bfeed/U173176/S (AD1V4_140P7T30R)                0.04       7.67 f
  u_cp/u_bfeed/U47698/Z (MAJ23V4_140P7T30R)               0.02       7.69 f
  u_cp/u_bfeed/U45371/ZN (XNOR2V4_140P7T30R)              0.02       7.71 f
  u_cp/u_bfeed/U45370/ZN (XNOR2V4_140P7T30R)              0.03       7.74 f
  u_cp/u_bfeed/U145547/ZN (NOR2V8_140P7T30R)              0.02       7.76 r
  u_cp/u_bfeed/U68413/ZN (OAI12V8_140P7T30R)              0.01       7.77 f
  u_cp/u_bfeed/U68412/ZN (AOI12V12_140P7T30R)             0.02       7.78 r
  u_cp/u_bfeed/U43811/ZN (NOR2V16_140P7T30R)              0.01       7.79 f
  u_cp/u_bfeed/U142266/ZN (NOR2V16_140P7T30R)             0.02       7.81 r
  u_cp/u_bfeed/U119941/ZN (OAI12V8_140P7T30R)             0.01       7.82 f
  u_cp/u_bfeed/U62317/ZN (AOI12V12_140P7T30R)             0.01       7.83 r
  u_cp/u_bfeed/U68574/ZN (NAND2V8_140P7T30R)              0.01       7.84 f
  u_cp/u_bfeed/U80467/ZN (NAND2V6_140P7T30R)              0.01       7.85 r
  u_cp/u_bfeed/U154875/ZN (NAND3V8_140P7T30R)             0.01       7.86 f
  u_cp/u_bfeed/U108684/ZN (NOR2V8_140P7T30R)              0.01       7.87 r
  u_cp/u_bfeed/U142658/ZN (CLKNAND2V16_140P7T30R)         0.02       7.89 f
  u_cp/u_bfeed/U65783/ZN (CLKNAND2V16_140P7T30R)          0.01       7.90 r
  u_cp/u_bfeed/U54810/ZN (NOR2V6_140P7T30R)               0.01       7.91 f
  u_cp/u_bfeed/U49803/ZN (NOR2V12_140P7T30R)              0.01       7.92 r
  u_cp/u_bfeed/U59741/ZN (NAND2XBV16_140P7T30R)           0.01       7.93 f
  u_cp/u_bfeed/U66801/ZN (CLKNAND2V16_140P7T30R)          0.01       7.94 r
  u_cp/u_bfeed/U48599/ZN (CLKNAND2V12_140P7T30R)          0.01       7.95 f
  u_cp/u_bfeed/U56605/ZN (OAI12V12_140P7T30R)             0.01       7.97 r
  u_cp/u_bfeed/U54767/ZN (NOR2V12_140P7T30R)              0.01       7.97 f
  u_cp/u_bfeed/U143248/ZN (NOR2V16_140P7T30R)             0.01       7.99 r
  u_cp/u_bfeed/U38335/ZN (INV40_140P7T30R)                0.01       8.00 f
  u_cp/u_bfeed/U2981/Z (AND2V8_140P7T30R)                 0.01       8.01 f
  u_cp/u_bfeed/U168233/ZN (AOI12V12_140P7T30R)            0.01       8.03 r
  u_cp/u_bfeed/U143256/ZN (MUX2NV4_140P7T30R)             0.02       8.05 f
  u_cp/u_bfeed/U44396/ZN (NAND2XBV6_140P7T30R)            0.01       8.06 r
  u_cp/u_bfeed/U38992/ZN (NAND2V8_140P7T30R)              0.01       8.07 f
  u_cp/u_bfeed/U44390/ZN (CLKINV7_140P7T30R)              0.01       8.08 r
  u_cp/u_bfeed/U59808/ZN (OAI22V12_140P7T30R)             0.01       8.09 f
  u_cp/u_bfeed/U143245/ZN (NAND2XBV4_140P7T30R)           0.01       8.10 r
  u_cp/u_bfeed/U66868/ZN (NOR4BBV4_140P7T30R)             0.03       8.12 r
  u_cp/u_bfeed/U59791/ZN (NAND4V6_140P7T30R)              0.01       8.14 f
  u_cp/u_bfeed/U67766/ZN (NOR3V6_140P7T30R)               0.02       8.16 r
  u_cp/u_bfeed/U149020/ZN (NOR2V6_140P7T30R)              0.01       8.17 f
  u_cp/u_bfeed/U149018/ZN (OAI12V8_140P7T30R)             0.01       8.18 r
  u_cp/u_bfeed/U119056/ZN (INV12_140P7T30R)               0.01       8.19 f
  u_cp/u_bfeed/U149017/ZN (CLKINV32_140P7T30R)            0.01       8.20 r
  u_cp/u_bfeed/U1819/ZN (OAI22V8_140P7T30R)               0.02       8.21 f
  u_cp/u_bfeed/U59821/ZN (NOR2V12_140P7T30R)              0.01       8.23 r
  u_cp/u_bfeed/U39380/ZN (NAND3V8_140P7T30R)              0.02       8.24 f
  u_cp/u_bfeed/U39379/ZN (NOR2XBV8_140P7T30R)             0.01       8.26 r
  u_cp/u_bfeed/U44389/ZN (INV5_140P7T30R)                 0.01       8.26 f
  u_cp/u_bfeed/U1579/ZN (NOR2V6_140P7T30R)                0.01       8.27 r
  u_cp/u_bfeed/U42417/ZN (NOR2V12_140P7T30R)              0.01       8.28 f
  u_cp/u_bfeed/U148003/ZN (OAI12V12_140P7T30R)            0.01       8.29 r
  u_cp/u_bfeed/U63613/ZN (NOR2V12_140P7T30R)              0.01       8.29 f
  u_cp/u_bfeed/U44410/ZN (CLKINV7_140P7T30R)              0.01       8.30 r
  u_cp/u_bfeed/U68420/ZN (NAND2V8_140P7T30R)              0.01       8.31 f
  u_cp/u_bfeed/U63627/ZN (CLKNAND2V12_140P7T30R)          0.01       8.32 r
  u_cp/u_bfeed/U1184/ZN (AOI12V4_140P7T30R)               0.01       8.33 f
  u_cp/u_bfeed/U62357/ZN (XNOR2V4_140P7T30R)              0.02       8.36 f
  u_cp/u_bfeed/U148723/ZN (OAI12V8_140P7T30R)             0.02       8.37 r
  u_cp/u_bfeed/U54758/ZN (NAND3V12_140P7T30R)             0.02       8.39 f
  u_cp/u_bfeed/U37982/ZN (NOR2V4_140P7T30R)               0.01       8.40 r
  u_cp/u_bfeed/U937/ZN (INV4_140P7T30R)                   0.01       8.41 f
  u_cp/u_bfeed/U63620/ZN (NOR2V12_140P7T30R)              0.01       8.42 r
  u_cp/u_bfeed/U68629/ZN (NOR2V16_140P7T30R)              0.01       8.43 f
  u_cp/u_bfeed/U149136/ZN (NAND3V12_140P7T30R)            0.01       8.44 r
  u_cp/u_bfeed/U52071/ZN (NAND3V8_140P7T30R)              0.02       8.45 f
  u_cp/u_bfeed/U54279/ZN (NOR2V16_140P7T30R)              0.02       8.47 r
  u_cp/u_bfeed/U753/Z (BUFV4_140P7T30R)                   0.02       8.49 r
  u_cp/u_bfeed/U118565/ZN (INV4_140P7T30R)                0.00       8.49 f
  u_cp/u_bfeed/U101707/ZN (CLKNAND2V4_140P7T30R)          0.01       8.50 r
  u_cp/u_bfeed/U108122/ZN (OAI12V8_140P7T30R)             0.01       8.51 f
  u_cp/u_bfeed/U86515/ZN (INV4_140P7T30R)                 0.01       8.52 r
  u_cp/u_bfeed/U94918/ZN (NAND2V8_140P7T30R)              0.01       8.53 f
  u_cp/u_bfeed/U77624/ZN (NAND2XBV2_140P7T30R)            0.01       8.54 r
  u_cp/u_bfeed/U80165/ZN (NAND3V2_140P7T30R)              0.01       8.56 f
  u_cp/u_bfeed/row_reg[67][29]/D (DQV2_140P7T30R)         0.00       8.56 f
  data arrival time                                                  8.56

  clock clk (rise edge)                                   1.00       1.00
  clock network delay (ideal)                             0.00       1.00
  u_cp/u_bfeed/row_reg[67][29]/CK (DQV2_140P7T30R)        0.00       1.00 r
  library setup time                                     -0.02       0.98
  data required time                                                 0.98
  --------------------------------------------------------------------------
  data required time                                                 0.98
  data arrival time                                                 -8.56
  --------------------------------------------------------------------------
  slack (VIOLATED)                                                  -7.57


 
****************************************
Report : area
Design : synth_top
Version: O-2018.06-SP1
Date   : Tue Aug 18 02:23:34 2026
****************************************

Library(s) Used:

    scc28nhkcp_hdc30p140_rvt_tt_v0p9_25c_basic (File: /home/lzl/project/newlpu/asic/dc/db/scc28nhkcp_hdc30p140_rvt_tt_v0p9_25c_basic.db)
    kn128x16_tt_ctypical_0p90v_0p90v_25c (File: /home/lzl/project/newlpu/asic/dc/db/kn128x16_tt_025C_1v80.db)
    kh4096x64_tt_ctypical_0p90v_0p90v_25c (File: /home/lzl/project/newlpu/asic/dc/db/kh4096x64_tt_025C_1v80.db)

Number of ports:                         5083
Number of nets:                        359196
Number of cells:                       338564
Number of combinational cells:         311028
Number of sequential cells:             27531
Number of macros/black boxes:               2
Number of buf/inv:                      47179
Number of references:                      11

Combinational area:             191413.502556
Buf/Inv area:                    15213.911874
Noncombinational area:           48573.309597
Macro/Black Box area:            80076.837646
Net Interconnect area:      undefined  (No wire load specified)

Total cell area:                320063.649800
Total area:                 undefined

Hierarchical area distribution
------------------------------

                                  Global cell area                Local cell area
                                  --------------------  ----------------------------------- 
Hierarchical cell                 Absolute     Percent  Combi-       Noncombi-   Black-
                                  Total        Total    national     national    boxes       Design
--------------------------------  -----------  -------  -----------  ----------  ----------  --------------------------------------
synth_top                         320063.6498    100.0      64.3860      0.0000      0.0000  synth_top
u_cp                              319999.2638    100.0   35756.1817  37293.7052      0.0000  command_processor_NINST4096_MAX_VEC128
u_cp/u_bfeed                      226835.1708     70.9  139178.9149   7579.4182  80076.8376  kv_bfeed_MAX_N128
u_cp/u_kvqd                        20114.2060      6.3   16414.0199   3700.1861      0.0000  kv_quantdequant
--------------------------------  -----------  -------  -----------  ----------  ----------  --------------------------------------
Total                                                   191413.5026  48573.3096  80076.8376

 
****************************************
Report : power
        -analysis_effort low
Design : synth_top
Version: O-2018.06-SP1
Date   : Tue Aug 18 02:23:37 2026
****************************************


Library(s) Used:

    scc28nhkcp_hdc30p140_rvt_tt_v0p9_25c_basic (File: /home/lzl/project/newlpu/asic/dc/db/scc28nhkcp_hdc30p140_rvt_tt_v0p9_25c_basic.db)
    kn128x16_tt_ctypical_0p90v_0p90v_25c (File: /home/lzl/project/newlpu/asic/dc/db/kn128x16_tt_025C_1v80.db)
    kh4096x64_tt_ctypical_0p90v_0p90v_25c (File: /home/lzl/project/newlpu/asic/dc/db/kh4096x64_tt_025C_1v80.db)


Operating Conditions: tt_v0p9_25c   Library: scc28nhkcp_hdc30p140_rvt_tt_v0p9_25c_basic
Wire Load Model Mode: top


Global Operating Voltage = 0.9  
Power-specific unit information :
    Voltage Units = 1V
    Capacitance Units = 1.000000pf
    Time Units = 1ns
    Dynamic Power Units = 1mW    (derived from V,C,T units)
    Leakage Power Units = 1uW


  Cell Internal Power  =  97.0359 mW   (98%)
  Net Switching Power  =   1.7037 mW    (2%)
                         ---------
Total Dynamic Power    =  98.7396 mW  (100%)

Cell Leakage Power     =   2.1142 mW


                 Internal         Switching           Leakage            Total
Power Group      Power            Power               Power              Power   (   %    )  Attrs
--------------------------------------------------------------------------------------------------
io_pad             0.0000            0.0000            0.0000            0.0000  (   0.00%)
memory             0.1478        1.6990e-02           65.2204            0.2300  (   0.23%)
black_box          0.0000        9.5937e-02            0.0000        9.5937e-02  (   0.10%)
clock_network  9.9437e-02            0.5063          189.0246            0.7947  (   0.79%)
register          95.5644        6.7317e-03          344.1143           95.9153  (  95.12%)
sequential         0.0000            0.0000            0.0000            0.0000  (   0.00%)
combinational      1.2074            1.0775        1.5159e+03            3.8009  (   3.77%)
--------------------------------------------------------------------------------------------------
Total             97.0190 mW         1.7034 mW     2.1142e+03 uW       100.8367 mW
 
****************************************
Report : reference
Design : synth_top
Version: O-2018.06-SP1
Date   : Tue Aug 18 02:23:38 2026
****************************************

Attributes:
    b - black box (unknown)
   bo - allows boundary optimization
    d - dont_touch
   mo - map_only
    h - hierarchical
    n - noncombinational
    r - removable
    s - synthetic operator
    u - contains unmapped logic

Reference          Library       Unit Area   Count    Total Area   Attributes
-----------------------------------------------------------------------------
AND2V2_140P7T30R   scc28nhkcp_hdc30p140_rvt_tt_v0p9_25c_basic
                                  0.392000       1      0.392000  
AO22V2_140P7T30R   scc28nhkcp_hdc30p140_rvt_tt_v0p9_25c_basic
                                  0.686000      23     15.778000  
BUFV8_140P7T30R    scc28nhkcp_hdc30p140_rvt_tt_v0p9_25c_basic
                                  0.686000       1      0.686000  
CLKMUX2V2_140P7T30R
                   scc28nhkcp_hdc30p140_rvt_tt_v0p9_25c_basic
                                  0.882000      40     35.280001  
INV2_140P7T30R     scc28nhkcp_hdc30p140_rvt_tt_v0p9_25c_basic
                                  0.196000      17      3.332000  
MUX2NV2_140P7T30R  scc28nhkcp_hdc30p140_rvt_tt_v0p9_25c_basic
                                  0.784000       5      3.920000  
MUX2NV4_140P7T30R  scc28nhkcp_hdc30p140_rvt_tt_v0p9_25c_basic
                                  1.470000       3      4.410000  
NAND2XBV2_140P7T30R
                   scc28nhkcp_hdc30p140_rvt_tt_v0p9_25c_basic
                                  0.392000       1      0.392000  
PULL0_140P7T30R    scc28nhkcp_hdc30p140_rvt_tt_v0p9_25c_basic
                                  0.196000       1      0.196000  
command_processor_NINST4096_MAX_VEC128
                              319999.263799
                                                 1  319999.263799 b, h, n
sram_macro                        0.000000       1      0.000000  b
-----------------------------------------------------------------------------
Total 11 references                                 320063.649800
1
