==== DC tech=smic28 corner=tt_025C_1v80 design=synth_top compile=1 ====
Information: Updating design information... (UID-85)
Warning: Design 'synth_top' contains 1 high-fanout nets. A fanout number of 1000 will be used for delay calculations involving these nets. (TIM-134)

****************************************
Report : timing
        -path full
        -delay max
        -max_paths 10
        -sort_by slack
Design : synth_top
Version: O-2018.06-SP1
Date   : Tue Aug 18 21:40:08 2026
****************************************

 # A fanout number of 1000 was used for high fanout net computations.

Operating Conditions: tt_v0p9_25c   Library: scc28nhkcp_hdc30p140_rvt_tt_v0p9_25c_basic
Wire Load Model Mode: top

  Startpoint: u_cp/u_bfeed/s_n2phi_reg[1][24]
              (rising edge-triggered flip-flop clocked by clk)
  Endpoint: u_cp/u_bfeed/s_r1_reg[1][16]
            (rising edge-triggered flip-flop clocked by clk)
  Path Group: clk
  Path Type: max

  Point                                                   Incr       Path
  --------------------------------------------------------------------------
  clock clk (rise edge)                                   0.00       0.00
  clock network delay (ideal)                             0.00       0.00
  u_cp/u_bfeed/s_n2phi_reg[1][24]/CK (DQV4_140P7T30R)     0.00 #     0.00 r
  u_cp/u_bfeed/s_n2phi_reg[1][24]/Q (DQV4_140P7T30R)      0.04       0.04 f
  u_cp/u_bfeed/U94286/ZN (NAND2XBV8_140P7T30R)            0.02       0.06 f
  u_cp/u_bfeed/U15893/ZN (AOI12V8_140P7T30R)              0.01       0.07 r
  u_cp/u_bfeed/U14753/ZN (OAI22V8_140P7T30R)              0.01       0.08 f
  u_cp/u_bfeed/U20167/ZN (AOI12V8_140P7T30R)              0.01       0.09 r
  u_cp/u_bfeed/U20166/ZN (OAI12V12_140P7T30R)             0.01       0.11 f
  u_cp/u_bfeed/U16965/ZN (CLKINV32_140P7T30R)             0.01       0.12 r
  u_cp/u_bfeed/U14726/ZN (INV40_140P7T30R)                0.01       0.13 f
  u_cp/u_bfeed/U14275/ZN (INV24_140P7T30R)                0.01       0.13 r
  u_cp/u_bfeed/U26623/ZN (OAI22V8_140P7T30R)              0.01       0.15 f
  u_cp/u_bfeed/U14764/ZN (INV8_140P7T30R)                 0.01       0.15 r
  u_cp/u_bfeed/U30170/ZN (CLKNAND2V4_140P7T30R)           0.01       0.16 f
  u_cp/u_bfeed/U17446/ZN (OAI12V2_140P7T30R)              0.02       0.18 r
  u_cp/u_bfeed/U14774/ZN (NOR2V4_140P7T30R)               0.01       0.19 f
  u_cp/u_bfeed/U19464/ZN (NAND2V8_140P7T30R)              0.01       0.20 r
  u_cp/u_bfeed/U19862/Z (CLKXOR2V12_140P7T30R)            0.02       0.22 r
  u_cp/u_bfeed/U19861/ZN (CLKNAND2V16_140P7T30R)          0.01       0.23 f
  u_cp/u_bfeed/U69953/ZN (NOR2V16_140P7T30R)              0.01       0.25 r
  u_cp/u_bfeed/U20000/ZN (CLKNAND2V12_140P7T30R)          0.01       0.26 f
  u_cp/u_bfeed/U12563/ZN (NOR2V4_140P7T30R)               0.01       0.27 r
  u_cp/u_bfeed/U25729/ZN (AOI12V4_140P7T30R)              0.01       0.28 f
  u_cp/u_bfeed/U12484/ZN (CLKNAND2V4_140P7T30R)           0.01       0.29 r
  u_cp/u_bfeed/U14273/ZN (NOR2V12_140P7T30R)              0.01       0.30 f
  u_cp/u_bfeed/U19080/ZN (NAND2XBV6_140P7T30R)            0.01       0.31 r
  u_cp/u_bfeed/U39280/ZN (OAI22V4_140P7T30R)              0.01       0.32 f
  u_cp/u_bfeed/U14284/ZN (AOI12V4_140P7T30R)              0.01       0.33 r
  u_cp/u_bfeed/U29209/ZN (INV4_140P7T30R)                 0.01       0.34 f
  u_cp/u_bfeed/U94545/ZN (OAI12V8_140P7T30R)              0.01       0.35 r
  u_cp/u_bfeed/U69695/ZN (CLKNAND2V16_140P7T30R)          0.01       0.37 f
  u_cp/u_bfeed/U69694/ZN (INV40_140P7T30R)                0.01       0.38 r
  u_cp/u_bfeed/U19653/Z (BUFV8_140P7T30R)                 0.01       0.39 r
  u_cp/u_bfeed/U69012/ZN (OAI22V12_140P7T30R)             0.01       0.40 f
  u_cp/u_bfeed/U19008/ZN (INV12_140P7T30R)                0.01       0.41 r
  u_cp/u_bfeed/U10881/ZN (NOR2V12_140P7T30R)              0.01       0.42 f
  u_cp/u_bfeed/U44826/ZN (NOR2V12_140P7T30R)              0.01       0.43 r
  u_cp/u_bfeed/U10416/ZN (NAND2V6_140P7T30R)              0.01       0.44 f
  u_cp/u_bfeed/U69391/ZN (NAND2XBV16_140P7T30R)           0.02       0.46 f
  u_cp/u_bfeed/U56362/ZN (CLKNAND2V12_140P7T30R)          0.01       0.46 r
  u_cp/u_bfeed/U69660/ZN (CLKNAND2V12_140P7T30R)          0.01       0.47 f
  u_cp/u_bfeed/U69363/ZN (CLKNAND2V16_140P7T30R)          0.01       0.48 r
  u_cp/u_bfeed/U9161/ZN (AOI12V4_140P7T30R)               0.01       0.49 f
  u_cp/u_bfeed/U55439/Z (CLKXOR2V6_140P7T30R)             0.02       0.52 f
  u_cp/u_bfeed/U28778/ZN (NOR2V12_140P7T30R)              0.01       0.53 r
  u_cp/u_bfeed/U28755/ZN (CLKNAND2V12_140P7T30R)          0.01       0.54 f
  u_cp/u_bfeed/U17274/ZN (INV20_140P7T30R)                0.01       0.55 r
  u_cp/u_bfeed/U69658/ZN (NOR2XBV16_140P7T30R)            0.02       0.57 r
  u_cp/u_bfeed/U90655/ZN (OAI12V8_140P7T30R)              0.01       0.58 f
  u_cp/u_bfeed/U69723/ZN (OAI12V8_140P7T30R)              0.01       0.59 r
  u_cp/u_bfeed/U19789/ZN (NOR2V16_140P7T30R)              0.01       0.60 f
  u_cp/u_bfeed/U28581/ZN (CLKINV20_140P7T30R)             0.01       0.61 r
  u_cp/u_bfeed/U7931/ZN (AOI12V6_140P7T30R)               0.01       0.62 f
  u_cp/u_bfeed/U68471/Z (CLKXOR2V6_140P7T30R)             0.02       0.64 f
  u_cp/u_bfeed/U68470/ZN (AOI12V8_140P7T30R)              0.01       0.65 r
  u_cp/u_bfeed/U17201/ZN (CLKNAND2V12_140P7T30R)          0.01       0.66 f
  u_cp/u_bfeed/U16956/ZN (CLKINV10_140P7T30R)             0.01       0.67 r
  u_cp/u_bfeed/U52945/ZN (CLKNAND2V12_140P7T30R)          0.01       0.68 f
  u_cp/u_bfeed/U67948/ZN (NOR2V16_140P7T30R)              0.01       0.69 r
  u_cp/u_bfeed/U69202/ZN (CLKNAND2V16_140P7T30R)          0.01       0.70 f
  u_cp/u_bfeed/U16507/ZN (INV16_140P7T30R)                0.01       0.71 r
  u_cp/u_bfeed/U17175/ZN (NOR2V16_140P7T30R)              0.01       0.71 f
  u_cp/u_bfeed/U67951/ZN (CLKNAND2V16_140P7T30R)          0.01       0.72 r
  u_cp/u_bfeed/U67950/ZN (NOR2V16_140P7T30R)              0.01       0.73 f
  u_cp/u_bfeed/U28223/ZN (NOR2V12_140P7T30R)              0.01       0.74 r
  u_cp/u_bfeed/U17257/ZN (NAND2V8_140P7T30R)              0.01       0.75 f
  u_cp/u_bfeed/U19033/ZN (NOR2V12_140P7T30R)              0.01       0.76 r
  u_cp/u_bfeed/U69682/ZN (NOR2V16_140P7T30R)              0.01       0.77 f
  u_cp/u_bfeed/U69680/ZN (INV32_140P7T30R)                0.01       0.78 r
  u_cp/u_bfeed/U17262/ZN (NAND2XBV6_140P7T30R)            0.01       0.79 f
  u_cp/u_bfeed/U67947/Z (AO1B2V4_140P7T30R)               0.01       0.80 r
  u_cp/u_bfeed/U14725/ZN (NOR2V8_140P7T30R)               0.01       0.81 f
  u_cp/u_bfeed/U27861/ZN (INV5_140P7T30R)                 0.01       0.81 r
  u_cp/u_bfeed/U15890/ZN (NAND2V8_140P7T30R)              0.01       0.82 f
  u_cp/u_bfeed/U20363/ZN (CLKNAND2V16_140P7T30R)          0.01       0.83 r
  u_cp/u_bfeed/U67889/ZN (AOI12V12_140P7T30R)             0.01       0.84 f
  u_cp/u_bfeed/U69722/ZN (OAI12V8_140P7T30R)              0.01       0.86 r
  u_cp/u_bfeed/U69721/Z (CLKXOR2V6_140P7T30R)             0.02       0.88 r
  u_cp/u_bfeed/U19225/ZN (CLKNAND2V12_140P7T30R)          0.01       0.89 f
  u_cp/u_bfeed/U16975/ZN (CLKINV16_140P7T30R)             0.01       0.90 r
  u_cp/u_bfeed/U69568/ZN (CLKNAND2V16_140P7T30R)          0.01       0.91 f
  u_cp/u_bfeed/U69004/ZN (NOR2V16_140P7T30R)              0.02       0.93 r
  u_cp/u_bfeed/U14755/ZN (AOI12V8_140P7T30R)              0.01       0.94 f
  u_cp/u_bfeed/U50072/Z (AND2V6_140P7T30R)                0.02       0.95 f
  u_cp/u_bfeed/U17180/ZN (AOI22V12_140P7T30R)             0.01       0.97 r
  u_cp/u_bfeed/U69671/ZN (OAI12V12_140P7T30R)             0.01       0.98 f
  u_cp/u_bfeed/U41928/ZN (NOR2V6_140P7T30R)               0.01       0.99 r
  u_cp/u_bfeed/U69211/ZN (NAND3V8_140P7T30R)              0.01       1.00 f
  u_cp/u_bfeed/U15519/ZN (CLKNAND2V12_140P7T30R)          0.01       1.01 r
  u_cp/u_bfeed/U16960/ZN (CLKNAND2V12_140P7T30R)          0.01       1.02 f
  u_cp/u_bfeed/U69730/ZN (NOR2V16_140P7T30R)              0.02       1.03 r
  u_cp/u_bfeed/U3691/ZN (INV40_140P7T30R)                 0.01       1.05 f
  u_cp/u_bfeed/U3534/ZN (NAND2XBV8_140P7T30R)             0.01       1.06 r
  u_cp/u_bfeed/U14524/ZN (CLKNAND2V12_140P7T30R)          0.01       1.07 f
  u_cp/u_bfeed/U14525/Z (CLKXOR2V12_140P7T30R)            0.02       1.09 f
  u_cp/u_bfeed/U27319/ZN (NAND2V6_140P7T30R)              0.01       1.10 r
  u_cp/u_bfeed/U2943/ZN (OAI12V6_140P7T30R)               0.01       1.11 f
  u_cp/u_bfeed/U20342/ZN (AOI12V8_140P7T30R)              0.02       1.12 r
  u_cp/u_bfeed/U68392/ZN (OAI12V12_140P7T30R)             0.02       1.14 f
  u_cp/u_bfeed/U41150/ZN (CLKNAND2V12_140P7T30R)          0.01       1.15 r
  u_cp/u_bfeed/U16519/ZN (CLKNAND2V16_140P7T30R)          0.01       1.16 f
  u_cp/u_bfeed/U2030/ZN (AOI12V6_140P7T30R)               0.01       1.18 r
  u_cp/u_bfeed/U69936/Z (CLKXOR2V6_140P7T30R)             0.02       1.20 r
  u_cp/u_bfeed/U16958/ZN (INV6_140P7T30R)                 0.01       1.21 f
  u_cp/u_bfeed/U16959/ZN (CLKNAND2V16_140P7T30R)          0.01       1.21 r
  u_cp/u_bfeed/U19154/ZN (NOR2V16_140P7T30R)              0.01       1.22 f
  u_cp/u_bfeed/U1474/ZN (INV5_140P7T30R)                  0.01       1.23 r
  u_cp/u_bfeed/U68016/ZN (OAI13V4_140P7T30R)              0.01       1.24 f
  u_cp/u_bfeed/U41090/ZN (CLKNAND2V4_140P7T30R)           0.01       1.24 r
  u_cp/u_bfeed/U41089/ZN (NAND2V6_140P7T30R)              0.01       1.25 f
  u_cp/u_bfeed/U15524/ZN (NOR2V8_140P7T30R)               0.01       1.27 r
  u_cp/u_bfeed/U19548/ZN (NAND2V8_140P7T30R)              0.01       1.28 f
  u_cp/u_bfeed/U70284/ZN (OAI12V8_140P7T30R)              0.01       1.29 r
  u_cp/u_bfeed/U69670/ZN (OAI12V8_140P7T30R)              0.01       1.30 f
  u_cp/u_bfeed/U69661/ZN (AOI12V6_140P7T30R)              0.02       1.32 r
  u_cp/u_bfeed/U90253/Z (CLKXOR2V6_140P7T30R)             0.02       1.34 r
  u_cp/u_bfeed/U19553/ZN (AOI12V8_140P7T30R)              0.01       1.35 f
  u_cp/u_bfeed/U20358/ZN (NOR2V8_140P7T30R)               0.01       1.36 r
  u_cp/u_bfeed/U17271/ZN (NAND3V12_140P7T30R)             0.02       1.38 f
  u_cp/u_bfeed/U20236/ZN (NAND2XBV12_140P7T30R)           0.01       1.39 r
  u_cp/u_bfeed/U19642/ZN (NOR2V8_140P7T30R)               0.01       1.40 f
  u_cp/u_bfeed/U14183/ZN (CLKNAND2V4_140P7T30R)           0.01       1.41 r
  u_cp/u_bfeed/U48505/ZN (OAI22V4_140P7T30R)              0.01       1.42 f
  u_cp/u_bfeed/U93329/ZN (OAI12V4_140P7T30R)              0.01       1.44 r
  u_cp/u_bfeed/U69162/ZN (NAND2V3_140P7T30R)              0.01       1.45 f
  u_cp/u_bfeed/s_r1_reg[1][16]/D (DQV4_140P7T30R)         0.00       1.45 f
  data arrival time                                                  1.45

  clock clk (rise edge)                                   1.00       1.00
  clock network delay (ideal)                             0.00       1.00
  u_cp/u_bfeed/s_r1_reg[1][16]/CK (DQV4_140P7T30R)        0.00       1.00 r
  library setup time                                     -0.01       0.99
  data required time                                                 0.99
  --------------------------------------------------------------------------
  data required time                                                 0.99
  data arrival time                                                 -1.45
  --------------------------------------------------------------------------
  slack (VIOLATED)                                                  -0.46


  Startpoint: u_cp/u_bfeed/s_n2phi_reg[2][24]
              (rising edge-triggered flip-flop clocked by clk)
  Endpoint: u_cp/u_bfeed/s_r1_reg[2][21]
            (rising edge-triggered flip-flop clocked by clk)
  Path Group: clk
  Path Type: max

  Point                                                   Incr       Path
  --------------------------------------------------------------------------
  clock clk (rise edge)                                   0.00       0.00
  clock network delay (ideal)                             0.00       0.00
  u_cp/u_bfeed/s_n2phi_reg[2][24]/CK (DQV4_140P7T30R)     0.00 #     0.00 r
  u_cp/u_bfeed/s_n2phi_reg[2][24]/Q (DQV4_140P7T30R)      0.04       0.04 f
  u_cp/u_bfeed/U33259/ZN (NOR2V4_140P7T30R)               0.01       0.05 r
  u_cp/u_bfeed/U19632/ZN (NOR2V6_140P7T30R)               0.01       0.06 f
  u_cp/u_bfeed/U16204/ZN (OAI22V6_140P7T30R)              0.01       0.07 r
  u_cp/u_bfeed/U15147/ZN (NAND2XBV6_140P7T30R)            0.01       0.08 f
  u_cp/u_bfeed/U15856/ZN (NAND3V8_140P7T30R)              0.01       0.09 r
  u_cp/u_bfeed/U15855/ZN (CLKNAND2V16_140P7T30R)          0.01       0.10 f
  u_cp/u_bfeed/U16659/ZN (INV32_140P7T30R)                0.01       0.12 r
  u_cp/u_bfeed/U15872/ZN (NOR2XBV12_140P7T30R)            0.01       0.12 f
  u_cp/u_bfeed/U70003/ZN (AOI12V12_140P7T30R)             0.01       0.14 r
  u_cp/u_bfeed/U13041/Z (CLKXOR2V6_140P7T30R)             0.03       0.17 r
  u_cp/u_bfeed/U13008/Z (BUFV10_140P7T30R)                0.02       0.19 r
  u_cp/u_bfeed/U20348/ZN (NOR2V8_140P7T30R)               0.01       0.20 f
  u_cp/u_bfeed/U12955/Z (BUFV10_140P7T30R)                0.01       0.21 f
  u_cp/u_bfeed/U17445/ZN (AOI22V1_140P7T30R)              0.02       0.23 r
  u_cp/u_bfeed/U29595/ZN (NAND2XBV4_140P7T30R)            0.02       0.25 f
  u_cp/u_bfeed/U25834/Z (AND2V2_140P7T30R)                0.02       0.27 f
  u_cp/u_bfeed/U29370/ZN (NOR2V4_140P7T30R)               0.02       0.28 r
  u_cp/u_bfeed/U15300/ZN (NAND2XBV12_140P7T30R)           0.01       0.30 f
  u_cp/u_bfeed/U12571/ZN (NAND2V6_140P7T30R)              0.01       0.31 r
  u_cp/u_bfeed/U12553/Z (OA12V2_140P7T30R)                0.02       0.33 r
  u_cp/u_bfeed/U14570/ZN (AOI12V6_140P7T30R)              0.01       0.34 f
  u_cp/u_bfeed/U20269/ZN (OAI12V8_140P7T30R)              0.01       0.35 r
  u_cp/u_bfeed/U57727/ZN (CLKNAND2V12_140P7T30R)          0.01       0.36 f
  u_cp/u_bfeed/U92598/ZN (CLKINV32_140P7T30R)             0.01       0.37 r
  u_cp/u_bfeed/U69291/ZN (INV40_140P7T30R)                0.01       0.38 f
  u_cp/u_bfeed/U69095/Z (AO22V12_140P7T30R)               0.02       0.40 f
  u_cp/u_bfeed/U14534/ZN (NOR2V16_140P7T30R)              0.01       0.41 r
  u_cp/u_bfeed/U14533/ZN (OAI12V12_140P7T30R)             0.01       0.43 f
  u_cp/u_bfeed/U15379/ZN (AOI12V12_140P7T30R)             0.01       0.44 r
  u_cp/u_bfeed/U68068/ZN (OAI12V12_140P7T30R)             0.01       0.45 f
  u_cp/u_bfeed/U14776/ZN (CLKNAND2V12_140P7T30R)          0.01       0.46 r
  u_cp/u_bfeed/U15850/ZN (INV12_140P7T30R)                0.01       0.46 f
  u_cp/u_bfeed/U67916/ZN (NOR2V16_140P7T30R)              0.01       0.48 r
  u_cp/u_bfeed/U9900/ZN (OAI12V6_140P7T30R)               0.01       0.49 f
  u_cp/u_bfeed/U93876/Z (CLKXOR2V6_140P7T30R)             0.02       0.51 f
  u_cp/u_bfeed/U20384/Z (BUFV8_140P7T30R)                 0.02       0.53 f
  u_cp/u_bfeed/U15126/ZN (NOR2V12_140P7T30R)              0.01       0.54 r
  u_cp/u_bfeed/U25022/ZN (INV3_140P7T30R)                 0.00       0.54 f
  u_cp/u_bfeed/U24989/ZN (NOR2V4_140P7T30R)               0.01       0.55 r
  u_cp/u_bfeed/U8681/ZN (AOI12V4_140P7T30R)               0.01       0.56 f
  u_cp/u_bfeed/U17035/ZN (OAI22V6_140P7T30R)              0.02       0.58 r
  u_cp/u_bfeed/U17034/ZN (NOR2V12_140P7T30R)              0.01       0.59 f
  u_cp/u_bfeed/U19479/ZN (NOR2V16_140P7T30R)              0.01       0.60 r
  u_cp/u_bfeed/U19333/ZN (NOR2V16_140P7T30R)              0.01       0.61 f
  u_cp/u_bfeed/U38417/ZN (OAI12V6_140P7T30R)              0.01       0.62 r
  u_cp/u_bfeed/U38382/ZN (NAND2V6_140P7T30R)              0.01       0.63 f
  u_cp/u_bfeed/U69326/Z (CLKXOR2V6_140P7T30R)             0.02       0.65 f
  u_cp/u_bfeed/U13084/ZN (NAND2V8_140P7T30R)              0.01       0.66 r
  u_cp/u_bfeed/U69934/ZN (NAND3V12_140P7T30R)             0.02       0.68 f
  u_cp/u_bfeed/U69328/ZN (NOR2V12_140P7T30R)              0.01       0.69 r
  u_cp/u_bfeed/U67866/ZN (CLKNAND2V16_140P7T30R)          0.02       0.70 f
  u_cp/u_bfeed/U20015/ZN (NAND3V8_140P7T30R)              0.01       0.72 r
  u_cp/u_bfeed/U67859/ZN (OAI12V8_140P7T30R)              0.01       0.73 f
  u_cp/u_bfeed/U20395/ZN (NOR2V8_140P7T30R)               0.01       0.74 r
  u_cp/u_bfeed/U67907/ZN (AOI13V6_140P7T30R)              0.02       0.76 f
  u_cp/u_bfeed/U67906/ZN (CLKNAND2V16_140P7T30R)          0.02       0.78 r
  u_cp/u_bfeed/U42964/ZN (CLKINV16_140P7T30R)             0.01       0.79 f
  u_cp/u_bfeed/U15225/ZN (NAND2XBV16_140P7T30R)           0.01       0.79 r
  u_cp/u_bfeed/U15226/ZN (CLKNAND2V16_140P7T30R)          0.01       0.80 f
  u_cp/u_bfeed/U7028/ZN (CLKINV10_140P7T30R)              0.01       0.81 r
  u_cp/u_bfeed/U67864/Z (CLKXOR2V12_140P7T30R)            0.02       0.83 r
  u_cp/u_bfeed/U17030/ZN (NOR2V12_140P7T30R)              0.01       0.84 f
  u_cp/u_bfeed/U19458/ZN (INV12_140P7T30R)                0.01       0.85 r
  u_cp/u_bfeed/U68360/ZN (CLKNAND2V16_140P7T30R)          0.01       0.86 f
  u_cp/u_bfeed/U27696/ZN (INV12_140P7T30R)                0.01       0.87 r
  u_cp/u_bfeed/U23827/ZN (INV20_140P7T30R)                0.01       0.88 f
  u_cp/u_bfeed/U17038/Z (BUFV6_140P7T30R)                 0.01       0.89 f
  u_cp/u_bfeed/U33967/ZN (CLKNAND2V4_140P7T30R)           0.01       0.90 r
  u_cp/u_bfeed/U68468/Z (OR2V6_140P7T30R)                 0.01       0.91 r
  u_cp/u_bfeed/U70024/ZN (CLKNAND2V4_140P7T30R)           0.01       0.91 f
  u_cp/u_bfeed/U5516/ZN (NOR2V2_140P7T30R)                0.02       0.93 r
  u_cp/u_bfeed/U15815/ZN (AOI12V8_140P7T30R)              0.01       0.95 f
  u_cp/u_bfeed/U15371/ZN (NAND2V8_140P7T30R)              0.01       0.95 r
  u_cp/u_bfeed/U15370/ZN (NAND2XBV6_140P7T30R)            0.01       0.96 f
  u_cp/u_bfeed/U15803/ZN (OAI12V6_140P7T30R)              0.01       0.97 r
  u_cp/u_bfeed/U16199/ZN (NAND2V6_140P7T30R)              0.01       0.98 f
  u_cp/u_bfeed/U19492/ZN (NAND2V8_140P7T30R)              0.01       0.99 r
  u_cp/u_bfeed/U15117/ZN (AOI12V8_140P7T30R)              0.01       1.00 f
  u_cp/u_bfeed/U19463/ZN (OAI12V8_140P7T30R)              0.01       1.01 r
  u_cp/u_bfeed/U67852/Z (AND2V16_140P7T30R)               0.02       1.03 r
  u_cp/u_bfeed/U67850/ZN (NOR2V16_140P7T30R)              0.01       1.04 f
  u_cp/u_bfeed/U20360/ZN (INV32_140P7T30R)                0.01       1.05 r
  u_cp/u_bfeed/U3544/ZN (AOI22V4_140P7T30R)               0.01       1.06 f
  u_cp/u_bfeed/U36805/Z (CLKXOR2V6_140P7T30R)             0.02       1.09 f
  u_cp/u_bfeed/U19978/ZN (NAND2V8_140P7T30R)              0.01       1.10 r
  u_cp/u_bfeed/U19709/ZN (OAI12V8_140P7T30R)              0.01       1.11 f
  u_cp/u_bfeed/U20353/ZN (AOI12V6_140P7T30R)              0.01       1.12 r
  u_cp/u_bfeed/U68855/ZN (OAI12V12_140P7T30R)             0.02       1.14 f
  u_cp/u_bfeed/U19697/ZN (CLKNAND2V16_140P7T30R)          0.01       1.15 r
  u_cp/u_bfeed/U68854/ZN (CLKNAND2V16_140P7T30R)          0.01       1.16 f
  u_cp/u_bfeed/U15280/ZN (INV24_140P7T30R)                0.01       1.17 r
  u_cp/u_bfeed/U70139/ZN (OAI12V8_140P7T30R)              0.01       1.18 f
  u_cp/u_bfeed/U68941/Z (CLKXOR2V6_140P7T30R)             0.02       1.20 f
  u_cp/u_bfeed/U19868/ZN (NAND2V8_140P7T30R)              0.01       1.21 r
  u_cp/u_bfeed/U69432/ZN (CLKINV10_140P7T30R)             0.01       1.22 f
  u_cp/u_bfeed/U1733/ZN (INV6_140P7T30R)                  0.01       1.22 r
  u_cp/u_bfeed/U19848/ZN (NOR2V16_140P7T30R)              0.01       1.23 f
  u_cp/u_bfeed/U15869/ZN (CLKNAND2V16_140P7T30R)          0.01       1.24 r
  u_cp/u_bfeed/U15167/ZN (NOR2V6_140P7T30R)               0.01       1.25 f
  u_cp/u_bfeed/U27159/ZN (NOR2V6_140P7T30R)               0.01       1.26 r
  u_cp/u_bfeed/U23294/ZN (NAND2V8_140P7T30R)              0.01       1.27 f
  u_cp/u_bfeed/U1317/ZN (NAND2V8_140P7T30R)               0.01       1.28 r
  u_cp/u_bfeed/U15826/ZN (CLKNAND2V16_140P7T30R)          0.01       1.29 f
  u_cp/u_bfeed/U31012/ZN (NAND2XBV6_140P7T30R)            0.01       1.30 r
  u_cp/u_bfeed/U15161/ZN (NAND2V8_140P7T30R)              0.01       1.30 f
  u_cp/u_bfeed/U20421/ZN (AOI12V6_140P7T30R)              0.01       1.32 r
  u_cp/u_bfeed/U94956/Z (CLKXOR2V6_140P7T30R)             0.02       1.34 r
  u_cp/u_bfeed/U20277/ZN (AOI12V8_140P7T30R)              0.01       1.35 f
  u_cp/u_bfeed/U20383/ZN (NOR2V12_140P7T30R)              0.01       1.36 r
  u_cp/u_bfeed/U68289/ZN (NAND3V12_140P7T30R)             0.02       1.38 f
  u_cp/u_bfeed/U68288/ZN (NAND2XBV16_140P7T30R)           0.01       1.39 r
  u_cp/u_bfeed/U95148/ZN (NOR2V12_140P7T30R)              0.01       1.40 f
  u_cp/u_bfeed/U16761/ZN (NAND2V8_140P7T30R)              0.01       1.41 r
  u_cp/u_bfeed/U16895/ZN (OAI12V6_140P7T30R)              0.01       1.42 f
  u_cp/u_bfeed/U93878/ZN (NOR3V6_140P7T30R)               0.02       1.44 r
  u_cp/u_bfeed/U13107/ZN (OAI12V4_140P7T30R)              0.01       1.45 f
  u_cp/u_bfeed/s_r1_reg[2][21]/D (DQV2_140P7T30R)         0.00       1.45 f
  data arrival time                                                  1.45

  clock clk (rise edge)                                   1.00       1.00
  clock network delay (ideal)                             0.00       1.00
  u_cp/u_bfeed/s_r1_reg[2][21]/CK (DQV2_140P7T30R)        0.00       1.00 r
  library setup time                                     -0.02       0.98
  data required time                                                 0.98
  --------------------------------------------------------------------------
  data required time                                                 0.98
  data arrival time                                                 -1.45
  --------------------------------------------------------------------------
  slack (VIOLATED)                                                  -0.46


  Startpoint: u_cp/u_bfeed/s_n2phi_reg[2][24]
              (rising edge-triggered flip-flop clocked by clk)
  Endpoint: u_cp/u_bfeed/s_r1_reg[2][15]
            (rising edge-triggered flip-flop clocked by clk)
  Path Group: clk
  Path Type: max

  Point                                                   Incr       Path
  --------------------------------------------------------------------------
  clock clk (rise edge)                                   0.00       0.00
  clock network delay (ideal)                             0.00       0.00
  u_cp/u_bfeed/s_n2phi_reg[2][24]/CK (DQV4_140P7T30R)     0.00 #     0.00 r
  u_cp/u_bfeed/s_n2phi_reg[2][24]/Q (DQV4_140P7T30R)      0.04       0.04 f
  u_cp/u_bfeed/U33259/ZN (NOR2V4_140P7T30R)               0.01       0.05 r
  u_cp/u_bfeed/U19632/ZN (NOR2V6_140P7T30R)               0.01       0.06 f
  u_cp/u_bfeed/U16204/ZN (OAI22V6_140P7T30R)              0.01       0.07 r
  u_cp/u_bfeed/U15147/ZN (NAND2XBV6_140P7T30R)            0.01       0.08 f
  u_cp/u_bfeed/U15856/ZN (NAND3V8_140P7T30R)              0.01       0.09 r
  u_cp/u_bfeed/U15855/ZN (CLKNAND2V16_140P7T30R)          0.01       0.10 f
  u_cp/u_bfeed/U16659/ZN (INV32_140P7T30R)                0.01       0.12 r
  u_cp/u_bfeed/U15872/ZN (NOR2XBV12_140P7T30R)            0.01       0.12 f
  u_cp/u_bfeed/U70003/ZN (AOI12V12_140P7T30R)             0.01       0.14 r
  u_cp/u_bfeed/U13041/Z (CLKXOR2V6_140P7T30R)             0.03       0.17 r
  u_cp/u_bfeed/U13008/Z (BUFV10_140P7T30R)                0.02       0.19 r
  u_cp/u_bfeed/U20348/ZN (NOR2V8_140P7T30R)               0.01       0.20 f
  u_cp/u_bfeed/U12955/Z (BUFV10_140P7T30R)                0.01       0.21 f
  u_cp/u_bfeed/U17445/ZN (AOI22V1_140P7T30R)              0.02       0.23 r
  u_cp/u_bfeed/U29595/ZN (NAND2XBV4_140P7T30R)            0.02       0.25 f
  u_cp/u_bfeed/U25834/Z (AND2V2_140P7T30R)                0.02       0.27 f
  u_cp/u_bfeed/U29370/ZN (NOR2V4_140P7T30R)               0.02       0.28 r
  u_cp/u_bfeed/U15300/ZN (NAND2XBV12_140P7T30R)           0.01       0.30 f
  u_cp/u_bfeed/U12571/ZN (NAND2V6_140P7T30R)              0.01       0.31 r
  u_cp/u_bfeed/U12553/Z (OA12V2_140P7T30R)                0.02       0.33 r
  u_cp/u_bfeed/U14570/ZN (AOI12V6_140P7T30R)              0.01       0.34 f
  u_cp/u_bfeed/U20269/ZN (OAI12V8_140P7T30R)              0.01       0.35 r
  u_cp/u_bfeed/U57727/ZN (CLKNAND2V12_140P7T30R)          0.01       0.36 f
  u_cp/u_bfeed/U92598/ZN (CLKINV32_140P7T30R)             0.01       0.37 r
  u_cp/u_bfeed/U69291/ZN (INV40_140P7T30R)                0.01       0.38 f
  u_cp/u_bfeed/U69095/Z (AO22V12_140P7T30R)               0.02       0.40 f
  u_cp/u_bfeed/U14534/ZN (NOR2V16_140P7T30R)              0.01       0.41 r
  u_cp/u_bfeed/U14533/ZN (OAI12V12_140P7T30R)             0.01       0.43 f
  u_cp/u_bfeed/U15379/ZN (AOI12V12_140P7T30R)             0.01       0.44 r
  u_cp/u_bfeed/U68068/ZN (OAI12V12_140P7T30R)             0.01       0.45 f
  u_cp/u_bfeed/U14776/ZN (CLKNAND2V12_140P7T30R)          0.01       0.46 r
  u_cp/u_bfeed/U15850/ZN (INV12_140P7T30R)                0.01       0.46 f
  u_cp/u_bfeed/U67916/ZN (NOR2V16_140P7T30R)              0.01       0.48 r
  u_cp/u_bfeed/U9900/ZN (OAI12V6_140P7T30R)               0.01       0.49 f
  u_cp/u_bfeed/U93876/Z (CLKXOR2V6_140P7T30R)             0.02       0.51 f
  u_cp/u_bfeed/U20384/Z (BUFV8_140P7T30R)                 0.02       0.53 f
  u_cp/u_bfeed/U15126/ZN (NOR2V12_140P7T30R)              0.01       0.54 r
  u_cp/u_bfeed/U25022/ZN (INV3_140P7T30R)                 0.00       0.54 f
  u_cp/u_bfeed/U24989/ZN (NOR2V4_140P7T30R)               0.01       0.55 r
  u_cp/u_bfeed/U8681/ZN (AOI12V4_140P7T30R)               0.01       0.56 f
  u_cp/u_bfeed/U17035/ZN (OAI22V6_140P7T30R)              0.02       0.58 r
  u_cp/u_bfeed/U17034/ZN (NOR2V12_140P7T30R)              0.01       0.59 f
  u_cp/u_bfeed/U19479/ZN (NOR2V16_140P7T30R)              0.01       0.60 r
  u_cp/u_bfeed/U19333/ZN (NOR2V16_140P7T30R)              0.01       0.61 f
  u_cp/u_bfeed/U38417/ZN (OAI12V6_140P7T30R)              0.01       0.62 r
  u_cp/u_bfeed/U38382/ZN (NAND2V6_140P7T30R)              0.01       0.63 f
  u_cp/u_bfeed/U69326/Z (CLKXOR2V6_140P7T30R)             0.02       0.65 f
  u_cp/u_bfeed/U13084/ZN (NAND2V8_140P7T30R)              0.01       0.66 r
  u_cp/u_bfeed/U69934/ZN (NAND3V12_140P7T30R)             0.02       0.68 f
  u_cp/u_bfeed/U69328/ZN (NOR2V12_140P7T30R)              0.01       0.69 r
  u_cp/u_bfeed/U67866/ZN (CLKNAND2V16_140P7T30R)          0.02       0.70 f
  u_cp/u_bfeed/U20015/ZN (NAND3V8_140P7T30R)              0.01       0.72 r
  u_cp/u_bfeed/U67859/ZN (OAI12V8_140P7T30R)              0.01       0.73 f
  u_cp/u_bfeed/U20395/ZN (NOR2V8_140P7T30R)               0.01       0.74 r
  u_cp/u_bfeed/U67907/ZN (AOI13V6_140P7T30R)              0.02       0.76 f
  u_cp/u_bfeed/U67906/ZN (CLKNAND2V16_140P7T30R)          0.02       0.78 r
  u_cp/u_bfeed/U42964/ZN (CLKINV16_140P7T30R)             0.01       0.79 f
  u_cp/u_bfeed/U15225/ZN (NAND2XBV16_140P7T30R)           0.01       0.79 r
  u_cp/u_bfeed/U15226/ZN (CLKNAND2V16_140P7T30R)          0.01       0.80 f
  u_cp/u_bfeed/U7028/ZN (CLKINV10_140P7T30R)              0.01       0.81 r
  u_cp/u_bfeed/U67864/Z (CLKXOR2V12_140P7T30R)            0.02       0.83 r
  u_cp/u_bfeed/U17030/ZN (NOR2V12_140P7T30R)              0.01       0.84 f
  u_cp/u_bfeed/U19458/ZN (INV12_140P7T30R)                0.01       0.85 r
  u_cp/u_bfeed/U68360/ZN (CLKNAND2V16_140P7T30R)          0.01       0.86 f
  u_cp/u_bfeed/U27696/ZN (INV12_140P7T30R)                0.01       0.87 r
  u_cp/u_bfeed/U23827/ZN (INV20_140P7T30R)                0.01       0.88 f
  u_cp/u_bfeed/U17038/Z (BUFV6_140P7T30R)                 0.01       0.89 f
  u_cp/u_bfeed/U33967/ZN (CLKNAND2V4_140P7T30R)           0.01       0.90 r
  u_cp/u_bfeed/U68468/Z (OR2V6_140P7T30R)                 0.01       0.91 r
  u_cp/u_bfeed/U70024/ZN (CLKNAND2V4_140P7T30R)           0.01       0.91 f
  u_cp/u_bfeed/U5516/ZN (NOR2V2_140P7T30R)                0.02       0.93 r
  u_cp/u_bfeed/U15815/ZN (AOI12V8_140P7T30R)              0.01       0.95 f
  u_cp/u_bfeed/U15371/ZN (NAND2V8_140P7T30R)              0.01       0.95 r
  u_cp/u_bfeed/U15370/ZN (NAND2XBV6_140P7T30R)            0.01       0.96 f
  u_cp/u_bfeed/U15803/ZN (OAI12V6_140P7T30R)              0.01       0.97 r
  u_cp/u_bfeed/U16199/ZN (NAND2V6_140P7T30R)              0.01       0.98 f
  u_cp/u_bfeed/U19492/ZN (NAND2V8_140P7T30R)              0.01       0.99 r
  u_cp/u_bfeed/U15117/ZN (AOI12V8_140P7T30R)              0.01       1.00 f
  u_cp/u_bfeed/U19463/ZN (OAI12V8_140P7T30R)              0.01       1.01 r
  u_cp/u_bfeed/U67852/Z (AND2V16_140P7T30R)               0.02       1.03 r
  u_cp/u_bfeed/U67850/ZN (NOR2V16_140P7T30R)              0.01       1.04 f
  u_cp/u_bfeed/U20360/ZN (INV32_140P7T30R)                0.01       1.05 r
  u_cp/u_bfeed/U3544/ZN (AOI22V4_140P7T30R)               0.01       1.06 f
  u_cp/u_bfeed/U36805/Z (CLKXOR2V6_140P7T30R)             0.02       1.09 f
  u_cp/u_bfeed/U19978/ZN (NAND2V8_140P7T30R)              0.01       1.10 r
  u_cp/u_bfeed/U19709/ZN (OAI12V8_140P7T30R)              0.01       1.11 f
  u_cp/u_bfeed/U20353/ZN (AOI12V6_140P7T30R)              0.01       1.12 r
  u_cp/u_bfeed/U68855/ZN (OAI12V12_140P7T30R)             0.02       1.14 f
  u_cp/u_bfeed/U19697/ZN (CLKNAND2V16_140P7T30R)          0.01       1.15 r
  u_cp/u_bfeed/U68854/ZN (CLKNAND2V16_140P7T30R)          0.01       1.16 f
  u_cp/u_bfeed/U15280/ZN (INV24_140P7T30R)                0.01       1.17 r
  u_cp/u_bfeed/U70139/ZN (OAI12V8_140P7T30R)              0.01       1.18 f
  u_cp/u_bfeed/U68941/Z (CLKXOR2V6_140P7T30R)             0.02       1.20 f
  u_cp/u_bfeed/U19868/ZN (NAND2V8_140P7T30R)              0.01       1.21 r
  u_cp/u_bfeed/U69432/ZN (CLKINV10_140P7T30R)             0.01       1.22 f
  u_cp/u_bfeed/U1733/ZN (INV6_140P7T30R)                  0.01       1.22 r
  u_cp/u_bfeed/U19848/ZN (NOR2V16_140P7T30R)              0.01       1.23 f
  u_cp/u_bfeed/U15869/ZN (CLKNAND2V16_140P7T30R)          0.01       1.24 r
  u_cp/u_bfeed/U15167/ZN (NOR2V6_140P7T30R)               0.01       1.25 f
  u_cp/u_bfeed/U27159/ZN (NOR2V6_140P7T30R)               0.01       1.26 r
  u_cp/u_bfeed/U23294/ZN (NAND2V8_140P7T30R)              0.01       1.27 f
  u_cp/u_bfeed/U1317/ZN (NAND2V8_140P7T30R)               0.01       1.28 r
  u_cp/u_bfeed/U15826/ZN (CLKNAND2V16_140P7T30R)          0.01       1.29 f
  u_cp/u_bfeed/U31012/ZN (NAND2XBV6_140P7T30R)            0.01       1.30 r
  u_cp/u_bfeed/U15161/ZN (NAND2V8_140P7T30R)              0.01       1.30 f
  u_cp/u_bfeed/U20421/ZN (AOI12V6_140P7T30R)              0.01       1.32 r
  u_cp/u_bfeed/U94956/Z (CLKXOR2V6_140P7T30R)             0.02       1.34 r
  u_cp/u_bfeed/U20277/ZN (AOI12V8_140P7T30R)              0.01       1.35 f
  u_cp/u_bfeed/U20383/ZN (NOR2V12_140P7T30R)              0.01       1.36 r
  u_cp/u_bfeed/U68289/ZN (NAND3V12_140P7T30R)             0.02       1.38 f
  u_cp/u_bfeed/U68288/ZN (NAND2XBV16_140P7T30R)           0.01       1.39 r
  u_cp/u_bfeed/U480/ZN (INV5_140P7T30R)                   0.01       1.40 f
  u_cp/u_bfeed/U14160/ZN (NAND2V8_140P7T30R)              0.01       1.41 r
  u_cp/u_bfeed/U94621/ZN (NOR2V6_140P7T30R)               0.01       1.42 f
  u_cp/u_bfeed/U14033/ZN (AOI22V1_140P7T30R)              0.02       1.43 r
  u_cp/u_bfeed/U41032/ZN (NAND3V3_140P7T30R)              0.01       1.45 f
  u_cp/u_bfeed/s_r1_reg[2][15]/D (DQV4_140P7T30R)         0.00       1.45 f
  data arrival time                                                  1.45

  clock clk (rise edge)                                   1.00       1.00
  clock network delay (ideal)                             0.00       1.00
  u_cp/u_bfeed/s_r1_reg[2][15]/CK (DQV4_140P7T30R)        0.00       1.00 r
  library setup time                                     -0.02       0.98
  data required time                                                 0.98
  --------------------------------------------------------------------------
  data required time                                                 0.98
  data arrival time                                                 -1.45
  --------------------------------------------------------------------------
  slack (VIOLATED)                                                  -0.46


  Startpoint: u_cp/u_bfeed/s_n2phi_reg[2][24]
              (rising edge-triggered flip-flop clocked by clk)
  Endpoint: u_cp/u_bfeed/s_r1_reg[2][16]
            (rising edge-triggered flip-flop clocked by clk)
  Path Group: clk
  Path Type: max

  Point                                                   Incr       Path
  --------------------------------------------------------------------------
  clock clk (rise edge)                                   0.00       0.00
  clock network delay (ideal)                             0.00       0.00
  u_cp/u_bfeed/s_n2phi_reg[2][24]/CK (DQV4_140P7T30R)     0.00 #     0.00 r
  u_cp/u_bfeed/s_n2phi_reg[2][24]/Q (DQV4_140P7T30R)      0.04       0.04 f
  u_cp/u_bfeed/U33259/ZN (NOR2V4_140P7T30R)               0.01       0.05 r
  u_cp/u_bfeed/U19632/ZN (NOR2V6_140P7T30R)               0.01       0.06 f
  u_cp/u_bfeed/U16204/ZN (OAI22V6_140P7T30R)              0.01       0.07 r
  u_cp/u_bfeed/U15147/ZN (NAND2XBV6_140P7T30R)            0.01       0.08 f
  u_cp/u_bfeed/U15856/ZN (NAND3V8_140P7T30R)              0.01       0.09 r
  u_cp/u_bfeed/U15855/ZN (CLKNAND2V16_140P7T30R)          0.01       0.10 f
  u_cp/u_bfeed/U16659/ZN (INV32_140P7T30R)                0.01       0.12 r
  u_cp/u_bfeed/U15872/ZN (NOR2XBV12_140P7T30R)            0.01       0.12 f
  u_cp/u_bfeed/U70003/ZN (AOI12V12_140P7T30R)             0.01       0.14 r
  u_cp/u_bfeed/U13041/Z (CLKXOR2V6_140P7T30R)             0.03       0.17 r
  u_cp/u_bfeed/U13008/Z (BUFV10_140P7T30R)                0.02       0.19 r
  u_cp/u_bfeed/U20348/ZN (NOR2V8_140P7T30R)               0.01       0.20 f
  u_cp/u_bfeed/U12955/Z (BUFV10_140P7T30R)                0.01       0.21 f
  u_cp/u_bfeed/U17445/ZN (AOI22V1_140P7T30R)              0.02       0.23 r
  u_cp/u_bfeed/U29595/ZN (NAND2XBV4_140P7T30R)            0.02       0.25 f
  u_cp/u_bfeed/U25834/Z (AND2V2_140P7T30R)                0.02       0.27 f
  u_cp/u_bfeed/U29370/ZN (NOR2V4_140P7T30R)               0.02       0.28 r
  u_cp/u_bfeed/U15300/ZN (NAND2XBV12_140P7T30R)           0.01       0.30 f
  u_cp/u_bfeed/U12571/ZN (NAND2V6_140P7T30R)              0.01       0.31 r
  u_cp/u_bfeed/U12553/Z (OA12V2_140P7T30R)                0.02       0.33 r
  u_cp/u_bfeed/U14570/ZN (AOI12V6_140P7T30R)              0.01       0.34 f
  u_cp/u_bfeed/U20269/ZN (OAI12V8_140P7T30R)              0.01       0.35 r
  u_cp/u_bfeed/U57727/ZN (CLKNAND2V12_140P7T30R)          0.01       0.36 f
  u_cp/u_bfeed/U92598/ZN (CLKINV32_140P7T30R)             0.01       0.37 r
  u_cp/u_bfeed/U69291/ZN (INV40_140P7T30R)                0.01       0.38 f
  u_cp/u_bfeed/U69095/Z (AO22V12_140P7T30R)               0.02       0.40 f
  u_cp/u_bfeed/U14534/ZN (NOR2V16_140P7T30R)              0.01       0.41 r
  u_cp/u_bfeed/U14533/ZN (OAI12V12_140P7T30R)             0.01       0.43 f
  u_cp/u_bfeed/U15379/ZN (AOI12V12_140P7T30R)             0.01       0.44 r
  u_cp/u_bfeed/U68068/ZN (OAI12V12_140P7T30R)             0.01       0.45 f
  u_cp/u_bfeed/U14776/ZN (CLKNAND2V12_140P7T30R)          0.01       0.46 r
  u_cp/u_bfeed/U15850/ZN (INV12_140P7T30R)                0.01       0.46 f
  u_cp/u_bfeed/U67916/ZN (NOR2V16_140P7T30R)              0.01       0.48 r
  u_cp/u_bfeed/U9900/ZN (OAI12V6_140P7T30R)               0.01       0.49 f
  u_cp/u_bfeed/U93876/Z (CLKXOR2V6_140P7T30R)             0.02       0.51 f
  u_cp/u_bfeed/U20384/Z (BUFV8_140P7T30R)                 0.02       0.53 f
  u_cp/u_bfeed/U15126/ZN (NOR2V12_140P7T30R)              0.01       0.54 r
  u_cp/u_bfeed/U25022/ZN (INV3_140P7T30R)                 0.00       0.54 f
  u_cp/u_bfeed/U24989/ZN (NOR2V4_140P7T30R)               0.01       0.55 r
  u_cp/u_bfeed/U8681/ZN (AOI12V4_140P7T30R)               0.01       0.56 f
  u_cp/u_bfeed/U17035/ZN (OAI22V6_140P7T30R)              0.02       0.58 r
  u_cp/u_bfeed/U17034/ZN (NOR2V12_140P7T30R)              0.01       0.59 f
  u_cp/u_bfeed/U19479/ZN (NOR2V16_140P7T30R)              0.01       0.60 r
  u_cp/u_bfeed/U19333/ZN (NOR2V16_140P7T30R)              0.01       0.61 f
  u_cp/u_bfeed/U38417/ZN (OAI12V6_140P7T30R)              0.01       0.62 r
  u_cp/u_bfeed/U38382/ZN (NAND2V6_140P7T30R)              0.01       0.63 f
  u_cp/u_bfeed/U69326/Z (CLKXOR2V6_140P7T30R)             0.02       0.65 f
  u_cp/u_bfeed/U13084/ZN (NAND2V8_140P7T30R)              0.01       0.66 r
  u_cp/u_bfeed/U69934/ZN (NAND3V12_140P7T30R)             0.02       0.68 f
  u_cp/u_bfeed/U69328/ZN (NOR2V12_140P7T30R)              0.01       0.69 r
  u_cp/u_bfeed/U67866/ZN (CLKNAND2V16_140P7T30R)          0.02       0.70 f
  u_cp/u_bfeed/U20015/ZN (NAND3V8_140P7T30R)              0.01       0.72 r
  u_cp/u_bfeed/U67859/ZN (OAI12V8_140P7T30R)              0.01       0.73 f
  u_cp/u_bfeed/U20395/ZN (NOR2V8_140P7T30R)               0.01       0.74 r
  u_cp/u_bfeed/U67907/ZN (AOI13V6_140P7T30R)              0.02       0.76 f
  u_cp/u_bfeed/U67906/ZN (CLKNAND2V16_140P7T30R)          0.02       0.78 r
  u_cp/u_bfeed/U42964/ZN (CLKINV16_140P7T30R)             0.01       0.79 f
  u_cp/u_bfeed/U15225/ZN (NAND2XBV16_140P7T30R)           0.01       0.79 r
  u_cp/u_bfeed/U15226/ZN (CLKNAND2V16_140P7T30R)          0.01       0.80 f
  u_cp/u_bfeed/U7028/ZN (CLKINV10_140P7T30R)              0.01       0.81 r
  u_cp/u_bfeed/U67864/Z (CLKXOR2V12_140P7T30R)            0.02       0.83 r
  u_cp/u_bfeed/U17030/ZN (NOR2V12_140P7T30R)              0.01       0.84 f
  u_cp/u_bfeed/U19458/ZN (INV12_140P7T30R)                0.01       0.85 r
  u_cp/u_bfeed/U68360/ZN (CLKNAND2V16_140P7T30R)          0.01       0.86 f
  u_cp/u_bfeed/U27696/ZN (INV12_140P7T30R)                0.01       0.87 r
  u_cp/u_bfeed/U23827/ZN (INV20_140P7T30R)                0.01       0.88 f
  u_cp/u_bfeed/U17038/Z (BUFV6_140P7T30R)                 0.01       0.89 f
  u_cp/u_bfeed/U33967/ZN (CLKNAND2V4_140P7T30R)           0.01       0.90 r
  u_cp/u_bfeed/U68468/Z (OR2V6_140P7T30R)                 0.01       0.91 r
  u_cp/u_bfeed/U70024/ZN (CLKNAND2V4_140P7T30R)           0.01       0.91 f
  u_cp/u_bfeed/U5516/ZN (NOR2V2_140P7T30R)                0.02       0.93 r
  u_cp/u_bfeed/U15815/ZN (AOI12V8_140P7T30R)              0.01       0.95 f
  u_cp/u_bfeed/U15371/ZN (NAND2V8_140P7T30R)              0.01       0.95 r
  u_cp/u_bfeed/U15370/ZN (NAND2XBV6_140P7T30R)            0.01       0.96 f
  u_cp/u_bfeed/U15803/ZN (OAI12V6_140P7T30R)              0.01       0.97 r
  u_cp/u_bfeed/U16199/ZN (NAND2V6_140P7T30R)              0.01       0.98 f
  u_cp/u_bfeed/U19492/ZN (NAND2V8_140P7T30R)              0.01       0.99 r
  u_cp/u_bfeed/U15117/ZN (AOI12V8_140P7T30R)              0.01       1.00 f
  u_cp/u_bfeed/U19463/ZN (OAI12V8_140P7T30R)              0.01       1.01 r
  u_cp/u_bfeed/U67852/Z (AND2V16_140P7T30R)               0.02       1.03 r
  u_cp/u_bfeed/U67850/ZN (NOR2V16_140P7T30R)              0.01       1.04 f
  u_cp/u_bfeed/U20360/ZN (INV32_140P7T30R)                0.01       1.05 r
  u_cp/u_bfeed/U3544/ZN (AOI22V4_140P7T30R)               0.01       1.06 f
  u_cp/u_bfeed/U36805/Z (CLKXOR2V6_140P7T30R)             0.02       1.09 f
  u_cp/u_bfeed/U19978/ZN (NAND2V8_140P7T30R)              0.01       1.10 r
  u_cp/u_bfeed/U19709/ZN (OAI12V8_140P7T30R)              0.01       1.11 f
  u_cp/u_bfeed/U20353/ZN (AOI12V6_140P7T30R)              0.01       1.12 r
  u_cp/u_bfeed/U68855/ZN (OAI12V12_140P7T30R)             0.02       1.14 f
  u_cp/u_bfeed/U19697/ZN (CLKNAND2V16_140P7T30R)          0.01       1.15 r
  u_cp/u_bfeed/U68854/ZN (CLKNAND2V16_140P7T30R)          0.01       1.16 f
  u_cp/u_bfeed/U15280/ZN (INV24_140P7T30R)                0.01       1.17 r
  u_cp/u_bfeed/U70139/ZN (OAI12V8_140P7T30R)              0.01       1.18 f
  u_cp/u_bfeed/U68941/Z (CLKXOR2V6_140P7T30R)             0.02       1.20 f
  u_cp/u_bfeed/U19868/ZN (NAND2V8_140P7T30R)              0.01       1.21 r
  u_cp/u_bfeed/U69432/ZN (CLKINV10_140P7T30R)             0.01       1.22 f
  u_cp/u_bfeed/U1733/ZN (INV6_140P7T30R)                  0.01       1.22 r
  u_cp/u_bfeed/U19848/ZN (NOR2V16_140P7T30R)              0.01       1.23 f
  u_cp/u_bfeed/U15869/ZN (CLKNAND2V16_140P7T30R)          0.01       1.24 r
  u_cp/u_bfeed/U15167/ZN (NOR2V6_140P7T30R)               0.01       1.25 f
  u_cp/u_bfeed/U27159/ZN (NOR2V6_140P7T30R)               0.01       1.26 r
  u_cp/u_bfeed/U23294/ZN (NAND2V8_140P7T30R)              0.01       1.27 f
  u_cp/u_bfeed/U1317/ZN (NAND2V8_140P7T30R)               0.01       1.28 r
  u_cp/u_bfeed/U15826/ZN (CLKNAND2V16_140P7T30R)          0.01       1.29 f
  u_cp/u_bfeed/U31012/ZN (NAND2XBV6_140P7T30R)            0.01       1.30 r
  u_cp/u_bfeed/U15161/ZN (NAND2V8_140P7T30R)              0.01       1.30 f
  u_cp/u_bfeed/U20421/ZN (AOI12V6_140P7T30R)              0.01       1.32 r
  u_cp/u_bfeed/U94956/Z (CLKXOR2V6_140P7T30R)             0.02       1.34 r
  u_cp/u_bfeed/U20277/ZN (AOI12V8_140P7T30R)              0.01       1.35 f
  u_cp/u_bfeed/U20383/ZN (NOR2V12_140P7T30R)              0.01       1.36 r
  u_cp/u_bfeed/U68289/ZN (NAND3V12_140P7T30R)             0.02       1.38 f
  u_cp/u_bfeed/U67870/ZN (NAND2XBV12_140P7T30R)           0.01       1.39 r
  u_cp/u_bfeed/U20092/ZN (NOR2V6_140P7T30R)               0.01       1.40 f
  u_cp/u_bfeed/U16796/ZN (NAND2V6_140P7T30R)              0.01       1.41 r
  u_cp/u_bfeed/U14154/ZN (OAI12V6_140P7T30R)              0.01       1.42 f
  u_cp/u_bfeed/U69248/ZN (NOR3V6_140P7T30R)               0.02       1.44 r
  u_cp/u_bfeed/U69036/ZN (OAI12V4_140P7T30R)              0.01       1.45 f
  u_cp/u_bfeed/s_r1_reg[2][16]/D (DQV4_140P7T30R)         0.00       1.45 f
  data arrival time                                                  1.45

  clock clk (rise edge)                                   1.00       1.00
  clock network delay (ideal)                             0.00       1.00
  u_cp/u_bfeed/s_r1_reg[2][16]/CK (DQV4_140P7T30R)        0.00       1.00 r
  library setup time                                     -0.02       0.98
  data required time                                                 0.98
  --------------------------------------------------------------------------
  data required time                                                 0.98
  data arrival time                                                 -1.45
  --------------------------------------------------------------------------
  slack (VIOLATED)                                                  -0.46


  Startpoint: u_cp/kvqd_phase_reg
              (rising edge-triggered flip-flop clocked by clk)
  Endpoint: hbm_addr[39]
            (output port clocked by clk)
  Path Group: clk
  Path Type: max

  Point                                                   Incr       Path
  --------------------------------------------------------------------------
  clock clk (rise edge)                                   0.00       0.00
  clock network delay (ideal)                             0.00       0.00
  u_cp/kvqd_phase_reg/CK (DQV2_140P7T30R)                 0.00 #     0.00 r
  u_cp/kvqd_phase_reg/Q (DQV2_140P7T30R)                  0.05       0.05 f
  u_cp/U3544/ZN (INV4_140P7T30R)                          0.04       0.08 r
  u_cp/U2857/ZN (INV10_140P7T30R)                         0.06       0.14 f
  u_cp/U10002/ZN (CLKNOR2V3_140P7T30R)                    0.04       0.18 r
  u_cp/U4215/ZN (INV2_140P7T30R)                          0.02       0.20 f
  u_cp/U21362/ZN (OAI22V1_140P7T30R)                      0.02       0.22 r
  u_cp/U21363/Z (XOR2V2_140P7T30R)                        0.03       0.25 r
  u_cp/U14806/CO (AD1V4_140P7T30R)                        0.04       0.29 r
  u_cp/U52602/CO (AD1V2_140P7T30R)                        0.03       0.32 r
  u_cp/U14822/CO (AD1V4_140P7T30R)                        0.03       0.35 r
  u_cp/U52607/CO (AD1V2_140P7T30R)                        0.03       0.38 r
  u_cp/U14821/CO (AD1V4_140P7T30R)                        0.03       0.41 r
  u_cp/U52614/CO (AD1V2_140P7T30R)                        0.03       0.44 r
  u_cp/U52620/CO (AD1V2_140P7T30R)                        0.03       0.47 r
  u_cp/U14820/CO (AD1V4_140P7T30R)                        0.03       0.50 r
  u_cp/U52624/CO (AD1V2_140P7T30R)                        0.03       0.53 r
  u_cp/U52628/CO (AD1V2_140P7T30R)                        0.03       0.56 r
  u_cp/U52631/CO (AD1V2_140P7T30R)                        0.03       0.59 r
  u_cp/U14808/CO (AD1V4_140P7T30R)                        0.03       0.62 r
  u_cp/U66235/CO (AD1V2_140P7T30R)                        0.03       0.65 r
  u_cp/U14807/CO (AD1V4_140P7T30R)                        0.03       0.68 r
  u_cp/U52638/CO (AD1V2_140P7T30R)                        0.03       0.71 r
  u_cp/U14809/CO (AD1V4_140P7T30R)                        0.03       0.74 r
  u_cp/U52647/CO (AD1V2_140P7T30R)                        0.03       0.77 r
  u_cp/U14811/CO (AD1V4_140P7T30R)                        0.03       0.80 r
  u_cp/U52653/CO (AD1V2_140P7T30R)                        0.03       0.83 r
  u_cp/U14810/CO (AD1V4_140P7T30R)                        0.03       0.86 r
  u_cp/U52659/CO (AD1V2_140P7T30R)                        0.03       0.89 r
  u_cp/U14812/CO (AD1V4_140P7T30R)                        0.03       0.92 r
  u_cp/U66241/CO (AD1V2_140P7T30R)                        0.03       0.95 r
  u_cp/U14816/CO (AD1V4_140P7T30R)                        0.03       0.98 r
  u_cp/U66246/CO (AD1V2_140P7T30R)                        0.03       1.01 r
  u_cp/U14817/CO (AD1V4_140P7T30R)                        0.03       1.04 r
  u_cp/U66251/CO (AD1V2_140P7T30R)                        0.03       1.07 r
  u_cp/U14818/CO (AD1V4_140P7T30R)                        0.03       1.10 r
  u_cp/U66256/CO (AD1V2_140P7T30R)                        0.03       1.13 r
  u_cp/U14813/CO (AD1V4_140P7T30R)                        0.03       1.16 r
  u_cp/U21562/CO (AD1V2_140P7T30R)                        0.03       1.19 r
  u_cp/U14814/CO (AD1V4_140P7T30R)                        0.03       1.22 r
  u_cp/U66260/CO (AD1V2_140P7T30R)                        0.03       1.25 r
  u_cp/U14815/CO (AD1V4_140P7T30R)                        0.03       1.28 r
  u_cp/U21961/CO (AD1V2_140P7T30R)                        0.03       1.31 r
  u_cp/U14819/CO (AD1V4_140P7T30R)                        0.03       1.34 r
  u_cp/U21960/CO (AD1V2_140P7T30R)                        0.03       1.37 r
  u_cp/U4557/Z (AO1B2V2_140P7T30R)                        0.01       1.38 f
  u_cp/U4541/Z (AO1B2V2_140P7T30R)                        0.01       1.39 r
  u_cp/U15635/ZN (XNOR2V2_140P7T30R)                      0.02       1.41 r
  u_cp/U1369/ZN (AOI22BBV2_140P7T30R)                     0.02       1.43 r
  u_cp/U14970/ZN (OAI12V2_140P7T30R)                      0.01       1.44 f
  u_cp/mem_wr_addr[39] (command_processor_NINST4096_MAX_VEC128)     0.00     1.44 f
  U143/Z (AO1B2V2_140P7T30R)                              0.02       1.46 f
  hbm_addr[39] (out)                                      0.00       1.46 f
  data arrival time                                                  1.46

  clock clk (rise edge)                                   1.00       1.00
  clock network delay (ideal)                             0.00       1.00
  output external delay                                   0.00       1.00
  data required time                                                 1.00
  --------------------------------------------------------------------------
  data required time                                                 1.00
  data arrival time                                                 -1.46
  --------------------------------------------------------------------------
  slack (VIOLATED)                                                  -0.46


  Startpoint: u_cp/u_bfeed/s_n2phi_reg[2][24]
              (rising edge-triggered flip-flop clocked by clk)
  Endpoint: u_cp/u_bfeed/s_r1_reg[2][22]
            (rising edge-triggered flip-flop clocked by clk)
  Path Group: clk
  Path Type: max

  Point                                                   Incr       Path
  --------------------------------------------------------------------------
  clock clk (rise edge)                                   0.00       0.00
  clock network delay (ideal)                             0.00       0.00
  u_cp/u_bfeed/s_n2phi_reg[2][24]/CK (DQV4_140P7T30R)     0.00 #     0.00 r
  u_cp/u_bfeed/s_n2phi_reg[2][24]/Q (DQV4_140P7T30R)      0.04       0.04 f
  u_cp/u_bfeed/U33259/ZN (NOR2V4_140P7T30R)               0.01       0.05 r
  u_cp/u_bfeed/U19632/ZN (NOR2V6_140P7T30R)               0.01       0.06 f
  u_cp/u_bfeed/U16204/ZN (OAI22V6_140P7T30R)              0.01       0.07 r
  u_cp/u_bfeed/U15147/ZN (NAND2XBV6_140P7T30R)            0.01       0.08 f
  u_cp/u_bfeed/U15856/ZN (NAND3V8_140P7T30R)              0.01       0.09 r
  u_cp/u_bfeed/U15855/ZN (CLKNAND2V16_140P7T30R)          0.01       0.10 f
  u_cp/u_bfeed/U16659/ZN (INV32_140P7T30R)                0.01       0.12 r
  u_cp/u_bfeed/U15872/ZN (NOR2XBV12_140P7T30R)            0.01       0.12 f
  u_cp/u_bfeed/U70003/ZN (AOI12V12_140P7T30R)             0.01       0.14 r
  u_cp/u_bfeed/U13041/Z (CLKXOR2V6_140P7T30R)             0.03       0.17 r
  u_cp/u_bfeed/U13008/Z (BUFV10_140P7T30R)                0.02       0.19 r
  u_cp/u_bfeed/U20348/ZN (NOR2V8_140P7T30R)               0.01       0.20 f
  u_cp/u_bfeed/U12955/Z (BUFV10_140P7T30R)                0.01       0.21 f
  u_cp/u_bfeed/U17445/ZN (AOI22V1_140P7T30R)              0.02       0.23 r
  u_cp/u_bfeed/U29595/ZN (NAND2XBV4_140P7T30R)            0.02       0.25 f
  u_cp/u_bfeed/U25834/Z (AND2V2_140P7T30R)                0.02       0.27 f
  u_cp/u_bfeed/U29370/ZN (NOR2V4_140P7T30R)               0.02       0.28 r
  u_cp/u_bfeed/U15300/ZN (NAND2XBV12_140P7T30R)           0.01       0.30 f
  u_cp/u_bfeed/U12571/ZN (NAND2V6_140P7T30R)              0.01       0.31 r
  u_cp/u_bfeed/U12553/Z (OA12V2_140P7T30R)                0.02       0.33 r
  u_cp/u_bfeed/U14570/ZN (AOI12V6_140P7T30R)              0.01       0.34 f
  u_cp/u_bfeed/U20269/ZN (OAI12V8_140P7T30R)              0.01       0.35 r
  u_cp/u_bfeed/U57727/ZN (CLKNAND2V12_140P7T30R)          0.01       0.36 f
  u_cp/u_bfeed/U92598/ZN (CLKINV32_140P7T30R)             0.01       0.37 r
  u_cp/u_bfeed/U69291/ZN (INV40_140P7T30R)                0.01       0.38 f
  u_cp/u_bfeed/U69095/Z (AO22V12_140P7T30R)               0.02       0.40 f
  u_cp/u_bfeed/U14534/ZN (NOR2V16_140P7T30R)              0.01       0.41 r
  u_cp/u_bfeed/U14533/ZN (OAI12V12_140P7T30R)             0.01       0.43 f
  u_cp/u_bfeed/U15379/ZN (AOI12V12_140P7T30R)             0.01       0.44 r
  u_cp/u_bfeed/U68068/ZN (OAI12V12_140P7T30R)             0.01       0.45 f
  u_cp/u_bfeed/U14776/ZN (CLKNAND2V12_140P7T30R)          0.01       0.46 r
  u_cp/u_bfeed/U15850/ZN (INV12_140P7T30R)                0.01       0.46 f
  u_cp/u_bfeed/U67916/ZN (NOR2V16_140P7T30R)              0.01       0.48 r
  u_cp/u_bfeed/U9900/ZN (OAI12V6_140P7T30R)               0.01       0.49 f
  u_cp/u_bfeed/U93876/Z (CLKXOR2V6_140P7T30R)             0.02       0.51 f
  u_cp/u_bfeed/U20384/Z (BUFV8_140P7T30R)                 0.02       0.53 f
  u_cp/u_bfeed/U15126/ZN (NOR2V12_140P7T30R)              0.01       0.54 r
  u_cp/u_bfeed/U25022/ZN (INV3_140P7T30R)                 0.00       0.54 f
  u_cp/u_bfeed/U24989/ZN (NOR2V4_140P7T30R)               0.01       0.55 r
  u_cp/u_bfeed/U8681/ZN (AOI12V4_140P7T30R)               0.01       0.56 f
  u_cp/u_bfeed/U17035/ZN (OAI22V6_140P7T30R)              0.02       0.58 r
  u_cp/u_bfeed/U17034/ZN (NOR2V12_140P7T30R)              0.01       0.59 f
  u_cp/u_bfeed/U19479/ZN (NOR2V16_140P7T30R)              0.01       0.60 r
  u_cp/u_bfeed/U19333/ZN (NOR2V16_140P7T30R)              0.01       0.61 f
  u_cp/u_bfeed/U38417/ZN (OAI12V6_140P7T30R)              0.01       0.62 r
  u_cp/u_bfeed/U38382/ZN (NAND2V6_140P7T30R)              0.01       0.63 f
  u_cp/u_bfeed/U69326/Z (CLKXOR2V6_140P7T30R)             0.02       0.65 f
  u_cp/u_bfeed/U13084/ZN (NAND2V8_140P7T30R)              0.01       0.66 r
  u_cp/u_bfeed/U69934/ZN (NAND3V12_140P7T30R)             0.02       0.68 f
  u_cp/u_bfeed/U69328/ZN (NOR2V12_140P7T30R)              0.01       0.69 r
  u_cp/u_bfeed/U67866/ZN (CLKNAND2V16_140P7T30R)          0.02       0.70 f
  u_cp/u_bfeed/U20015/ZN (NAND3V8_140P7T30R)              0.01       0.72 r
  u_cp/u_bfeed/U67859/ZN (OAI12V8_140P7T30R)              0.01       0.73 f
  u_cp/u_bfeed/U20395/ZN (NOR2V8_140P7T30R)               0.01       0.74 r
  u_cp/u_bfeed/U67907/ZN (AOI13V6_140P7T30R)              0.02       0.76 f
  u_cp/u_bfeed/U67906/ZN (CLKNAND2V16_140P7T30R)          0.02       0.78 r
  u_cp/u_bfeed/U42964/ZN (CLKINV16_140P7T30R)             0.01       0.79 f
  u_cp/u_bfeed/U15225/ZN (NAND2XBV16_140P7T30R)           0.01       0.79 r
  u_cp/u_bfeed/U15226/ZN (CLKNAND2V16_140P7T30R)          0.01       0.80 f
  u_cp/u_bfeed/U7028/ZN (CLKINV10_140P7T30R)              0.01       0.81 r
  u_cp/u_bfeed/U67864/Z (CLKXOR2V12_140P7T30R)            0.02       0.83 r
  u_cp/u_bfeed/U17030/ZN (NOR2V12_140P7T30R)              0.01       0.84 f
  u_cp/u_bfeed/U19458/ZN (INV12_140P7T30R)                0.01       0.85 r
  u_cp/u_bfeed/U68360/ZN (CLKNAND2V16_140P7T30R)          0.01       0.86 f
  u_cp/u_bfeed/U27696/ZN (INV12_140P7T30R)                0.01       0.87 r
  u_cp/u_bfeed/U23827/ZN (INV20_140P7T30R)                0.01       0.88 f
  u_cp/u_bfeed/U17038/Z (BUFV6_140P7T30R)                 0.01       0.89 f
  u_cp/u_bfeed/U33967/ZN (CLKNAND2V4_140P7T30R)           0.01       0.90 r
  u_cp/u_bfeed/U68468/Z (OR2V6_140P7T30R)                 0.01       0.91 r
  u_cp/u_bfeed/U70024/ZN (CLKNAND2V4_140P7T30R)           0.01       0.91 f
  u_cp/u_bfeed/U5516/ZN (NOR2V2_140P7T30R)                0.02       0.93 r
  u_cp/u_bfeed/U15815/ZN (AOI12V8_140P7T30R)              0.01       0.95 f
  u_cp/u_bfeed/U15371/ZN (NAND2V8_140P7T30R)              0.01       0.95 r
  u_cp/u_bfeed/U15370/ZN (NAND2XBV6_140P7T30R)            0.01       0.96 f
  u_cp/u_bfeed/U15803/ZN (OAI12V6_140P7T30R)              0.01       0.97 r
  u_cp/u_bfeed/U16199/ZN (NAND2V6_140P7T30R)              0.01       0.98 f
  u_cp/u_bfeed/U19492/ZN (NAND2V8_140P7T30R)              0.01       0.99 r
  u_cp/u_bfeed/U15117/ZN (AOI12V8_140P7T30R)              0.01       1.00 f
  u_cp/u_bfeed/U19463/ZN (OAI12V8_140P7T30R)              0.01       1.01 r
  u_cp/u_bfeed/U67852/Z (AND2V16_140P7T30R)               0.02       1.03 r
  u_cp/u_bfeed/U67850/ZN (NOR2V16_140P7T30R)              0.01       1.04 f
  u_cp/u_bfeed/U20360/ZN (INV32_140P7T30R)                0.01       1.05 r
  u_cp/u_bfeed/U3544/ZN (AOI22V4_140P7T30R)               0.01       1.06 f
  u_cp/u_bfeed/U36805/Z (CLKXOR2V6_140P7T30R)             0.02       1.09 f
  u_cp/u_bfeed/U19978/ZN (NAND2V8_140P7T30R)              0.01       1.10 r
  u_cp/u_bfeed/U19709/ZN (OAI12V8_140P7T30R)              0.01       1.11 f
  u_cp/u_bfeed/U20353/ZN (AOI12V6_140P7T30R)              0.01       1.12 r
  u_cp/u_bfeed/U68855/ZN (OAI12V12_140P7T30R)             0.02       1.14 f
  u_cp/u_bfeed/U19697/ZN (CLKNAND2V16_140P7T30R)          0.01       1.15 r
  u_cp/u_bfeed/U68854/ZN (CLKNAND2V16_140P7T30R)          0.01       1.16 f
  u_cp/u_bfeed/U15280/ZN (INV24_140P7T30R)                0.01       1.17 r
  u_cp/u_bfeed/U70139/ZN (OAI12V8_140P7T30R)              0.01       1.18 f
  u_cp/u_bfeed/U68941/Z (CLKXOR2V6_140P7T30R)             0.02       1.20 f
  u_cp/u_bfeed/U19868/ZN (NAND2V8_140P7T30R)              0.01       1.21 r
  u_cp/u_bfeed/U69432/ZN (CLKINV10_140P7T30R)             0.01       1.22 f
  u_cp/u_bfeed/U1733/ZN (INV6_140P7T30R)                  0.01       1.22 r
  u_cp/u_bfeed/U19848/ZN (NOR2V16_140P7T30R)              0.01       1.23 f
  u_cp/u_bfeed/U15869/ZN (CLKNAND2V16_140P7T30R)          0.01       1.24 r
  u_cp/u_bfeed/U15167/ZN (NOR2V6_140P7T30R)               0.01       1.25 f
  u_cp/u_bfeed/U27159/ZN (NOR2V6_140P7T30R)               0.01       1.26 r
  u_cp/u_bfeed/U23294/ZN (NAND2V8_140P7T30R)              0.01       1.27 f
  u_cp/u_bfeed/U1317/ZN (NAND2V8_140P7T30R)               0.01       1.28 r
  u_cp/u_bfeed/U15826/ZN (CLKNAND2V16_140P7T30R)          0.01       1.29 f
  u_cp/u_bfeed/U31012/ZN (NAND2XBV6_140P7T30R)            0.01       1.30 r
  u_cp/u_bfeed/U15161/ZN (NAND2V8_140P7T30R)              0.01       1.30 f
  u_cp/u_bfeed/U20421/ZN (AOI12V6_140P7T30R)              0.01       1.32 r
  u_cp/u_bfeed/U94956/Z (CLKXOR2V6_140P7T30R)             0.02       1.34 r
  u_cp/u_bfeed/U20277/ZN (AOI12V8_140P7T30R)              0.01       1.35 f
  u_cp/u_bfeed/U20383/ZN (NOR2V12_140P7T30R)              0.01       1.36 r
  u_cp/u_bfeed/U68289/ZN (NAND3V12_140P7T30R)             0.02       1.38 f
  u_cp/u_bfeed/U68288/ZN (NAND2XBV16_140P7T30R)           0.01       1.39 r
  u_cp/u_bfeed/U95148/ZN (NOR2V12_140P7T30R)              0.01       1.40 f
  u_cp/u_bfeed/U105841/ZN (NAND2V2_140P7T30R)             0.01       1.41 r
  u_cp/u_bfeed/U16758/ZN (OAI12V4_140P7T30R)              0.01       1.42 f
  u_cp/u_bfeed/U69554/ZN (OAI13V4_140P7T30R)              0.01       1.44 r
  u_cp/u_bfeed/U69367/ZN (NAND2V3_140P7T30R)              0.01       1.45 f
  u_cp/u_bfeed/s_r1_reg[2][22]/D (DQV4_140P7T30R)         0.00       1.45 f
  data arrival time                                                  1.45

  clock clk (rise edge)                                   1.00       1.00
  clock network delay (ideal)                             0.00       1.00
  u_cp/u_bfeed/s_r1_reg[2][22]/CK (DQV4_140P7T30R)        0.00       1.00 r
  library setup time                                     -0.01       0.99
  data required time                                                 0.99
  --------------------------------------------------------------------------
  data required time                                                 0.99
  data arrival time                                                 -1.45
  --------------------------------------------------------------------------
  slack (VIOLATED)                                                  -0.46


  Startpoint: u_cp/u_bfeed/s_n2phi_reg[2][24]
              (rising edge-triggered flip-flop clocked by clk)
  Endpoint: u_cp/u_bfeed/s_r1_reg[2][13]
            (rising edge-triggered flip-flop clocked by clk)
  Path Group: clk
  Path Type: max

  Point                                                   Incr       Path
  --------------------------------------------------------------------------
  clock clk (rise edge)                                   0.00       0.00
  clock network delay (ideal)                             0.00       0.00
  u_cp/u_bfeed/s_n2phi_reg[2][24]/CK (DQV4_140P7T30R)     0.00 #     0.00 r
  u_cp/u_bfeed/s_n2phi_reg[2][24]/Q (DQV4_140P7T30R)      0.04       0.04 f
  u_cp/u_bfeed/U33259/ZN (NOR2V4_140P7T30R)               0.01       0.05 r
  u_cp/u_bfeed/U19632/ZN (NOR2V6_140P7T30R)               0.01       0.06 f
  u_cp/u_bfeed/U16204/ZN (OAI22V6_140P7T30R)              0.01       0.07 r
  u_cp/u_bfeed/U15147/ZN (NAND2XBV6_140P7T30R)            0.01       0.08 f
  u_cp/u_bfeed/U15856/ZN (NAND3V8_140P7T30R)              0.01       0.09 r
  u_cp/u_bfeed/U15855/ZN (CLKNAND2V16_140P7T30R)          0.01       0.10 f
  u_cp/u_bfeed/U16659/ZN (INV32_140P7T30R)                0.01       0.12 r
  u_cp/u_bfeed/U15872/ZN (NOR2XBV12_140P7T30R)            0.01       0.12 f
  u_cp/u_bfeed/U70003/ZN (AOI12V12_140P7T30R)             0.01       0.14 r
  u_cp/u_bfeed/U13041/Z (CLKXOR2V6_140P7T30R)             0.03       0.17 r
  u_cp/u_bfeed/U13008/Z (BUFV10_140P7T30R)                0.02       0.19 r
  u_cp/u_bfeed/U20348/ZN (NOR2V8_140P7T30R)               0.01       0.20 f
  u_cp/u_bfeed/U12955/Z (BUFV10_140P7T30R)                0.01       0.21 f
  u_cp/u_bfeed/U17445/ZN (AOI22V1_140P7T30R)              0.02       0.23 r
  u_cp/u_bfeed/U29595/ZN (NAND2XBV4_140P7T30R)            0.02       0.25 f
  u_cp/u_bfeed/U25834/Z (AND2V2_140P7T30R)                0.02       0.27 f
  u_cp/u_bfeed/U29370/ZN (NOR2V4_140P7T30R)               0.02       0.28 r
  u_cp/u_bfeed/U15300/ZN (NAND2XBV12_140P7T30R)           0.01       0.30 f
  u_cp/u_bfeed/U12571/ZN (NAND2V6_140P7T30R)              0.01       0.31 r
  u_cp/u_bfeed/U12553/Z (OA12V2_140P7T30R)                0.02       0.33 r
  u_cp/u_bfeed/U14570/ZN (AOI12V6_140P7T30R)              0.01       0.34 f
  u_cp/u_bfeed/U20269/ZN (OAI12V8_140P7T30R)              0.01       0.35 r
  u_cp/u_bfeed/U57727/ZN (CLKNAND2V12_140P7T30R)          0.01       0.36 f
  u_cp/u_bfeed/U92598/ZN (CLKINV32_140P7T30R)             0.01       0.37 r
  u_cp/u_bfeed/U69291/ZN (INV40_140P7T30R)                0.01       0.38 f
  u_cp/u_bfeed/U69095/Z (AO22V12_140P7T30R)               0.02       0.40 f
  u_cp/u_bfeed/U14534/ZN (NOR2V16_140P7T30R)              0.01       0.41 r
  u_cp/u_bfeed/U14533/ZN (OAI12V12_140P7T30R)             0.01       0.43 f
  u_cp/u_bfeed/U15379/ZN (AOI12V12_140P7T30R)             0.01       0.44 r
  u_cp/u_bfeed/U68068/ZN (OAI12V12_140P7T30R)             0.01       0.45 f
  u_cp/u_bfeed/U14776/ZN (CLKNAND2V12_140P7T30R)          0.01       0.46 r
  u_cp/u_bfeed/U15850/ZN (INV12_140P7T30R)                0.01       0.46 f
  u_cp/u_bfeed/U67916/ZN (NOR2V16_140P7T30R)              0.01       0.48 r
  u_cp/u_bfeed/U9900/ZN (OAI12V6_140P7T30R)               0.01       0.49 f
  u_cp/u_bfeed/U93876/Z (CLKXOR2V6_140P7T30R)             0.02       0.51 f
  u_cp/u_bfeed/U20384/Z (BUFV8_140P7T30R)                 0.02       0.53 f
  u_cp/u_bfeed/U15126/ZN (NOR2V12_140P7T30R)              0.01       0.54 r
  u_cp/u_bfeed/U25022/ZN (INV3_140P7T30R)                 0.00       0.54 f
  u_cp/u_bfeed/U24989/ZN (NOR2V4_140P7T30R)               0.01       0.55 r
  u_cp/u_bfeed/U8681/ZN (AOI12V4_140P7T30R)               0.01       0.56 f
  u_cp/u_bfeed/U17035/ZN (OAI22V6_140P7T30R)              0.02       0.58 r
  u_cp/u_bfeed/U17034/ZN (NOR2V12_140P7T30R)              0.01       0.59 f
  u_cp/u_bfeed/U19479/ZN (NOR2V16_140P7T30R)              0.01       0.60 r
  u_cp/u_bfeed/U19333/ZN (NOR2V16_140P7T30R)              0.01       0.61 f
  u_cp/u_bfeed/U38417/ZN (OAI12V6_140P7T30R)              0.01       0.62 r
  u_cp/u_bfeed/U38382/ZN (NAND2V6_140P7T30R)              0.01       0.63 f
  u_cp/u_bfeed/U69326/Z (CLKXOR2V6_140P7T30R)             0.02       0.65 f
  u_cp/u_bfeed/U13084/ZN (NAND2V8_140P7T30R)              0.01       0.66 r
  u_cp/u_bfeed/U69934/ZN (NAND3V12_140P7T30R)             0.02       0.68 f
  u_cp/u_bfeed/U69328/ZN (NOR2V12_140P7T30R)              0.01       0.69 r
  u_cp/u_bfeed/U67866/ZN (CLKNAND2V16_140P7T30R)          0.02       0.70 f
  u_cp/u_bfeed/U20015/ZN (NAND3V8_140P7T30R)              0.01       0.72 r
  u_cp/u_bfeed/U67859/ZN (OAI12V8_140P7T30R)              0.01       0.73 f
  u_cp/u_bfeed/U20395/ZN (NOR2V8_140P7T30R)               0.01       0.74 r
  u_cp/u_bfeed/U67907/ZN (AOI13V6_140P7T30R)              0.02       0.76 f
  u_cp/u_bfeed/U67906/ZN (CLKNAND2V16_140P7T30R)          0.02       0.78 r
  u_cp/u_bfeed/U42964/ZN (CLKINV16_140P7T30R)             0.01       0.79 f
  u_cp/u_bfeed/U15225/ZN (NAND2XBV16_140P7T30R)           0.01       0.79 r
  u_cp/u_bfeed/U15226/ZN (CLKNAND2V16_140P7T30R)          0.01       0.80 f
  u_cp/u_bfeed/U7028/ZN (CLKINV10_140P7T30R)              0.01       0.81 r
  u_cp/u_bfeed/U67864/Z (CLKXOR2V12_140P7T30R)            0.02       0.83 r
  u_cp/u_bfeed/U17030/ZN (NOR2V12_140P7T30R)              0.01       0.84 f
  u_cp/u_bfeed/U19458/ZN (INV12_140P7T30R)                0.01       0.85 r
  u_cp/u_bfeed/U68360/ZN (CLKNAND2V16_140P7T30R)          0.01       0.86 f
  u_cp/u_bfeed/U27696/ZN (INV12_140P7T30R)                0.01       0.87 r
  u_cp/u_bfeed/U23827/ZN (INV20_140P7T30R)                0.01       0.88 f
  u_cp/u_bfeed/U17038/Z (BUFV6_140P7T30R)                 0.01       0.89 f
  u_cp/u_bfeed/U33967/ZN (CLKNAND2V4_140P7T30R)           0.01       0.90 r
  u_cp/u_bfeed/U68468/Z (OR2V6_140P7T30R)                 0.01       0.91 r
  u_cp/u_bfeed/U70024/ZN (CLKNAND2V4_140P7T30R)           0.01       0.91 f
  u_cp/u_bfeed/U5516/ZN (NOR2V2_140P7T30R)                0.02       0.93 r
  u_cp/u_bfeed/U15815/ZN (AOI12V8_140P7T30R)              0.01       0.95 f
  u_cp/u_bfeed/U15371/ZN (NAND2V8_140P7T30R)              0.01       0.95 r
  u_cp/u_bfeed/U15370/ZN (NAND2XBV6_140P7T30R)            0.01       0.96 f
  u_cp/u_bfeed/U15803/ZN (OAI12V6_140P7T30R)              0.01       0.97 r
  u_cp/u_bfeed/U16199/ZN (NAND2V6_140P7T30R)              0.01       0.98 f
  u_cp/u_bfeed/U19492/ZN (NAND2V8_140P7T30R)              0.01       0.99 r
  u_cp/u_bfeed/U15117/ZN (AOI12V8_140P7T30R)              0.01       1.00 f
  u_cp/u_bfeed/U19463/ZN (OAI12V8_140P7T30R)              0.01       1.01 r
  u_cp/u_bfeed/U67852/Z (AND2V16_140P7T30R)               0.02       1.03 r
  u_cp/u_bfeed/U67850/ZN (NOR2V16_140P7T30R)              0.01       1.04 f
  u_cp/u_bfeed/U20360/ZN (INV32_140P7T30R)                0.01       1.05 r
  u_cp/u_bfeed/U3544/ZN (AOI22V4_140P7T30R)               0.01       1.06 f
  u_cp/u_bfeed/U36805/Z (CLKXOR2V6_140P7T30R)             0.02       1.09 f
  u_cp/u_bfeed/U19978/ZN (NAND2V8_140P7T30R)              0.01       1.10 r
  u_cp/u_bfeed/U19709/ZN (OAI12V8_140P7T30R)              0.01       1.11 f
  u_cp/u_bfeed/U20353/ZN (AOI12V6_140P7T30R)              0.01       1.12 r
  u_cp/u_bfeed/U68855/ZN (OAI12V12_140P7T30R)             0.02       1.14 f
  u_cp/u_bfeed/U19697/ZN (CLKNAND2V16_140P7T30R)          0.01       1.15 r
  u_cp/u_bfeed/U68854/ZN (CLKNAND2V16_140P7T30R)          0.01       1.16 f
  u_cp/u_bfeed/U15280/ZN (INV24_140P7T30R)                0.01       1.17 r
  u_cp/u_bfeed/U70139/ZN (OAI12V8_140P7T30R)              0.01       1.18 f
  u_cp/u_bfeed/U68941/Z (CLKXOR2V6_140P7T30R)             0.02       1.20 f
  u_cp/u_bfeed/U19868/ZN (NAND2V8_140P7T30R)              0.01       1.21 r
  u_cp/u_bfeed/U69432/ZN (CLKINV10_140P7T30R)             0.01       1.22 f
  u_cp/u_bfeed/U1733/ZN (INV6_140P7T30R)                  0.01       1.22 r
  u_cp/u_bfeed/U19848/ZN (NOR2V16_140P7T30R)              0.01       1.23 f
  u_cp/u_bfeed/U15869/ZN (CLKNAND2V16_140P7T30R)          0.01       1.24 r
  u_cp/u_bfeed/U15167/ZN (NOR2V6_140P7T30R)               0.01       1.25 f
  u_cp/u_bfeed/U27159/ZN (NOR2V6_140P7T30R)               0.01       1.26 r
  u_cp/u_bfeed/U23294/ZN (NAND2V8_140P7T30R)              0.01       1.27 f
  u_cp/u_bfeed/U1317/ZN (NAND2V8_140P7T30R)               0.01       1.28 r
  u_cp/u_bfeed/U15826/ZN (CLKNAND2V16_140P7T30R)          0.01       1.29 f
  u_cp/u_bfeed/U31012/ZN (NAND2XBV6_140P7T30R)            0.01       1.30 r
  u_cp/u_bfeed/U15161/ZN (NAND2V8_140P7T30R)              0.01       1.30 f
  u_cp/u_bfeed/U20421/ZN (AOI12V6_140P7T30R)              0.01       1.32 r
  u_cp/u_bfeed/U94956/Z (CLKXOR2V6_140P7T30R)             0.02       1.34 r
  u_cp/u_bfeed/U20277/ZN (AOI12V8_140P7T30R)              0.01       1.35 f
  u_cp/u_bfeed/U20383/ZN (NOR2V12_140P7T30R)              0.01       1.36 r
  u_cp/u_bfeed/U68289/ZN (NAND3V12_140P7T30R)             0.02       1.38 f
  u_cp/u_bfeed/U68288/ZN (NAND2XBV16_140P7T30R)           0.01       1.39 r
  u_cp/u_bfeed/U68287/ZN (NOR2V16_140P7T30R)              0.01       1.41 f
  u_cp/u_bfeed/U361/ZN (AOI12V2_140P7T30R)                0.02       1.42 r
  u_cp/u_bfeed/U14070/ZN (INV4_140P7T30R)                 0.01       1.43 f
  u_cp/u_bfeed/U17125/Z (OA1B2V4_140P7T30R)               0.01       1.44 r
  u_cp/u_bfeed/U90784/ZN (NAND2V2_140P7T30R)              0.01       1.45 f
  u_cp/u_bfeed/s_r1_reg[2][13]/D (DQV4_140P7T30R)         0.00       1.45 f
  data arrival time                                                  1.45

  clock clk (rise edge)                                   1.00       1.00
  clock network delay (ideal)                             0.00       1.00
  u_cp/u_bfeed/s_r1_reg[2][13]/CK (DQV4_140P7T30R)        0.00       1.00 r
  library setup time                                     -0.01       0.99
  data required time                                                 0.99
  --------------------------------------------------------------------------
  data required time                                                 0.99
  data arrival time                                                 -1.45
  --------------------------------------------------------------------------
  slack (VIOLATED)                                                  -0.46


  Startpoint: u_cp/u_bfeed/s_n2phi_reg[2][24]
              (rising edge-triggered flip-flop clocked by clk)
  Endpoint: u_cp/u_bfeed/s_r1_reg[2][18]
            (rising edge-triggered flip-flop clocked by clk)
  Path Group: clk
  Path Type: max

  Point                                                   Incr       Path
  --------------------------------------------------------------------------
  clock clk (rise edge)                                   0.00       0.00
  clock network delay (ideal)                             0.00       0.00
  u_cp/u_bfeed/s_n2phi_reg[2][24]/CK (DQV4_140P7T30R)     0.00 #     0.00 r
  u_cp/u_bfeed/s_n2phi_reg[2][24]/Q (DQV4_140P7T30R)      0.04       0.04 f
  u_cp/u_bfeed/U33259/ZN (NOR2V4_140P7T30R)               0.01       0.05 r
  u_cp/u_bfeed/U19632/ZN (NOR2V6_140P7T30R)               0.01       0.06 f
  u_cp/u_bfeed/U16204/ZN (OAI22V6_140P7T30R)              0.01       0.07 r
  u_cp/u_bfeed/U15147/ZN (NAND2XBV6_140P7T30R)            0.01       0.08 f
  u_cp/u_bfeed/U15856/ZN (NAND3V8_140P7T30R)              0.01       0.09 r
  u_cp/u_bfeed/U15855/ZN (CLKNAND2V16_140P7T30R)          0.01       0.10 f
  u_cp/u_bfeed/U16659/ZN (INV32_140P7T30R)                0.01       0.12 r
  u_cp/u_bfeed/U15872/ZN (NOR2XBV12_140P7T30R)            0.01       0.12 f
  u_cp/u_bfeed/U70003/ZN (AOI12V12_140P7T30R)             0.01       0.14 r
  u_cp/u_bfeed/U13041/Z (CLKXOR2V6_140P7T30R)             0.03       0.17 r
  u_cp/u_bfeed/U13008/Z (BUFV10_140P7T30R)                0.02       0.19 r
  u_cp/u_bfeed/U20348/ZN (NOR2V8_140P7T30R)               0.01       0.20 f
  u_cp/u_bfeed/U12955/Z (BUFV10_140P7T30R)                0.01       0.21 f
  u_cp/u_bfeed/U17445/ZN (AOI22V1_140P7T30R)              0.02       0.23 r
  u_cp/u_bfeed/U29595/ZN (NAND2XBV4_140P7T30R)            0.02       0.25 f
  u_cp/u_bfeed/U25834/Z (AND2V2_140P7T30R)                0.02       0.27 f
  u_cp/u_bfeed/U29370/ZN (NOR2V4_140P7T30R)               0.02       0.28 r
  u_cp/u_bfeed/U15300/ZN (NAND2XBV12_140P7T30R)           0.01       0.30 f
  u_cp/u_bfeed/U12571/ZN (NAND2V6_140P7T30R)              0.01       0.31 r
  u_cp/u_bfeed/U12553/Z (OA12V2_140P7T30R)                0.02       0.33 r
  u_cp/u_bfeed/U14570/ZN (AOI12V6_140P7T30R)              0.01       0.34 f
  u_cp/u_bfeed/U20269/ZN (OAI12V8_140P7T30R)              0.01       0.35 r
  u_cp/u_bfeed/U57727/ZN (CLKNAND2V12_140P7T30R)          0.01       0.36 f
  u_cp/u_bfeed/U92598/ZN (CLKINV32_140P7T30R)             0.01       0.37 r
  u_cp/u_bfeed/U69291/ZN (INV40_140P7T30R)                0.01       0.38 f
  u_cp/u_bfeed/U69095/Z (AO22V12_140P7T30R)               0.02       0.40 f
  u_cp/u_bfeed/U14534/ZN (NOR2V16_140P7T30R)              0.01       0.41 r
  u_cp/u_bfeed/U14533/ZN (OAI12V12_140P7T30R)             0.01       0.43 f
  u_cp/u_bfeed/U15379/ZN (AOI12V12_140P7T30R)             0.01       0.44 r
  u_cp/u_bfeed/U68068/ZN (OAI12V12_140P7T30R)             0.01       0.45 f
  u_cp/u_bfeed/U14776/ZN (CLKNAND2V12_140P7T30R)          0.01       0.46 r
  u_cp/u_bfeed/U15850/ZN (INV12_140P7T30R)                0.01       0.46 f
  u_cp/u_bfeed/U67916/ZN (NOR2V16_140P7T30R)              0.01       0.48 r
  u_cp/u_bfeed/U9900/ZN (OAI12V6_140P7T30R)               0.01       0.49 f
  u_cp/u_bfeed/U93876/Z (CLKXOR2V6_140P7T30R)             0.02       0.51 f
  u_cp/u_bfeed/U20384/Z (BUFV8_140P7T30R)                 0.02       0.53 f
  u_cp/u_bfeed/U15126/ZN (NOR2V12_140P7T30R)              0.01       0.54 r
  u_cp/u_bfeed/U25022/ZN (INV3_140P7T30R)                 0.00       0.54 f
  u_cp/u_bfeed/U24989/ZN (NOR2V4_140P7T30R)               0.01       0.55 r
  u_cp/u_bfeed/U8681/ZN (AOI12V4_140P7T30R)               0.01       0.56 f
  u_cp/u_bfeed/U17035/ZN (OAI22V6_140P7T30R)              0.02       0.58 r
  u_cp/u_bfeed/U17034/ZN (NOR2V12_140P7T30R)              0.01       0.59 f
  u_cp/u_bfeed/U19479/ZN (NOR2V16_140P7T30R)              0.01       0.60 r
  u_cp/u_bfeed/U19333/ZN (NOR2V16_140P7T30R)              0.01       0.61 f
  u_cp/u_bfeed/U38417/ZN (OAI12V6_140P7T30R)              0.01       0.62 r
  u_cp/u_bfeed/U38382/ZN (NAND2V6_140P7T30R)              0.01       0.63 f
  u_cp/u_bfeed/U69326/Z (CLKXOR2V6_140P7T30R)             0.02       0.65 f
  u_cp/u_bfeed/U13084/ZN (NAND2V8_140P7T30R)              0.01       0.66 r
  u_cp/u_bfeed/U69934/ZN (NAND3V12_140P7T30R)             0.02       0.68 f
  u_cp/u_bfeed/U69328/ZN (NOR2V12_140P7T30R)              0.01       0.69 r
  u_cp/u_bfeed/U67866/ZN (CLKNAND2V16_140P7T30R)          0.02       0.70 f
  u_cp/u_bfeed/U20015/ZN (NAND3V8_140P7T30R)              0.01       0.72 r
  u_cp/u_bfeed/U67859/ZN (OAI12V8_140P7T30R)              0.01       0.73 f
  u_cp/u_bfeed/U20395/ZN (NOR2V8_140P7T30R)               0.01       0.74 r
  u_cp/u_bfeed/U67907/ZN (AOI13V6_140P7T30R)              0.02       0.76 f
  u_cp/u_bfeed/U67906/ZN (CLKNAND2V16_140P7T30R)          0.02       0.78 r
  u_cp/u_bfeed/U42964/ZN (CLKINV16_140P7T30R)             0.01       0.79 f
  u_cp/u_bfeed/U15225/ZN (NAND2XBV16_140P7T30R)           0.01       0.79 r
  u_cp/u_bfeed/U15226/ZN (CLKNAND2V16_140P7T30R)          0.01       0.80 f
  u_cp/u_bfeed/U7028/ZN (CLKINV10_140P7T30R)              0.01       0.81 r
  u_cp/u_bfeed/U67864/Z (CLKXOR2V12_140P7T30R)            0.02       0.83 r
  u_cp/u_bfeed/U17030/ZN (NOR2V12_140P7T30R)              0.01       0.84 f
  u_cp/u_bfeed/U19458/ZN (INV12_140P7T30R)                0.01       0.85 r
  u_cp/u_bfeed/U68360/ZN (CLKNAND2V16_140P7T30R)          0.01       0.86 f
  u_cp/u_bfeed/U27696/ZN (INV12_140P7T30R)                0.01       0.87 r
  u_cp/u_bfeed/U23827/ZN (INV20_140P7T30R)                0.01       0.88 f
  u_cp/u_bfeed/U17038/Z (BUFV6_140P7T30R)                 0.01       0.89 f
  u_cp/u_bfeed/U33967/ZN (CLKNAND2V4_140P7T30R)           0.01       0.90 r
  u_cp/u_bfeed/U68468/Z (OR2V6_140P7T30R)                 0.01       0.91 r
  u_cp/u_bfeed/U70024/ZN (CLKNAND2V4_140P7T30R)           0.01       0.91 f
  u_cp/u_bfeed/U5516/ZN (NOR2V2_140P7T30R)                0.02       0.93 r
  u_cp/u_bfeed/U15815/ZN (AOI12V8_140P7T30R)              0.01       0.95 f
  u_cp/u_bfeed/U15371/ZN (NAND2V8_140P7T30R)              0.01       0.95 r
  u_cp/u_bfeed/U15370/ZN (NAND2XBV6_140P7T30R)            0.01       0.96 f
  u_cp/u_bfeed/U15803/ZN (OAI12V6_140P7T30R)              0.01       0.97 r
  u_cp/u_bfeed/U16199/ZN (NAND2V6_140P7T30R)              0.01       0.98 f
  u_cp/u_bfeed/U19492/ZN (NAND2V8_140P7T30R)              0.01       0.99 r
  u_cp/u_bfeed/U15117/ZN (AOI12V8_140P7T30R)              0.01       1.00 f
  u_cp/u_bfeed/U19463/ZN (OAI12V8_140P7T30R)              0.01       1.01 r
  u_cp/u_bfeed/U67852/Z (AND2V16_140P7T30R)               0.02       1.03 r
  u_cp/u_bfeed/U67850/ZN (NOR2V16_140P7T30R)              0.01       1.04 f
  u_cp/u_bfeed/U20360/ZN (INV32_140P7T30R)                0.01       1.05 r
  u_cp/u_bfeed/U3544/ZN (AOI22V4_140P7T30R)               0.01       1.06 f
  u_cp/u_bfeed/U36805/Z (CLKXOR2V6_140P7T30R)             0.02       1.09 f
  u_cp/u_bfeed/U19978/ZN (NAND2V8_140P7T30R)              0.01       1.10 r
  u_cp/u_bfeed/U19709/ZN (OAI12V8_140P7T30R)              0.01       1.11 f
  u_cp/u_bfeed/U20353/ZN (AOI12V6_140P7T30R)              0.01       1.12 r
  u_cp/u_bfeed/U68855/ZN (OAI12V12_140P7T30R)             0.02       1.14 f
  u_cp/u_bfeed/U19697/ZN (CLKNAND2V16_140P7T30R)          0.01       1.15 r
  u_cp/u_bfeed/U68854/ZN (CLKNAND2V16_140P7T30R)          0.01       1.16 f
  u_cp/u_bfeed/U15280/ZN (INV24_140P7T30R)                0.01       1.17 r
  u_cp/u_bfeed/U70139/ZN (OAI12V8_140P7T30R)              0.01       1.18 f
  u_cp/u_bfeed/U68941/Z (CLKXOR2V6_140P7T30R)             0.02       1.20 f
  u_cp/u_bfeed/U19868/ZN (NAND2V8_140P7T30R)              0.01       1.21 r
  u_cp/u_bfeed/U69432/ZN (CLKINV10_140P7T30R)             0.01       1.22 f
  u_cp/u_bfeed/U1733/ZN (INV6_140P7T30R)                  0.01       1.22 r
  u_cp/u_bfeed/U19848/ZN (NOR2V16_140P7T30R)              0.01       1.23 f
  u_cp/u_bfeed/U15869/ZN (CLKNAND2V16_140P7T30R)          0.01       1.24 r
  u_cp/u_bfeed/U15167/ZN (NOR2V6_140P7T30R)               0.01       1.25 f
  u_cp/u_bfeed/U27159/ZN (NOR2V6_140P7T30R)               0.01       1.26 r
  u_cp/u_bfeed/U23294/ZN (NAND2V8_140P7T30R)              0.01       1.27 f
  u_cp/u_bfeed/U1317/ZN (NAND2V8_140P7T30R)               0.01       1.28 r
  u_cp/u_bfeed/U15826/ZN (CLKNAND2V16_140P7T30R)          0.01       1.29 f
  u_cp/u_bfeed/U31012/ZN (NAND2XBV6_140P7T30R)            0.01       1.30 r
  u_cp/u_bfeed/U15161/ZN (NAND2V8_140P7T30R)              0.01       1.30 f
  u_cp/u_bfeed/U20421/ZN (AOI12V6_140P7T30R)              0.01       1.32 r
  u_cp/u_bfeed/U94956/Z (CLKXOR2V6_140P7T30R)             0.02       1.34 r
  u_cp/u_bfeed/U20277/ZN (AOI12V8_140P7T30R)              0.01       1.35 f
  u_cp/u_bfeed/U20383/ZN (NOR2V12_140P7T30R)              0.01       1.36 r
  u_cp/u_bfeed/U68289/ZN (NAND3V12_140P7T30R)             0.02       1.38 f
  u_cp/u_bfeed/U67870/ZN (NAND2XBV12_140P7T30R)           0.01       1.39 r
  u_cp/u_bfeed/U20093/ZN (NOR2V8_140P7T30R)               0.01       1.40 f
  u_cp/u_bfeed/U15383/ZN (INV8_140P7T30R)                 0.01       1.41 r
  u_cp/u_bfeed/U93770/ZN (OAI22V1_140P7T30R)              0.01       1.42 f
  u_cp/u_bfeed/U146842/ZN (AOI22V1_140P7T30R)             0.02       1.43 r
  u_cp/u_bfeed/U94086/ZN (NAND3V3_140P7T30R)              0.01       1.44 f
  u_cp/u_bfeed/s_r1_reg[2][18]/D (DQV4_140P7T30R)         0.00       1.44 f
  data arrival time                                                  1.44

  clock clk (rise edge)                                   1.00       1.00
  clock network delay (ideal)                             0.00       1.00
  u_cp/u_bfeed/s_r1_reg[2][18]/CK (DQV4_140P7T30R)        0.00       1.00 r
  library setup time                                     -0.02       0.98
  data required time                                                 0.98
  --------------------------------------------------------------------------
  data required time                                                 0.98
  data arrival time                                                 -1.44
  --------------------------------------------------------------------------
  slack (VIOLATED)                                                  -0.46


  Startpoint: u_cp/u_bfeed/s_n2phi_reg[2][24]
              (rising edge-triggered flip-flop clocked by clk)
  Endpoint: u_cp/u_bfeed/s_r1_reg[2][11]
            (rising edge-triggered flip-flop clocked by clk)
  Path Group: clk
  Path Type: max

  Point                                                   Incr       Path
  --------------------------------------------------------------------------
  clock clk (rise edge)                                   0.00       0.00
  clock network delay (ideal)                             0.00       0.00
  u_cp/u_bfeed/s_n2phi_reg[2][24]/CK (DQV4_140P7T30R)     0.00 #     0.00 r
  u_cp/u_bfeed/s_n2phi_reg[2][24]/Q (DQV4_140P7T30R)      0.04       0.04 f
  u_cp/u_bfeed/U33259/ZN (NOR2V4_140P7T30R)               0.01       0.05 r
  u_cp/u_bfeed/U19632/ZN (NOR2V6_140P7T30R)               0.01       0.06 f
  u_cp/u_bfeed/U16204/ZN (OAI22V6_140P7T30R)              0.01       0.07 r
  u_cp/u_bfeed/U15147/ZN (NAND2XBV6_140P7T30R)            0.01       0.08 f
  u_cp/u_bfeed/U15856/ZN (NAND3V8_140P7T30R)              0.01       0.09 r
  u_cp/u_bfeed/U15855/ZN (CLKNAND2V16_140P7T30R)          0.01       0.10 f
  u_cp/u_bfeed/U16659/ZN (INV32_140P7T30R)                0.01       0.12 r
  u_cp/u_bfeed/U15872/ZN (NOR2XBV12_140P7T30R)            0.01       0.12 f
  u_cp/u_bfeed/U70003/ZN (AOI12V12_140P7T30R)             0.01       0.14 r
  u_cp/u_bfeed/U13041/Z (CLKXOR2V6_140P7T30R)             0.03       0.17 r
  u_cp/u_bfeed/U13008/Z (BUFV10_140P7T30R)                0.02       0.19 r
  u_cp/u_bfeed/U20348/ZN (NOR2V8_140P7T30R)               0.01       0.20 f
  u_cp/u_bfeed/U12955/Z (BUFV10_140P7T30R)                0.01       0.21 f
  u_cp/u_bfeed/U17445/ZN (AOI22V1_140P7T30R)              0.02       0.23 r
  u_cp/u_bfeed/U29595/ZN (NAND2XBV4_140P7T30R)            0.02       0.25 f
  u_cp/u_bfeed/U25834/Z (AND2V2_140P7T30R)                0.02       0.27 f
  u_cp/u_bfeed/U29370/ZN (NOR2V4_140P7T30R)               0.02       0.28 r
  u_cp/u_bfeed/U15300/ZN (NAND2XBV12_140P7T30R)           0.01       0.30 f
  u_cp/u_bfeed/U12571/ZN (NAND2V6_140P7T30R)              0.01       0.31 r
  u_cp/u_bfeed/U12553/Z (OA12V2_140P7T30R)                0.02       0.33 r
  u_cp/u_bfeed/U14570/ZN (AOI12V6_140P7T30R)              0.01       0.34 f
  u_cp/u_bfeed/U20269/ZN (OAI12V8_140P7T30R)              0.01       0.35 r
  u_cp/u_bfeed/U57727/ZN (CLKNAND2V12_140P7T30R)          0.01       0.36 f
  u_cp/u_bfeed/U92598/ZN (CLKINV32_140P7T30R)             0.01       0.37 r
  u_cp/u_bfeed/U69291/ZN (INV40_140P7T30R)                0.01       0.38 f
  u_cp/u_bfeed/U69095/Z (AO22V12_140P7T30R)               0.02       0.40 f
  u_cp/u_bfeed/U14534/ZN (NOR2V16_140P7T30R)              0.01       0.41 r
  u_cp/u_bfeed/U14533/ZN (OAI12V12_140P7T30R)             0.01       0.43 f
  u_cp/u_bfeed/U15379/ZN (AOI12V12_140P7T30R)             0.01       0.44 r
  u_cp/u_bfeed/U68068/ZN (OAI12V12_140P7T30R)             0.01       0.45 f
  u_cp/u_bfeed/U14776/ZN (CLKNAND2V12_140P7T30R)          0.01       0.46 r
  u_cp/u_bfeed/U15850/ZN (INV12_140P7T30R)                0.01       0.46 f
  u_cp/u_bfeed/U67916/ZN (NOR2V16_140P7T30R)              0.01       0.48 r
  u_cp/u_bfeed/U9900/ZN (OAI12V6_140P7T30R)               0.01       0.49 f
  u_cp/u_bfeed/U93876/Z (CLKXOR2V6_140P7T30R)             0.02       0.51 f
  u_cp/u_bfeed/U20384/Z (BUFV8_140P7T30R)                 0.02       0.53 f
  u_cp/u_bfeed/U15126/ZN (NOR2V12_140P7T30R)              0.01       0.54 r
  u_cp/u_bfeed/U25022/ZN (INV3_140P7T30R)                 0.00       0.54 f
  u_cp/u_bfeed/U24989/ZN (NOR2V4_140P7T30R)               0.01       0.55 r
  u_cp/u_bfeed/U8681/ZN (AOI12V4_140P7T30R)               0.01       0.56 f
  u_cp/u_bfeed/U17035/ZN (OAI22V6_140P7T30R)              0.02       0.58 r
  u_cp/u_bfeed/U17034/ZN (NOR2V12_140P7T30R)              0.01       0.59 f
  u_cp/u_bfeed/U19479/ZN (NOR2V16_140P7T30R)              0.01       0.60 r
  u_cp/u_bfeed/U19333/ZN (NOR2V16_140P7T30R)              0.01       0.61 f
  u_cp/u_bfeed/U38417/ZN (OAI12V6_140P7T30R)              0.01       0.62 r
  u_cp/u_bfeed/U38382/ZN (NAND2V6_140P7T30R)              0.01       0.63 f
  u_cp/u_bfeed/U69326/Z (CLKXOR2V6_140P7T30R)             0.02       0.65 f
  u_cp/u_bfeed/U13084/ZN (NAND2V8_140P7T30R)              0.01       0.66 r
  u_cp/u_bfeed/U69934/ZN (NAND3V12_140P7T30R)             0.02       0.68 f
  u_cp/u_bfeed/U69328/ZN (NOR2V12_140P7T30R)              0.01       0.69 r
  u_cp/u_bfeed/U67866/ZN (CLKNAND2V16_140P7T30R)          0.02       0.70 f
  u_cp/u_bfeed/U20015/ZN (NAND3V8_140P7T30R)              0.01       0.72 r
  u_cp/u_bfeed/U67859/ZN (OAI12V8_140P7T30R)              0.01       0.73 f
  u_cp/u_bfeed/U20395/ZN (NOR2V8_140P7T30R)               0.01       0.74 r
  u_cp/u_bfeed/U67907/ZN (AOI13V6_140P7T30R)              0.02       0.76 f
  u_cp/u_bfeed/U67906/ZN (CLKNAND2V16_140P7T30R)          0.02       0.78 r
  u_cp/u_bfeed/U42964/ZN (CLKINV16_140P7T30R)             0.01       0.79 f
  u_cp/u_bfeed/U15225/ZN (NAND2XBV16_140P7T30R)           0.01       0.79 r
  u_cp/u_bfeed/U15226/ZN (CLKNAND2V16_140P7T30R)          0.01       0.80 f
  u_cp/u_bfeed/U7028/ZN (CLKINV10_140P7T30R)              0.01       0.81 r
  u_cp/u_bfeed/U67864/Z (CLKXOR2V12_140P7T30R)            0.02       0.83 r
  u_cp/u_bfeed/U17030/ZN (NOR2V12_140P7T30R)              0.01       0.84 f
  u_cp/u_bfeed/U19458/ZN (INV12_140P7T30R)                0.01       0.85 r
  u_cp/u_bfeed/U68360/ZN (CLKNAND2V16_140P7T30R)          0.01       0.86 f
  u_cp/u_bfeed/U27696/ZN (INV12_140P7T30R)                0.01       0.87 r
  u_cp/u_bfeed/U23827/ZN (INV20_140P7T30R)                0.01       0.88 f
  u_cp/u_bfeed/U17038/Z (BUFV6_140P7T30R)                 0.01       0.89 f
  u_cp/u_bfeed/U33967/ZN (CLKNAND2V4_140P7T30R)           0.01       0.90 r
  u_cp/u_bfeed/U68468/Z (OR2V6_140P7T30R)                 0.01       0.91 r
  u_cp/u_bfeed/U70024/ZN (CLKNAND2V4_140P7T30R)           0.01       0.91 f
  u_cp/u_bfeed/U5516/ZN (NOR2V2_140P7T30R)                0.02       0.93 r
  u_cp/u_bfeed/U15815/ZN (AOI12V8_140P7T30R)              0.01       0.95 f
  u_cp/u_bfeed/U15371/ZN (NAND2V8_140P7T30R)              0.01       0.95 r
  u_cp/u_bfeed/U15370/ZN (NAND2XBV6_140P7T30R)            0.01       0.96 f
  u_cp/u_bfeed/U15803/ZN (OAI12V6_140P7T30R)              0.01       0.97 r
  u_cp/u_bfeed/U16199/ZN (NAND2V6_140P7T30R)              0.01       0.98 f
  u_cp/u_bfeed/U19492/ZN (NAND2V8_140P7T30R)              0.01       0.99 r
  u_cp/u_bfeed/U15117/ZN (AOI12V8_140P7T30R)              0.01       1.00 f
  u_cp/u_bfeed/U19463/ZN (OAI12V8_140P7T30R)              0.01       1.01 r
  u_cp/u_bfeed/U67852/Z (AND2V16_140P7T30R)               0.02       1.03 r
  u_cp/u_bfeed/U67850/ZN (NOR2V16_140P7T30R)              0.01       1.04 f
  u_cp/u_bfeed/U20360/ZN (INV32_140P7T30R)                0.01       1.05 r
  u_cp/u_bfeed/U3544/ZN (AOI22V4_140P7T30R)               0.01       1.06 f
  u_cp/u_bfeed/U36805/Z (CLKXOR2V6_140P7T30R)             0.02       1.09 f
  u_cp/u_bfeed/U19978/ZN (NAND2V8_140P7T30R)              0.01       1.10 r
  u_cp/u_bfeed/U19709/ZN (OAI12V8_140P7T30R)              0.01       1.11 f
  u_cp/u_bfeed/U20353/ZN (AOI12V6_140P7T30R)              0.01       1.12 r
  u_cp/u_bfeed/U68855/ZN (OAI12V12_140P7T30R)             0.02       1.14 f
  u_cp/u_bfeed/U19697/ZN (CLKNAND2V16_140P7T30R)          0.01       1.15 r
  u_cp/u_bfeed/U68854/ZN (CLKNAND2V16_140P7T30R)          0.01       1.16 f
  u_cp/u_bfeed/U15280/ZN (INV24_140P7T30R)                0.01       1.17 r
  u_cp/u_bfeed/U70139/ZN (OAI12V8_140P7T30R)              0.01       1.18 f
  u_cp/u_bfeed/U68941/Z (CLKXOR2V6_140P7T30R)             0.02       1.20 f
  u_cp/u_bfeed/U19868/ZN (NAND2V8_140P7T30R)              0.01       1.21 r
  u_cp/u_bfeed/U69432/ZN (CLKINV10_140P7T30R)             0.01       1.22 f
  u_cp/u_bfeed/U1733/ZN (INV6_140P7T30R)                  0.01       1.22 r
  u_cp/u_bfeed/U19848/ZN (NOR2V16_140P7T30R)              0.01       1.23 f
  u_cp/u_bfeed/U15869/ZN (CLKNAND2V16_140P7T30R)          0.01       1.24 r
  u_cp/u_bfeed/U15167/ZN (NOR2V6_140P7T30R)               0.01       1.25 f
  u_cp/u_bfeed/U27159/ZN (NOR2V6_140P7T30R)               0.01       1.26 r
  u_cp/u_bfeed/U23294/ZN (NAND2V8_140P7T30R)              0.01       1.27 f
  u_cp/u_bfeed/U1317/ZN (NAND2V8_140P7T30R)               0.01       1.28 r
  u_cp/u_bfeed/U15826/ZN (CLKNAND2V16_140P7T30R)          0.01       1.29 f
  u_cp/u_bfeed/U31012/ZN (NAND2XBV6_140P7T30R)            0.01       1.30 r
  u_cp/u_bfeed/U15161/ZN (NAND2V8_140P7T30R)              0.01       1.30 f
  u_cp/u_bfeed/U20421/ZN (AOI12V6_140P7T30R)              0.01       1.32 r
  u_cp/u_bfeed/U94956/Z (CLKXOR2V6_140P7T30R)             0.02       1.34 r
  u_cp/u_bfeed/U20277/ZN (AOI12V8_140P7T30R)              0.01       1.35 f
  u_cp/u_bfeed/U20383/ZN (NOR2V12_140P7T30R)              0.01       1.36 r
  u_cp/u_bfeed/U68289/ZN (NAND3V12_140P7T30R)             0.02       1.38 f
  u_cp/u_bfeed/U68288/ZN (NAND2XBV16_140P7T30R)           0.01       1.39 r
  u_cp/u_bfeed/U68287/ZN (NOR2V16_140P7T30R)              0.01       1.41 f
  u_cp/u_bfeed/U68286/ZN (CLKNAND2V16_140P7T30R)          0.01       1.41 r
  u_cp/u_bfeed/U33343/ZN (NOR2V6_140P7T30R)               0.01       1.42 f
  u_cp/u_bfeed/U14122/ZN (AOI12V6_140P7T30R)              0.02       1.43 r
  u_cp/u_bfeed/U14121/ZN (NAND3V8_140P7T30R)              0.01       1.45 f
  u_cp/u_bfeed/s_r1_reg[2][11]/D (DQV4_140P7T30R)         0.00       1.45 f
  data arrival time                                                  1.45

  clock clk (rise edge)                                   1.00       1.00
  clock network delay (ideal)                             0.00       1.00
  u_cp/u_bfeed/s_r1_reg[2][11]/CK (DQV4_140P7T30R)        0.00       1.00 r
  library setup time                                     -0.01       0.99
  data required time                                                 0.99
  --------------------------------------------------------------------------
  data required time                                                 0.99
  data arrival time                                                 -1.45
  --------------------------------------------------------------------------
  slack (VIOLATED)                                                  -0.46


  Startpoint: u_cp/u_bfeed/s_n2phi_reg[1][24]
              (rising edge-triggered flip-flop clocked by clk)
  Endpoint: u_cp/u_bfeed/s_r1_reg[1][20]
            (rising edge-triggered flip-flop clocked by clk)
  Path Group: clk
  Path Type: max

  Point                                                   Incr       Path
  --------------------------------------------------------------------------
  clock clk (rise edge)                                   0.00       0.00
  clock network delay (ideal)                             0.00       0.00
  u_cp/u_bfeed/s_n2phi_reg[1][24]/CK (DQV4_140P7T30R)     0.00 #     0.00 r
  u_cp/u_bfeed/s_n2phi_reg[1][24]/Q (DQV4_140P7T30R)      0.04       0.04 f
  u_cp/u_bfeed/U94286/ZN (NAND2XBV8_140P7T30R)            0.02       0.06 f
  u_cp/u_bfeed/U15893/ZN (AOI12V8_140P7T30R)              0.01       0.07 r
  u_cp/u_bfeed/U14753/ZN (OAI22V8_140P7T30R)              0.01       0.08 f
  u_cp/u_bfeed/U20167/ZN (AOI12V8_140P7T30R)              0.01       0.09 r
  u_cp/u_bfeed/U20166/ZN (OAI12V12_140P7T30R)             0.01       0.11 f
  u_cp/u_bfeed/U16965/ZN (CLKINV32_140P7T30R)             0.01       0.12 r
  u_cp/u_bfeed/U14726/ZN (INV40_140P7T30R)                0.01       0.13 f
  u_cp/u_bfeed/U14275/ZN (INV24_140P7T30R)                0.01       0.13 r
  u_cp/u_bfeed/U26623/ZN (OAI22V8_140P7T30R)              0.01       0.15 f
  u_cp/u_bfeed/U14764/ZN (INV8_140P7T30R)                 0.01       0.15 r
  u_cp/u_bfeed/U30170/ZN (CLKNAND2V4_140P7T30R)           0.01       0.16 f
  u_cp/u_bfeed/U17446/ZN (OAI12V2_140P7T30R)              0.02       0.18 r
  u_cp/u_bfeed/U14774/ZN (NOR2V4_140P7T30R)               0.01       0.19 f
  u_cp/u_bfeed/U19464/ZN (NAND2V8_140P7T30R)              0.01       0.20 r
  u_cp/u_bfeed/U19862/Z (CLKXOR2V12_140P7T30R)            0.02       0.22 r
  u_cp/u_bfeed/U19861/ZN (CLKNAND2V16_140P7T30R)          0.01       0.23 f
  u_cp/u_bfeed/U69953/ZN (NOR2V16_140P7T30R)              0.01       0.25 r
  u_cp/u_bfeed/U20000/ZN (CLKNAND2V12_140P7T30R)          0.01       0.26 f
  u_cp/u_bfeed/U12563/ZN (NOR2V4_140P7T30R)               0.01       0.27 r
  u_cp/u_bfeed/U25729/ZN (AOI12V4_140P7T30R)              0.01       0.28 f
  u_cp/u_bfeed/U12484/ZN (CLKNAND2V4_140P7T30R)           0.01       0.29 r
  u_cp/u_bfeed/U14273/ZN (NOR2V12_140P7T30R)              0.01       0.30 f
  u_cp/u_bfeed/U19080/ZN (NAND2XBV6_140P7T30R)            0.01       0.31 r
  u_cp/u_bfeed/U39280/ZN (OAI22V4_140P7T30R)              0.01       0.32 f
  u_cp/u_bfeed/U14284/ZN (AOI12V4_140P7T30R)              0.01       0.33 r
  u_cp/u_bfeed/U29209/ZN (INV4_140P7T30R)                 0.01       0.34 f
  u_cp/u_bfeed/U94545/ZN (OAI12V8_140P7T30R)              0.01       0.35 r
  u_cp/u_bfeed/U69695/ZN (CLKNAND2V16_140P7T30R)          0.01       0.37 f
  u_cp/u_bfeed/U69694/ZN (INV40_140P7T30R)                0.01       0.38 r
  u_cp/u_bfeed/U19653/Z (BUFV8_140P7T30R)                 0.01       0.39 r
  u_cp/u_bfeed/U69012/ZN (OAI22V12_140P7T30R)             0.01       0.40 f
  u_cp/u_bfeed/U19008/ZN (INV12_140P7T30R)                0.01       0.41 r
  u_cp/u_bfeed/U10881/ZN (NOR2V12_140P7T30R)              0.01       0.42 f
  u_cp/u_bfeed/U44826/ZN (NOR2V12_140P7T30R)              0.01       0.43 r
  u_cp/u_bfeed/U10416/ZN (NAND2V6_140P7T30R)              0.01       0.44 f
  u_cp/u_bfeed/U69391/ZN (NAND2XBV16_140P7T30R)           0.02       0.46 f
  u_cp/u_bfeed/U56362/ZN (CLKNAND2V12_140P7T30R)          0.01       0.46 r
  u_cp/u_bfeed/U69660/ZN (CLKNAND2V12_140P7T30R)          0.01       0.47 f
  u_cp/u_bfeed/U69363/ZN (CLKNAND2V16_140P7T30R)          0.01       0.48 r
  u_cp/u_bfeed/U9161/ZN (AOI12V4_140P7T30R)               0.01       0.49 f
  u_cp/u_bfeed/U55439/Z (CLKXOR2V6_140P7T30R)             0.02       0.52 f
  u_cp/u_bfeed/U28778/ZN (NOR2V12_140P7T30R)              0.01       0.53 r
  u_cp/u_bfeed/U28755/ZN (CLKNAND2V12_140P7T30R)          0.01       0.54 f
  u_cp/u_bfeed/U17274/ZN (INV20_140P7T30R)                0.01       0.55 r
  u_cp/u_bfeed/U69658/ZN (NOR2XBV16_140P7T30R)            0.02       0.57 r
  u_cp/u_bfeed/U90655/ZN (OAI12V8_140P7T30R)              0.01       0.58 f
  u_cp/u_bfeed/U69723/ZN (OAI12V8_140P7T30R)              0.01       0.59 r
  u_cp/u_bfeed/U19789/ZN (NOR2V16_140P7T30R)              0.01       0.60 f
  u_cp/u_bfeed/U28581/ZN (CLKINV20_140P7T30R)             0.01       0.61 r
  u_cp/u_bfeed/U7931/ZN (AOI12V6_140P7T30R)               0.01       0.62 f
  u_cp/u_bfeed/U68471/Z (CLKXOR2V6_140P7T30R)             0.02       0.64 f
  u_cp/u_bfeed/U68470/ZN (AOI12V8_140P7T30R)              0.01       0.65 r
  u_cp/u_bfeed/U17201/ZN (CLKNAND2V12_140P7T30R)          0.01       0.66 f
  u_cp/u_bfeed/U16956/ZN (CLKINV10_140P7T30R)             0.01       0.67 r
  u_cp/u_bfeed/U52945/ZN (CLKNAND2V12_140P7T30R)          0.01       0.68 f
  u_cp/u_bfeed/U67948/ZN (NOR2V16_140P7T30R)              0.01       0.69 r
  u_cp/u_bfeed/U69202/ZN (CLKNAND2V16_140P7T30R)          0.01       0.70 f
  u_cp/u_bfeed/U16507/ZN (INV16_140P7T30R)                0.01       0.71 r
  u_cp/u_bfeed/U17175/ZN (NOR2V16_140P7T30R)              0.01       0.71 f
  u_cp/u_bfeed/U67951/ZN (CLKNAND2V16_140P7T30R)          0.01       0.72 r
  u_cp/u_bfeed/U67950/ZN (NOR2V16_140P7T30R)              0.01       0.73 f
  u_cp/u_bfeed/U28223/ZN (NOR2V12_140P7T30R)              0.01       0.74 r
  u_cp/u_bfeed/U17257/ZN (NAND2V8_140P7T30R)              0.01       0.75 f
  u_cp/u_bfeed/U19033/ZN (NOR2V12_140P7T30R)              0.01       0.76 r
  u_cp/u_bfeed/U69682/ZN (NOR2V16_140P7T30R)              0.01       0.77 f
  u_cp/u_bfeed/U69680/ZN (INV32_140P7T30R)                0.01       0.78 r
  u_cp/u_bfeed/U17262/ZN (NAND2XBV6_140P7T30R)            0.01       0.79 f
  u_cp/u_bfeed/U67947/Z (AO1B2V4_140P7T30R)               0.01       0.80 r
  u_cp/u_bfeed/U14725/ZN (NOR2V8_140P7T30R)               0.01       0.81 f
  u_cp/u_bfeed/U27861/ZN (INV5_140P7T30R)                 0.01       0.81 r
  u_cp/u_bfeed/U15890/ZN (NAND2V8_140P7T30R)              0.01       0.82 f
  u_cp/u_bfeed/U20363/ZN (CLKNAND2V16_140P7T30R)          0.01       0.83 r
  u_cp/u_bfeed/U67889/ZN (AOI12V12_140P7T30R)             0.01       0.84 f
  u_cp/u_bfeed/U69722/ZN (OAI12V8_140P7T30R)              0.01       0.86 r
  u_cp/u_bfeed/U69721/Z (CLKXOR2V6_140P7T30R)             0.02       0.88 r
  u_cp/u_bfeed/U19225/ZN (CLKNAND2V12_140P7T30R)          0.01       0.89 f
  u_cp/u_bfeed/U16975/ZN (CLKINV16_140P7T30R)             0.01       0.90 r
  u_cp/u_bfeed/U69568/ZN (CLKNAND2V16_140P7T30R)          0.01       0.91 f
  u_cp/u_bfeed/U69004/ZN (NOR2V16_140P7T30R)              0.02       0.93 r
  u_cp/u_bfeed/U14755/ZN (AOI12V8_140P7T30R)              0.01       0.94 f
  u_cp/u_bfeed/U50072/Z (AND2V6_140P7T30R)                0.02       0.95 f
  u_cp/u_bfeed/U17180/ZN (AOI22V12_140P7T30R)             0.01       0.97 r
  u_cp/u_bfeed/U69671/ZN (OAI12V12_140P7T30R)             0.01       0.98 f
  u_cp/u_bfeed/U41928/ZN (NOR2V6_140P7T30R)               0.01       0.99 r
  u_cp/u_bfeed/U69211/ZN (NAND3V8_140P7T30R)              0.01       1.00 f
  u_cp/u_bfeed/U15519/ZN (CLKNAND2V12_140P7T30R)          0.01       1.01 r
  u_cp/u_bfeed/U16960/ZN (CLKNAND2V12_140P7T30R)          0.01       1.02 f
  u_cp/u_bfeed/U69730/ZN (NOR2V16_140P7T30R)              0.02       1.03 r
  u_cp/u_bfeed/U3691/ZN (INV40_140P7T30R)                 0.01       1.05 f
  u_cp/u_bfeed/U3534/ZN (NAND2XBV8_140P7T30R)             0.01       1.06 r
  u_cp/u_bfeed/U14524/ZN (CLKNAND2V12_140P7T30R)          0.01       1.07 f
  u_cp/u_bfeed/U14525/Z (CLKXOR2V12_140P7T30R)            0.02       1.09 f
  u_cp/u_bfeed/U27319/ZN (NAND2V6_140P7T30R)              0.01       1.10 r
  u_cp/u_bfeed/U2943/ZN (OAI12V6_140P7T30R)               0.01       1.11 f
  u_cp/u_bfeed/U20342/ZN (AOI12V8_140P7T30R)              0.02       1.12 r
  u_cp/u_bfeed/U68392/ZN (OAI12V12_140P7T30R)             0.02       1.14 f
  u_cp/u_bfeed/U41150/ZN (CLKNAND2V12_140P7T30R)          0.01       1.15 r
  u_cp/u_bfeed/U16519/ZN (CLKNAND2V16_140P7T30R)          0.01       1.16 f
  u_cp/u_bfeed/U2030/ZN (AOI12V6_140P7T30R)               0.01       1.18 r
  u_cp/u_bfeed/U69936/Z (CLKXOR2V6_140P7T30R)             0.02       1.20 r
  u_cp/u_bfeed/U16958/ZN (INV6_140P7T30R)                 0.01       1.21 f
  u_cp/u_bfeed/U16959/ZN (CLKNAND2V16_140P7T30R)          0.01       1.21 r
  u_cp/u_bfeed/U19154/ZN (NOR2V16_140P7T30R)              0.01       1.22 f
  u_cp/u_bfeed/U1474/ZN (INV5_140P7T30R)                  0.01       1.23 r
  u_cp/u_bfeed/U68016/ZN (OAI13V4_140P7T30R)              0.01       1.24 f
  u_cp/u_bfeed/U41090/ZN (CLKNAND2V4_140P7T30R)           0.01       1.24 r
  u_cp/u_bfeed/U41089/ZN (NAND2V6_140P7T30R)              0.01       1.25 f
  u_cp/u_bfeed/U15524/ZN (NOR2V8_140P7T30R)               0.01       1.27 r
  u_cp/u_bfeed/U19548/ZN (NAND2V8_140P7T30R)              0.01       1.28 f
  u_cp/u_bfeed/U70284/ZN (OAI12V8_140P7T30R)              0.01       1.29 r
  u_cp/u_bfeed/U69670/ZN (OAI12V8_140P7T30R)              0.01       1.30 f
  u_cp/u_bfeed/U69661/ZN (AOI12V6_140P7T30R)              0.02       1.32 r
  u_cp/u_bfeed/U90253/Z (CLKXOR2V6_140P7T30R)             0.02       1.34 r
  u_cp/u_bfeed/U19553/ZN (AOI12V8_140P7T30R)              0.01       1.35 f
  u_cp/u_bfeed/U20358/ZN (NOR2V8_140P7T30R)               0.01       1.36 r
  u_cp/u_bfeed/U17271/ZN (NAND3V12_140P7T30R)             0.02       1.38 f
  u_cp/u_bfeed/U20236/ZN (NAND2XBV12_140P7T30R)           0.01       1.39 r
  u_cp/u_bfeed/U19643/ZN (NOR2V8_140P7T30R)               0.01       1.40 f
  u_cp/u_bfeed/U388/ZN (INV5_140P7T30R)                   0.01       1.41 r
  u_cp/u_bfeed/U92395/ZN (NOR2V4_140P7T30R)               0.01       1.42 f
  u_cp/u_bfeed/U14056/ZN (NOR3V4_140P7T30R)               0.02       1.43 r
  u_cp/u_bfeed/U7/ZN (OAI12V2_140P7T30R)                  0.01       1.44 f
  u_cp/u_bfeed/s_r1_reg[1][20]/D (DQV2_140P7T30R)         0.00       1.44 f
  data arrival time                                                  1.44

  clock clk (rise edge)                                   1.00       1.00
  clock network delay (ideal)                             0.00       1.00
  u_cp/u_bfeed/s_r1_reg[1][20]/CK (DQV2_140P7T30R)        0.00       1.00 r
  library setup time                                     -0.02       0.98
  data required time                                                 0.98
  --------------------------------------------------------------------------
  data required time                                                 0.98
  data arrival time                                                 -1.44
  --------------------------------------------------------------------------
  slack (VIOLATED)                                                  -0.46


==== Matrix SRAM input/setup paths (9 instances) ====

****************************************
Report : timing
        -path full
        -delay max
        -max_paths 10
        -sort_by slack
Design : synth_top
Version: O-2018.06-SP1
Date   : Tue Aug 18 21:40:08 2026
****************************************

 # A fanout number of 1000 was used for high fanout net computations.

Operating Conditions: tt_v0p9_25c   Library: scc28nhkcp_hdc30p140_rvt_tt_v0p9_25c_basic
Wire Load Model Mode: top

  Startpoint: u_cp/u_matrix/sram_req_bank_reg[0]
              (rising edge-triggered flip-flop clocked by clk)
  Endpoint: u_cp/u_matrix/g_state_bank[1].u_acc_partial
            (rising edge-triggered flip-flop clocked by clk)
  Path Group: clk
  Path Type: max

  Point                                                   Incr       Path
  --------------------------------------------------------------------------
  clock clk (rise edge)                                   0.00       0.00
  clock network delay (ideal)                             0.00       0.00
  u_cp/u_matrix/sram_req_bank_reg[0]/CK (DQV2_140P7T30R)     0.00 #     0.00 r
  u_cp/u_matrix/sram_req_bank_reg[0]/Q (DQV2_140P7T30R)     0.04     0.04 f
  u_cp/U16882/ZN (INV2_140P7T30R)                         0.01       0.06 r
  u_cp/U17445/ZN (NOR2V2_140P7T30R)                       0.01       0.07 f
  u_cp/U17446/ZN (NAND2V2_140P7T30R)                      0.01       0.08 r
  u_cp/U31639/ZN (INV2_140P7T30R)                         0.03       0.10 f
  u_cp/U31734/ZN (NOR3V2_140P7T30R)                       0.09       0.19 r
  u_cp/U31745/Z (AO222V2_140P7T30R)                       0.06       0.25 r
  u_cp/u_matrix/g_state_bank[1].u_acc_partial/A[0] (kh4096x64)     0.00     0.25 r
  data arrival time                                                  0.25

  clock clk (rise edge)                                   1.00       1.00
  clock network delay (ideal)                             0.00       1.00
  u_cp/u_matrix/g_state_bank[1].u_acc_partial/CLK (kh4096x64)     0.00     1.00 r
  library setup time                                     -0.19       0.81
  data required time                                                 0.81
  --------------------------------------------------------------------------
  data required time                                                 0.81
  data arrival time                                                 -0.25
  --------------------------------------------------------------------------
  slack (MET)                                                        0.57


  Startpoint: u_cp/u_matrix/sram_req_bank_reg[0]
              (rising edge-triggered flip-flop clocked by clk)
  Endpoint: u_cp/u_matrix/g_state_bank[1].u_acc_partial
            (rising edge-triggered flip-flop clocked by clk)
  Path Group: clk
  Path Type: max

  Point                                                   Incr       Path
  --------------------------------------------------------------------------
  clock clk (rise edge)                                   0.00       0.00
  clock network delay (ideal)                             0.00       0.00
  u_cp/u_matrix/sram_req_bank_reg[0]/CK (DQV2_140P7T30R)     0.00 #     0.00 r
  u_cp/u_matrix/sram_req_bank_reg[0]/Q (DQV2_140P7T30R)     0.04     0.04 f
  u_cp/U16882/ZN (INV2_140P7T30R)                         0.01       0.06 r
  u_cp/U17445/ZN (NOR2V2_140P7T30R)                       0.01       0.07 f
  u_cp/U17446/ZN (NAND2V2_140P7T30R)                      0.01       0.08 r
  u_cp/U31639/ZN (INV2_140P7T30R)                         0.03       0.10 f
  u_cp/U31734/ZN (NOR3V2_140P7T30R)                       0.09       0.19 r
  u_cp/U31744/Z (AO222V2_140P7T30R)                       0.06       0.25 r
  u_cp/u_matrix/g_state_bank[1].u_acc_partial/A[10] (kh4096x64)     0.00     0.25 r
  data arrival time                                                  0.25

  clock clk (rise edge)                                   1.00       1.00
  clock network delay (ideal)                             0.00       1.00
  u_cp/u_matrix/g_state_bank[1].u_acc_partial/CLK (kh4096x64)     0.00     1.00 r
  library setup time                                     -0.19       0.81
  data required time                                                 0.81
  --------------------------------------------------------------------------
  data required time                                                 0.81
  data arrival time                                                 -0.25
  --------------------------------------------------------------------------
  slack (MET)                                                        0.57


  Startpoint: u_cp/u_matrix/sram_req_bank_reg[0]
              (rising edge-triggered flip-flop clocked by clk)
  Endpoint: u_cp/u_matrix/g_state_bank[1].u_acc_partial
            (rising edge-triggered flip-flop clocked by clk)
  Path Group: clk
  Path Type: max

  Point                                                   Incr       Path
  --------------------------------------------------------------------------
  clock clk (rise edge)                                   0.00       0.00
  clock network delay (ideal)                             0.00       0.00
  u_cp/u_matrix/sram_req_bank_reg[0]/CK (DQV2_140P7T30R)     0.00 #     0.00 r
  u_cp/u_matrix/sram_req_bank_reg[0]/Q (DQV2_140P7T30R)     0.04     0.04 f
  u_cp/U16882/ZN (INV2_140P7T30R)                         0.01       0.06 r
  u_cp/U17445/ZN (NOR2V2_140P7T30R)                       0.01       0.07 f
  u_cp/U17446/ZN (NAND2V2_140P7T30R)                      0.01       0.08 r
  u_cp/U31639/ZN (INV2_140P7T30R)                         0.03       0.10 f
  u_cp/U31734/ZN (NOR3V2_140P7T30R)                       0.09       0.19 r
  u_cp/U31743/Z (AO222V2_140P7T30R)                       0.06       0.25 r
  u_cp/u_matrix/g_state_bank[1].u_acc_partial/A[11] (kh4096x64)     0.00     0.25 r
  data arrival time                                                  0.25

  clock clk (rise edge)                                   1.00       1.00
  clock network delay (ideal)                             0.00       1.00
  u_cp/u_matrix/g_state_bank[1].u_acc_partial/CLK (kh4096x64)     0.00     1.00 r
  library setup time                                     -0.19       0.81
  data required time                                                 0.81
  --------------------------------------------------------------------------
  data required time                                                 0.81
  data arrival time                                                 -0.25
  --------------------------------------------------------------------------
  slack (MET)                                                        0.57


  Startpoint: u_cp/u_matrix/sram_req_bank_reg[0]
              (rising edge-triggered flip-flop clocked by clk)
  Endpoint: u_cp/u_matrix/g_state_bank[1].u_acc_partial
            (rising edge-triggered flip-flop clocked by clk)
  Path Group: clk
  Path Type: max

  Point                                                   Incr       Path
  --------------------------------------------------------------------------
  clock clk (rise edge)                                   0.00       0.00
  clock network delay (ideal)                             0.00       0.00
  u_cp/u_matrix/sram_req_bank_reg[0]/CK (DQV2_140P7T30R)     0.00 #     0.00 r
  u_cp/u_matrix/sram_req_bank_reg[0]/Q (DQV2_140P7T30R)     0.04     0.04 f
  u_cp/U16882/ZN (INV2_140P7T30R)                         0.01       0.06 r
  u_cp/U17445/ZN (NOR2V2_140P7T30R)                       0.01       0.07 f
  u_cp/U17446/ZN (NAND2V2_140P7T30R)                      0.01       0.08 r
  u_cp/U31639/ZN (INV2_140P7T30R)                         0.03       0.10 f
  u_cp/U31734/ZN (NOR3V2_140P7T30R)                       0.09       0.19 r
  u_cp/U31742/Z (AO222V2_140P7T30R)                       0.06       0.25 r
  u_cp/u_matrix/g_state_bank[1].u_acc_partial/A[1] (kh4096x64)     0.00     0.25 r
  data arrival time                                                  0.25

  clock clk (rise edge)                                   1.00       1.00
  clock network delay (ideal)                             0.00       1.00
  u_cp/u_matrix/g_state_bank[1].u_acc_partial/CLK (kh4096x64)     0.00     1.00 r
  library setup time                                     -0.19       0.81
  data required time                                                 0.81
  --------------------------------------------------------------------------
  data required time                                                 0.81
  data arrival time                                                 -0.25
  --------------------------------------------------------------------------
  slack (MET)                                                        0.57


  Startpoint: u_cp/u_matrix/sram_req_bank_reg[0]
              (rising edge-triggered flip-flop clocked by clk)
  Endpoint: u_cp/u_matrix/g_state_bank[1].u_acc_partial
            (rising edge-triggered flip-flop clocked by clk)
  Path Group: clk
  Path Type: max

  Point                                                   Incr       Path
  --------------------------------------------------------------------------
  clock clk (rise edge)                                   0.00       0.00
  clock network delay (ideal)                             0.00       0.00
  u_cp/u_matrix/sram_req_bank_reg[0]/CK (DQV2_140P7T30R)     0.00 #     0.00 r
  u_cp/u_matrix/sram_req_bank_reg[0]/Q (DQV2_140P7T30R)     0.04     0.04 f
  u_cp/U16882/ZN (INV2_140P7T30R)                         0.01       0.06 r
  u_cp/U17445/ZN (NOR2V2_140P7T30R)                       0.01       0.07 f
  u_cp/U17446/ZN (NAND2V2_140P7T30R)                      0.01       0.08 r
  u_cp/U31639/ZN (INV2_140P7T30R)                         0.03       0.10 f
  u_cp/U31734/ZN (NOR3V2_140P7T30R)                       0.09       0.19 r
  u_cp/U31741/Z (AO222V2_140P7T30R)                       0.06       0.25 r
  u_cp/u_matrix/g_state_bank[1].u_acc_partial/A[2] (kh4096x64)     0.00     0.25 r
  data arrival time                                                  0.25

  clock clk (rise edge)                                   1.00       1.00
  clock network delay (ideal)                             0.00       1.00
  u_cp/u_matrix/g_state_bank[1].u_acc_partial/CLK (kh4096x64)     0.00     1.00 r
  library setup time                                     -0.19       0.81
  data required time                                                 0.81
  --------------------------------------------------------------------------
  data required time                                                 0.81
  data arrival time                                                 -0.25
  --------------------------------------------------------------------------
  slack (MET)                                                        0.57


  Startpoint: u_cp/u_matrix/sram_req_bank_reg[0]
              (rising edge-triggered flip-flop clocked by clk)
  Endpoint: u_cp/u_matrix/g_state_bank[1].u_acc_partial
            (rising edge-triggered flip-flop clocked by clk)
  Path Group: clk
  Path Type: max

  Point                                                   Incr       Path
  --------------------------------------------------------------------------
  clock clk (rise edge)                                   0.00       0.00
  clock network delay (ideal)                             0.00       0.00
  u_cp/u_matrix/sram_req_bank_reg[0]/CK (DQV2_140P7T30R)     0.00 #     0.00 r
  u_cp/u_matrix/sram_req_bank_reg[0]/Q (DQV2_140P7T30R)     0.04     0.04 f
  u_cp/U16882/ZN (INV2_140P7T30R)                         0.01       0.06 r
  u_cp/U17445/ZN (NOR2V2_140P7T30R)                       0.01       0.07 f
  u_cp/U17446/ZN (NAND2V2_140P7T30R)                      0.01       0.08 r
  u_cp/U31639/ZN (INV2_140P7T30R)                         0.03       0.10 f
  u_cp/U31734/ZN (NOR3V2_140P7T30R)                       0.09       0.19 r
  u_cp/U31740/Z (AO222V2_140P7T30R)                       0.06       0.25 r
  u_cp/u_matrix/g_state_bank[1].u_acc_partial/A[3] (kh4096x64)     0.00     0.25 r
  data arrival time                                                  0.25

  clock clk (rise edge)                                   1.00       1.00
  clock network delay (ideal)                             0.00       1.00
  u_cp/u_matrix/g_state_bank[1].u_acc_partial/CLK (kh4096x64)     0.00     1.00 r
  library setup time                                     -0.19       0.81
  data required time                                                 0.81
  --------------------------------------------------------------------------
  data required time                                                 0.81
  data arrival time                                                 -0.25
  --------------------------------------------------------------------------
  slack (MET)                                                        0.57


  Startpoint: u_cp/u_matrix/sram_req_bank_reg[0]
              (rising edge-triggered flip-flop clocked by clk)
  Endpoint: u_cp/u_matrix/g_state_bank[1].u_acc_partial
            (rising edge-triggered flip-flop clocked by clk)
  Path Group: clk
  Path Type: max

  Point                                                   Incr       Path
  --------------------------------------------------------------------------
  clock clk (rise edge)                                   0.00       0.00
  clock network delay (ideal)                             0.00       0.00
  u_cp/u_matrix/sram_req_bank_reg[0]/CK (DQV2_140P7T30R)     0.00 #     0.00 r
  u_cp/u_matrix/sram_req_bank_reg[0]/Q (DQV2_140P7T30R)     0.04     0.04 f
  u_cp/U16882/ZN (INV2_140P7T30R)                         0.01       0.06 r
  u_cp/U17445/ZN (NOR2V2_140P7T30R)                       0.01       0.07 f
  u_cp/U17446/ZN (NAND2V2_140P7T30R)                      0.01       0.08 r
  u_cp/U31639/ZN (INV2_140P7T30R)                         0.03       0.10 f
  u_cp/U31734/ZN (NOR3V2_140P7T30R)                       0.09       0.19 r
  u_cp/U17341/Z (AO222V2_140P7T30R)                       0.06       0.25 r
  u_cp/u_matrix/g_state_bank[1].u_acc_partial/A[4] (kh4096x64)     0.00     0.25 r
  data arrival time                                                  0.25

  clock clk (rise edge)                                   1.00       1.00
  clock network delay (ideal)                             0.00       1.00
  u_cp/u_matrix/g_state_bank[1].u_acc_partial/CLK (kh4096x64)     0.00     1.00 r
  library setup time                                     -0.19       0.81
  data required time                                                 0.81
  --------------------------------------------------------------------------
  data required time                                                 0.81
  data arrival time                                                 -0.25
  --------------------------------------------------------------------------
  slack (MET)                                                        0.57


  Startpoint: u_cp/u_matrix/sram_req_bank_reg[0]
              (rising edge-triggered flip-flop clocked by clk)
  Endpoint: u_cp/u_matrix/g_state_bank[1].u_acc_partial
            (rising edge-triggered flip-flop clocked by clk)
  Path Group: clk
  Path Type: max

  Point                                                   Incr       Path
  --------------------------------------------------------------------------
  clock clk (rise edge)                                   0.00       0.00
  clock network delay (ideal)                             0.00       0.00
  u_cp/u_matrix/sram_req_bank_reg[0]/CK (DQV2_140P7T30R)     0.00 #     0.00 r
  u_cp/u_matrix/sram_req_bank_reg[0]/Q (DQV2_140P7T30R)     0.04     0.04 f
  u_cp/U16882/ZN (INV2_140P7T30R)                         0.01       0.06 r
  u_cp/U17445/ZN (NOR2V2_140P7T30R)                       0.01       0.07 f
  u_cp/U17446/ZN (NAND2V2_140P7T30R)                      0.01       0.08 r
  u_cp/U31639/ZN (INV2_140P7T30R)                         0.03       0.10 f
  u_cp/U31734/ZN (NOR3V2_140P7T30R)                       0.09       0.19 r
  u_cp/U31739/Z (AO222V2_140P7T30R)                       0.06       0.25 r
  u_cp/u_matrix/g_state_bank[1].u_acc_partial/A[5] (kh4096x64)     0.00     0.25 r
  data arrival time                                                  0.25

  clock clk (rise edge)                                   1.00       1.00
  clock network delay (ideal)                             0.00       1.00
  u_cp/u_matrix/g_state_bank[1].u_acc_partial/CLK (kh4096x64)     0.00     1.00 r
  library setup time                                     -0.19       0.81
  data required time                                                 0.81
  --------------------------------------------------------------------------
  data required time                                                 0.81
  data arrival time                                                 -0.25
  --------------------------------------------------------------------------
  slack (MET)                                                        0.57


  Startpoint: u_cp/u_matrix/sram_req_bank_reg[0]
              (rising edge-triggered flip-flop clocked by clk)
  Endpoint: u_cp/u_matrix/g_state_bank[1].u_acc_partial
            (rising edge-triggered flip-flop clocked by clk)
  Path Group: clk
  Path Type: max

  Point                                                   Incr       Path
  --------------------------------------------------------------------------
  clock clk (rise edge)                                   0.00       0.00
  clock network delay (ideal)                             0.00       0.00
  u_cp/u_matrix/sram_req_bank_reg[0]/CK (DQV2_140P7T30R)     0.00 #     0.00 r
  u_cp/u_matrix/sram_req_bank_reg[0]/Q (DQV2_140P7T30R)     0.04     0.04 f
  u_cp/U16882/ZN (INV2_140P7T30R)                         0.01       0.06 r
  u_cp/U17445/ZN (NOR2V2_140P7T30R)                       0.01       0.07 f
  u_cp/U17446/ZN (NAND2V2_140P7T30R)                      0.01       0.08 r
  u_cp/U31639/ZN (INV2_140P7T30R)                         0.03       0.10 f
  u_cp/U31734/ZN (NOR3V2_140P7T30R)                       0.09       0.19 r
  u_cp/U31738/Z (AO222V2_140P7T30R)                       0.06       0.25 r
  u_cp/u_matrix/g_state_bank[1].u_acc_partial/A[6] (kh4096x64)     0.00     0.25 r
  data arrival time                                                  0.25

  clock clk (rise edge)                                   1.00       1.00
  clock network delay (ideal)                             0.00       1.00
  u_cp/u_matrix/g_state_bank[1].u_acc_partial/CLK (kh4096x64)     0.00     1.00 r
  library setup time                                     -0.19       0.81
  data required time                                                 0.81
  --------------------------------------------------------------------------
  data required time                                                 0.81
  data arrival time                                                 -0.25
  --------------------------------------------------------------------------
  slack (MET)                                                        0.57


  Startpoint: u_cp/u_matrix/sram_req_bank_reg[0]
              (rising edge-triggered flip-flop clocked by clk)
  Endpoint: u_cp/u_matrix/g_state_bank[1].u_acc_partial
            (rising edge-triggered flip-flop clocked by clk)
  Path Group: clk
  Path Type: max

  Point                                                   Incr       Path
  --------------------------------------------------------------------------
  clock clk (rise edge)                                   0.00       0.00
  clock network delay (ideal)                             0.00       0.00
  u_cp/u_matrix/sram_req_bank_reg[0]/CK (DQV2_140P7T30R)     0.00 #     0.00 r
  u_cp/u_matrix/sram_req_bank_reg[0]/Q (DQV2_140P7T30R)     0.04     0.04 f
  u_cp/U16882/ZN (INV2_140P7T30R)                         0.01       0.06 r
  u_cp/U17445/ZN (NOR2V2_140P7T30R)                       0.01       0.07 f
  u_cp/U17446/ZN (NAND2V2_140P7T30R)                      0.01       0.08 r
  u_cp/U31639/ZN (INV2_140P7T30R)                         0.03       0.10 f
  u_cp/U31734/ZN (NOR3V2_140P7T30R)                       0.09       0.19 r
  u_cp/U31737/Z (AO222V2_140P7T30R)                       0.06       0.25 r
  u_cp/u_matrix/g_state_bank[1].u_acc_partial/A[7] (kh4096x64)     0.00     0.25 r
  data arrival time                                                  0.25

  clock clk (rise edge)                                   1.00       1.00
  clock network delay (ideal)                             0.00       1.00
  u_cp/u_matrix/g_state_bank[1].u_acc_partial/CLK (kh4096x64)     0.00     1.00 r
  library setup time                                     -0.19       0.81
  data required time                                                 0.81
  --------------------------------------------------------------------------
  data required time                                                 0.81
  data arrival time                                                 -0.25
  --------------------------------------------------------------------------
  slack (MET)                                                        0.57


==== Matrix SRAM read paths (through Q) ====

****************************************
Report : timing
        -path full
        -delay max
        -max_paths 10
        -sort_by slack
Design : synth_top
Version: O-2018.06-SP1
Date   : Tue Aug 18 21:40:08 2026
****************************************

 # A fanout number of 1000 was used for high fanout net computations.

Operating Conditions: tt_v0p9_25c   Library: scc28nhkcp_hdc30p140_rvt_tt_v0p9_25c_basic
Wire Load Model Mode: top

  Startpoint: u_cp/u_matrix/g_state_bank[3].u_acc_partial
              (rising edge-triggered flip-flop clocked by clk)
  Endpoint: u_cp/wr_elem_reg[0]
            (rising edge-triggered flip-flop clocked by clk)
  Path Group: clk
  Path Type: max

  Point                                                   Incr       Path
  --------------------------------------------------------------------------
  clock clk (rise edge)                                   0.00       0.00
  clock network delay (ideal)                             0.00       0.00
  u_cp/u_matrix/g_state_bank[3].u_acc_partial/CLK (kh4096x64)     0.00 #     0.00 r
  u_cp/u_matrix/g_state_bank[3].u_acc_partial/Q[0] (kh4096x64) <-     0.41     0.41 r
  u_cp/U41101/ZN (AOI22V1_140P7T30R)                      0.02       0.42 f
  u_cp/U41102/ZN (NAND2V2_140P7T30R)                      0.02       0.44 r
  u_cp/U41103/ZN (NAND2V2_140P7T30R)                      0.01       0.45 f
  u_cp/U41104/ZN (OAI12V2_140P7T30R)                      0.02       0.48 r
  u_cp/wr_elem_reg[0]/D (DQV2_140P7T30R)                  0.00       0.48 r
  data arrival time                                                  0.48

  clock clk (rise edge)                                   1.00       1.00
  clock network delay (ideal)                             0.00       1.00
  u_cp/wr_elem_reg[0]/CK (DQV2_140P7T30R)                 0.00       1.00 r
  library setup time                                     -0.03       0.97
  data required time                                                 0.97
  --------------------------------------------------------------------------
  data required time                                                 0.97
  data arrival time                                                 -0.48
  --------------------------------------------------------------------------
  slack (MET)                                                        0.50


  Startpoint: u_cp/u_matrix/g_state_bank[3].u_acc_partial
              (rising edge-triggered flip-flop clocked by clk)
  Endpoint: u_cp/wr_elem_reg[1]
            (rising edge-triggered flip-flop clocked by clk)
  Path Group: clk
  Path Type: max

  Point                                                   Incr       Path
  --------------------------------------------------------------------------
  clock clk (rise edge)                                   0.00       0.00
  clock network delay (ideal)                             0.00       0.00
  u_cp/u_matrix/g_state_bank[3].u_acc_partial/CLK (kh4096x64)     0.00 #     0.00 r
  u_cp/u_matrix/g_state_bank[3].u_acc_partial/Q[1] (kh4096x64) <-     0.41     0.41 r
  u_cp/U41095/ZN (AOI22V1_140P7T30R)                      0.02       0.42 f
  u_cp/U41096/ZN (NAND2V2_140P7T30R)                      0.02       0.44 r
  u_cp/U41097/ZN (NAND2V2_140P7T30R)                      0.01       0.45 f
  u_cp/U41098/ZN (OAI12V2_140P7T30R)                      0.02       0.48 r
  u_cp/wr_elem_reg[1]/D (DQV2_140P7T30R)                  0.00       0.48 r
  data arrival time                                                  0.48

  clock clk (rise edge)                                   1.00       1.00
  clock network delay (ideal)                             0.00       1.00
  u_cp/wr_elem_reg[1]/CK (DQV2_140P7T30R)                 0.00       1.00 r
  library setup time                                     -0.03       0.97
  data required time                                                 0.97
  --------------------------------------------------------------------------
  data required time                                                 0.97
  data arrival time                                                 -0.48
  --------------------------------------------------------------------------
  slack (MET)                                                        0.50


  Startpoint: u_cp/u_matrix/g_state_bank[3].u_acc_partial
              (rising edge-triggered flip-flop clocked by clk)
  Endpoint: u_cp/wr_elem_reg[2]
            (rising edge-triggered flip-flop clocked by clk)
  Path Group: clk
  Path Type: max

  Point                                                   Incr       Path
  --------------------------------------------------------------------------
  clock clk (rise edge)                                   0.00       0.00
  clock network delay (ideal)                             0.00       0.00
  u_cp/u_matrix/g_state_bank[3].u_acc_partial/CLK (kh4096x64)     0.00 #     0.00 r
  u_cp/u_matrix/g_state_bank[3].u_acc_partial/Q[2] (kh4096x64) <-     0.41     0.41 r
  u_cp/U41124/ZN (AOI22V1_140P7T30R)                      0.02       0.42 f
  u_cp/U41125/ZN (NAND2V2_140P7T30R)                      0.02       0.44 r
  u_cp/U41126/ZN (NAND2V2_140P7T30R)                      0.01       0.45 f
  u_cp/U41127/ZN (OAI12V2_140P7T30R)                      0.02       0.48 r
  u_cp/wr_elem_reg[2]/D (DQV2_140P7T30R)                  0.00       0.48 r
  data arrival time                                                  0.48

  clock clk (rise edge)                                   1.00       1.00
  clock network delay (ideal)                             0.00       1.00
  u_cp/wr_elem_reg[2]/CK (DQV2_140P7T30R)                 0.00       1.00 r
  library setup time                                     -0.03       0.97
  data required time                                                 0.97
  --------------------------------------------------------------------------
  data required time                                                 0.97
  data arrival time                                                 -0.48
  --------------------------------------------------------------------------
  slack (MET)                                                        0.50


  Startpoint: u_cp/u_matrix/g_state_bank[3].u_acc_partial
              (rising edge-triggered flip-flop clocked by clk)
  Endpoint: u_cp/wr_elem_reg[3]
            (rising edge-triggered flip-flop clocked by clk)
  Path Group: clk
  Path Type: max

  Point                                                   Incr       Path
  --------------------------------------------------------------------------
  clock clk (rise edge)                                   0.00       0.00
  clock network delay (ideal)                             0.00       0.00
  u_cp/u_matrix/g_state_bank[3].u_acc_partial/CLK (kh4096x64)     0.00 #     0.00 r
  u_cp/u_matrix/g_state_bank[3].u_acc_partial/Q[3] (kh4096x64) <-     0.41     0.41 r
  u_cp/U41141/ZN (AOI22V1_140P7T30R)                      0.02       0.42 f
  u_cp/U41142/ZN (NAND2V2_140P7T30R)                      0.02       0.44 r
  u_cp/U41143/ZN (NAND2V2_140P7T30R)                      0.01       0.45 f
  u_cp/U41144/ZN (OAI12V2_140P7T30R)                      0.02       0.48 r
  u_cp/wr_elem_reg[3]/D (DQV2_140P7T30R)                  0.00       0.48 r
  data arrival time                                                  0.48

  clock clk (rise edge)                                   1.00       1.00
  clock network delay (ideal)                             0.00       1.00
  u_cp/wr_elem_reg[3]/CK (DQV2_140P7T30R)                 0.00       1.00 r
  library setup time                                     -0.03       0.97
  data required time                                                 0.97
  --------------------------------------------------------------------------
  data required time                                                 0.97
  data arrival time                                                 -0.48
  --------------------------------------------------------------------------
  slack (MET)                                                        0.50


  Startpoint: u_cp/u_matrix/g_state_bank[3].u_acc_partial
              (rising edge-triggered flip-flop clocked by clk)
  Endpoint: u_cp/wr_elem_reg[4]
            (rising edge-triggered flip-flop clocked by clk)
  Path Group: clk
  Path Type: max

  Point                                                   Incr       Path
  --------------------------------------------------------------------------
  clock clk (rise edge)                                   0.00       0.00
  clock network delay (ideal)                             0.00       0.00
  u_cp/u_matrix/g_state_bank[3].u_acc_partial/CLK (kh4096x64)     0.00 #     0.00 r
  u_cp/u_matrix/g_state_bank[3].u_acc_partial/Q[4] (kh4096x64) <-     0.41     0.41 r
  u_cp/U41238/ZN (AOI22V1_140P7T30R)                      0.02       0.42 f
  u_cp/U41239/ZN (NAND2V2_140P7T30R)                      0.02       0.44 r
  u_cp/U41240/ZN (NAND2V2_140P7T30R)                      0.01       0.45 f
  u_cp/U41241/ZN (OAI12V2_140P7T30R)                      0.02       0.48 r
  u_cp/wr_elem_reg[4]/D (DQV2_140P7T30R)                  0.00       0.48 r
  data arrival time                                                  0.48

  clock clk (rise edge)                                   1.00       1.00
  clock network delay (ideal)                             0.00       1.00
  u_cp/wr_elem_reg[4]/CK (DQV2_140P7T30R)                 0.00       1.00 r
  library setup time                                     -0.03       0.97
  data required time                                                 0.97
  --------------------------------------------------------------------------
  data required time                                                 0.97
  data arrival time                                                 -0.48
  --------------------------------------------------------------------------
  slack (MET)                                                        0.50


  Startpoint: u_cp/u_matrix/g_state_bank[3].u_acc_partial
              (rising edge-triggered flip-flop clocked by clk)
  Endpoint: u_cp/wr_elem_reg[5]
            (rising edge-triggered flip-flop clocked by clk)
  Path Group: clk
  Path Type: max

  Point                                                   Incr       Path
  --------------------------------------------------------------------------
  clock clk (rise edge)                                   0.00       0.00
  clock network delay (ideal)                             0.00       0.00
  u_cp/u_matrix/g_state_bank[3].u_acc_partial/CLK (kh4096x64)     0.00 #     0.00 r
  u_cp/u_matrix/g_state_bank[3].u_acc_partial/Q[5] (kh4096x64) <-     0.41     0.41 r
  u_cp/U41107/ZN (AOI22V1_140P7T30R)                      0.02       0.42 f
  u_cp/U41108/ZN (NAND2V2_140P7T30R)                      0.02       0.44 r
  u_cp/U41109/ZN (NAND2V2_140P7T30R)                      0.01       0.45 f
  u_cp/U41110/ZN (OAI12V2_140P7T30R)                      0.02       0.48 r
  u_cp/wr_elem_reg[5]/D (DQV2_140P7T30R)                  0.00       0.48 r
  data arrival time                                                  0.48

  clock clk (rise edge)                                   1.00       1.00
  clock network delay (ideal)                             0.00       1.00
  u_cp/wr_elem_reg[5]/CK (DQV2_140P7T30R)                 0.00       1.00 r
  library setup time                                     -0.03       0.97
  data required time                                                 0.97
  --------------------------------------------------------------------------
  data required time                                                 0.97
  data arrival time                                                 -0.48
  --------------------------------------------------------------------------
  slack (MET)                                                        0.50


  Startpoint: u_cp/u_matrix/g_state_bank[3].u_acc_partial
              (rising edge-triggered flip-flop clocked by clk)
  Endpoint: u_cp/wr_elem_reg[6]
            (rising edge-triggered flip-flop clocked by clk)
  Path Group: clk
  Path Type: max

  Point                                                   Incr       Path
  --------------------------------------------------------------------------
  clock clk (rise edge)                                   0.00       0.00
  clock network delay (ideal)                             0.00       0.00
  u_cp/u_matrix/g_state_bank[3].u_acc_partial/CLK (kh4096x64)     0.00 #     0.00 r
  u_cp/u_matrix/g_state_bank[3].u_acc_partial/Q[6] (kh4096x64) <-     0.41     0.41 r
  u_cp/U41083/ZN (AOI22V1_140P7T30R)                      0.02       0.42 f
  u_cp/U41084/ZN (NAND2V2_140P7T30R)                      0.02       0.44 r
  u_cp/U41085/ZN (NAND2V2_140P7T30R)                      0.01       0.45 f
  u_cp/U41086/ZN (OAI12V2_140P7T30R)                      0.02       0.48 r
  u_cp/wr_elem_reg[6]/D (DQV2_140P7T30R)                  0.00       0.48 r
  data arrival time                                                  0.48

  clock clk (rise edge)                                   1.00       1.00
  clock network delay (ideal)                             0.00       1.00
  u_cp/wr_elem_reg[6]/CK (DQV2_140P7T30R)                 0.00       1.00 r
  library setup time                                     -0.03       0.97
  data required time                                                 0.97
  --------------------------------------------------------------------------
  data required time                                                 0.97
  data arrival time                                                 -0.48
  --------------------------------------------------------------------------
  slack (MET)                                                        0.50


  Startpoint: u_cp/u_matrix/g_state_bank[3].u_acc_partial
              (rising edge-triggered flip-flop clocked by clk)
  Endpoint: u_cp/wr_elem_reg[7]
            (rising edge-triggered flip-flop clocked by clk)
  Path Group: clk
  Path Type: max

  Point                                                   Incr       Path
  --------------------------------------------------------------------------
  clock clk (rise edge)                                   0.00       0.00
  clock network delay (ideal)                             0.00       0.00
  u_cp/u_matrix/g_state_bank[3].u_acc_partial/CLK (kh4096x64)     0.00 #     0.00 r
  u_cp/u_matrix/g_state_bank[3].u_acc_partial/Q[7] (kh4096x64) <-     0.41     0.41 r
  u_cp/U41089/ZN (AOI22V1_140P7T30R)                      0.02       0.42 f
  u_cp/U41090/ZN (NAND2V2_140P7T30R)                      0.02       0.44 r
  u_cp/U41091/ZN (NAND2V2_140P7T30R)                      0.01       0.45 f
  u_cp/U41092/ZN (OAI12V2_140P7T30R)                      0.02       0.48 r
  u_cp/wr_elem_reg[7]/D (DQV2_140P7T30R)                  0.00       0.48 r
  data arrival time                                                  0.48

  clock clk (rise edge)                                   1.00       1.00
  clock network delay (ideal)                             0.00       1.00
  u_cp/wr_elem_reg[7]/CK (DQV2_140P7T30R)                 0.00       1.00 r
  library setup time                                     -0.03       0.97
  data required time                                                 0.97
  --------------------------------------------------------------------------
  data required time                                                 0.97
  data arrival time                                                 -0.48
  --------------------------------------------------------------------------
  slack (MET)                                                        0.50


  Startpoint: u_cp/u_matrix/g_state_bank[3].u_acc_partial
              (rising edge-triggered flip-flop clocked by clk)
  Endpoint: u_cp/wr_elem_reg[8]
            (rising edge-triggered flip-flop clocked by clk)
  Path Group: clk
  Path Type: max

  Point                                                   Incr       Path
  --------------------------------------------------------------------------
  clock clk (rise edge)                                   0.00       0.00
  clock network delay (ideal)                             0.00       0.00
  u_cp/u_matrix/g_state_bank[3].u_acc_partial/CLK (kh4096x64)     0.00 #     0.00 r
  u_cp/u_matrix/g_state_bank[3].u_acc_partial/Q[8] (kh4096x64) <-     0.41     0.41 r
  u_cp/U41119/ZN (AOI22V1_140P7T30R)                      0.02       0.42 f
  u_cp/U16612/ZN (NAND2V2_140P7T30R)                      0.02       0.44 r
  u_cp/U41120/ZN (NAND2V2_140P7T30R)                      0.01       0.45 f
  u_cp/U41121/ZN (OAI12V2_140P7T30R)                      0.02       0.48 r
  u_cp/wr_elem_reg[8]/D (DQV2_140P7T30R)                  0.00       0.48 r
  data arrival time                                                  0.48

  clock clk (rise edge)                                   1.00       1.00
  clock network delay (ideal)                             0.00       1.00
  u_cp/wr_elem_reg[8]/CK (DQV2_140P7T30R)                 0.00       1.00 r
  library setup time                                     -0.03       0.97
  data required time                                                 0.97
  --------------------------------------------------------------------------
  data required time                                                 0.97
  data arrival time                                                 -0.48
  --------------------------------------------------------------------------
  slack (MET)                                                        0.50


  Startpoint: u_cp/u_matrix/g_state_bank[3].u_acc_partial
              (rising edge-triggered flip-flop clocked by clk)
  Endpoint: u_cp/wr_elem_reg[9]
            (rising edge-triggered flip-flop clocked by clk)
  Path Group: clk
  Path Type: max

  Point                                                   Incr       Path
  --------------------------------------------------------------------------
  clock clk (rise edge)                                   0.00       0.00
  clock network delay (ideal)                             0.00       0.00
  u_cp/u_matrix/g_state_bank[3].u_acc_partial/CLK (kh4096x64)     0.00 #     0.00 r
  u_cp/u_matrix/g_state_bank[3].u_acc_partial/Q[9] (kh4096x64) <-     0.41     0.41 r
  u_cp/U41077/ZN (AOI22V1_140P7T30R)                      0.02       0.42 f
  u_cp/U41078/ZN (NAND2V2_140P7T30R)                      0.02       0.44 r
  u_cp/U41079/ZN (NAND2V2_140P7T30R)                      0.01       0.45 f
  u_cp/U41080/ZN (OAI12V2_140P7T30R)                      0.02       0.48 r
  u_cp/wr_elem_reg[9]/D (DQV2_140P7T30R)                  0.00       0.48 r
  data arrival time                                                  0.48

  clock clk (rise edge)                                   1.00       1.00
  clock network delay (ideal)                             0.00       1.00
  u_cp/wr_elem_reg[9]/CK (DQV2_140P7T30R)                 0.00       1.00 r
  library setup time                                     -0.03       0.97
  data required time                                                 0.97
  --------------------------------------------------------------------------
  data required time                                                 0.97
  data arrival time                                                 -0.48
  --------------------------------------------------------------------------
  slack (MET)                                                        0.50



****************************************
Report : area
Design : synth_top
Version: O-2018.06-SP1
Date   : Tue Aug 18 21:40:08 2026
****************************************

Library(s) Used:

    scc28nhkcp_hdc30p140_rvt_tt_v0p9_25c_basic (File: /home/lzl/project/newlpu/asic/dc/db/scc28nhkcp_hdc30p140_rvt_tt_v0p9_25c_basic.db)
    kh4096x64_tt_ctypical_0p90v_0p90v_25c (File: /home/lzl/project/newlpu/asic/dc/db/kh4096x64_tt_025C_1v80.db)
    kn128x16_tt_ctypical_0p90v_0p90v_25c (File: /home/lzl/project/newlpu/asic/dc/db/kn128x16_tt_025C_1v80.db)

Number of ports:                         4859
Number of nets:                        294074
Number of cells:                       271419
Number of combinational cells:         239928
Number of sequential cells:             31478
Number of macros/black boxes:              11
Number of buf/inv:                      33956
Number of references:                      15

Combinational area:             135246.859870
Buf/Inv area:                     8868.117876
Noncombinational area:           55683.111769
Macro/Black Box area:           787126.751709
Net Interconnect area:      undefined  (No wire load specified)

Total cell area:                978056.723348
Total area:                 undefined

Hierarchical area distribution
------------------------------

                                  Global cell area                Local cell area
                                  --------------------  ------------------------------------
Hierarchical cell                 Absolute     Percent  Combi-       Noncombi-   Black-
                                  Total        Total    national     national    boxes        Design
--------------------------------  -----------  -------  -----------  ----------  -----------  --------------------------------------
synth_top                         978056.7233    100.0      64.8760      0.0000       0.0000  synth_top
u_cp                              977991.8473    100.0   46052.2579  42564.3414  707049.9141  command_processor_NINST4096_MAX_VEC128
u_cp/u_bfeed                      182325.3340     18.6   89129.7260  13118.7704   80076.8376  kv_bfeed_MAX_N128
--------------------------------  -----------  -------  -----------  ----------  -----------  --------------------------------------
Total                                                   135246.8599  55683.1118  787126.7517


****************************************
Report : power
        -analysis_effort low
Design : synth_top
Version: O-2018.06-SP1
Date   : Tue Aug 18 21:40:11 2026
****************************************


Library(s) Used:

    scc28nhkcp_hdc30p140_rvt_tt_v0p9_25c_basic (File: /home/lzl/project/newlpu/asic/dc/db/scc28nhkcp_hdc30p140_rvt_tt_v0p9_25c_basic.db)
    kh4096x64_tt_ctypical_0p90v_0p90v_25c (File: /home/lzl/project/newlpu/asic/dc/db/kh4096x64_tt_025C_1v80.db)
    kn128x16_tt_ctypical_0p90v_0p90v_25c (File: /home/lzl/project/newlpu/asic/dc/db/kn128x16_tt_025C_1v80.db)


Operating Conditions: tt_v0p9_25c   Library: scc28nhkcp_hdc30p140_rvt_tt_v0p9_25c_basic
Wire Load Model Mode: top


Global Operating Voltage = 0.9
Power-specific unit information :
    Voltage Units = 1V
    Capacitance Units = 1.000000pf
    Time Units = 1ns
    Dynamic Power Units = 1mW    (derived from V,C,T units)
    Leakage Power Units = 1uW


  Cell Internal Power  = 120.5747 mW   (99%)
  Net Switching Power  = 844.3362 uW    (1%)
                         ---------
Total Dynamic Power    = 121.4191 mW  (100%)

Cell Leakage Power     =   2.1162 mW


                 Internal         Switching           Leakage            Total
Power Group      Power            Power               Power              Power   (   %    )  Attrs
--------------------------------------------------------------------------------------------------
io_pad             0.0000            0.0000            0.0000            0.0000  (   0.00%)
memory            10.9019        1.5168e-02          612.1685           11.5292  (   9.33%)
black_box          0.0000            0.1034            0.0000            0.1034  (   0.08%)
clock_network      0.1143            0.5069          197.4861            0.8187  (   0.66%)
register         109.2756        1.7379e-02          395.9454          109.6890  (  88.80%)
sequential         0.0000            0.0000            0.0000            0.0000  (   0.00%)
combinational      0.2666            0.2014          910.6240            1.3786  (   1.12%)
--------------------------------------------------------------------------------------------------
Total            120.5584 mW         0.8443 mW     2.1162e+03 uW       123.5190 mW

****************************************
Report : reference
Design : synth_top
Version: O-2018.06-SP1
Date   : Tue Aug 18 21:40:12 2026
****************************************

Attributes:
    b - black box (unknown)
   bo - allows boundary optimization
    d - dont_touch
   mo - map_only
    h - hierarchical
    n - noncombinational
    r - removable
    s - synthetic operator
    u - contains unmapped logic

Reference          Library       Unit Area   Count    Total Area   Attributes
-----------------------------------------------------------------------------
AND2V2_140P7T30R   scc28nhkcp_hdc30p140_rvt_tt_v0p9_25c_basic
                                  0.392000       1      0.392000
AND2V6_140P7T30R   scc28nhkcp_hdc30p140_rvt_tt_v0p9_25c_basic
                                  0.784000       1      0.784000
AO1B2V2_140P7T30R  scc28nhkcp_hdc30p140_rvt_tt_v0p9_25c_basic
                                  0.490000      10      4.900000
AO22V2_140P7T30R   scc28nhkcp_hdc30p140_rvt_tt_v0p9_25c_basic
                                  0.686000      23     15.778000
CLKMUX2V2_140P7T30R
                   scc28nhkcp_hdc30p140_rvt_tt_v0p9_25c_basic
                                  0.882000      28     24.696001
INV2_140P7T30R     scc28nhkcp_hdc30p140_rvt_tt_v0p9_25c_basic
                                  0.196000      18      3.528000
INV4_140P7T30R     scc28nhkcp_hdc30p140_rvt_tt_v0p9_25c_basic
                                  0.294000       1      0.294000
INV12_140P7T30R    scc28nhkcp_hdc30p140_rvt_tt_v0p9_25c_basic
                                  0.686000       1      0.686000
MUX2NV2_140P7T30R  scc28nhkcp_hdc30p140_rvt_tt_v0p9_25c_basic
                                  0.784000       5      3.920000
MUX2NV4_140P7T30R  scc28nhkcp_hdc30p140_rvt_tt_v0p9_25c_basic
                                  1.470000       3      4.410000
NAND2V2_140P7T30R  scc28nhkcp_hdc30p140_rvt_tt_v0p9_25c_basic
                                  0.294000      10      2.940000
NAND2XBV2_140P7T30R
                   scc28nhkcp_hdc30p140_rvt_tt_v0p9_25c_basic
                                  0.392000       6      2.352000
PULL0_140P7T30R    scc28nhkcp_hdc30p140_rvt_tt_v0p9_25c_basic
                                  0.196000       1      0.196000
command_processor_NINST4096_MAX_VEC128
                              977991.847348
                                                 1  977991.847348 b, h, n
sram_macro                        0.000000       1      0.000000  b
-----------------------------------------------------------------------------
Total 15 references                                 978056.723348
1
