==== DC tech=smic28 corner=ss_100C_1v60 design=synth_top compile=1 ====
Information: Updating design information... (UID-85)
Warning: Design 'synth_top' contains 1 high-fanout nets. A fanout number of 1000 will be used for delay calculations involving these nets. (TIM-134)
 
****************************************
Report : timing
        -path full
        -delay max
        -max_paths 10
        -sort_by slack
Design : synth_top
Version: O-2018.06-SP1
Date   : Mon Aug 17 17:50:07 2026
****************************************

 # A fanout number of 1000 was used for high fanout net computations.

Operating Conditions: ssg_v0p81_125c   Library: scc28nhkcp_hdc30p140_rvt_ssg_v0p81_125c_basic
Wire Load Model Mode: top

  Startpoint: u_cp/u_kvqd/s_bits_reg[1]
              (rising edge-triggered flip-flop clocked by clk)
  Endpoint: hbm_wdata[0]
            (output port clocked by clk)
  Path Group: clk
  Path Type: max

  Point                                                   Incr       Path
  --------------------------------------------------------------------------
  clock clk (rise edge)                                   0.00       0.00
  clock network delay (ideal)                             0.00       0.00
  u_cp/u_kvqd/s_bits_reg[1]/CK (DQV6_140P7T30R)           0.00 #     0.00 r
  u_cp/u_kvqd/s_bits_reg[1]/Q (DQV6_140P7T30R)            0.06       0.06 f
  u_cp/u_kvqd/U31402/Z (CLKXOR2V6_140P7T30R)              0.03       0.09 r
  u_cp/u_kvqd/U9215/ZN (CLKINV16_140P7T30R)               0.02       0.11 f
  u_cp/u_kvqd/U17463/ZN (INV16_140P7T30R)                 0.01       0.12 r
  u_cp/u_kvqd/U14834/ZN (NOR2V16_140P7T30R)               0.01       0.13 f
  u_cp/u_kvqd/U9544/ZN (INV16_140P7T30R)                  0.01       0.14 r
  u_cp/u_kvqd/U14833/ZN (NOR2V16_140P7T30R)               0.01       0.14 f
  u_cp/u_kvqd/U10057/ZN (NOR2V16_140P7T30R)               0.01       0.16 r
  u_cp/u_kvqd/U16188/ZN (NAND2XBV16_140P7T30R)            0.01       0.17 f
  u_cp/u_kvqd/U38809/Z (CLKXOR2V6_140P7T30R)              0.03       0.19 f
  u_cp/u_kvqd/U39452/Z (CLKXOR2V6_140P7T30R)              0.03       0.22 f
  u_cp/u_kvqd/U10192/ZN (INV7_140P7T30R)                  0.01       0.24 r
  u_cp/u_kvqd/U15688/ZN (CLKNAND2V16_140P7T30R)           0.01       0.25 f
  u_cp/u_kvqd/U13930/ZN (NAND2V12_140P7T30R)              0.01       0.26 r
  u_cp/u_kvqd/U10315/ZN (NAND2V12_140P7T30R)              0.01       0.27 f
  u_cp/u_kvqd/U10314/ZN (NAND3V12_140P7T30R)              0.01       0.28 r
  u_cp/u_kvqd/U9128/ZN (CLKNAND2V4_140P7T30R)             0.02       0.30 f
  u_cp/u_kvqd/U19098/ZN (NAND2XBV6_140P7T30R)             0.01       0.31 r
  u_cp/u_kvqd/U20720/ZN (NAND2XBV8_140P7T30R)             0.01       0.32 f
  u_cp/u_kvqd/U19089/ZN (NOR2XBV12_140P7T30R)             0.01       0.34 r
  u_cp/u_kvqd/U11386/Z (CLKXOR2V12_140P7T30R)             0.03       0.37 r
  u_cp/u_kvqd/U14123/ZN (OAI22V12_140P7T30R)              0.02       0.39 f
  u_cp/u_kvqd/U9077/ZN (NAND2V12_140P7T30R)               0.01       0.40 r
  u_cp/u_kvqd/U17974/ZN (NAND3V8_140P7T30R)               0.02       0.42 f
  u_cp/u_kvqd/U17975/ZN (AOI22V12_140P7T30R)              0.02       0.44 r
  u_cp/u_kvqd/U17365/Z (CLKXOR2V12_140P7T30R)             0.04       0.48 r
  u_cp/u_kvqd/U15072/ZN (CLKNAND2V16_140P7T30R)           0.01       0.49 f
  u_cp/u_kvqd/U8795/Z (BUFV6_140P7T30R)                   0.02       0.51 f
  u_cp/u_kvqd/U18370/ZN (NAND3V12_140P7T30R)              0.01       0.52 r
  u_cp/u_kvqd/U18774/Z (CLKXOR2V6_140P7T30R)              0.03       0.55 r
  u_cp/u_kvqd/U8703/ZN (XNOR2V2_140P7T30R)                0.03       0.58 r
  u_cp/u_kvqd/U18368/ZN (XNOR2V4_140P7T30R)               0.04       0.62 r
  u_cp/u_kvqd/U18369/ZN (OAI12V6_140P7T30R)               0.02       0.64 f
  u_cp/u_kvqd/U14336/ZN (CLKNAND2V6_140P7T30R)            0.01       0.65 r
  u_cp/u_kvqd/U13123/ZN (XNOR2V4_140P7T30R)               0.03       0.68 r
  u_cp/u_kvqd/U20415/ZN (XNOR2V4_140P7T30R)               0.04       0.72 r
  u_cp/u_kvqd/U14332/ZN (NOR2V8_140P7T30R)                0.01       0.73 f
  u_cp/u_kvqd/U15879/ZN (NOR2V12_140P7T30R)               0.02       0.75 r
  u_cp/u_kvqd/U14367/ZN (NAND2V12_140P7T30R)              0.01       0.76 f
  u_cp/u_kvqd/U19356/ZN (NOR2V8_140P7T30R)                0.02       0.78 r
  u_cp/u_kvqd/U8578/ZN (CLKNAND2V6_140P7T30R)             0.01       0.79 f
  u_cp/u_kvqd/U12457/ZN (NOR2V12_140P7T30R)               0.02       0.81 r
  u_cp/u_kvqd/U8546/ZN (NOR2V8_140P7T30R)                 0.01       0.82 f
  u_cp/u_kvqd/U19488/ZN (CLKNAND2V16_140P7T30R)           0.01       0.84 r
  u_cp/u_kvqd/U16154/ZN (CLKNAND2V16_140P7T30R)           0.02       0.86 f
  u_cp/u_kvqd/U10511/ZN (INV24_140P7T30R)                 0.02       0.87 r
  u_cp/u_kvqd/U12216/ZN (CLKNAND2V16_140P7T30R)           0.01       0.88 f
  u_cp/u_kvqd/U35291/ZN (INV2_140P7T30R)                  0.02       0.90 r
  u_cp/u_kvqd/U44857/ZN (OAI22V4_140P7T30R)               0.02       0.92 f
  u_cp/u_kvqd/U8103/ZN (XNOR2V2_140P7T30R)                0.03       0.95 f
  u_cp/u_kvqd/U36546/ZN (XNOR2V2_140P7T30R)               0.04       0.99 f
  u_cp/u_kvqd/U15275/ZN (XNOR2V4_140P7T30R)               0.04       1.03 f
  u_cp/u_kvqd/U15274/ZN (XNOR2V4_140P7T30R)               0.03       1.06 f
  u_cp/u_kvqd/U8049/ZN (NOR2V6_140P7T30R)                 0.02       1.08 r
  u_cp/u_kvqd/U31110/ZN (OAI12V6_140P7T30R)               0.02       1.10 f
  u_cp/u_kvqd/U18077/ZN (AOI12V8_140P7T30R)               0.02       1.12 r
  u_cp/u_kvqd/U10456/ZN (NAND2V12_140P7T30R)              0.01       1.14 f
  u_cp/u_kvqd/U19009/ZN (NAND2XBV8_140P7T30R)             0.01       1.14 r
  u_cp/u_kvqd/U37258/ZN (NAND2V8_140P7T30R)               0.01       1.16 f
  u_cp/u_kvqd/U37257/ZN (AOI12V12_140P7T30R)              0.02       1.18 r
  u_cp/u_kvqd/U12899/ZN (CLKNAND2V16_140P7T30R)           0.02       1.20 f
  u_cp/u_kvqd/U12898/ZN (CLKINV32_140P7T30R)              0.02       1.21 r
  u_cp/u_kvqd/U7988/ZN (NAND2XBV6_140P7T30R)              0.01       1.23 f
  u_cp/u_kvqd/U15238/ZN (OAI12V12_140P7T30R)              0.01       1.24 r
  u_cp/u_kvqd/U14064/ZN (NAND2V12_140P7T30R)              0.01       1.25 f
  u_cp/u_kvqd/U13066/ZN (NOR2V16_140P7T30R)               0.02       1.27 r
  u_cp/u_kvqd/U7932/ZN (NOR2V8_140P7T30R)                 0.01       1.28 f
  u_cp/u_kvqd/U7914/ZN (CLKINV12_140P7T30R)               0.01       1.29 r
  u_cp/u_kvqd/U13527/ZN (INV32_140P7T30R)                 0.01       1.31 f
  u_cp/u_kvqd/U7816/ZN (CLKINV16_140P7T30R)               0.01       1.31 r
  u_cp/u_kvqd/U14711/ZN (NOR2V12_140P7T30R)               0.01       1.32 f
  u_cp/u_kvqd/U17920/ZN (NOR2XBV16_140P7T30R)             0.02       1.34 r
  u_cp/u_kvqd/U17407/ZN (CLKNAND2V16_140P7T30R)           0.01       1.35 f
  u_cp/u_kvqd/U20850/ZN (OAI12V12_140P7T30R)              0.01       1.36 r
  u_cp/u_kvqd/U20376/ZN (OAI12V8_140P7T30R)               0.01       1.37 f
  u_cp/u_kvqd/U19420/ZN (NAND2V8_140P7T30R)               0.01       1.38 r
  u_cp/u_kvqd/U17568/ZN (NAND2V8_140P7T30R)               0.01       1.40 f
  u_cp/u_kvqd/U13316/ZN (NAND2XBV12_140P7T30R)            0.01       1.41 r
  u_cp/u_kvqd/U24259/ZN (INV2_140P7T30R)                  0.01       1.42 f
  u_cp/u_kvqd/U26425/Z (OR2V2_140P7T30R)                  0.03       1.44 f
  u_cp/u_kvqd/U31037/ZN (NOR3V4_140P7T30R)                0.02       1.46 r
  u_cp/u_kvqd/U31026/ZN (NAND3V3_140P7T30R)               0.02       1.48 f
  u_cp/u_kvqd/U19487/ZN (NOR2V6_140P7T30R)                0.02       1.50 r
  u_cp/u_kvqd/U17291/ZN (NOR2V8_140P7T30R)                0.01       1.51 f
  u_cp/u_kvqd/U26409/Z (BUFV16_140P7T30R)                 0.02       1.53 f
  u_cp/u_kvqd/U7504/ZN (CLKINV12_140P7T30R)               0.01       1.55 r
  u_cp/u_kvqd/U29376/ZN (NOR2V6_140P7T30R)                0.01       1.56 f
  u_cp/u_kvqd/U32293/ZN (CLKINV3_140P7T30R)               0.01       1.56 r
  u_cp/u_kvqd/U28524/ZN (NAND2V3_140P7T30R)               0.01       1.57 f
  u_cp/u_kvqd/U19507/ZN (NAND2XBV8_140P7T30R)             0.02       1.59 f
  u_cp/u_kvqd/U7450/ZN (NOR2V6_140P7T30R)                 0.01       1.61 r
  u_cp/u_kvqd/U31002/ZN (NAND2V3_140P7T30R)               0.01       1.62 f
  u_cp/u_kvqd/U19880/ZN (AOI13V6_140P7T30R)               0.03       1.65 r
  u_cp/u_kvqd/U11252/ZN (CLKNAND2V16_140P7T30R)           0.03       1.68 f
  u_cp/u_kvqd/U9971/ZN (INV32_140P7T30R)                  0.02       1.70 r
  u_cp/u_kvqd/U7333/ZN (NOR2V8_140P7T30R)                 0.01       1.71 f
  u_cp/u_kvqd/U12244/ZN (NAND2V8_140P7T30R)               0.01       1.72 r
  u_cp/u_kvqd/U17485/ZN (OAI12V12_140P7T30R)              0.01       1.73 f
  u_cp/u_kvqd/U17486/ZN (NOR2V12_140P7T30R)               0.02       1.74 r
  u_cp/u_kvqd/U7177/ZN (NAND2V8_140P7T30R)                0.01       1.76 f
  u_cp/u_kvqd/U14350/ZN (NAND2XBV12_140P7T30R)            0.01       1.77 r
  u_cp/u_kvqd/U9382/ZN (NAND3V6_140P7T30R)                0.02       1.78 f
  u_cp/u_kvqd/U11696/ZN (NAND3V6_140P7T30R)               0.02       1.80 r
  u_cp/u_kvqd/U11695/ZN (CLKNAND2V16_140P7T30R)           0.02       1.82 f
  u_cp/u_kvqd/U12968/Z (BUFV32_140P7T30R)                 0.02       1.84 f
  u_cp/u_kvqd/U9401/Z (CLKXOR2V12_140P7T30R)              0.03       1.87 f
  u_cp/u_kvqd/U6665/ZN (OAI22V4_140P7T30R)                0.02       1.89 r
  u_cp/u_kvqd/U6569/Z (MAJ23V2_140P7T30R)                 0.04       1.93 r
  u_cp/u_kvqd/U12645/Z (AO1B2V4_140P7T30R)                0.01       1.94 f
  u_cp/u_kvqd/U15866/Z (AO1B2V4_140P7T30R)                0.02       1.96 r
  u_cp/u_kvqd/U18033/Z (CLKXOR2V6_140P7T30R)              0.03       1.99 r
  u_cp/u_kvqd/U13946/Z (CLKXOR2V6_140P7T30R)              0.04       2.03 r
  u_cp/u_kvqd/U30844/ZN (CLKNAND2V4_140P7T30R)            0.02       2.05 f
  u_cp/u_kvqd/U16050/ZN (NAND2V12_140P7T30R)              0.01       2.06 r
  u_cp/u_kvqd/U37915/Z (CLKXOR2V6_140P7T30R)              0.03       2.09 r
  u_cp/u_kvqd/U37914/Z (CLKXOR2V6_140P7T30R)              0.03       2.12 r
  u_cp/u_kvqd/U37912/ZN (NOR2V12_140P7T30R)               0.01       2.14 f
  u_cp/u_kvqd/U9423/ZN (NOR2V12_140P7T30R)                0.02       2.16 r
  u_cp/u_kvqd/U19547/ZN (NAND2V12_140P7T30R)              0.02       2.17 f
  u_cp/u_kvqd/U16979/ZN (OAI12V12_140P7T30R)              0.02       2.19 r
  u_cp/u_kvqd/U6294/ZN (CLKNAND2V6_140P7T30R)             0.02       2.21 f
  u_cp/u_kvqd/U16888/ZN (NAND4V6_140P7T30R)               0.02       2.23 r
  u_cp/u_kvqd/U11745/ZN (CLKNAND2V16_140P7T30R)           0.02       2.25 f
  u_cp/u_kvqd/U37831/ZN (NOR2V16_140P7T30R)               0.02       2.27 r
  u_cp/u_kvqd/U6249/ZN (CLKINV20_140P7T30R)               0.01       2.29 f
  u_cp/u_kvqd/U12239/ZN (INV40_140P7T30R)                 0.01       2.30 r
  u_cp/u_kvqd/U19649/ZN (CLKNAND2V16_140P7T30R)           0.02       2.32 f
  u_cp/u_kvqd/U6009/ZN (NAND3V2_140P7T30R)                0.02       2.33 r
  u_cp/u_kvqd/U12644/Z (AND2V6_140P7T30R)                 0.02       2.36 r
  u_cp/u_kvqd/U34604/Z (CLKXOR2V6_140P7T30R)              0.03       2.39 r
  u_cp/u_kvqd/U38443/Z (CLKXOR2V6_140P7T30R)              0.03       2.42 r
  u_cp/u_kvqd/U13938/Z (CLKXOR2V6_140P7T30R)              0.03       2.45 r
  u_cp/u_kvqd/U5866/ZN (NOR2V6_140P7T30R)                 0.01       2.46 f
  u_cp/u_kvqd/U5856/ZN (CLKINV10_140P7T30R)               0.01       2.47 r
  u_cp/u_kvqd/U20037/ZN (NAND2XBV8_140P7T30R)             0.01       2.48 f
  u_cp/u_kvqd/U5843/ZN (NOR2V8_140P7T30R)                 0.02       2.50 r
  u_cp/u_kvqd/U5815/ZN (NAND3V3_140P7T30R)                0.02       2.52 f
  u_cp/u_kvqd/U17744/ZN (NOR2V8_140P7T30R)                0.02       2.54 r
  u_cp/u_kvqd/U19161/ZN (NOR2V6_140P7T30R)                0.01       2.55 f
  u_cp/u_kvqd/U15972/ZN (OAI12V8_140P7T30R)               0.02       2.57 r
  u_cp/u_kvqd/U19570/ZN (NAND2V12_140P7T30R)              0.01       2.58 f
  u_cp/u_kvqd/U21291/ZN (NOR2V16_140P7T30R)               0.02       2.60 r
  u_cp/u_kvqd/U21290/ZN (CLKNAND2V16_140P7T30R)           0.02       2.63 f
  u_cp/u_kvqd/U13008/ZN (CLKINV20_140P7T30R)              0.02       2.64 r
  u_cp/u_kvqd/U30651/ZN (AOI12V8_140P7T30R)               0.02       2.66 f
  u_cp/u_kvqd/U21323/ZN (CLKNAND2V16_140P7T30R)           0.02       2.68 r
  u_cp/u_kvqd/U36839/ZN (CLKNAND2V16_140P7T30R)           0.02       2.69 f
  u_cp/u_kvqd/U13843/ZN (NOR2V16_140P7T30R)               0.02       2.71 r
  u_cp/u_kvqd/U16380/Z (CLKXOR2V12_140P7T30R)             0.03       2.74 r
  u_cp/u_kvqd/U16379/ZN (CLKNAND2V16_140P7T30R)           0.01       2.75 f
  u_cp/u_kvqd/U11113/ZN (NAND2XBV16_140P7T30R)            0.01       2.76 r
  u_cp/u_kvqd/U5485/ZN (INV24_140P7T30R)                  0.01       2.77 f
  u_cp/u_kvqd/U5446/ZN (INV32_140P7T30R)                  0.01       2.78 r
  u_cp/u_kvqd/U5351/Z (BUFV6_140P7T30R)                   0.02       2.80 r
  u_cp/u_kvqd/U5278/ZN (NAND3V4_140P7T30R)                0.02       2.82 f
  u_cp/u_kvqd/U17073/ZN (OAI12V8_140P7T30R)               0.02       2.84 r
  u_cp/u_kvqd/U5219/ZN (NAND2V2_140P7T30R)                0.02       2.85 f
  u_cp/u_kvqd/U5192/ZN (INV4_140P7T30R)                   0.02       2.87 r
  u_cp/u_kvqd/U12243/ZN (AOI12V12_140P7T30R)              0.01       2.88 f
  u_cp/u_kvqd/U10489/ZN (CLKNAND2V16_140P7T30R)           0.01       2.89 r
  u_cp/u_kvqd/U20537/ZN (OAI12V8_140P7T30R)               0.01       2.90 f
  u_cp/u_kvqd/U17411/ZN (NOR2V16_140P7T30R)               0.02       2.92 r
  u_cp/u_kvqd/U16083/ZN (OAI12V12_140P7T30R)              0.01       2.93 f
  u_cp/u_kvqd/U26025/ZN (AOI12V4_140P7T30R)               0.02       2.95 r
  u_cp/u_kvqd/U26021/ZN (OAI12V4_140P7T30R)               0.02       2.97 f
  u_cp/u_kvqd/U4930/ZN (NOR2V4_140P7T30R)                 0.02       2.98 r
  u_cp/u_kvqd/U4912/Z (XOR2V4_140P7T30R)                  0.03       3.02 r
  u_cp/u_kvqd/U37294/ZN (AOI12V12_140P7T30R)              0.02       3.04 f
  u_cp/u_kvqd/U20093/ZN (CLKNAND2V16_140P7T30R)           0.02       3.06 r
  u_cp/u_kvqd/U14921/ZN (CLKINV16_140P7T30R)              0.01       3.06 f
  u_cp/u_kvqd/U4820/Z (BUFV4_140P7T30R)                   0.02       3.08 f
  u_cp/u_kvqd/U30510/ZN (NAND3V3_140P7T30R)               0.01       3.09 r
  u_cp/u_kvqd/U11107/ZN (NAND3V6_140P7T30R)               0.02       3.11 f
  u_cp/u_kvqd/U31975/ZN (NOR2V12_140P7T30R)               0.02       3.14 r
  u_cp/u_kvqd/U4607/ZN (INV24_140P7T30R)                  0.01       3.15 f
  u_cp/u_kvqd/U4652/ZN (NAND2V12_140P7T30R)               0.01       3.16 r
  u_cp/u_kvqd/U22472/Z (OR2V2_140P7T30R)                  0.02       3.18 r
  u_cp/u_kvqd/U4601/ZN (NAND4V4_140P7T30R)                0.02       3.20 f
  u_cp/u_kvqd/U11099/ZN (NOR2V6_140P7T30R)                0.02       3.22 r
  u_cp/u_kvqd/U4530/ZN (NOR2V8_140P7T30R)                 0.01       3.23 f
  u_cp/u_kvqd/U12675/ZN (NAND2V12_140P7T30R)              0.01       3.24 r
  u_cp/u_kvqd/U4231/ZN (INV6_140P7T30R)                   0.02       3.26 f
  u_cp/u_kvqd/U34203/ZN (XNOR2V2_140P7T30R)               0.03       3.29 f
  u_cp/u_kvqd/U22457/ZN (OAI22V1_140P7T30R)               0.05       3.33 r
  u_cp/u_kvqd/U34168/ZN (XNOR2V2_140P7T30R)               0.04       3.37 f
  u_cp/u_kvqd/U45316/CO (AD1V4_140P7T30R)                 0.05       3.42 f
  u_cp/u_kvqd/U14436/ZN (XNOR2V2_140P7T30R)               0.03       3.45 f
  u_cp/u_kvqd/U14435/ZN (XNOR2V2_140P7T30R)               0.03       3.48 f
  u_cp/u_kvqd/U13847/ZN (INV4_140P7T30R)                  0.01       3.50 r
  u_cp/u_kvqd/U10604/ZN (XNOR2V4_140P7T30R)               0.03       3.53 r
  u_cp/u_kvqd/U14427/Z (CLKOR2V8_140P7T30R)               0.02       3.55 r
  u_cp/u_kvqd/U3563/ZN (CLKNAND2V6_140P7T30R)             0.02       3.56 f
  u_cp/u_kvqd/U11105/ZN (NOR2V12_140P7T30R)               0.02       3.58 r
  u_cp/u_kvqd/U18018/ZN (NAND2V12_140P7T30R)              0.01       3.60 f
  u_cp/u_kvqd/U3508/ZN (INV6_140P7T30R)                   0.01       3.61 r
  u_cp/u_kvqd/U12596/ZN (NAND2V12_140P7T30R)              0.01       3.62 f
  u_cp/u_kvqd/U12865/ZN (CLKNAND2V16_140P7T30R)           0.01       3.63 r
  u_cp/u_kvqd/U28158/ZN (NAND2V8_140P7T30R)               0.01       3.64 f
  u_cp/u_kvqd/U15970/ZN (NAND2V12_140P7T30R)              0.01       3.65 r
  u_cp/u_kvqd/U18694/ZN (NOR2V12_140P7T30R)               0.01       3.66 f
  u_cp/u_kvqd/U37781/ZN (NAND2V12_140P7T30R)              0.01       3.67 r
  u_cp/u_kvqd/U37780/ZN (NAND3V8_140P7T30R)               0.02       3.69 f
  u_cp/u_kvqd/U19803/ZN (CLKINV16_140P7T30R)              0.02       3.71 r
  u_cp/u_kvqd/U12799/ZN (INV32_140P7T30R)                 0.01       3.72 f
  u_cp/u_kvqd/U3386/ZN (INV16_140P7T30R)                  0.01       3.73 r
  u_cp/u_kvqd/U14081/ZN (CLKNAND2V16_140P7T30R)           0.01       3.74 f
  u_cp/u_kvqd/U17597/ZN (CLKNAND2V16_140P7T30R)           0.01       3.75 r
  u_cp/u_kvqd/U24775/Z (CLKXOR2V6_140P7T30R)              0.03       3.79 r
  u_cp/u_kvqd/U20200/ZN (OAI22V6_140P7T30R)               0.02       3.81 f
  u_cp/u_kvqd/U28137/ZN (XNOR2V2_140P7T30R)               0.04       3.84 f
  u_cp/u_kvqd/U37273/ZN (XNOR2V4_140P7T30R)               0.04       3.88 f
  u_cp/u_kvqd/U41307/Z (MAJ23V4_140P7T30R)                0.04       3.92 f
  u_cp/u_kvqd/U3028/ZN (NOR2V4_140P7T30R)                 0.03       3.95 r
  u_cp/u_kvqd/U3010/ZN (NOR3V6_140P7T30R)                 0.02       3.96 f
  u_cp/u_kvqd/U37263/ZN (AOI12V12_140P7T30R)              0.02       3.99 r
  u_cp/u_kvqd/U20303/ZN (NAND3V8_140P7T30R)               0.02       4.01 f
  u_cp/u_kvqd/U13877/ZN (NOR2V12_140P7T30R)               0.02       4.02 r
  u_cp/u_kvqd/U15237/ZN (CLKNAND2V16_140P7T30R)           0.02       4.04 f
  u_cp/u_kvqd/U36822/ZN (CLKNAND2V16_140P7T30R)           0.01       4.05 r
  u_cp/u_kvqd/U2979/ZN (OAI12V8_140P7T30R)                0.02       4.07 f
  u_cp/u_kvqd/U9245/ZN (CLKNAND2V16_140P7T30R)            0.01       4.08 r
  u_cp/u_kvqd/U2942/ZN (NAND2XBV12_140P7T30R)             0.01       4.10 f
  u_cp/u_kvqd/U19537/ZN (CLKNAND2V16_140P7T30R)           0.02       4.12 r
  u_cp/u_kvqd/U2931/ZN (INV16_140P7T30R)                  0.01       4.12 f
  u_cp/u_kvqd/U2927/ZN (NOR2V8_140P7T30R)                 0.02       4.14 r
  u_cp/u_kvqd/U2871/ZN (NAND3V3_140P7T30R)                0.02       4.16 f
  u_cp/u_kvqd/U27081/Z (CLKXOR2V6_140P7T30R)              0.03       4.20 f
  u_cp/u_kvqd/U18364/ZN (NOR2V12_140P7T30R)               0.02       4.21 r
  u_cp/u_kvqd/U2729/Z (CLKOR2V12_140P7T30R)               0.02       4.23 r
  u_cp/u_kvqd/U16469/ZN (NOR2V16_140P7T30R)               0.01       4.24 f
  u_cp/u_kvqd/U19554/ZN (CLKNAND2V16_140P7T30R)           0.01       4.25 r
  u_cp/u_kvqd/U16848/ZN (INV24_140P7T30R)                 0.01       4.26 f
  u_cp/u_kvqd/U2537/ZN (OAI12V8_140P7T30R)                0.01       4.28 r
  u_cp/u_kvqd/U18511/ZN (NAND3V12_140P7T30R)              0.02       4.30 f
  u_cp/u_kvqd/U27047/ZN (NOR2V6_140P7T30R)                0.03       4.33 r
  u_cp/u_kvqd/U9343/ZN (NOR2V12_140P7T30R)                0.01       4.34 f
  u_cp/u_kvqd/U16882/ZN (AOI12V8_140P7T30R)               0.03       4.37 r
  u_cp/u_kvqd/U2351/ZN (OAI12V6_140P7T30R)                0.01       4.38 f
  u_cp/u_kvqd/U2328/ZN (NOR2V4_140P7T30R)                 0.02       4.40 r
  u_cp/u_kvqd/U9337/ZN (NAND2V8_140P7T30R)                0.01       4.41 f
  u_cp/u_kvqd/U16592/Z (CLKXOR2V6_140P7T30R)              0.03       4.44 f
  u_cp/u_kvqd/U37605/ZN (OAI22BBV4_140P7T30R)             0.02       4.46 r
  u_cp/u_kvqd/U9283/ZN (NAND2XBV16_140P7T30R)             0.02       4.48 r
  u_cp/u_kvqd/U2228/ZN (INV7_140P7T30R)                   0.01       4.49 f
  u_cp/u_kvqd/U13543/ZN (NAND2V8_140P7T30R)               0.01       4.50 r
  u_cp/u_kvqd/U20431/ZN (NOR2V8_140P7T30R)                0.01       4.51 f
  u_cp/u_kvqd/U15524/ZN (AOI13V6_140P7T30R)               0.02       4.53 r
  u_cp/u_kvqd/U37551/ZN (CLKNAND2V16_140P7T30R)           0.02       4.55 f
  u_cp/u_kvqd/U11309/ZN (CLKINV20_140P7T30R)              0.01       4.57 r
  u_cp/u_kvqd/U10268/ZN (NOR2V16_140P7T30R)               0.01       4.58 f
  u_cp/u_kvqd/U11296/Z (BUFV20_140P7T30R)                 0.02       4.60 f
  u_cp/u_kvqd/U38720/ZN (AOI12V12_140P7T30R)              0.02       4.61 r
  u_cp/u_kvqd/U16456/ZN (CLKNAND2V16_140P7T30R)           0.01       4.63 f
  u_cp/u_kvqd/U2046/ZN (NAND2XBV8_140P7T30R)              0.01       4.64 r
  u_cp/u_kvqd/U36993/ZN (OAI12V12_140P7T30R)              0.01       4.65 f
  u_cp/u_kvqd/U17600/ZN (NAND2V8_140P7T30R)               0.01       4.66 r
  u_cp/u_kvqd/U20754/ZN (NAND2XBV12_140P7T30R)            0.01       4.67 f
  u_cp/u_kvqd/U38032/ZN (NOR2V16_140P7T30R)               0.02       4.69 r
  u_cp/u_kvqd/U1937/ZN (INV7_140P7T30R)                   0.01       4.70 f
  u_cp/u_kvqd/U28042/ZN (CLKINV12_140P7T30R)              0.01       4.72 r
  u_cp/u_kvqd/U17584/Z (CLKXOR2V6_140P7T30R)              0.03       4.75 r
  u_cp/u_kvqd/U21608/ZN (OAI22V8_140P7T30R)               0.02       4.76 f
  u_cp/u_kvqd/U33385/ZN (XNOR2V2_140P7T30R)               0.04       4.80 f
  u_cp/u_kvqd/U31578/ZN (XNOR2V2_140P7T30R)               0.04       4.84 f
  u_cp/u_kvqd/U17574/ZN (OAI12V4_140P7T30R)               0.02       4.86 r
  u_cp/u_kvqd/U17575/ZN (CLKNAND2V4_140P7T30R)            0.01       4.87 f
  u_cp/u_kvqd/U1583/ZN (OAI12V2_140P7T30R)                0.02       4.89 r
  u_cp/u_kvqd/U22953/ZN (NAND2V3_140P7T30R)               0.01       4.90 f
  u_cp/u_kvqd/U33297/ZN (XNOR2V2_140P7T30R)               0.03       4.93 f
  u_cp/u_kvqd/U31560/ZN (XNOR2V2_140P7T30R)               0.04       4.96 f
  u_cp/u_kvqd/U31548/Z (OR2V6_140P7T30R)                  0.04       5.00 f
  u_cp/u_kvqd/U13654/ZN (NAND2V12_140P7T30R)              0.01       5.01 r
  u_cp/u_kvqd/U16475/ZN (NOR2V16_140P7T30R)               0.01       5.02 f
  u_cp/u_kvqd/U21324/ZN (NAND2V8_140P7T30R)               0.01       5.03 r
  u_cp/u_kvqd/U13164/ZN (INV8_140P7T30R)                  0.01       5.04 f
  u_cp/u_kvqd/U13655/ZN (NAND2XBV8_140P7T30R)             0.01       5.05 r
  u_cp/u_kvqd/U1135/ZN (NOR2V6_140P7T30R)                 0.01       5.05 f
  u_cp/u_kvqd/U1127/ZN (NOR2V6_140P7T30R)                 0.01       5.07 r
  u_cp/u_kvqd/U13155/ZN (NAND2V8_140P7T30R)               0.01       5.08 f
  u_cp/u_kvqd/U1110/ZN (NOR2V4_140P7T30R)                 0.02       5.09 r
  u_cp/u_kvqd/U37906/ZN (OAI12V8_140P7T30R)               0.02       5.11 f
  u_cp/u_kvqd/U37817/ZN (CLKNAND2V16_140P7T30R)           0.02       5.13 r
  u_cp/u_kvqd/U10346/ZN (NOR2V16_140P7T30R)               0.01       5.14 f
  u_cp/u_kvqd/U13141/ZN (INV24_140P7T30R)                 0.01       5.15 r
  u_cp/u_kvqd/U36942/ZN (CLKINV32_140P7T30R)              0.01       5.17 f
  u_cp/u_kvqd/U11964/ZN (AOI12V12_140P7T30R)              0.03       5.20 r
  u_cp/u_kvqd/U1015/ZN (NAND3V4_140P7T30R)                0.03       5.22 f
  u_cp/u_kvqd/U14425/ZN (CLKNAND2V4_140P7T30R)            0.02       5.24 r
  u_cp/u_kvqd/U27990/Z (OA22V6_140P7T30R)                 0.03       5.27 r
  u_cp/u_kvqd/U18211/ZN (OAI12V8_140P7T30R)               0.02       5.29 f
  u_cp/u_kvqd/U20928/ZN (AOI12V8_140P7T30R)               0.02       5.31 r
  u_cp/u_kvqd/U38865/Z (CLKXOR2V6_140P7T30R)              0.03       5.33 r
  u_cp/u_kvqd/U18213/ZN (XNOR2V4_140P7T30R)               0.04       5.37 r
  u_cp/u_kvqd/U19748/ZN (CLKNAND2V4_140P7T30R)            0.02       5.39 f
  u_cp/u_kvqd/U38618/ZN (OAI12V8_140P7T30R)               0.02       5.41 r
  u_cp/u_kvqd/U37454/ZN (AOI12V12_140P7T30R)              0.02       5.42 f
  u_cp/u_kvqd/U37453/ZN (MUX2NV4_140P7T30R)               0.03       5.45 f
  u_cp/u_kvqd/U38792/ZN (AOI12V12_140P7T30R)              0.02       5.47 r
  u_cp/u_kvqd/U38791/ZN (CLKNAND2V16_140P7T30R)           0.03       5.50 f
  u_cp/u_kvqd/U14923/Z (CLKBUFV20_140P7T30R)              0.02       5.53 f
  u_cp/u_kvqd/U596/ZN (NAND2XBV12_140P7T30R)              0.02       5.54 r
  u_cp/u_kvqd/U20437/ZN (INV24_140P7T30R)                 0.01       5.55 f
  u_cp/u_kvqd/U16680/ZN (AOI22V12_140P7T30R)              0.03       5.58 r
  u_cp/u_kvqd/U26762/ZN (INV4_140P7T30R)                  0.02       5.60 f
  u_cp/u_kvqd/U20522/ZN (AOI12V6_140P7T30R)               0.02       5.62 r
  u_cp/u_kvqd/U26746/ZN (AOI21BV2_140P7T30R)              0.03       5.65 r
  u_cp/u_kvqd/U16143/Z (AO1B2V4_140P7T30R)                0.01       5.66 f
  u_cp/u_kvqd/U9486/ZN (AOI12V4_140P7T30R)                0.02       5.68 r
  u_cp/u_kvqd/U11313/ZN (NOR2V6_140P7T30R)                0.01       5.69 f
  u_cp/u_kvqd/U9524/ZN (NOR3V6_140P7T30R)                 0.03       5.72 r
  u_cp/u_kvqd/U11310/ZN (NAND3V8_140P7T30R)               0.02       5.74 f
  u_cp/u_kvqd/U32798/ZN (NOR2V12_140P7T30R)               0.02       5.75 r
  u_cp/u_kvqd/U22219/ZN (NOR2V12_140P7T30R)               0.02       5.77 f
  u_cp/u_kvqd/U216/Z (BUFV5_140P7T30R)                    0.03       5.80 f
  u_cp/u_kvqd/U166/ZN (AOI12V2_140P7T30R)                 0.03       5.83 r
  u_cp/u_kvqd/U26698/ZN (NAND4XXBBV2_140P7T30R)           0.02       5.86 f
  u_cp/u_kvqd/U29586/ZN (NOR2V2_140P7T30R)                0.02       5.88 r
  u_cp/u_kvqd/U32688/ZN (NAND3V3_140P7T30R)               0.02       5.90 f
  u_cp/u_kvqd/U40600/ZN (NAND2XBV4_140P7T30R)             0.01       5.91 r
  u_cp/u_kvqd/U40721/Z (AND2V6_140P7T30R)                 0.02       5.93 r
  u_cp/u_kvqd/U19358/ZN (NAND4V6_140P7T30R)               0.02       5.95 f
  u_cp/u_kvqd/U19357/ZN (NOR2V8_140P7T30R)                0.02       5.98 r
  u_cp/u_kvqd/U18573/ZN (OAI12V8_140P7T30R)               0.01       5.99 f
  u_cp/u_kvqd/U21319/ZN (NOR2V6_140P7T30R)                0.02       6.00 r
  u_cp/u_kvqd/U21320/ZN (CLKNAND2V6_140P7T30R)            0.01       6.02 f
  u_cp/u_kvqd/U18433/ZN (NOR2V12_140P7T30R)               0.01       6.03 r
  u_cp/u_kvqd/U11861/ZN (NAND4V6_140P7T30R)               0.01       6.05 f
  u_cp/u_kvqd/U11860/Z (AO1B2V4_140P7T30R)                0.01       6.06 r
  u_cp/u_kvqd/U16591/ZN (AOI12V4_140P7T30R)               0.01       6.07 f
  u_cp/u_kvqd/wr_data[0] (kv_quantdequant)                0.00       6.07 f
  U595/ZN (INV4_140P7T30R)                                0.01       6.08 r
  U597/ZN (OAI12V2_140P7T30R)                             0.01       6.08 f
  hbm_wdata[0] (out)                                      0.00       6.08 f
  data arrival time                                                  6.08

  clock clk (rise edge)                                   1.00       1.00
  clock network delay (ideal)                             0.00       1.00
  output external delay                                   0.00       1.00
  data required time                                                 1.00
  --------------------------------------------------------------------------
  data required time                                                 1.00
  data arrival time                                                 -6.08
  --------------------------------------------------------------------------
  slack (VIOLATED)                                                  -5.08


  Startpoint: u_cp/u_kvqd/s_bits_reg[1]
              (rising edge-triggered flip-flop clocked by clk)
  Endpoint: hbm_wdata[1]
            (output port clocked by clk)
  Path Group: clk
  Path Type: max

  Point                                                   Incr       Path
  --------------------------------------------------------------------------
  clock clk (rise edge)                                   0.00       0.00
  clock network delay (ideal)                             0.00       0.00
  u_cp/u_kvqd/s_bits_reg[1]/CK (DQV6_140P7T30R)           0.00 #     0.00 r
  u_cp/u_kvqd/s_bits_reg[1]/Q (DQV6_140P7T30R)            0.06       0.06 f
  u_cp/u_kvqd/U31402/Z (CLKXOR2V6_140P7T30R)              0.03       0.09 r
  u_cp/u_kvqd/U9215/ZN (CLKINV16_140P7T30R)               0.02       0.11 f
  u_cp/u_kvqd/U17463/ZN (INV16_140P7T30R)                 0.01       0.12 r
  u_cp/u_kvqd/U14834/ZN (NOR2V16_140P7T30R)               0.01       0.13 f
  u_cp/u_kvqd/U9544/ZN (INV16_140P7T30R)                  0.01       0.14 r
  u_cp/u_kvqd/U14833/ZN (NOR2V16_140P7T30R)               0.01       0.14 f
  u_cp/u_kvqd/U10057/ZN (NOR2V16_140P7T30R)               0.01       0.16 r
  u_cp/u_kvqd/U16188/ZN (NAND2XBV16_140P7T30R)            0.01       0.17 f
  u_cp/u_kvqd/U38809/Z (CLKXOR2V6_140P7T30R)              0.03       0.19 f
  u_cp/u_kvqd/U39452/Z (CLKXOR2V6_140P7T30R)              0.03       0.22 f
  u_cp/u_kvqd/U10192/ZN (INV7_140P7T30R)                  0.01       0.24 r
  u_cp/u_kvqd/U15688/ZN (CLKNAND2V16_140P7T30R)           0.01       0.25 f
  u_cp/u_kvqd/U13930/ZN (NAND2V12_140P7T30R)              0.01       0.26 r
  u_cp/u_kvqd/U10315/ZN (NAND2V12_140P7T30R)              0.01       0.27 f
  u_cp/u_kvqd/U10314/ZN (NAND3V12_140P7T30R)              0.01       0.28 r
  u_cp/u_kvqd/U9128/ZN (CLKNAND2V4_140P7T30R)             0.02       0.30 f
  u_cp/u_kvqd/U19098/ZN (NAND2XBV6_140P7T30R)             0.01       0.31 r
  u_cp/u_kvqd/U20720/ZN (NAND2XBV8_140P7T30R)             0.01       0.32 f
  u_cp/u_kvqd/U19089/ZN (NOR2XBV12_140P7T30R)             0.01       0.34 r
  u_cp/u_kvqd/U11386/Z (CLKXOR2V12_140P7T30R)             0.03       0.37 r
  u_cp/u_kvqd/U14123/ZN (OAI22V12_140P7T30R)              0.02       0.39 f
  u_cp/u_kvqd/U9077/ZN (NAND2V12_140P7T30R)               0.01       0.40 r
  u_cp/u_kvqd/U17974/ZN (NAND3V8_140P7T30R)               0.02       0.42 f
  u_cp/u_kvqd/U17975/ZN (AOI22V12_140P7T30R)              0.02       0.44 r
  u_cp/u_kvqd/U17365/Z (CLKXOR2V12_140P7T30R)             0.04       0.48 r
  u_cp/u_kvqd/U15072/ZN (CLKNAND2V16_140P7T30R)           0.01       0.49 f
  u_cp/u_kvqd/U8795/Z (BUFV6_140P7T30R)                   0.02       0.51 f
  u_cp/u_kvqd/U18370/ZN (NAND3V12_140P7T30R)              0.01       0.52 r
  u_cp/u_kvqd/U18774/Z (CLKXOR2V6_140P7T30R)              0.03       0.55 r
  u_cp/u_kvqd/U8703/ZN (XNOR2V2_140P7T30R)                0.03       0.58 r
  u_cp/u_kvqd/U18368/ZN (XNOR2V4_140P7T30R)               0.04       0.62 r
  u_cp/u_kvqd/U18369/ZN (OAI12V6_140P7T30R)               0.02       0.64 f
  u_cp/u_kvqd/U14336/ZN (CLKNAND2V6_140P7T30R)            0.01       0.65 r
  u_cp/u_kvqd/U13123/ZN (XNOR2V4_140P7T30R)               0.03       0.68 r
  u_cp/u_kvqd/U20415/ZN (XNOR2V4_140P7T30R)               0.04       0.72 r
  u_cp/u_kvqd/U14332/ZN (NOR2V8_140P7T30R)                0.01       0.73 f
  u_cp/u_kvqd/U15879/ZN (NOR2V12_140P7T30R)               0.02       0.75 r
  u_cp/u_kvqd/U14367/ZN (NAND2V12_140P7T30R)              0.01       0.76 f
  u_cp/u_kvqd/U19356/ZN (NOR2V8_140P7T30R)                0.02       0.78 r
  u_cp/u_kvqd/U8578/ZN (CLKNAND2V6_140P7T30R)             0.01       0.79 f
  u_cp/u_kvqd/U12457/ZN (NOR2V12_140P7T30R)               0.02       0.81 r
  u_cp/u_kvqd/U8546/ZN (NOR2V8_140P7T30R)                 0.01       0.82 f
  u_cp/u_kvqd/U19488/ZN (CLKNAND2V16_140P7T30R)           0.01       0.84 r
  u_cp/u_kvqd/U16154/ZN (CLKNAND2V16_140P7T30R)           0.02       0.86 f
  u_cp/u_kvqd/U10511/ZN (INV24_140P7T30R)                 0.02       0.87 r
  u_cp/u_kvqd/U12216/ZN (CLKNAND2V16_140P7T30R)           0.01       0.88 f
  u_cp/u_kvqd/U35291/ZN (INV2_140P7T30R)                  0.02       0.90 r
  u_cp/u_kvqd/U44857/ZN (OAI22V4_140P7T30R)               0.02       0.92 f
  u_cp/u_kvqd/U8103/ZN (XNOR2V2_140P7T30R)                0.03       0.95 f
  u_cp/u_kvqd/U36546/ZN (XNOR2V2_140P7T30R)               0.04       0.99 f
  u_cp/u_kvqd/U15275/ZN (XNOR2V4_140P7T30R)               0.04       1.03 f
  u_cp/u_kvqd/U15274/ZN (XNOR2V4_140P7T30R)               0.03       1.06 f
  u_cp/u_kvqd/U8049/ZN (NOR2V6_140P7T30R)                 0.02       1.08 r
  u_cp/u_kvqd/U31110/ZN (OAI12V6_140P7T30R)               0.02       1.10 f
  u_cp/u_kvqd/U18077/ZN (AOI12V8_140P7T30R)               0.02       1.12 r
  u_cp/u_kvqd/U10456/ZN (NAND2V12_140P7T30R)              0.01       1.14 f
  u_cp/u_kvqd/U19009/ZN (NAND2XBV8_140P7T30R)             0.01       1.14 r
  u_cp/u_kvqd/U37258/ZN (NAND2V8_140P7T30R)               0.01       1.16 f
  u_cp/u_kvqd/U37257/ZN (AOI12V12_140P7T30R)              0.02       1.18 r
  u_cp/u_kvqd/U12899/ZN (CLKNAND2V16_140P7T30R)           0.02       1.20 f
  u_cp/u_kvqd/U12898/ZN (CLKINV32_140P7T30R)              0.02       1.21 r
  u_cp/u_kvqd/U7988/ZN (NAND2XBV6_140P7T30R)              0.01       1.23 f
  u_cp/u_kvqd/U15238/ZN (OAI12V12_140P7T30R)              0.01       1.24 r
  u_cp/u_kvqd/U14064/ZN (NAND2V12_140P7T30R)              0.01       1.25 f
  u_cp/u_kvqd/U13066/ZN (NOR2V16_140P7T30R)               0.02       1.27 r
  u_cp/u_kvqd/U7932/ZN (NOR2V8_140P7T30R)                 0.01       1.28 f
  u_cp/u_kvqd/U7914/ZN (CLKINV12_140P7T30R)               0.01       1.29 r
  u_cp/u_kvqd/U13527/ZN (INV32_140P7T30R)                 0.01       1.31 f
  u_cp/u_kvqd/U7816/ZN (CLKINV16_140P7T30R)               0.01       1.31 r
  u_cp/u_kvqd/U14711/ZN (NOR2V12_140P7T30R)               0.01       1.32 f
  u_cp/u_kvqd/U17920/ZN (NOR2XBV16_140P7T30R)             0.02       1.34 r
  u_cp/u_kvqd/U17407/ZN (CLKNAND2V16_140P7T30R)           0.01       1.35 f
  u_cp/u_kvqd/U20850/ZN (OAI12V12_140P7T30R)              0.01       1.36 r
  u_cp/u_kvqd/U20376/ZN (OAI12V8_140P7T30R)               0.01       1.37 f
  u_cp/u_kvqd/U19420/ZN (NAND2V8_140P7T30R)               0.01       1.38 r
  u_cp/u_kvqd/U17568/ZN (NAND2V8_140P7T30R)               0.01       1.40 f
  u_cp/u_kvqd/U13316/ZN (NAND2XBV12_140P7T30R)            0.01       1.41 r
  u_cp/u_kvqd/U24259/ZN (INV2_140P7T30R)                  0.01       1.42 f
  u_cp/u_kvqd/U26425/Z (OR2V2_140P7T30R)                  0.03       1.44 f
  u_cp/u_kvqd/U31037/ZN (NOR3V4_140P7T30R)                0.02       1.46 r
  u_cp/u_kvqd/U31026/ZN (NAND3V3_140P7T30R)               0.02       1.48 f
  u_cp/u_kvqd/U19487/ZN (NOR2V6_140P7T30R)                0.02       1.50 r
  u_cp/u_kvqd/U17291/ZN (NOR2V8_140P7T30R)                0.01       1.51 f
  u_cp/u_kvqd/U26409/Z (BUFV16_140P7T30R)                 0.02       1.53 f
  u_cp/u_kvqd/U7504/ZN (CLKINV12_140P7T30R)               0.01       1.55 r
  u_cp/u_kvqd/U29376/ZN (NOR2V6_140P7T30R)                0.01       1.56 f
  u_cp/u_kvqd/U32293/ZN (CLKINV3_140P7T30R)               0.01       1.56 r
  u_cp/u_kvqd/U28524/ZN (NAND2V3_140P7T30R)               0.01       1.57 f
  u_cp/u_kvqd/U19507/ZN (NAND2XBV8_140P7T30R)             0.02       1.59 f
  u_cp/u_kvqd/U7450/ZN (NOR2V6_140P7T30R)                 0.01       1.61 r
  u_cp/u_kvqd/U31002/ZN (NAND2V3_140P7T30R)               0.01       1.62 f
  u_cp/u_kvqd/U19880/ZN (AOI13V6_140P7T30R)               0.03       1.65 r
  u_cp/u_kvqd/U11252/ZN (CLKNAND2V16_140P7T30R)           0.03       1.68 f
  u_cp/u_kvqd/U9971/ZN (INV32_140P7T30R)                  0.02       1.70 r
  u_cp/u_kvqd/U7333/ZN (NOR2V8_140P7T30R)                 0.01       1.71 f
  u_cp/u_kvqd/U12244/ZN (NAND2V8_140P7T30R)               0.01       1.72 r
  u_cp/u_kvqd/U17485/ZN (OAI12V12_140P7T30R)              0.01       1.73 f
  u_cp/u_kvqd/U17486/ZN (NOR2V12_140P7T30R)               0.02       1.74 r
  u_cp/u_kvqd/U7177/ZN (NAND2V8_140P7T30R)                0.01       1.76 f
  u_cp/u_kvqd/U14350/ZN (NAND2XBV12_140P7T30R)            0.01       1.77 r
  u_cp/u_kvqd/U9382/ZN (NAND3V6_140P7T30R)                0.02       1.78 f
  u_cp/u_kvqd/U11696/ZN (NAND3V6_140P7T30R)               0.02       1.80 r
  u_cp/u_kvqd/U11695/ZN (CLKNAND2V16_140P7T30R)           0.02       1.82 f
  u_cp/u_kvqd/U12968/Z (BUFV32_140P7T30R)                 0.02       1.84 f
  u_cp/u_kvqd/U9401/Z (CLKXOR2V12_140P7T30R)              0.03       1.87 f
  u_cp/u_kvqd/U6665/ZN (OAI22V4_140P7T30R)                0.02       1.89 r
  u_cp/u_kvqd/U6569/Z (MAJ23V2_140P7T30R)                 0.04       1.93 r
  u_cp/u_kvqd/U12645/Z (AO1B2V4_140P7T30R)                0.01       1.94 f
  u_cp/u_kvqd/U15866/Z (AO1B2V4_140P7T30R)                0.02       1.96 r
  u_cp/u_kvqd/U18033/Z (CLKXOR2V6_140P7T30R)              0.03       1.99 r
  u_cp/u_kvqd/U13946/Z (CLKXOR2V6_140P7T30R)              0.04       2.03 r
  u_cp/u_kvqd/U30844/ZN (CLKNAND2V4_140P7T30R)            0.02       2.05 f
  u_cp/u_kvqd/U16050/ZN (NAND2V12_140P7T30R)              0.01       2.06 r
  u_cp/u_kvqd/U37915/Z (CLKXOR2V6_140P7T30R)              0.03       2.09 r
  u_cp/u_kvqd/U37914/Z (CLKXOR2V6_140P7T30R)              0.03       2.12 r
  u_cp/u_kvqd/U37912/ZN (NOR2V12_140P7T30R)               0.01       2.14 f
  u_cp/u_kvqd/U9423/ZN (NOR2V12_140P7T30R)                0.02       2.16 r
  u_cp/u_kvqd/U19547/ZN (NAND2V12_140P7T30R)              0.02       2.17 f
  u_cp/u_kvqd/U16979/ZN (OAI12V12_140P7T30R)              0.02       2.19 r
  u_cp/u_kvqd/U6294/ZN (CLKNAND2V6_140P7T30R)             0.02       2.21 f
  u_cp/u_kvqd/U16888/ZN (NAND4V6_140P7T30R)               0.02       2.23 r
  u_cp/u_kvqd/U11745/ZN (CLKNAND2V16_140P7T30R)           0.02       2.25 f
  u_cp/u_kvqd/U37831/ZN (NOR2V16_140P7T30R)               0.02       2.27 r
  u_cp/u_kvqd/U6249/ZN (CLKINV20_140P7T30R)               0.01       2.29 f
  u_cp/u_kvqd/U12239/ZN (INV40_140P7T30R)                 0.01       2.30 r
  u_cp/u_kvqd/U19649/ZN (CLKNAND2V16_140P7T30R)           0.02       2.32 f
  u_cp/u_kvqd/U6009/ZN (NAND3V2_140P7T30R)                0.02       2.33 r
  u_cp/u_kvqd/U12644/Z (AND2V6_140P7T30R)                 0.02       2.36 r
  u_cp/u_kvqd/U34604/Z (CLKXOR2V6_140P7T30R)              0.03       2.39 r
  u_cp/u_kvqd/U38443/Z (CLKXOR2V6_140P7T30R)              0.03       2.42 r
  u_cp/u_kvqd/U13938/Z (CLKXOR2V6_140P7T30R)              0.03       2.45 r
  u_cp/u_kvqd/U5866/ZN (NOR2V6_140P7T30R)                 0.01       2.46 f
  u_cp/u_kvqd/U5856/ZN (CLKINV10_140P7T30R)               0.01       2.47 r
  u_cp/u_kvqd/U20037/ZN (NAND2XBV8_140P7T30R)             0.01       2.48 f
  u_cp/u_kvqd/U5843/ZN (NOR2V8_140P7T30R)                 0.02       2.50 r
  u_cp/u_kvqd/U5815/ZN (NAND3V3_140P7T30R)                0.02       2.52 f
  u_cp/u_kvqd/U17744/ZN (NOR2V8_140P7T30R)                0.02       2.54 r
  u_cp/u_kvqd/U19161/ZN (NOR2V6_140P7T30R)                0.01       2.55 f
  u_cp/u_kvqd/U15972/ZN (OAI12V8_140P7T30R)               0.02       2.57 r
  u_cp/u_kvqd/U19570/ZN (NAND2V12_140P7T30R)              0.01       2.58 f
  u_cp/u_kvqd/U21291/ZN (NOR2V16_140P7T30R)               0.02       2.60 r
  u_cp/u_kvqd/U21290/ZN (CLKNAND2V16_140P7T30R)           0.02       2.63 f
  u_cp/u_kvqd/U13008/ZN (CLKINV20_140P7T30R)              0.02       2.64 r
  u_cp/u_kvqd/U30651/ZN (AOI12V8_140P7T30R)               0.02       2.66 f
  u_cp/u_kvqd/U21323/ZN (CLKNAND2V16_140P7T30R)           0.02       2.68 r
  u_cp/u_kvqd/U36839/ZN (CLKNAND2V16_140P7T30R)           0.02       2.69 f
  u_cp/u_kvqd/U13843/ZN (NOR2V16_140P7T30R)               0.02       2.71 r
  u_cp/u_kvqd/U16380/Z (CLKXOR2V12_140P7T30R)             0.03       2.74 r
  u_cp/u_kvqd/U16379/ZN (CLKNAND2V16_140P7T30R)           0.01       2.75 f
  u_cp/u_kvqd/U11113/ZN (NAND2XBV16_140P7T30R)            0.01       2.76 r
  u_cp/u_kvqd/U5485/ZN (INV24_140P7T30R)                  0.01       2.77 f
  u_cp/u_kvqd/U5446/ZN (INV32_140P7T30R)                  0.01       2.78 r
  u_cp/u_kvqd/U5351/Z (BUFV6_140P7T30R)                   0.02       2.80 r
  u_cp/u_kvqd/U5278/ZN (NAND3V4_140P7T30R)                0.02       2.82 f
  u_cp/u_kvqd/U17073/ZN (OAI12V8_140P7T30R)               0.02       2.84 r
  u_cp/u_kvqd/U5219/ZN (NAND2V2_140P7T30R)                0.02       2.85 f
  u_cp/u_kvqd/U5192/ZN (INV4_140P7T30R)                   0.02       2.87 r
  u_cp/u_kvqd/U12243/ZN (AOI12V12_140P7T30R)              0.01       2.88 f
  u_cp/u_kvqd/U10489/ZN (CLKNAND2V16_140P7T30R)           0.01       2.89 r
  u_cp/u_kvqd/U20537/ZN (OAI12V8_140P7T30R)               0.01       2.90 f
  u_cp/u_kvqd/U17411/ZN (NOR2V16_140P7T30R)               0.02       2.92 r
  u_cp/u_kvqd/U16083/ZN (OAI12V12_140P7T30R)              0.01       2.93 f
  u_cp/u_kvqd/U26025/ZN (AOI12V4_140P7T30R)               0.02       2.95 r
  u_cp/u_kvqd/U26021/ZN (OAI12V4_140P7T30R)               0.02       2.97 f
  u_cp/u_kvqd/U4930/ZN (NOR2V4_140P7T30R)                 0.02       2.98 r
  u_cp/u_kvqd/U4912/Z (XOR2V4_140P7T30R)                  0.03       3.02 r
  u_cp/u_kvqd/U37294/ZN (AOI12V12_140P7T30R)              0.02       3.04 f
  u_cp/u_kvqd/U20093/ZN (CLKNAND2V16_140P7T30R)           0.02       3.06 r
  u_cp/u_kvqd/U14921/ZN (CLKINV16_140P7T30R)              0.01       3.06 f
  u_cp/u_kvqd/U4820/Z (BUFV4_140P7T30R)                   0.02       3.08 f
  u_cp/u_kvqd/U30510/ZN (NAND3V3_140P7T30R)               0.01       3.09 r
  u_cp/u_kvqd/U11107/ZN (NAND3V6_140P7T30R)               0.02       3.11 f
  u_cp/u_kvqd/U31975/ZN (NOR2V12_140P7T30R)               0.02       3.14 r
  u_cp/u_kvqd/U4607/ZN (INV24_140P7T30R)                  0.01       3.15 f
  u_cp/u_kvqd/U4652/ZN (NAND2V12_140P7T30R)               0.01       3.16 r
  u_cp/u_kvqd/U22472/Z (OR2V2_140P7T30R)                  0.02       3.18 r
  u_cp/u_kvqd/U4601/ZN (NAND4V4_140P7T30R)                0.02       3.20 f
  u_cp/u_kvqd/U11099/ZN (NOR2V6_140P7T30R)                0.02       3.22 r
  u_cp/u_kvqd/U4530/ZN (NOR2V8_140P7T30R)                 0.01       3.23 f
  u_cp/u_kvqd/U12675/ZN (NAND2V12_140P7T30R)              0.01       3.24 r
  u_cp/u_kvqd/U4231/ZN (INV6_140P7T30R)                   0.02       3.26 f
  u_cp/u_kvqd/U34203/ZN (XNOR2V2_140P7T30R)               0.03       3.29 f
  u_cp/u_kvqd/U22457/ZN (OAI22V1_140P7T30R)               0.05       3.33 r
  u_cp/u_kvqd/U34168/ZN (XNOR2V2_140P7T30R)               0.04       3.37 f
  u_cp/u_kvqd/U45316/CO (AD1V4_140P7T30R)                 0.05       3.42 f
  u_cp/u_kvqd/U14436/ZN (XNOR2V2_140P7T30R)               0.03       3.45 f
  u_cp/u_kvqd/U14435/ZN (XNOR2V2_140P7T30R)               0.03       3.48 f
  u_cp/u_kvqd/U13847/ZN (INV4_140P7T30R)                  0.01       3.50 r
  u_cp/u_kvqd/U10604/ZN (XNOR2V4_140P7T30R)               0.03       3.53 r
  u_cp/u_kvqd/U14427/Z (CLKOR2V8_140P7T30R)               0.02       3.55 r
  u_cp/u_kvqd/U3563/ZN (CLKNAND2V6_140P7T30R)             0.02       3.56 f
  u_cp/u_kvqd/U11105/ZN (NOR2V12_140P7T30R)               0.02       3.58 r
  u_cp/u_kvqd/U18018/ZN (NAND2V12_140P7T30R)              0.01       3.60 f
  u_cp/u_kvqd/U3508/ZN (INV6_140P7T30R)                   0.01       3.61 r
  u_cp/u_kvqd/U12596/ZN (NAND2V12_140P7T30R)              0.01       3.62 f
  u_cp/u_kvqd/U12865/ZN (CLKNAND2V16_140P7T30R)           0.01       3.63 r
  u_cp/u_kvqd/U28158/ZN (NAND2V8_140P7T30R)               0.01       3.64 f
  u_cp/u_kvqd/U15970/ZN (NAND2V12_140P7T30R)              0.01       3.65 r
  u_cp/u_kvqd/U18694/ZN (NOR2V12_140P7T30R)               0.01       3.66 f
  u_cp/u_kvqd/U37781/ZN (NAND2V12_140P7T30R)              0.01       3.67 r
  u_cp/u_kvqd/U37780/ZN (NAND3V8_140P7T30R)               0.02       3.69 f
  u_cp/u_kvqd/U19803/ZN (CLKINV16_140P7T30R)              0.02       3.71 r
  u_cp/u_kvqd/U12799/ZN (INV32_140P7T30R)                 0.01       3.72 f
  u_cp/u_kvqd/U3386/ZN (INV16_140P7T30R)                  0.01       3.73 r
  u_cp/u_kvqd/U14081/ZN (CLKNAND2V16_140P7T30R)           0.01       3.74 f
  u_cp/u_kvqd/U17597/ZN (CLKNAND2V16_140P7T30R)           0.01       3.75 r
  u_cp/u_kvqd/U24775/Z (CLKXOR2V6_140P7T30R)              0.03       3.79 r
  u_cp/u_kvqd/U20200/ZN (OAI22V6_140P7T30R)               0.02       3.81 f
  u_cp/u_kvqd/U28137/ZN (XNOR2V2_140P7T30R)               0.04       3.84 f
  u_cp/u_kvqd/U37273/ZN (XNOR2V4_140P7T30R)               0.04       3.88 f
  u_cp/u_kvqd/U41307/Z (MAJ23V4_140P7T30R)                0.04       3.92 f
  u_cp/u_kvqd/U3028/ZN (NOR2V4_140P7T30R)                 0.03       3.95 r
  u_cp/u_kvqd/U3010/ZN (NOR3V6_140P7T30R)                 0.02       3.96 f
  u_cp/u_kvqd/U37263/ZN (AOI12V12_140P7T30R)              0.02       3.99 r
  u_cp/u_kvqd/U20303/ZN (NAND3V8_140P7T30R)               0.02       4.01 f
  u_cp/u_kvqd/U13877/ZN (NOR2V12_140P7T30R)               0.02       4.02 r
  u_cp/u_kvqd/U15237/ZN (CLKNAND2V16_140P7T30R)           0.02       4.04 f
  u_cp/u_kvqd/U36822/ZN (CLKNAND2V16_140P7T30R)           0.01       4.05 r
  u_cp/u_kvqd/U2979/ZN (OAI12V8_140P7T30R)                0.02       4.07 f
  u_cp/u_kvqd/U9245/ZN (CLKNAND2V16_140P7T30R)            0.01       4.08 r
  u_cp/u_kvqd/U2942/ZN (NAND2XBV12_140P7T30R)             0.01       4.10 f
  u_cp/u_kvqd/U19537/ZN (CLKNAND2V16_140P7T30R)           0.02       4.12 r
  u_cp/u_kvqd/U2931/ZN (INV16_140P7T30R)                  0.01       4.12 f
  u_cp/u_kvqd/U2927/ZN (NOR2V8_140P7T30R)                 0.02       4.14 r
  u_cp/u_kvqd/U2871/ZN (NAND3V3_140P7T30R)                0.02       4.16 f
  u_cp/u_kvqd/U27081/Z (CLKXOR2V6_140P7T30R)              0.03       4.20 f
  u_cp/u_kvqd/U18364/ZN (NOR2V12_140P7T30R)               0.02       4.21 r
  u_cp/u_kvqd/U2729/Z (CLKOR2V12_140P7T30R)               0.02       4.23 r
  u_cp/u_kvqd/U16469/ZN (NOR2V16_140P7T30R)               0.01       4.24 f
  u_cp/u_kvqd/U19554/ZN (CLKNAND2V16_140P7T30R)           0.01       4.25 r
  u_cp/u_kvqd/U16848/ZN (INV24_140P7T30R)                 0.01       4.26 f
  u_cp/u_kvqd/U2537/ZN (OAI12V8_140P7T30R)                0.01       4.28 r
  u_cp/u_kvqd/U18511/ZN (NAND3V12_140P7T30R)              0.02       4.30 f
  u_cp/u_kvqd/U27047/ZN (NOR2V6_140P7T30R)                0.03       4.33 r
  u_cp/u_kvqd/U9343/ZN (NOR2V12_140P7T30R)                0.01       4.34 f
  u_cp/u_kvqd/U16882/ZN (AOI12V8_140P7T30R)               0.03       4.37 r
  u_cp/u_kvqd/U2351/ZN (OAI12V6_140P7T30R)                0.01       4.38 f
  u_cp/u_kvqd/U2328/ZN (NOR2V4_140P7T30R)                 0.02       4.40 r
  u_cp/u_kvqd/U9337/ZN (NAND2V8_140P7T30R)                0.01       4.41 f
  u_cp/u_kvqd/U16592/Z (CLKXOR2V6_140P7T30R)              0.03       4.44 f
  u_cp/u_kvqd/U37605/ZN (OAI22BBV4_140P7T30R)             0.02       4.46 r
  u_cp/u_kvqd/U9283/ZN (NAND2XBV16_140P7T30R)             0.02       4.48 r
  u_cp/u_kvqd/U2228/ZN (INV7_140P7T30R)                   0.01       4.49 f
  u_cp/u_kvqd/U13543/ZN (NAND2V8_140P7T30R)               0.01       4.50 r
  u_cp/u_kvqd/U20431/ZN (NOR2V8_140P7T30R)                0.01       4.51 f
  u_cp/u_kvqd/U15524/ZN (AOI13V6_140P7T30R)               0.02       4.53 r
  u_cp/u_kvqd/U37551/ZN (CLKNAND2V16_140P7T30R)           0.02       4.55 f
  u_cp/u_kvqd/U11309/ZN (CLKINV20_140P7T30R)              0.01       4.57 r
  u_cp/u_kvqd/U10268/ZN (NOR2V16_140P7T30R)               0.01       4.58 f
  u_cp/u_kvqd/U11296/Z (BUFV20_140P7T30R)                 0.02       4.60 f
  u_cp/u_kvqd/U38720/ZN (AOI12V12_140P7T30R)              0.02       4.61 r
  u_cp/u_kvqd/U16456/ZN (CLKNAND2V16_140P7T30R)           0.01       4.63 f
  u_cp/u_kvqd/U2046/ZN (NAND2XBV8_140P7T30R)              0.01       4.64 r
  u_cp/u_kvqd/U36993/ZN (OAI12V12_140P7T30R)              0.01       4.65 f
  u_cp/u_kvqd/U17600/ZN (NAND2V8_140P7T30R)               0.01       4.66 r
  u_cp/u_kvqd/U20754/ZN (NAND2XBV12_140P7T30R)            0.01       4.67 f
  u_cp/u_kvqd/U38032/ZN (NOR2V16_140P7T30R)               0.02       4.69 r
  u_cp/u_kvqd/U1937/ZN (INV7_140P7T30R)                   0.01       4.70 f
  u_cp/u_kvqd/U28042/ZN (CLKINV12_140P7T30R)              0.01       4.72 r
  u_cp/u_kvqd/U17584/Z (CLKXOR2V6_140P7T30R)              0.03       4.75 r
  u_cp/u_kvqd/U21608/ZN (OAI22V8_140P7T30R)               0.02       4.76 f
  u_cp/u_kvqd/U33385/ZN (XNOR2V2_140P7T30R)               0.04       4.80 f
  u_cp/u_kvqd/U31578/ZN (XNOR2V2_140P7T30R)               0.04       4.84 f
  u_cp/u_kvqd/U17574/ZN (OAI12V4_140P7T30R)               0.02       4.86 r
  u_cp/u_kvqd/U17575/ZN (CLKNAND2V4_140P7T30R)            0.01       4.87 f
  u_cp/u_kvqd/U1583/ZN (OAI12V2_140P7T30R)                0.02       4.89 r
  u_cp/u_kvqd/U22953/ZN (NAND2V3_140P7T30R)               0.01       4.90 f
  u_cp/u_kvqd/U33297/ZN (XNOR2V2_140P7T30R)               0.03       4.93 f
  u_cp/u_kvqd/U31560/ZN (XNOR2V2_140P7T30R)               0.04       4.96 f
  u_cp/u_kvqd/U31548/Z (OR2V6_140P7T30R)                  0.04       5.00 f
  u_cp/u_kvqd/U13654/ZN (NAND2V12_140P7T30R)              0.01       5.01 r
  u_cp/u_kvqd/U16475/ZN (NOR2V16_140P7T30R)               0.01       5.02 f
  u_cp/u_kvqd/U21324/ZN (NAND2V8_140P7T30R)               0.01       5.03 r
  u_cp/u_kvqd/U13164/ZN (INV8_140P7T30R)                  0.01       5.04 f
  u_cp/u_kvqd/U13655/ZN (NAND2XBV8_140P7T30R)             0.01       5.05 r
  u_cp/u_kvqd/U1135/ZN (NOR2V6_140P7T30R)                 0.01       5.05 f
  u_cp/u_kvqd/U1127/ZN (NOR2V6_140P7T30R)                 0.01       5.07 r
  u_cp/u_kvqd/U13155/ZN (NAND2V8_140P7T30R)               0.01       5.08 f
  u_cp/u_kvqd/U1110/ZN (NOR2V4_140P7T30R)                 0.02       5.09 r
  u_cp/u_kvqd/U37906/ZN (OAI12V8_140P7T30R)               0.02       5.11 f
  u_cp/u_kvqd/U37817/ZN (CLKNAND2V16_140P7T30R)           0.02       5.13 r
  u_cp/u_kvqd/U10346/ZN (NOR2V16_140P7T30R)               0.01       5.14 f
  u_cp/u_kvqd/U13141/ZN (INV24_140P7T30R)                 0.01       5.15 r
  u_cp/u_kvqd/U36942/ZN (CLKINV32_140P7T30R)              0.01       5.17 f
  u_cp/u_kvqd/U11964/ZN (AOI12V12_140P7T30R)              0.03       5.20 r
  u_cp/u_kvqd/U1015/ZN (NAND3V4_140P7T30R)                0.03       5.22 f
  u_cp/u_kvqd/U14425/ZN (CLKNAND2V4_140P7T30R)            0.02       5.24 r
  u_cp/u_kvqd/U27990/Z (OA22V6_140P7T30R)                 0.03       5.27 r
  u_cp/u_kvqd/U18211/ZN (OAI12V8_140P7T30R)               0.02       5.29 f
  u_cp/u_kvqd/U20928/ZN (AOI12V8_140P7T30R)               0.02       5.31 r
  u_cp/u_kvqd/U38865/Z (CLKXOR2V6_140P7T30R)              0.03       5.33 r
  u_cp/u_kvqd/U18213/ZN (XNOR2V4_140P7T30R)               0.04       5.37 r
  u_cp/u_kvqd/U19748/ZN (CLKNAND2V4_140P7T30R)            0.02       5.39 f
  u_cp/u_kvqd/U38618/ZN (OAI12V8_140P7T30R)               0.02       5.41 r
  u_cp/u_kvqd/U37454/ZN (AOI12V12_140P7T30R)              0.02       5.42 f
  u_cp/u_kvqd/U37453/ZN (MUX2NV4_140P7T30R)               0.03       5.45 f
  u_cp/u_kvqd/U38792/ZN (AOI12V12_140P7T30R)              0.02       5.47 r
  u_cp/u_kvqd/U38791/ZN (CLKNAND2V16_140P7T30R)           0.03       5.50 f
  u_cp/u_kvqd/U14923/Z (CLKBUFV20_140P7T30R)              0.02       5.53 f
  u_cp/u_kvqd/U596/ZN (NAND2XBV12_140P7T30R)              0.02       5.54 r
  u_cp/u_kvqd/U20437/ZN (INV24_140P7T30R)                 0.01       5.55 f
  u_cp/u_kvqd/U16680/ZN (AOI22V12_140P7T30R)              0.03       5.58 r
  u_cp/u_kvqd/U26762/ZN (INV4_140P7T30R)                  0.02       5.60 f
  u_cp/u_kvqd/U20522/ZN (AOI12V6_140P7T30R)               0.02       5.62 r
  u_cp/u_kvqd/U26746/ZN (AOI21BV2_140P7T30R)              0.03       5.65 r
  u_cp/u_kvqd/U16143/Z (AO1B2V4_140P7T30R)                0.01       5.66 f
  u_cp/u_kvqd/U9486/ZN (AOI12V4_140P7T30R)                0.02       5.68 r
  u_cp/u_kvqd/U11313/ZN (NOR2V6_140P7T30R)                0.01       5.69 f
  u_cp/u_kvqd/U9524/ZN (NOR3V6_140P7T30R)                 0.03       5.72 r
  u_cp/u_kvqd/U11310/ZN (NAND3V8_140P7T30R)               0.02       5.74 f
  u_cp/u_kvqd/U32798/ZN (NOR2V12_140P7T30R)               0.02       5.75 r
  u_cp/u_kvqd/U22219/ZN (NOR2V12_140P7T30R)               0.02       5.77 f
  u_cp/u_kvqd/U216/Z (BUFV5_140P7T30R)                    0.03       5.80 f
  u_cp/u_kvqd/U166/ZN (AOI12V2_140P7T30R)                 0.03       5.83 r
  u_cp/u_kvqd/U26698/ZN (NAND4XXBBV2_140P7T30R)           0.02       5.86 f
  u_cp/u_kvqd/U29586/ZN (NOR2V2_140P7T30R)                0.02       5.88 r
  u_cp/u_kvqd/U32688/ZN (NAND3V3_140P7T30R)               0.02       5.90 f
  u_cp/u_kvqd/U40600/ZN (NAND2XBV4_140P7T30R)             0.01       5.91 r
  u_cp/u_kvqd/U12105/ZN (INV3_140P7T30R)                  0.01       5.92 f
  u_cp/u_kvqd/U41064/ZN (NOR2V4_140P7T30R)                0.01       5.93 r
  u_cp/u_kvqd/U23473/ZN (NAND3V4_140P7T30R)               0.02       5.95 f
  u_cp/u_kvqd/U41712/ZN (NOR3V6_140P7T30R)                0.02       5.97 r
  u_cp/u_kvqd/U26671/ZN (NAND2V3_140P7T30R)               0.02       5.99 f
  u_cp/u_kvqd/U12095/ZN (NOR2V4_140P7T30R)                0.01       6.00 r
  u_cp/u_kvqd/U22798/ZN (AOI12V2M_140P7T30R)              0.02       6.02 f
  u_cp/u_kvqd/U22796/ZN (NOR3V4_140P7T30R)                0.03       6.04 r
  u_cp/u_kvqd/U37986/ZN (NAND4V6_140P7T30R)               0.02       6.07 f
  u_cp/u_kvqd/wr_data[1] (kv_quantdequant)                0.00       6.07 f
  U11859/ZN (INV3_140P7T30R)                              0.01       6.08 r
  U596/ZN (OAI12V2M_140P7T30R)                            0.01       6.08 f
  hbm_wdata[1] (out)                                      0.00       6.08 f
  data arrival time                                                  6.08

  clock clk (rise edge)                                   1.00       1.00
  clock network delay (ideal)                             0.00       1.00
  output external delay                                   0.00       1.00
  data required time                                                 1.00
  --------------------------------------------------------------------------
  data required time                                                 1.00
  data arrival time                                                 -6.08
  --------------------------------------------------------------------------
  slack (VIOLATED)                                                  -5.08


  Startpoint: u_cp/u_kvqd/s_bits_reg[1]
              (rising edge-triggered flip-flop clocked by clk)
  Endpoint: hbm_wdata[2]
            (output port clocked by clk)
  Path Group: clk
  Path Type: max

  Point                                                   Incr       Path
  --------------------------------------------------------------------------
  clock clk (rise edge)                                   0.00       0.00
  clock network delay (ideal)                             0.00       0.00
  u_cp/u_kvqd/s_bits_reg[1]/CK (DQV6_140P7T30R)           0.00 #     0.00 r
  u_cp/u_kvqd/s_bits_reg[1]/Q (DQV6_140P7T30R)            0.06       0.06 f
  u_cp/u_kvqd/U31402/Z (CLKXOR2V6_140P7T30R)              0.03       0.09 r
  u_cp/u_kvqd/U9215/ZN (CLKINV16_140P7T30R)               0.02       0.11 f
  u_cp/u_kvqd/U17463/ZN (INV16_140P7T30R)                 0.01       0.12 r
  u_cp/u_kvqd/U14834/ZN (NOR2V16_140P7T30R)               0.01       0.13 f
  u_cp/u_kvqd/U9544/ZN (INV16_140P7T30R)                  0.01       0.14 r
  u_cp/u_kvqd/U14833/ZN (NOR2V16_140P7T30R)               0.01       0.14 f
  u_cp/u_kvqd/U10057/ZN (NOR2V16_140P7T30R)               0.01       0.16 r
  u_cp/u_kvqd/U16188/ZN (NAND2XBV16_140P7T30R)            0.01       0.17 f
  u_cp/u_kvqd/U38809/Z (CLKXOR2V6_140P7T30R)              0.03       0.19 f
  u_cp/u_kvqd/U39452/Z (CLKXOR2V6_140P7T30R)              0.03       0.22 f
  u_cp/u_kvqd/U10192/ZN (INV7_140P7T30R)                  0.01       0.24 r
  u_cp/u_kvqd/U15688/ZN (CLKNAND2V16_140P7T30R)           0.01       0.25 f
  u_cp/u_kvqd/U13930/ZN (NAND2V12_140P7T30R)              0.01       0.26 r
  u_cp/u_kvqd/U10315/ZN (NAND2V12_140P7T30R)              0.01       0.27 f
  u_cp/u_kvqd/U10314/ZN (NAND3V12_140P7T30R)              0.01       0.28 r
  u_cp/u_kvqd/U9128/ZN (CLKNAND2V4_140P7T30R)             0.02       0.30 f
  u_cp/u_kvqd/U19098/ZN (NAND2XBV6_140P7T30R)             0.01       0.31 r
  u_cp/u_kvqd/U20720/ZN (NAND2XBV8_140P7T30R)             0.01       0.32 f
  u_cp/u_kvqd/U19089/ZN (NOR2XBV12_140P7T30R)             0.01       0.34 r
  u_cp/u_kvqd/U11386/Z (CLKXOR2V12_140P7T30R)             0.03       0.37 r
  u_cp/u_kvqd/U14123/ZN (OAI22V12_140P7T30R)              0.02       0.39 f
  u_cp/u_kvqd/U9077/ZN (NAND2V12_140P7T30R)               0.01       0.40 r
  u_cp/u_kvqd/U17974/ZN (NAND3V8_140P7T30R)               0.02       0.42 f
  u_cp/u_kvqd/U17975/ZN (AOI22V12_140P7T30R)              0.02       0.44 r
  u_cp/u_kvqd/U17365/Z (CLKXOR2V12_140P7T30R)             0.04       0.48 r
  u_cp/u_kvqd/U15072/ZN (CLKNAND2V16_140P7T30R)           0.01       0.49 f
  u_cp/u_kvqd/U8795/Z (BUFV6_140P7T30R)                   0.02       0.51 f
  u_cp/u_kvqd/U18370/ZN (NAND3V12_140P7T30R)              0.01       0.52 r
  u_cp/u_kvqd/U18774/Z (CLKXOR2V6_140P7T30R)              0.03       0.55 r
  u_cp/u_kvqd/U8703/ZN (XNOR2V2_140P7T30R)                0.03       0.58 r
  u_cp/u_kvqd/U18368/ZN (XNOR2V4_140P7T30R)               0.04       0.62 r
  u_cp/u_kvqd/U18369/ZN (OAI12V6_140P7T30R)               0.02       0.64 f
  u_cp/u_kvqd/U14336/ZN (CLKNAND2V6_140P7T30R)            0.01       0.65 r
  u_cp/u_kvqd/U13123/ZN (XNOR2V4_140P7T30R)               0.03       0.68 r
  u_cp/u_kvqd/U20415/ZN (XNOR2V4_140P7T30R)               0.04       0.72 r
  u_cp/u_kvqd/U14332/ZN (NOR2V8_140P7T30R)                0.01       0.73 f
  u_cp/u_kvqd/U15879/ZN (NOR2V12_140P7T30R)               0.02       0.75 r
  u_cp/u_kvqd/U14367/ZN (NAND2V12_140P7T30R)              0.01       0.76 f
  u_cp/u_kvqd/U19356/ZN (NOR2V8_140P7T30R)                0.02       0.78 r
  u_cp/u_kvqd/U8578/ZN (CLKNAND2V6_140P7T30R)             0.01       0.79 f
  u_cp/u_kvqd/U12457/ZN (NOR2V12_140P7T30R)               0.02       0.81 r
  u_cp/u_kvqd/U8546/ZN (NOR2V8_140P7T30R)                 0.01       0.82 f
  u_cp/u_kvqd/U19488/ZN (CLKNAND2V16_140P7T30R)           0.01       0.84 r
  u_cp/u_kvqd/U16154/ZN (CLKNAND2V16_140P7T30R)           0.02       0.86 f
  u_cp/u_kvqd/U10511/ZN (INV24_140P7T30R)                 0.02       0.87 r
  u_cp/u_kvqd/U12216/ZN (CLKNAND2V16_140P7T30R)           0.01       0.88 f
  u_cp/u_kvqd/U35291/ZN (INV2_140P7T30R)                  0.02       0.90 r
  u_cp/u_kvqd/U44857/ZN (OAI22V4_140P7T30R)               0.02       0.92 f
  u_cp/u_kvqd/U8103/ZN (XNOR2V2_140P7T30R)                0.03       0.95 f
  u_cp/u_kvqd/U36546/ZN (XNOR2V2_140P7T30R)               0.04       0.99 f
  u_cp/u_kvqd/U15275/ZN (XNOR2V4_140P7T30R)               0.04       1.03 f
  u_cp/u_kvqd/U15274/ZN (XNOR2V4_140P7T30R)               0.03       1.06 f
  u_cp/u_kvqd/U8049/ZN (NOR2V6_140P7T30R)                 0.02       1.08 r
  u_cp/u_kvqd/U31110/ZN (OAI12V6_140P7T30R)               0.02       1.10 f
  u_cp/u_kvqd/U18077/ZN (AOI12V8_140P7T30R)               0.02       1.12 r
  u_cp/u_kvqd/U10456/ZN (NAND2V12_140P7T30R)              0.01       1.14 f
  u_cp/u_kvqd/U19009/ZN (NAND2XBV8_140P7T30R)             0.01       1.14 r
  u_cp/u_kvqd/U37258/ZN (NAND2V8_140P7T30R)               0.01       1.16 f
  u_cp/u_kvqd/U37257/ZN (AOI12V12_140P7T30R)              0.02       1.18 r
  u_cp/u_kvqd/U12899/ZN (CLKNAND2V16_140P7T30R)           0.02       1.20 f
  u_cp/u_kvqd/U12898/ZN (CLKINV32_140P7T30R)              0.02       1.21 r
  u_cp/u_kvqd/U7988/ZN (NAND2XBV6_140P7T30R)              0.01       1.23 f
  u_cp/u_kvqd/U15238/ZN (OAI12V12_140P7T30R)              0.01       1.24 r
  u_cp/u_kvqd/U14064/ZN (NAND2V12_140P7T30R)              0.01       1.25 f
  u_cp/u_kvqd/U13066/ZN (NOR2V16_140P7T30R)               0.02       1.27 r
  u_cp/u_kvqd/U7932/ZN (NOR2V8_140P7T30R)                 0.01       1.28 f
  u_cp/u_kvqd/U7914/ZN (CLKINV12_140P7T30R)               0.01       1.29 r
  u_cp/u_kvqd/U13527/ZN (INV32_140P7T30R)                 0.01       1.31 f
  u_cp/u_kvqd/U7816/ZN (CLKINV16_140P7T30R)               0.01       1.31 r
  u_cp/u_kvqd/U14711/ZN (NOR2V12_140P7T30R)               0.01       1.32 f
  u_cp/u_kvqd/U17920/ZN (NOR2XBV16_140P7T30R)             0.02       1.34 r
  u_cp/u_kvqd/U17407/ZN (CLKNAND2V16_140P7T30R)           0.01       1.35 f
  u_cp/u_kvqd/U20850/ZN (OAI12V12_140P7T30R)              0.01       1.36 r
  u_cp/u_kvqd/U20376/ZN (OAI12V8_140P7T30R)               0.01       1.37 f
  u_cp/u_kvqd/U19420/ZN (NAND2V8_140P7T30R)               0.01       1.38 r
  u_cp/u_kvqd/U17568/ZN (NAND2V8_140P7T30R)               0.01       1.40 f
  u_cp/u_kvqd/U13316/ZN (NAND2XBV12_140P7T30R)            0.01       1.41 r
  u_cp/u_kvqd/U24259/ZN (INV2_140P7T30R)                  0.01       1.42 f
  u_cp/u_kvqd/U26425/Z (OR2V2_140P7T30R)                  0.03       1.44 f
  u_cp/u_kvqd/U31037/ZN (NOR3V4_140P7T30R)                0.02       1.46 r
  u_cp/u_kvqd/U31026/ZN (NAND3V3_140P7T30R)               0.02       1.48 f
  u_cp/u_kvqd/U19487/ZN (NOR2V6_140P7T30R)                0.02       1.50 r
  u_cp/u_kvqd/U17291/ZN (NOR2V8_140P7T30R)                0.01       1.51 f
  u_cp/u_kvqd/U26409/Z (BUFV16_140P7T30R)                 0.02       1.53 f
  u_cp/u_kvqd/U7504/ZN (CLKINV12_140P7T30R)               0.01       1.55 r
  u_cp/u_kvqd/U29376/ZN (NOR2V6_140P7T30R)                0.01       1.56 f
  u_cp/u_kvqd/U32293/ZN (CLKINV3_140P7T30R)               0.01       1.56 r
  u_cp/u_kvqd/U28524/ZN (NAND2V3_140P7T30R)               0.01       1.57 f
  u_cp/u_kvqd/U19507/ZN (NAND2XBV8_140P7T30R)             0.02       1.59 f
  u_cp/u_kvqd/U7450/ZN (NOR2V6_140P7T30R)                 0.01       1.61 r
  u_cp/u_kvqd/U31002/ZN (NAND2V3_140P7T30R)               0.01       1.62 f
  u_cp/u_kvqd/U19880/ZN (AOI13V6_140P7T30R)               0.03       1.65 r
  u_cp/u_kvqd/U11252/ZN (CLKNAND2V16_140P7T30R)           0.03       1.68 f
  u_cp/u_kvqd/U9971/ZN (INV32_140P7T30R)                  0.02       1.70 r
  u_cp/u_kvqd/U7333/ZN (NOR2V8_140P7T30R)                 0.01       1.71 f
  u_cp/u_kvqd/U12244/ZN (NAND2V8_140P7T30R)               0.01       1.72 r
  u_cp/u_kvqd/U17485/ZN (OAI12V12_140P7T30R)              0.01       1.73 f
  u_cp/u_kvqd/U17486/ZN (NOR2V12_140P7T30R)               0.02       1.74 r
  u_cp/u_kvqd/U7177/ZN (NAND2V8_140P7T30R)                0.01       1.76 f
  u_cp/u_kvqd/U14350/ZN (NAND2XBV12_140P7T30R)            0.01       1.77 r
  u_cp/u_kvqd/U9382/ZN (NAND3V6_140P7T30R)                0.02       1.78 f
  u_cp/u_kvqd/U11696/ZN (NAND3V6_140P7T30R)               0.02       1.80 r
  u_cp/u_kvqd/U11695/ZN (CLKNAND2V16_140P7T30R)           0.02       1.82 f
  u_cp/u_kvqd/U12968/Z (BUFV32_140P7T30R)                 0.02       1.84 f
  u_cp/u_kvqd/U9401/Z (CLKXOR2V12_140P7T30R)              0.03       1.87 f
  u_cp/u_kvqd/U6665/ZN (OAI22V4_140P7T30R)                0.02       1.89 r
  u_cp/u_kvqd/U6569/Z (MAJ23V2_140P7T30R)                 0.04       1.93 r
  u_cp/u_kvqd/U12645/Z (AO1B2V4_140P7T30R)                0.01       1.94 f
  u_cp/u_kvqd/U15866/Z (AO1B2V4_140P7T30R)                0.02       1.96 r
  u_cp/u_kvqd/U18033/Z (CLKXOR2V6_140P7T30R)              0.03       1.99 r
  u_cp/u_kvqd/U13946/Z (CLKXOR2V6_140P7T30R)              0.04       2.03 r
  u_cp/u_kvqd/U30844/ZN (CLKNAND2V4_140P7T30R)            0.02       2.05 f
  u_cp/u_kvqd/U16050/ZN (NAND2V12_140P7T30R)              0.01       2.06 r
  u_cp/u_kvqd/U37915/Z (CLKXOR2V6_140P7T30R)              0.03       2.09 r
  u_cp/u_kvqd/U37914/Z (CLKXOR2V6_140P7T30R)              0.03       2.12 r
  u_cp/u_kvqd/U37912/ZN (NOR2V12_140P7T30R)               0.01       2.14 f
  u_cp/u_kvqd/U9423/ZN (NOR2V12_140P7T30R)                0.02       2.16 r
  u_cp/u_kvqd/U19547/ZN (NAND2V12_140P7T30R)              0.02       2.17 f
  u_cp/u_kvqd/U16979/ZN (OAI12V12_140P7T30R)              0.02       2.19 r
  u_cp/u_kvqd/U6294/ZN (CLKNAND2V6_140P7T30R)             0.02       2.21 f
  u_cp/u_kvqd/U16888/ZN (NAND4V6_140P7T30R)               0.02       2.23 r
  u_cp/u_kvqd/U11745/ZN (CLKNAND2V16_140P7T30R)           0.02       2.25 f
  u_cp/u_kvqd/U37831/ZN (NOR2V16_140P7T30R)               0.02       2.27 r
  u_cp/u_kvqd/U6249/ZN (CLKINV20_140P7T30R)               0.01       2.29 f
  u_cp/u_kvqd/U12239/ZN (INV40_140P7T30R)                 0.01       2.30 r
  u_cp/u_kvqd/U19649/ZN (CLKNAND2V16_140P7T30R)           0.02       2.32 f
  u_cp/u_kvqd/U6009/ZN (NAND3V2_140P7T30R)                0.02       2.33 r
  u_cp/u_kvqd/U12644/Z (AND2V6_140P7T30R)                 0.02       2.36 r
  u_cp/u_kvqd/U34604/Z (CLKXOR2V6_140P7T30R)              0.03       2.39 r
  u_cp/u_kvqd/U38443/Z (CLKXOR2V6_140P7T30R)              0.03       2.42 r
  u_cp/u_kvqd/U13938/Z (CLKXOR2V6_140P7T30R)              0.03       2.45 r
  u_cp/u_kvqd/U5866/ZN (NOR2V6_140P7T30R)                 0.01       2.46 f
  u_cp/u_kvqd/U5856/ZN (CLKINV10_140P7T30R)               0.01       2.47 r
  u_cp/u_kvqd/U20037/ZN (NAND2XBV8_140P7T30R)             0.01       2.48 f
  u_cp/u_kvqd/U5843/ZN (NOR2V8_140P7T30R)                 0.02       2.50 r
  u_cp/u_kvqd/U5815/ZN (NAND3V3_140P7T30R)                0.02       2.52 f
  u_cp/u_kvqd/U17744/ZN (NOR2V8_140P7T30R)                0.02       2.54 r
  u_cp/u_kvqd/U19161/ZN (NOR2V6_140P7T30R)                0.01       2.55 f
  u_cp/u_kvqd/U15972/ZN (OAI12V8_140P7T30R)               0.02       2.57 r
  u_cp/u_kvqd/U19570/ZN (NAND2V12_140P7T30R)              0.01       2.58 f
  u_cp/u_kvqd/U21291/ZN (NOR2V16_140P7T30R)               0.02       2.60 r
  u_cp/u_kvqd/U21290/ZN (CLKNAND2V16_140P7T30R)           0.02       2.63 f
  u_cp/u_kvqd/U13008/ZN (CLKINV20_140P7T30R)              0.02       2.64 r
  u_cp/u_kvqd/U30651/ZN (AOI12V8_140P7T30R)               0.02       2.66 f
  u_cp/u_kvqd/U21323/ZN (CLKNAND2V16_140P7T30R)           0.02       2.68 r
  u_cp/u_kvqd/U36839/ZN (CLKNAND2V16_140P7T30R)           0.02       2.69 f
  u_cp/u_kvqd/U13843/ZN (NOR2V16_140P7T30R)               0.02       2.71 r
  u_cp/u_kvqd/U16380/Z (CLKXOR2V12_140P7T30R)             0.03       2.74 r
  u_cp/u_kvqd/U16379/ZN (CLKNAND2V16_140P7T30R)           0.01       2.75 f
  u_cp/u_kvqd/U11113/ZN (NAND2XBV16_140P7T30R)            0.01       2.76 r
  u_cp/u_kvqd/U5485/ZN (INV24_140P7T30R)                  0.01       2.77 f
  u_cp/u_kvqd/U5446/ZN (INV32_140P7T30R)                  0.01       2.78 r
  u_cp/u_kvqd/U5351/Z (BUFV6_140P7T30R)                   0.02       2.80 r
  u_cp/u_kvqd/U5278/ZN (NAND3V4_140P7T30R)                0.02       2.82 f
  u_cp/u_kvqd/U17073/ZN (OAI12V8_140P7T30R)               0.02       2.84 r
  u_cp/u_kvqd/U5219/ZN (NAND2V2_140P7T30R)                0.02       2.85 f
  u_cp/u_kvqd/U5192/ZN (INV4_140P7T30R)                   0.02       2.87 r
  u_cp/u_kvqd/U12243/ZN (AOI12V12_140P7T30R)              0.01       2.88 f
  u_cp/u_kvqd/U10489/ZN (CLKNAND2V16_140P7T30R)           0.01       2.89 r
  u_cp/u_kvqd/U20537/ZN (OAI12V8_140P7T30R)               0.01       2.90 f
  u_cp/u_kvqd/U17411/ZN (NOR2V16_140P7T30R)               0.02       2.92 r
  u_cp/u_kvqd/U16083/ZN (OAI12V12_140P7T30R)              0.01       2.93 f
  u_cp/u_kvqd/U26025/ZN (AOI12V4_140P7T30R)               0.02       2.95 r
  u_cp/u_kvqd/U26021/ZN (OAI12V4_140P7T30R)               0.02       2.97 f
  u_cp/u_kvqd/U4930/ZN (NOR2V4_140P7T30R)                 0.02       2.98 r
  u_cp/u_kvqd/U4912/Z (XOR2V4_140P7T30R)                  0.03       3.02 r
  u_cp/u_kvqd/U37294/ZN (AOI12V12_140P7T30R)              0.02       3.04 f
  u_cp/u_kvqd/U20093/ZN (CLKNAND2V16_140P7T30R)           0.02       3.06 r
  u_cp/u_kvqd/U14921/ZN (CLKINV16_140P7T30R)              0.01       3.06 f
  u_cp/u_kvqd/U4820/Z (BUFV4_140P7T30R)                   0.02       3.08 f
  u_cp/u_kvqd/U30510/ZN (NAND3V3_140P7T30R)               0.01       3.09 r
  u_cp/u_kvqd/U11107/ZN (NAND3V6_140P7T30R)               0.02       3.11 f
  u_cp/u_kvqd/U31975/ZN (NOR2V12_140P7T30R)               0.02       3.14 r
  u_cp/u_kvqd/U4607/ZN (INV24_140P7T30R)                  0.01       3.15 f
  u_cp/u_kvqd/U4652/ZN (NAND2V12_140P7T30R)               0.01       3.16 r
  u_cp/u_kvqd/U22472/Z (OR2V2_140P7T30R)                  0.02       3.18 r
  u_cp/u_kvqd/U4601/ZN (NAND4V4_140P7T30R)                0.02       3.20 f
  u_cp/u_kvqd/U11099/ZN (NOR2V6_140P7T30R)                0.02       3.22 r
  u_cp/u_kvqd/U4530/ZN (NOR2V8_140P7T30R)                 0.01       3.23 f
  u_cp/u_kvqd/U12675/ZN (NAND2V12_140P7T30R)              0.01       3.24 r
  u_cp/u_kvqd/U4231/ZN (INV6_140P7T30R)                   0.02       3.26 f
  u_cp/u_kvqd/U34203/ZN (XNOR2V2_140P7T30R)               0.03       3.29 f
  u_cp/u_kvqd/U22457/ZN (OAI22V1_140P7T30R)               0.05       3.33 r
  u_cp/u_kvqd/U34168/ZN (XNOR2V2_140P7T30R)               0.04       3.37 f
  u_cp/u_kvqd/U45316/CO (AD1V4_140P7T30R)                 0.05       3.42 f
  u_cp/u_kvqd/U14436/ZN (XNOR2V2_140P7T30R)               0.03       3.45 f
  u_cp/u_kvqd/U14435/ZN (XNOR2V2_140P7T30R)               0.03       3.48 f
  u_cp/u_kvqd/U13847/ZN (INV4_140P7T30R)                  0.01       3.50 r
  u_cp/u_kvqd/U10604/ZN (XNOR2V4_140P7T30R)               0.03       3.53 r
  u_cp/u_kvqd/U14427/Z (CLKOR2V8_140P7T30R)               0.02       3.55 r
  u_cp/u_kvqd/U3563/ZN (CLKNAND2V6_140P7T30R)             0.02       3.56 f
  u_cp/u_kvqd/U11105/ZN (NOR2V12_140P7T30R)               0.02       3.58 r
  u_cp/u_kvqd/U18018/ZN (NAND2V12_140P7T30R)              0.01       3.60 f
  u_cp/u_kvqd/U3508/ZN (INV6_140P7T30R)                   0.01       3.61 r
  u_cp/u_kvqd/U12596/ZN (NAND2V12_140P7T30R)              0.01       3.62 f
  u_cp/u_kvqd/U12865/ZN (CLKNAND2V16_140P7T30R)           0.01       3.63 r
  u_cp/u_kvqd/U28158/ZN (NAND2V8_140P7T30R)               0.01       3.64 f
  u_cp/u_kvqd/U15970/ZN (NAND2V12_140P7T30R)              0.01       3.65 r
  u_cp/u_kvqd/U18694/ZN (NOR2V12_140P7T30R)               0.01       3.66 f
  u_cp/u_kvqd/U37781/ZN (NAND2V12_140P7T30R)              0.01       3.67 r
  u_cp/u_kvqd/U37780/ZN (NAND3V8_140P7T30R)               0.02       3.69 f
  u_cp/u_kvqd/U19803/ZN (CLKINV16_140P7T30R)              0.02       3.71 r
  u_cp/u_kvqd/U12799/ZN (INV32_140P7T30R)                 0.01       3.72 f
  u_cp/u_kvqd/U3386/ZN (INV16_140P7T30R)                  0.01       3.73 r
  u_cp/u_kvqd/U14081/ZN (CLKNAND2V16_140P7T30R)           0.01       3.74 f
  u_cp/u_kvqd/U17597/ZN (CLKNAND2V16_140P7T30R)           0.01       3.75 r
  u_cp/u_kvqd/U24775/Z (CLKXOR2V6_140P7T30R)              0.03       3.79 r
  u_cp/u_kvqd/U20200/ZN (OAI22V6_140P7T30R)               0.02       3.81 f
  u_cp/u_kvqd/U28137/ZN (XNOR2V2_140P7T30R)               0.04       3.84 f
  u_cp/u_kvqd/U37273/ZN (XNOR2V4_140P7T30R)               0.04       3.88 f
  u_cp/u_kvqd/U41307/Z (MAJ23V4_140P7T30R)                0.04       3.92 f
  u_cp/u_kvqd/U3028/ZN (NOR2V4_140P7T30R)                 0.03       3.95 r
  u_cp/u_kvqd/U3010/ZN (NOR3V6_140P7T30R)                 0.02       3.96 f
  u_cp/u_kvqd/U37263/ZN (AOI12V12_140P7T30R)              0.02       3.99 r
  u_cp/u_kvqd/U20303/ZN (NAND3V8_140P7T30R)               0.02       4.01 f
  u_cp/u_kvqd/U13877/ZN (NOR2V12_140P7T30R)               0.02       4.02 r
  u_cp/u_kvqd/U15237/ZN (CLKNAND2V16_140P7T30R)           0.02       4.04 f
  u_cp/u_kvqd/U36822/ZN (CLKNAND2V16_140P7T30R)           0.01       4.05 r
  u_cp/u_kvqd/U2979/ZN (OAI12V8_140P7T30R)                0.02       4.07 f
  u_cp/u_kvqd/U9245/ZN (CLKNAND2V16_140P7T30R)            0.01       4.08 r
  u_cp/u_kvqd/U2942/ZN (NAND2XBV12_140P7T30R)             0.01       4.10 f
  u_cp/u_kvqd/U19537/ZN (CLKNAND2V16_140P7T30R)           0.02       4.12 r
  u_cp/u_kvqd/U2931/ZN (INV16_140P7T30R)                  0.01       4.12 f
  u_cp/u_kvqd/U2927/ZN (NOR2V8_140P7T30R)                 0.02       4.14 r
  u_cp/u_kvqd/U2871/ZN (NAND3V3_140P7T30R)                0.02       4.16 f
  u_cp/u_kvqd/U27081/Z (CLKXOR2V6_140P7T30R)              0.03       4.20 f
  u_cp/u_kvqd/U18364/ZN (NOR2V12_140P7T30R)               0.02       4.21 r
  u_cp/u_kvqd/U2729/Z (CLKOR2V12_140P7T30R)               0.02       4.23 r
  u_cp/u_kvqd/U16469/ZN (NOR2V16_140P7T30R)               0.01       4.24 f
  u_cp/u_kvqd/U19554/ZN (CLKNAND2V16_140P7T30R)           0.01       4.25 r
  u_cp/u_kvqd/U16848/ZN (INV24_140P7T30R)                 0.01       4.26 f
  u_cp/u_kvqd/U2537/ZN (OAI12V8_140P7T30R)                0.01       4.28 r
  u_cp/u_kvqd/U18511/ZN (NAND3V12_140P7T30R)              0.02       4.30 f
  u_cp/u_kvqd/U27047/ZN (NOR2V6_140P7T30R)                0.03       4.33 r
  u_cp/u_kvqd/U9343/ZN (NOR2V12_140P7T30R)                0.01       4.34 f
  u_cp/u_kvqd/U16882/ZN (AOI12V8_140P7T30R)               0.03       4.37 r
  u_cp/u_kvqd/U2351/ZN (OAI12V6_140P7T30R)                0.01       4.38 f
  u_cp/u_kvqd/U2328/ZN (NOR2V4_140P7T30R)                 0.02       4.40 r
  u_cp/u_kvqd/U9337/ZN (NAND2V8_140P7T30R)                0.01       4.41 f
  u_cp/u_kvqd/U16592/Z (CLKXOR2V6_140P7T30R)              0.03       4.44 f
  u_cp/u_kvqd/U37605/ZN (OAI22BBV4_140P7T30R)             0.02       4.46 r
  u_cp/u_kvqd/U9283/ZN (NAND2XBV16_140P7T30R)             0.02       4.48 r
  u_cp/u_kvqd/U2228/ZN (INV7_140P7T30R)                   0.01       4.49 f
  u_cp/u_kvqd/U13543/ZN (NAND2V8_140P7T30R)               0.01       4.50 r
  u_cp/u_kvqd/U20431/ZN (NOR2V8_140P7T30R)                0.01       4.51 f
  u_cp/u_kvqd/U15524/ZN (AOI13V6_140P7T30R)               0.02       4.53 r
  u_cp/u_kvqd/U37551/ZN (CLKNAND2V16_140P7T30R)           0.02       4.55 f
  u_cp/u_kvqd/U11309/ZN (CLKINV20_140P7T30R)              0.01       4.57 r
  u_cp/u_kvqd/U10268/ZN (NOR2V16_140P7T30R)               0.01       4.58 f
  u_cp/u_kvqd/U11296/Z (BUFV20_140P7T30R)                 0.02       4.60 f
  u_cp/u_kvqd/U38720/ZN (AOI12V12_140P7T30R)              0.02       4.61 r
  u_cp/u_kvqd/U16456/ZN (CLKNAND2V16_140P7T30R)           0.01       4.63 f
  u_cp/u_kvqd/U2046/ZN (NAND2XBV8_140P7T30R)              0.01       4.64 r
  u_cp/u_kvqd/U36993/ZN (OAI12V12_140P7T30R)              0.01       4.65 f
  u_cp/u_kvqd/U17600/ZN (NAND2V8_140P7T30R)               0.01       4.66 r
  u_cp/u_kvqd/U20754/ZN (NAND2XBV12_140P7T30R)            0.01       4.67 f
  u_cp/u_kvqd/U38032/ZN (NOR2V16_140P7T30R)               0.02       4.69 r
  u_cp/u_kvqd/U1937/ZN (INV7_140P7T30R)                   0.01       4.70 f
  u_cp/u_kvqd/U28042/ZN (CLKINV12_140P7T30R)              0.01       4.72 r
  u_cp/u_kvqd/U17584/Z (CLKXOR2V6_140P7T30R)              0.03       4.75 r
  u_cp/u_kvqd/U21608/ZN (OAI22V8_140P7T30R)               0.02       4.76 f
  u_cp/u_kvqd/U33385/ZN (XNOR2V2_140P7T30R)               0.04       4.80 f
  u_cp/u_kvqd/U31578/ZN (XNOR2V2_140P7T30R)               0.04       4.84 f
  u_cp/u_kvqd/U17574/ZN (OAI12V4_140P7T30R)               0.02       4.86 r
  u_cp/u_kvqd/U17575/ZN (CLKNAND2V4_140P7T30R)            0.01       4.87 f
  u_cp/u_kvqd/U1583/ZN (OAI12V2_140P7T30R)                0.02       4.89 r
  u_cp/u_kvqd/U22953/ZN (NAND2V3_140P7T30R)               0.01       4.90 f
  u_cp/u_kvqd/U33297/ZN (XNOR2V2_140P7T30R)               0.03       4.93 f
  u_cp/u_kvqd/U31560/ZN (XNOR2V2_140P7T30R)               0.04       4.96 f
  u_cp/u_kvqd/U31548/Z (OR2V6_140P7T30R)                  0.04       5.00 f
  u_cp/u_kvqd/U13654/ZN (NAND2V12_140P7T30R)              0.01       5.01 r
  u_cp/u_kvqd/U16475/ZN (NOR2V16_140P7T30R)               0.01       5.02 f
  u_cp/u_kvqd/U21324/ZN (NAND2V8_140P7T30R)               0.01       5.03 r
  u_cp/u_kvqd/U13164/ZN (INV8_140P7T30R)                  0.01       5.04 f
  u_cp/u_kvqd/U13655/ZN (NAND2XBV8_140P7T30R)             0.01       5.05 r
  u_cp/u_kvqd/U1135/ZN (NOR2V6_140P7T30R)                 0.01       5.05 f
  u_cp/u_kvqd/U1127/ZN (NOR2V6_140P7T30R)                 0.01       5.07 r
  u_cp/u_kvqd/U13155/ZN (NAND2V8_140P7T30R)               0.01       5.08 f
  u_cp/u_kvqd/U1110/ZN (NOR2V4_140P7T30R)                 0.02       5.09 r
  u_cp/u_kvqd/U37906/ZN (OAI12V8_140P7T30R)               0.02       5.11 f
  u_cp/u_kvqd/U37817/ZN (CLKNAND2V16_140P7T30R)           0.02       5.13 r
  u_cp/u_kvqd/U10346/ZN (NOR2V16_140P7T30R)               0.01       5.14 f
  u_cp/u_kvqd/U13141/ZN (INV24_140P7T30R)                 0.01       5.15 r
  u_cp/u_kvqd/U36942/ZN (CLKINV32_140P7T30R)              0.01       5.17 f
  u_cp/u_kvqd/U11964/ZN (AOI12V12_140P7T30R)              0.03       5.20 r
  u_cp/u_kvqd/U1015/ZN (NAND3V4_140P7T30R)                0.03       5.22 f
  u_cp/u_kvqd/U14425/ZN (CLKNAND2V4_140P7T30R)            0.02       5.24 r
  u_cp/u_kvqd/U27990/Z (OA22V6_140P7T30R)                 0.03       5.27 r
  u_cp/u_kvqd/U18211/ZN (OAI12V8_140P7T30R)               0.02       5.29 f
  u_cp/u_kvqd/U20928/ZN (AOI12V8_140P7T30R)               0.02       5.31 r
  u_cp/u_kvqd/U38865/Z (CLKXOR2V6_140P7T30R)              0.03       5.33 r
  u_cp/u_kvqd/U18213/ZN (XNOR2V4_140P7T30R)               0.04       5.37 r
  u_cp/u_kvqd/U19748/ZN (CLKNAND2V4_140P7T30R)            0.02       5.39 f
  u_cp/u_kvqd/U38618/ZN (OAI12V8_140P7T30R)               0.02       5.41 r
  u_cp/u_kvqd/U37454/ZN (AOI12V12_140P7T30R)              0.02       5.42 f
  u_cp/u_kvqd/U37453/ZN (MUX2NV4_140P7T30R)               0.03       5.45 f
  u_cp/u_kvqd/U38792/ZN (AOI12V12_140P7T30R)              0.02       5.47 r
  u_cp/u_kvqd/U38791/ZN (CLKNAND2V16_140P7T30R)           0.03       5.50 f
  u_cp/u_kvqd/U14923/Z (CLKBUFV20_140P7T30R)              0.02       5.53 f
  u_cp/u_kvqd/U596/ZN (NAND2XBV12_140P7T30R)              0.02       5.54 r
  u_cp/u_kvqd/U20437/ZN (INV24_140P7T30R)                 0.01       5.55 f
  u_cp/u_kvqd/U16680/ZN (AOI22V12_140P7T30R)              0.03       5.58 r
  u_cp/u_kvqd/U26762/ZN (INV4_140P7T30R)                  0.02       5.60 f
  u_cp/u_kvqd/U20522/ZN (AOI12V6_140P7T30R)               0.02       5.62 r
  u_cp/u_kvqd/U26746/ZN (AOI21BV2_140P7T30R)              0.03       5.65 r
  u_cp/u_kvqd/U16143/Z (AO1B2V4_140P7T30R)                0.01       5.66 f
  u_cp/u_kvqd/U9486/ZN (AOI12V4_140P7T30R)                0.02       5.68 r
  u_cp/u_kvqd/U11313/ZN (NOR2V6_140P7T30R)                0.01       5.69 f
  u_cp/u_kvqd/U9524/ZN (NOR3V6_140P7T30R)                 0.03       5.72 r
  u_cp/u_kvqd/U11310/ZN (NAND3V8_140P7T30R)               0.02       5.74 f
  u_cp/u_kvqd/U32798/ZN (NOR2V12_140P7T30R)               0.02       5.75 r
  u_cp/u_kvqd/U22219/ZN (NOR2V12_140P7T30R)               0.02       5.77 f
  u_cp/u_kvqd/U216/Z (BUFV5_140P7T30R)                    0.03       5.80 f
  u_cp/u_kvqd/U166/ZN (AOI12V2_140P7T30R)                 0.03       5.83 r
  u_cp/u_kvqd/U26698/ZN (NAND4XXBBV2_140P7T30R)           0.02       5.86 f
  u_cp/u_kvqd/U29586/ZN (NOR2V2_140P7T30R)                0.02       5.88 r
  u_cp/u_kvqd/U32688/ZN (NAND3V3_140P7T30R)               0.02       5.90 f
  u_cp/u_kvqd/U40600/ZN (NAND2XBV4_140P7T30R)             0.01       5.91 r
  u_cp/u_kvqd/U40721/Z (AND2V6_140P7T30R)                 0.02       5.93 r
  u_cp/u_kvqd/U19358/ZN (NAND4V6_140P7T30R)               0.02       5.95 f
  u_cp/u_kvqd/U19357/ZN (NOR2V8_140P7T30R)                0.02       5.98 r
  u_cp/u_kvqd/U11302/ZN (NAND2V12_140P7T30R)              0.01       5.99 f
  u_cp/u_kvqd/U15854/ZN (NAND2V12_140P7T30R)              0.01       6.00 r
  u_cp/u_kvqd/U29566/ZN (NAND2XBV12_140P7T30R)            0.01       6.01 f
  u_cp/u_kvqd/U29564/ZN (NOR2V12_140P7T30R)               0.01       6.02 r
  u_cp/u_kvqd/U38870/ZN (OAI12V12_140P7T30R)              0.01       6.04 f
  u_cp/u_kvqd/U38869/ZN (AOI12V12_140P7T30R)              0.01       6.05 r
  u_cp/u_kvqd/U10218/ZN (NAND4V6_140P7T30R)               0.01       6.06 f
  u_cp/u_kvqd/wr_data[2] (kv_quantdequant)                0.00       6.06 f
  U594/ZN (INV3_140P7T30R)                                0.01       6.07 r
  U564/ZN (OAI12V2M_140P7T30R)                            0.01       6.08 f
  hbm_wdata[2] (out)                                      0.00       6.08 f
  data arrival time                                                  6.08

  clock clk (rise edge)                                   1.00       1.00
  clock network delay (ideal)                             0.00       1.00
  output external delay                                   0.00       1.00
  data required time                                                 1.00
  --------------------------------------------------------------------------
  data required time                                                 1.00
  data arrival time                                                 -6.08
  --------------------------------------------------------------------------
  slack (VIOLATED)                                                  -5.08


  Startpoint: u_cp/u_kvqd/s_bits_reg[1]
              (rising edge-triggered flip-flop clocked by clk)
  Endpoint: hbm_wdata[4]
            (output port clocked by clk)
  Path Group: clk
  Path Type: max

  Point                                                   Incr       Path
  --------------------------------------------------------------------------
  clock clk (rise edge)                                   0.00       0.00
  clock network delay (ideal)                             0.00       0.00
  u_cp/u_kvqd/s_bits_reg[1]/CK (DQV6_140P7T30R)           0.00 #     0.00 r
  u_cp/u_kvqd/s_bits_reg[1]/Q (DQV6_140P7T30R)            0.06       0.06 f
  u_cp/u_kvqd/U31402/Z (CLKXOR2V6_140P7T30R)              0.03       0.09 r
  u_cp/u_kvqd/U9215/ZN (CLKINV16_140P7T30R)               0.02       0.11 f
  u_cp/u_kvqd/U17463/ZN (INV16_140P7T30R)                 0.01       0.12 r
  u_cp/u_kvqd/U14834/ZN (NOR2V16_140P7T30R)               0.01       0.13 f
  u_cp/u_kvqd/U9544/ZN (INV16_140P7T30R)                  0.01       0.14 r
  u_cp/u_kvqd/U14833/ZN (NOR2V16_140P7T30R)               0.01       0.14 f
  u_cp/u_kvqd/U10057/ZN (NOR2V16_140P7T30R)               0.01       0.16 r
  u_cp/u_kvqd/U16188/ZN (NAND2XBV16_140P7T30R)            0.01       0.17 f
  u_cp/u_kvqd/U38809/Z (CLKXOR2V6_140P7T30R)              0.03       0.19 f
  u_cp/u_kvqd/U39452/Z (CLKXOR2V6_140P7T30R)              0.03       0.22 f
  u_cp/u_kvqd/U10192/ZN (INV7_140P7T30R)                  0.01       0.24 r
  u_cp/u_kvqd/U15688/ZN (CLKNAND2V16_140P7T30R)           0.01       0.25 f
  u_cp/u_kvqd/U13930/ZN (NAND2V12_140P7T30R)              0.01       0.26 r
  u_cp/u_kvqd/U10315/ZN (NAND2V12_140P7T30R)              0.01       0.27 f
  u_cp/u_kvqd/U10314/ZN (NAND3V12_140P7T30R)              0.01       0.28 r
  u_cp/u_kvqd/U9128/ZN (CLKNAND2V4_140P7T30R)             0.02       0.30 f
  u_cp/u_kvqd/U19098/ZN (NAND2XBV6_140P7T30R)             0.01       0.31 r
  u_cp/u_kvqd/U20720/ZN (NAND2XBV8_140P7T30R)             0.01       0.32 f
  u_cp/u_kvqd/U19089/ZN (NOR2XBV12_140P7T30R)             0.01       0.34 r
  u_cp/u_kvqd/U11386/Z (CLKXOR2V12_140P7T30R)             0.03       0.37 r
  u_cp/u_kvqd/U14123/ZN (OAI22V12_140P7T30R)              0.02       0.39 f
  u_cp/u_kvqd/U9077/ZN (NAND2V12_140P7T30R)               0.01       0.40 r
  u_cp/u_kvqd/U17974/ZN (NAND3V8_140P7T30R)               0.02       0.42 f
  u_cp/u_kvqd/U17975/ZN (AOI22V12_140P7T30R)              0.02       0.44 r
  u_cp/u_kvqd/U17365/Z (CLKXOR2V12_140P7T30R)             0.04       0.48 r
  u_cp/u_kvqd/U15072/ZN (CLKNAND2V16_140P7T30R)           0.01       0.49 f
  u_cp/u_kvqd/U8795/Z (BUFV6_140P7T30R)                   0.02       0.51 f
  u_cp/u_kvqd/U18370/ZN (NAND3V12_140P7T30R)              0.01       0.52 r
  u_cp/u_kvqd/U18774/Z (CLKXOR2V6_140P7T30R)              0.03       0.55 r
  u_cp/u_kvqd/U8703/ZN (XNOR2V2_140P7T30R)                0.03       0.58 r
  u_cp/u_kvqd/U18368/ZN (XNOR2V4_140P7T30R)               0.04       0.62 r
  u_cp/u_kvqd/U18369/ZN (OAI12V6_140P7T30R)               0.02       0.64 f
  u_cp/u_kvqd/U14336/ZN (CLKNAND2V6_140P7T30R)            0.01       0.65 r
  u_cp/u_kvqd/U13123/ZN (XNOR2V4_140P7T30R)               0.03       0.68 r
  u_cp/u_kvqd/U20415/ZN (XNOR2V4_140P7T30R)               0.04       0.72 r
  u_cp/u_kvqd/U14332/ZN (NOR2V8_140P7T30R)                0.01       0.73 f
  u_cp/u_kvqd/U15879/ZN (NOR2V12_140P7T30R)               0.02       0.75 r
  u_cp/u_kvqd/U14367/ZN (NAND2V12_140P7T30R)              0.01       0.76 f
  u_cp/u_kvqd/U19356/ZN (NOR2V8_140P7T30R)                0.02       0.78 r
  u_cp/u_kvqd/U8578/ZN (CLKNAND2V6_140P7T30R)             0.01       0.79 f
  u_cp/u_kvqd/U12457/ZN (NOR2V12_140P7T30R)               0.02       0.81 r
  u_cp/u_kvqd/U8546/ZN (NOR2V8_140P7T30R)                 0.01       0.82 f
  u_cp/u_kvqd/U19488/ZN (CLKNAND2V16_140P7T30R)           0.01       0.84 r
  u_cp/u_kvqd/U16154/ZN (CLKNAND2V16_140P7T30R)           0.02       0.86 f
  u_cp/u_kvqd/U10511/ZN (INV24_140P7T30R)                 0.02       0.87 r
  u_cp/u_kvqd/U12216/ZN (CLKNAND2V16_140P7T30R)           0.01       0.88 f
  u_cp/u_kvqd/U35291/ZN (INV2_140P7T30R)                  0.02       0.90 r
  u_cp/u_kvqd/U44857/ZN (OAI22V4_140P7T30R)               0.02       0.92 f
  u_cp/u_kvqd/U8103/ZN (XNOR2V2_140P7T30R)                0.03       0.95 f
  u_cp/u_kvqd/U36546/ZN (XNOR2V2_140P7T30R)               0.04       0.99 f
  u_cp/u_kvqd/U15275/ZN (XNOR2V4_140P7T30R)               0.04       1.03 f
  u_cp/u_kvqd/U15274/ZN (XNOR2V4_140P7T30R)               0.03       1.06 f
  u_cp/u_kvqd/U8049/ZN (NOR2V6_140P7T30R)                 0.02       1.08 r
  u_cp/u_kvqd/U31110/ZN (OAI12V6_140P7T30R)               0.02       1.10 f
  u_cp/u_kvqd/U18077/ZN (AOI12V8_140P7T30R)               0.02       1.12 r
  u_cp/u_kvqd/U10456/ZN (NAND2V12_140P7T30R)              0.01       1.14 f
  u_cp/u_kvqd/U19009/ZN (NAND2XBV8_140P7T30R)             0.01       1.14 r
  u_cp/u_kvqd/U37258/ZN (NAND2V8_140P7T30R)               0.01       1.16 f
  u_cp/u_kvqd/U37257/ZN (AOI12V12_140P7T30R)              0.02       1.18 r
  u_cp/u_kvqd/U12899/ZN (CLKNAND2V16_140P7T30R)           0.02       1.20 f
  u_cp/u_kvqd/U12898/ZN (CLKINV32_140P7T30R)              0.02       1.21 r
  u_cp/u_kvqd/U7988/ZN (NAND2XBV6_140P7T30R)              0.01       1.23 f
  u_cp/u_kvqd/U15238/ZN (OAI12V12_140P7T30R)              0.01       1.24 r
  u_cp/u_kvqd/U14064/ZN (NAND2V12_140P7T30R)              0.01       1.25 f
  u_cp/u_kvqd/U13066/ZN (NOR2V16_140P7T30R)               0.02       1.27 r
  u_cp/u_kvqd/U7932/ZN (NOR2V8_140P7T30R)                 0.01       1.28 f
  u_cp/u_kvqd/U7914/ZN (CLKINV12_140P7T30R)               0.01       1.29 r
  u_cp/u_kvqd/U13527/ZN (INV32_140P7T30R)                 0.01       1.31 f
  u_cp/u_kvqd/U7816/ZN (CLKINV16_140P7T30R)               0.01       1.31 r
  u_cp/u_kvqd/U14711/ZN (NOR2V12_140P7T30R)               0.01       1.32 f
  u_cp/u_kvqd/U17920/ZN (NOR2XBV16_140P7T30R)             0.02       1.34 r
  u_cp/u_kvqd/U17407/ZN (CLKNAND2V16_140P7T30R)           0.01       1.35 f
  u_cp/u_kvqd/U20850/ZN (OAI12V12_140P7T30R)              0.01       1.36 r
  u_cp/u_kvqd/U20376/ZN (OAI12V8_140P7T30R)               0.01       1.37 f
  u_cp/u_kvqd/U19420/ZN (NAND2V8_140P7T30R)               0.01       1.38 r
  u_cp/u_kvqd/U17568/ZN (NAND2V8_140P7T30R)               0.01       1.40 f
  u_cp/u_kvqd/U13316/ZN (NAND2XBV12_140P7T30R)            0.01       1.41 r
  u_cp/u_kvqd/U24259/ZN (INV2_140P7T30R)                  0.01       1.42 f
  u_cp/u_kvqd/U26425/Z (OR2V2_140P7T30R)                  0.03       1.44 f
  u_cp/u_kvqd/U31037/ZN (NOR3V4_140P7T30R)                0.02       1.46 r
  u_cp/u_kvqd/U31026/ZN (NAND3V3_140P7T30R)               0.02       1.48 f
  u_cp/u_kvqd/U19487/ZN (NOR2V6_140P7T30R)                0.02       1.50 r
  u_cp/u_kvqd/U17291/ZN (NOR2V8_140P7T30R)                0.01       1.51 f
  u_cp/u_kvqd/U26409/Z (BUFV16_140P7T30R)                 0.02       1.53 f
  u_cp/u_kvqd/U7504/ZN (CLKINV12_140P7T30R)               0.01       1.55 r
  u_cp/u_kvqd/U29376/ZN (NOR2V6_140P7T30R)                0.01       1.56 f
  u_cp/u_kvqd/U32293/ZN (CLKINV3_140P7T30R)               0.01       1.56 r
  u_cp/u_kvqd/U28524/ZN (NAND2V3_140P7T30R)               0.01       1.57 f
  u_cp/u_kvqd/U19507/ZN (NAND2XBV8_140P7T30R)             0.02       1.59 f
  u_cp/u_kvqd/U7450/ZN (NOR2V6_140P7T30R)                 0.01       1.61 r
  u_cp/u_kvqd/U31002/ZN (NAND2V3_140P7T30R)               0.01       1.62 f
  u_cp/u_kvqd/U19880/ZN (AOI13V6_140P7T30R)               0.03       1.65 r
  u_cp/u_kvqd/U11252/ZN (CLKNAND2V16_140P7T30R)           0.03       1.68 f
  u_cp/u_kvqd/U9971/ZN (INV32_140P7T30R)                  0.02       1.70 r
  u_cp/u_kvqd/U7333/ZN (NOR2V8_140P7T30R)                 0.01       1.71 f
  u_cp/u_kvqd/U12244/ZN (NAND2V8_140P7T30R)               0.01       1.72 r
  u_cp/u_kvqd/U17485/ZN (OAI12V12_140P7T30R)              0.01       1.73 f
  u_cp/u_kvqd/U17486/ZN (NOR2V12_140P7T30R)               0.02       1.74 r
  u_cp/u_kvqd/U7177/ZN (NAND2V8_140P7T30R)                0.01       1.76 f
  u_cp/u_kvqd/U14350/ZN (NAND2XBV12_140P7T30R)            0.01       1.77 r
  u_cp/u_kvqd/U9382/ZN (NAND3V6_140P7T30R)                0.02       1.78 f
  u_cp/u_kvqd/U11696/ZN (NAND3V6_140P7T30R)               0.02       1.80 r
  u_cp/u_kvqd/U11695/ZN (CLKNAND2V16_140P7T30R)           0.02       1.82 f
  u_cp/u_kvqd/U12968/Z (BUFV32_140P7T30R)                 0.02       1.84 f
  u_cp/u_kvqd/U9401/Z (CLKXOR2V12_140P7T30R)              0.03       1.87 f
  u_cp/u_kvqd/U6665/ZN (OAI22V4_140P7T30R)                0.02       1.89 r
  u_cp/u_kvqd/U6569/Z (MAJ23V2_140P7T30R)                 0.04       1.93 r
  u_cp/u_kvqd/U12645/Z (AO1B2V4_140P7T30R)                0.01       1.94 f
  u_cp/u_kvqd/U15866/Z (AO1B2V4_140P7T30R)                0.02       1.96 r
  u_cp/u_kvqd/U18033/Z (CLKXOR2V6_140P7T30R)              0.03       1.99 r
  u_cp/u_kvqd/U13946/Z (CLKXOR2V6_140P7T30R)              0.04       2.03 r
  u_cp/u_kvqd/U30844/ZN (CLKNAND2V4_140P7T30R)            0.02       2.05 f
  u_cp/u_kvqd/U16050/ZN (NAND2V12_140P7T30R)              0.01       2.06 r
  u_cp/u_kvqd/U37915/Z (CLKXOR2V6_140P7T30R)              0.03       2.09 r
  u_cp/u_kvqd/U37914/Z (CLKXOR2V6_140P7T30R)              0.03       2.12 r
  u_cp/u_kvqd/U37912/ZN (NOR2V12_140P7T30R)               0.01       2.14 f
  u_cp/u_kvqd/U9423/ZN (NOR2V12_140P7T30R)                0.02       2.16 r
  u_cp/u_kvqd/U19547/ZN (NAND2V12_140P7T30R)              0.02       2.17 f
  u_cp/u_kvqd/U16979/ZN (OAI12V12_140P7T30R)              0.02       2.19 r
  u_cp/u_kvqd/U6294/ZN (CLKNAND2V6_140P7T30R)             0.02       2.21 f
  u_cp/u_kvqd/U16888/ZN (NAND4V6_140P7T30R)               0.02       2.23 r
  u_cp/u_kvqd/U11745/ZN (CLKNAND2V16_140P7T30R)           0.02       2.25 f
  u_cp/u_kvqd/U37831/ZN (NOR2V16_140P7T30R)               0.02       2.27 r
  u_cp/u_kvqd/U6249/ZN (CLKINV20_140P7T30R)               0.01       2.29 f
  u_cp/u_kvqd/U12239/ZN (INV40_140P7T30R)                 0.01       2.30 r
  u_cp/u_kvqd/U19649/ZN (CLKNAND2V16_140P7T30R)           0.02       2.32 f
  u_cp/u_kvqd/U6009/ZN (NAND3V2_140P7T30R)                0.02       2.33 r
  u_cp/u_kvqd/U12644/Z (AND2V6_140P7T30R)                 0.02       2.36 r
  u_cp/u_kvqd/U34604/Z (CLKXOR2V6_140P7T30R)              0.03       2.39 r
  u_cp/u_kvqd/U38443/Z (CLKXOR2V6_140P7T30R)              0.03       2.42 r
  u_cp/u_kvqd/U13938/Z (CLKXOR2V6_140P7T30R)              0.03       2.45 r
  u_cp/u_kvqd/U5866/ZN (NOR2V6_140P7T30R)                 0.01       2.46 f
  u_cp/u_kvqd/U5856/ZN (CLKINV10_140P7T30R)               0.01       2.47 r
  u_cp/u_kvqd/U20037/ZN (NAND2XBV8_140P7T30R)             0.01       2.48 f
  u_cp/u_kvqd/U5843/ZN (NOR2V8_140P7T30R)                 0.02       2.50 r
  u_cp/u_kvqd/U5815/ZN (NAND3V3_140P7T30R)                0.02       2.52 f
  u_cp/u_kvqd/U17744/ZN (NOR2V8_140P7T30R)                0.02       2.54 r
  u_cp/u_kvqd/U19161/ZN (NOR2V6_140P7T30R)                0.01       2.55 f
  u_cp/u_kvqd/U15972/ZN (OAI12V8_140P7T30R)               0.02       2.57 r
  u_cp/u_kvqd/U19570/ZN (NAND2V12_140P7T30R)              0.01       2.58 f
  u_cp/u_kvqd/U21291/ZN (NOR2V16_140P7T30R)               0.02       2.60 r
  u_cp/u_kvqd/U21290/ZN (CLKNAND2V16_140P7T30R)           0.02       2.63 f
  u_cp/u_kvqd/U13008/ZN (CLKINV20_140P7T30R)              0.02       2.64 r
  u_cp/u_kvqd/U30651/ZN (AOI12V8_140P7T30R)               0.02       2.66 f
  u_cp/u_kvqd/U21323/ZN (CLKNAND2V16_140P7T30R)           0.02       2.68 r
  u_cp/u_kvqd/U36839/ZN (CLKNAND2V16_140P7T30R)           0.02       2.69 f
  u_cp/u_kvqd/U13843/ZN (NOR2V16_140P7T30R)               0.02       2.71 r
  u_cp/u_kvqd/U16380/Z (CLKXOR2V12_140P7T30R)             0.03       2.74 r
  u_cp/u_kvqd/U16379/ZN (CLKNAND2V16_140P7T30R)           0.01       2.75 f
  u_cp/u_kvqd/U11113/ZN (NAND2XBV16_140P7T30R)            0.01       2.76 r
  u_cp/u_kvqd/U5485/ZN (INV24_140P7T30R)                  0.01       2.77 f
  u_cp/u_kvqd/U5446/ZN (INV32_140P7T30R)                  0.01       2.78 r
  u_cp/u_kvqd/U5351/Z (BUFV6_140P7T30R)                   0.02       2.80 r
  u_cp/u_kvqd/U5278/ZN (NAND3V4_140P7T30R)                0.02       2.82 f
  u_cp/u_kvqd/U17073/ZN (OAI12V8_140P7T30R)               0.02       2.84 r
  u_cp/u_kvqd/U5219/ZN (NAND2V2_140P7T30R)                0.02       2.85 f
  u_cp/u_kvqd/U5192/ZN (INV4_140P7T30R)                   0.02       2.87 r
  u_cp/u_kvqd/U12243/ZN (AOI12V12_140P7T30R)              0.01       2.88 f
  u_cp/u_kvqd/U10489/ZN (CLKNAND2V16_140P7T30R)           0.01       2.89 r
  u_cp/u_kvqd/U20537/ZN (OAI12V8_140P7T30R)               0.01       2.90 f
  u_cp/u_kvqd/U17411/ZN (NOR2V16_140P7T30R)               0.02       2.92 r
  u_cp/u_kvqd/U16083/ZN (OAI12V12_140P7T30R)              0.01       2.93 f
  u_cp/u_kvqd/U26025/ZN (AOI12V4_140P7T30R)               0.02       2.95 r
  u_cp/u_kvqd/U26021/ZN (OAI12V4_140P7T30R)               0.02       2.97 f
  u_cp/u_kvqd/U4930/ZN (NOR2V4_140P7T30R)                 0.02       2.98 r
  u_cp/u_kvqd/U4912/Z (XOR2V4_140P7T30R)                  0.03       3.02 r
  u_cp/u_kvqd/U37294/ZN (AOI12V12_140P7T30R)              0.02       3.04 f
  u_cp/u_kvqd/U20093/ZN (CLKNAND2V16_140P7T30R)           0.02       3.06 r
  u_cp/u_kvqd/U14921/ZN (CLKINV16_140P7T30R)              0.01       3.06 f
  u_cp/u_kvqd/U4820/Z (BUFV4_140P7T30R)                   0.02       3.08 f
  u_cp/u_kvqd/U30510/ZN (NAND3V3_140P7T30R)               0.01       3.09 r
  u_cp/u_kvqd/U11107/ZN (NAND3V6_140P7T30R)               0.02       3.11 f
  u_cp/u_kvqd/U31975/ZN (NOR2V12_140P7T30R)               0.02       3.14 r
  u_cp/u_kvqd/U4607/ZN (INV24_140P7T30R)                  0.01       3.15 f
  u_cp/u_kvqd/U4652/ZN (NAND2V12_140P7T30R)               0.01       3.16 r
  u_cp/u_kvqd/U22472/Z (OR2V2_140P7T30R)                  0.02       3.18 r
  u_cp/u_kvqd/U4601/ZN (NAND4V4_140P7T30R)                0.02       3.20 f
  u_cp/u_kvqd/U11099/ZN (NOR2V6_140P7T30R)                0.02       3.22 r
  u_cp/u_kvqd/U4530/ZN (NOR2V8_140P7T30R)                 0.01       3.23 f
  u_cp/u_kvqd/U12675/ZN (NAND2V12_140P7T30R)              0.01       3.24 r
  u_cp/u_kvqd/U4231/ZN (INV6_140P7T30R)                   0.02       3.26 f
  u_cp/u_kvqd/U34203/ZN (XNOR2V2_140P7T30R)               0.03       3.29 f
  u_cp/u_kvqd/U22457/ZN (OAI22V1_140P7T30R)               0.05       3.33 r
  u_cp/u_kvqd/U34168/ZN (XNOR2V2_140P7T30R)               0.04       3.37 f
  u_cp/u_kvqd/U45316/CO (AD1V4_140P7T30R)                 0.05       3.42 f
  u_cp/u_kvqd/U14436/ZN (XNOR2V2_140P7T30R)               0.03       3.45 f
  u_cp/u_kvqd/U14435/ZN (XNOR2V2_140P7T30R)               0.03       3.48 f
  u_cp/u_kvqd/U13847/ZN (INV4_140P7T30R)                  0.01       3.50 r
  u_cp/u_kvqd/U10604/ZN (XNOR2V4_140P7T30R)               0.03       3.53 r
  u_cp/u_kvqd/U14427/Z (CLKOR2V8_140P7T30R)               0.02       3.55 r
  u_cp/u_kvqd/U3563/ZN (CLKNAND2V6_140P7T30R)             0.02       3.56 f
  u_cp/u_kvqd/U11105/ZN (NOR2V12_140P7T30R)               0.02       3.58 r
  u_cp/u_kvqd/U18018/ZN (NAND2V12_140P7T30R)              0.01       3.60 f
  u_cp/u_kvqd/U3508/ZN (INV6_140P7T30R)                   0.01       3.61 r
  u_cp/u_kvqd/U12596/ZN (NAND2V12_140P7T30R)              0.01       3.62 f
  u_cp/u_kvqd/U12865/ZN (CLKNAND2V16_140P7T30R)           0.01       3.63 r
  u_cp/u_kvqd/U28158/ZN (NAND2V8_140P7T30R)               0.01       3.64 f
  u_cp/u_kvqd/U15970/ZN (NAND2V12_140P7T30R)              0.01       3.65 r
  u_cp/u_kvqd/U18694/ZN (NOR2V12_140P7T30R)               0.01       3.66 f
  u_cp/u_kvqd/U37781/ZN (NAND2V12_140P7T30R)              0.01       3.67 r
  u_cp/u_kvqd/U37780/ZN (NAND3V8_140P7T30R)               0.02       3.69 f
  u_cp/u_kvqd/U19803/ZN (CLKINV16_140P7T30R)              0.02       3.71 r
  u_cp/u_kvqd/U12799/ZN (INV32_140P7T30R)                 0.01       3.72 f
  u_cp/u_kvqd/U3386/ZN (INV16_140P7T30R)                  0.01       3.73 r
  u_cp/u_kvqd/U14081/ZN (CLKNAND2V16_140P7T30R)           0.01       3.74 f
  u_cp/u_kvqd/U17597/ZN (CLKNAND2V16_140P7T30R)           0.01       3.75 r
  u_cp/u_kvqd/U24775/Z (CLKXOR2V6_140P7T30R)              0.03       3.79 r
  u_cp/u_kvqd/U20200/ZN (OAI22V6_140P7T30R)               0.02       3.81 f
  u_cp/u_kvqd/U28137/ZN (XNOR2V2_140P7T30R)               0.04       3.84 f
  u_cp/u_kvqd/U37273/ZN (XNOR2V4_140P7T30R)               0.04       3.88 f
  u_cp/u_kvqd/U41307/Z (MAJ23V4_140P7T30R)                0.04       3.92 f
  u_cp/u_kvqd/U3028/ZN (NOR2V4_140P7T30R)                 0.03       3.95 r
  u_cp/u_kvqd/U3010/ZN (NOR3V6_140P7T30R)                 0.02       3.96 f
  u_cp/u_kvqd/U37263/ZN (AOI12V12_140P7T30R)              0.02       3.99 r
  u_cp/u_kvqd/U20303/ZN (NAND3V8_140P7T30R)               0.02       4.01 f
  u_cp/u_kvqd/U13877/ZN (NOR2V12_140P7T30R)               0.02       4.02 r
  u_cp/u_kvqd/U15237/ZN (CLKNAND2V16_140P7T30R)           0.02       4.04 f
  u_cp/u_kvqd/U36822/ZN (CLKNAND2V16_140P7T30R)           0.01       4.05 r
  u_cp/u_kvqd/U2979/ZN (OAI12V8_140P7T30R)                0.02       4.07 f
  u_cp/u_kvqd/U9245/ZN (CLKNAND2V16_140P7T30R)            0.01       4.08 r
  u_cp/u_kvqd/U2942/ZN (NAND2XBV12_140P7T30R)             0.01       4.10 f
  u_cp/u_kvqd/U19537/ZN (CLKNAND2V16_140P7T30R)           0.02       4.12 r
  u_cp/u_kvqd/U2931/ZN (INV16_140P7T30R)                  0.01       4.12 f
  u_cp/u_kvqd/U2927/ZN (NOR2V8_140P7T30R)                 0.02       4.14 r
  u_cp/u_kvqd/U2871/ZN (NAND3V3_140P7T30R)                0.02       4.16 f
  u_cp/u_kvqd/U27081/Z (CLKXOR2V6_140P7T30R)              0.03       4.20 f
  u_cp/u_kvqd/U18364/ZN (NOR2V12_140P7T30R)               0.02       4.21 r
  u_cp/u_kvqd/U2729/Z (CLKOR2V12_140P7T30R)               0.02       4.23 r
  u_cp/u_kvqd/U16469/ZN (NOR2V16_140P7T30R)               0.01       4.24 f
  u_cp/u_kvqd/U19554/ZN (CLKNAND2V16_140P7T30R)           0.01       4.25 r
  u_cp/u_kvqd/U16848/ZN (INV24_140P7T30R)                 0.01       4.26 f
  u_cp/u_kvqd/U2537/ZN (OAI12V8_140P7T30R)                0.01       4.28 r
  u_cp/u_kvqd/U18511/ZN (NAND3V12_140P7T30R)              0.02       4.30 f
  u_cp/u_kvqd/U27047/ZN (NOR2V6_140P7T30R)                0.03       4.33 r
  u_cp/u_kvqd/U9343/ZN (NOR2V12_140P7T30R)                0.01       4.34 f
  u_cp/u_kvqd/U16882/ZN (AOI12V8_140P7T30R)               0.03       4.37 r
  u_cp/u_kvqd/U2351/ZN (OAI12V6_140P7T30R)                0.01       4.38 f
  u_cp/u_kvqd/U2328/ZN (NOR2V4_140P7T30R)                 0.02       4.40 r
  u_cp/u_kvqd/U9337/ZN (NAND2V8_140P7T30R)                0.01       4.41 f
  u_cp/u_kvqd/U16592/Z (CLKXOR2V6_140P7T30R)              0.03       4.44 f
  u_cp/u_kvqd/U37605/ZN (OAI22BBV4_140P7T30R)             0.02       4.46 r
  u_cp/u_kvqd/U9283/ZN (NAND2XBV16_140P7T30R)             0.02       4.48 r
  u_cp/u_kvqd/U2228/ZN (INV7_140P7T30R)                   0.01       4.49 f
  u_cp/u_kvqd/U13543/ZN (NAND2V8_140P7T30R)               0.01       4.50 r
  u_cp/u_kvqd/U20431/ZN (NOR2V8_140P7T30R)                0.01       4.51 f
  u_cp/u_kvqd/U15524/ZN (AOI13V6_140P7T30R)               0.02       4.53 r
  u_cp/u_kvqd/U37551/ZN (CLKNAND2V16_140P7T30R)           0.02       4.55 f
  u_cp/u_kvqd/U11309/ZN (CLKINV20_140P7T30R)              0.01       4.57 r
  u_cp/u_kvqd/U10268/ZN (NOR2V16_140P7T30R)               0.01       4.58 f
  u_cp/u_kvqd/U11296/Z (BUFV20_140P7T30R)                 0.02       4.60 f
  u_cp/u_kvqd/U38720/ZN (AOI12V12_140P7T30R)              0.02       4.61 r
  u_cp/u_kvqd/U16456/ZN (CLKNAND2V16_140P7T30R)           0.01       4.63 f
  u_cp/u_kvqd/U2046/ZN (NAND2XBV8_140P7T30R)              0.01       4.64 r
  u_cp/u_kvqd/U36993/ZN (OAI12V12_140P7T30R)              0.01       4.65 f
  u_cp/u_kvqd/U17600/ZN (NAND2V8_140P7T30R)               0.01       4.66 r
  u_cp/u_kvqd/U20754/ZN (NAND2XBV12_140P7T30R)            0.01       4.67 f
  u_cp/u_kvqd/U38032/ZN (NOR2V16_140P7T30R)               0.02       4.69 r
  u_cp/u_kvqd/U1937/ZN (INV7_140P7T30R)                   0.01       4.70 f
  u_cp/u_kvqd/U28042/ZN (CLKINV12_140P7T30R)              0.01       4.72 r
  u_cp/u_kvqd/U17584/Z (CLKXOR2V6_140P7T30R)              0.03       4.75 r
  u_cp/u_kvqd/U21608/ZN (OAI22V8_140P7T30R)               0.02       4.76 f
  u_cp/u_kvqd/U33385/ZN (XNOR2V2_140P7T30R)               0.04       4.80 f
  u_cp/u_kvqd/U31578/ZN (XNOR2V2_140P7T30R)               0.04       4.84 f
  u_cp/u_kvqd/U17574/ZN (OAI12V4_140P7T30R)               0.02       4.86 r
  u_cp/u_kvqd/U17575/ZN (CLKNAND2V4_140P7T30R)            0.01       4.87 f
  u_cp/u_kvqd/U1583/ZN (OAI12V2_140P7T30R)                0.02       4.89 r
  u_cp/u_kvqd/U22953/ZN (NAND2V3_140P7T30R)               0.01       4.90 f
  u_cp/u_kvqd/U33297/ZN (XNOR2V2_140P7T30R)               0.03       4.93 f
  u_cp/u_kvqd/U31560/ZN (XNOR2V2_140P7T30R)               0.04       4.96 f
  u_cp/u_kvqd/U31548/Z (OR2V6_140P7T30R)                  0.04       5.00 f
  u_cp/u_kvqd/U13654/ZN (NAND2V12_140P7T30R)              0.01       5.01 r
  u_cp/u_kvqd/U16475/ZN (NOR2V16_140P7T30R)               0.01       5.02 f
  u_cp/u_kvqd/U21324/ZN (NAND2V8_140P7T30R)               0.01       5.03 r
  u_cp/u_kvqd/U13164/ZN (INV8_140P7T30R)                  0.01       5.04 f
  u_cp/u_kvqd/U13655/ZN (NAND2XBV8_140P7T30R)             0.01       5.05 r
  u_cp/u_kvqd/U1135/ZN (NOR2V6_140P7T30R)                 0.01       5.05 f
  u_cp/u_kvqd/U1127/ZN (NOR2V6_140P7T30R)                 0.01       5.07 r
  u_cp/u_kvqd/U13155/ZN (NAND2V8_140P7T30R)               0.01       5.08 f
  u_cp/u_kvqd/U1110/ZN (NOR2V4_140P7T30R)                 0.02       5.09 r
  u_cp/u_kvqd/U37906/ZN (OAI12V8_140P7T30R)               0.02       5.11 f
  u_cp/u_kvqd/U37817/ZN (CLKNAND2V16_140P7T30R)           0.02       5.13 r
  u_cp/u_kvqd/U10346/ZN (NOR2V16_140P7T30R)               0.01       5.14 f
  u_cp/u_kvqd/U13141/ZN (INV24_140P7T30R)                 0.01       5.15 r
  u_cp/u_kvqd/U36942/ZN (CLKINV32_140P7T30R)              0.01       5.17 f
  u_cp/u_kvqd/U11964/ZN (AOI12V12_140P7T30R)              0.03       5.20 r
  u_cp/u_kvqd/U1015/ZN (NAND3V4_140P7T30R)                0.03       5.22 f
  u_cp/u_kvqd/U14425/ZN (CLKNAND2V4_140P7T30R)            0.02       5.24 r
  u_cp/u_kvqd/U27990/Z (OA22V6_140P7T30R)                 0.03       5.27 r
  u_cp/u_kvqd/U18211/ZN (OAI12V8_140P7T30R)               0.02       5.29 f
  u_cp/u_kvqd/U20928/ZN (AOI12V8_140P7T30R)               0.02       5.31 r
  u_cp/u_kvqd/U38865/Z (CLKXOR2V6_140P7T30R)              0.03       5.33 r
  u_cp/u_kvqd/U18213/ZN (XNOR2V4_140P7T30R)               0.04       5.37 r
  u_cp/u_kvqd/U19748/ZN (CLKNAND2V4_140P7T30R)            0.02       5.39 f
  u_cp/u_kvqd/U38618/ZN (OAI12V8_140P7T30R)               0.02       5.41 r
  u_cp/u_kvqd/U37454/ZN (AOI12V12_140P7T30R)              0.02       5.42 f
  u_cp/u_kvqd/U37453/ZN (MUX2NV4_140P7T30R)               0.03       5.45 f
  u_cp/u_kvqd/U38792/ZN (AOI12V12_140P7T30R)              0.02       5.47 r
  u_cp/u_kvqd/U38791/ZN (CLKNAND2V16_140P7T30R)           0.03       5.50 f
  u_cp/u_kvqd/U14923/Z (CLKBUFV20_140P7T30R)              0.02       5.53 f
  u_cp/u_kvqd/U596/ZN (NAND2XBV12_140P7T30R)              0.02       5.54 r
  u_cp/u_kvqd/U20437/ZN (INV24_140P7T30R)                 0.01       5.55 f
  u_cp/u_kvqd/U16680/ZN (AOI22V12_140P7T30R)              0.03       5.58 r
  u_cp/u_kvqd/U26762/ZN (INV4_140P7T30R)                  0.02       5.60 f
  u_cp/u_kvqd/U20522/ZN (AOI12V6_140P7T30R)               0.02       5.62 r
  u_cp/u_kvqd/U26746/ZN (AOI21BV2_140P7T30R)              0.03       5.65 r
  u_cp/u_kvqd/U16143/Z (AO1B2V4_140P7T30R)                0.01       5.66 f
  u_cp/u_kvqd/U9486/ZN (AOI12V4_140P7T30R)                0.02       5.68 r
  u_cp/u_kvqd/U11313/ZN (NOR2V6_140P7T30R)                0.01       5.69 f
  u_cp/u_kvqd/U9524/ZN (NOR3V6_140P7T30R)                 0.03       5.72 r
  u_cp/u_kvqd/U11310/ZN (NAND3V8_140P7T30R)               0.02       5.74 f
  u_cp/u_kvqd/U32798/ZN (NOR2V12_140P7T30R)               0.02       5.75 r
  u_cp/u_kvqd/U22219/ZN (NOR2V12_140P7T30R)               0.02       5.77 f
  u_cp/u_kvqd/U216/Z (BUFV5_140P7T30R)                    0.03       5.80 f
  u_cp/u_kvqd/U166/ZN (AOI12V2_140P7T30R)                 0.03       5.83 r
  u_cp/u_kvqd/U26698/ZN (NAND4XXBBV2_140P7T30R)           0.02       5.86 f
  u_cp/u_kvqd/U29586/ZN (NOR2V2_140P7T30R)                0.02       5.88 r
  u_cp/u_kvqd/U32688/ZN (NAND3V3_140P7T30R)               0.02       5.90 f
  u_cp/u_kvqd/U40600/ZN (NAND2XBV4_140P7T30R)             0.01       5.91 r
  u_cp/u_kvqd/U12105/ZN (INV3_140P7T30R)                  0.01       5.92 f
  u_cp/u_kvqd/U41064/ZN (NOR2V4_140P7T30R)                0.01       5.93 r
  u_cp/u_kvqd/U23473/ZN (NAND3V4_140P7T30R)               0.02       5.95 f
  u_cp/u_kvqd/U41712/ZN (NOR3V6_140P7T30R)                0.02       5.97 r
  u_cp/u_kvqd/U26671/ZN (NAND2V3_140P7T30R)               0.02       5.99 f
  u_cp/u_kvqd/U25360/ZN (NOR2V6_140P7T30R)                0.02       6.01 r
  u_cp/u_kvqd/U23461/ZN (NOR2V4_140P7T30R)                0.01       6.02 f
  u_cp/u_kvqd/U12013/ZN (AOI112V6_140P7T30R)              0.03       6.05 r
  u_cp/u_kvqd/U41687/ZN (NAND4V6_140P7T30R)               0.02       6.06 f
  u_cp/u_kvqd/wr_data[4] (kv_quantdequant)                0.00       6.06 f
  U11861/ZN (INV3_140P7T30R)                              0.01       6.07 r
  U11863/ZN (OAI12V2_140P7T30R)                           0.01       6.08 f
  hbm_wdata[4] (out)                                      0.00       6.08 f
  data arrival time                                                  6.08

  clock clk (rise edge)                                   1.00       1.00
  clock network delay (ideal)                             0.00       1.00
  output external delay                                   0.00       1.00
  data required time                                                 1.00
  --------------------------------------------------------------------------
  data required time                                                 1.00
  data arrival time                                                 -6.08
  --------------------------------------------------------------------------
  slack (VIOLATED)                                                  -5.08


  Startpoint: u_cp/u_kvqd/s_bits_reg[1]
              (rising edge-triggered flip-flop clocked by clk)
  Endpoint: hbm_wdata[6]
            (output port clocked by clk)
  Path Group: clk
  Path Type: max

  Point                                                   Incr       Path
  --------------------------------------------------------------------------
  clock clk (rise edge)                                   0.00       0.00
  clock network delay (ideal)                             0.00       0.00
  u_cp/u_kvqd/s_bits_reg[1]/CK (DQV6_140P7T30R)           0.00 #     0.00 r
  u_cp/u_kvqd/s_bits_reg[1]/Q (DQV6_140P7T30R)            0.06       0.06 f
  u_cp/u_kvqd/U31402/Z (CLKXOR2V6_140P7T30R)              0.03       0.09 r
  u_cp/u_kvqd/U9215/ZN (CLKINV16_140P7T30R)               0.02       0.11 f
  u_cp/u_kvqd/U17463/ZN (INV16_140P7T30R)                 0.01       0.12 r
  u_cp/u_kvqd/U14834/ZN (NOR2V16_140P7T30R)               0.01       0.13 f
  u_cp/u_kvqd/U9544/ZN (INV16_140P7T30R)                  0.01       0.14 r
  u_cp/u_kvqd/U14833/ZN (NOR2V16_140P7T30R)               0.01       0.14 f
  u_cp/u_kvqd/U10057/ZN (NOR2V16_140P7T30R)               0.01       0.16 r
  u_cp/u_kvqd/U16188/ZN (NAND2XBV16_140P7T30R)            0.01       0.17 f
  u_cp/u_kvqd/U38809/Z (CLKXOR2V6_140P7T30R)              0.03       0.19 f
  u_cp/u_kvqd/U39452/Z (CLKXOR2V6_140P7T30R)              0.03       0.22 f
  u_cp/u_kvqd/U10192/ZN (INV7_140P7T30R)                  0.01       0.24 r
  u_cp/u_kvqd/U15688/ZN (CLKNAND2V16_140P7T30R)           0.01       0.25 f
  u_cp/u_kvqd/U13930/ZN (NAND2V12_140P7T30R)              0.01       0.26 r
  u_cp/u_kvqd/U10315/ZN (NAND2V12_140P7T30R)              0.01       0.27 f
  u_cp/u_kvqd/U10314/ZN (NAND3V12_140P7T30R)              0.01       0.28 r
  u_cp/u_kvqd/U9128/ZN (CLKNAND2V4_140P7T30R)             0.02       0.30 f
  u_cp/u_kvqd/U19098/ZN (NAND2XBV6_140P7T30R)             0.01       0.31 r
  u_cp/u_kvqd/U20720/ZN (NAND2XBV8_140P7T30R)             0.01       0.32 f
  u_cp/u_kvqd/U19089/ZN (NOR2XBV12_140P7T30R)             0.01       0.34 r
  u_cp/u_kvqd/U11386/Z (CLKXOR2V12_140P7T30R)             0.03       0.37 r
  u_cp/u_kvqd/U14123/ZN (OAI22V12_140P7T30R)              0.02       0.39 f
  u_cp/u_kvqd/U9077/ZN (NAND2V12_140P7T30R)               0.01       0.40 r
  u_cp/u_kvqd/U17974/ZN (NAND3V8_140P7T30R)               0.02       0.42 f
  u_cp/u_kvqd/U17975/ZN (AOI22V12_140P7T30R)              0.02       0.44 r
  u_cp/u_kvqd/U17365/Z (CLKXOR2V12_140P7T30R)             0.04       0.48 r
  u_cp/u_kvqd/U15072/ZN (CLKNAND2V16_140P7T30R)           0.01       0.49 f
  u_cp/u_kvqd/U8795/Z (BUFV6_140P7T30R)                   0.02       0.51 f
  u_cp/u_kvqd/U18370/ZN (NAND3V12_140P7T30R)              0.01       0.52 r
  u_cp/u_kvqd/U18774/Z (CLKXOR2V6_140P7T30R)              0.03       0.55 r
  u_cp/u_kvqd/U8703/ZN (XNOR2V2_140P7T30R)                0.03       0.58 r
  u_cp/u_kvqd/U18368/ZN (XNOR2V4_140P7T30R)               0.04       0.62 r
  u_cp/u_kvqd/U18369/ZN (OAI12V6_140P7T30R)               0.02       0.64 f
  u_cp/u_kvqd/U14336/ZN (CLKNAND2V6_140P7T30R)            0.01       0.65 r
  u_cp/u_kvqd/U13123/ZN (XNOR2V4_140P7T30R)               0.03       0.68 r
  u_cp/u_kvqd/U20415/ZN (XNOR2V4_140P7T30R)               0.04       0.72 r
  u_cp/u_kvqd/U14332/ZN (NOR2V8_140P7T30R)                0.01       0.73 f
  u_cp/u_kvqd/U15879/ZN (NOR2V12_140P7T30R)               0.02       0.75 r
  u_cp/u_kvqd/U14367/ZN (NAND2V12_140P7T30R)              0.01       0.76 f
  u_cp/u_kvqd/U19356/ZN (NOR2V8_140P7T30R)                0.02       0.78 r
  u_cp/u_kvqd/U8578/ZN (CLKNAND2V6_140P7T30R)             0.01       0.79 f
  u_cp/u_kvqd/U12457/ZN (NOR2V12_140P7T30R)               0.02       0.81 r
  u_cp/u_kvqd/U8546/ZN (NOR2V8_140P7T30R)                 0.01       0.82 f
  u_cp/u_kvqd/U19488/ZN (CLKNAND2V16_140P7T30R)           0.01       0.84 r
  u_cp/u_kvqd/U16154/ZN (CLKNAND2V16_140P7T30R)           0.02       0.86 f
  u_cp/u_kvqd/U10511/ZN (INV24_140P7T30R)                 0.02       0.87 r
  u_cp/u_kvqd/U12216/ZN (CLKNAND2V16_140P7T30R)           0.01       0.88 f
  u_cp/u_kvqd/U35291/ZN (INV2_140P7T30R)                  0.02       0.90 r
  u_cp/u_kvqd/U44857/ZN (OAI22V4_140P7T30R)               0.02       0.92 f
  u_cp/u_kvqd/U8103/ZN (XNOR2V2_140P7T30R)                0.03       0.95 f
  u_cp/u_kvqd/U36546/ZN (XNOR2V2_140P7T30R)               0.04       0.99 f
  u_cp/u_kvqd/U15275/ZN (XNOR2V4_140P7T30R)               0.04       1.03 f
  u_cp/u_kvqd/U15274/ZN (XNOR2V4_140P7T30R)               0.03       1.06 f
  u_cp/u_kvqd/U8049/ZN (NOR2V6_140P7T30R)                 0.02       1.08 r
  u_cp/u_kvqd/U31110/ZN (OAI12V6_140P7T30R)               0.02       1.10 f
  u_cp/u_kvqd/U18077/ZN (AOI12V8_140P7T30R)               0.02       1.12 r
  u_cp/u_kvqd/U10456/ZN (NAND2V12_140P7T30R)              0.01       1.14 f
  u_cp/u_kvqd/U19009/ZN (NAND2XBV8_140P7T30R)             0.01       1.14 r
  u_cp/u_kvqd/U37258/ZN (NAND2V8_140P7T30R)               0.01       1.16 f
  u_cp/u_kvqd/U37257/ZN (AOI12V12_140P7T30R)              0.02       1.18 r
  u_cp/u_kvqd/U12899/ZN (CLKNAND2V16_140P7T30R)           0.02       1.20 f
  u_cp/u_kvqd/U12898/ZN (CLKINV32_140P7T30R)              0.02       1.21 r
  u_cp/u_kvqd/U7988/ZN (NAND2XBV6_140P7T30R)              0.01       1.23 f
  u_cp/u_kvqd/U15238/ZN (OAI12V12_140P7T30R)              0.01       1.24 r
  u_cp/u_kvqd/U14064/ZN (NAND2V12_140P7T30R)              0.01       1.25 f
  u_cp/u_kvqd/U13066/ZN (NOR2V16_140P7T30R)               0.02       1.27 r
  u_cp/u_kvqd/U7932/ZN (NOR2V8_140P7T30R)                 0.01       1.28 f
  u_cp/u_kvqd/U7914/ZN (CLKINV12_140P7T30R)               0.01       1.29 r
  u_cp/u_kvqd/U13527/ZN (INV32_140P7T30R)                 0.01       1.31 f
  u_cp/u_kvqd/U7816/ZN (CLKINV16_140P7T30R)               0.01       1.31 r
  u_cp/u_kvqd/U14711/ZN (NOR2V12_140P7T30R)               0.01       1.32 f
  u_cp/u_kvqd/U17920/ZN (NOR2XBV16_140P7T30R)             0.02       1.34 r
  u_cp/u_kvqd/U17407/ZN (CLKNAND2V16_140P7T30R)           0.01       1.35 f
  u_cp/u_kvqd/U20850/ZN (OAI12V12_140P7T30R)              0.01       1.36 r
  u_cp/u_kvqd/U20376/ZN (OAI12V8_140P7T30R)               0.01       1.37 f
  u_cp/u_kvqd/U19420/ZN (NAND2V8_140P7T30R)               0.01       1.38 r
  u_cp/u_kvqd/U17568/ZN (NAND2V8_140P7T30R)               0.01       1.40 f
  u_cp/u_kvqd/U13316/ZN (NAND2XBV12_140P7T30R)            0.01       1.41 r
  u_cp/u_kvqd/U24259/ZN (INV2_140P7T30R)                  0.01       1.42 f
  u_cp/u_kvqd/U26425/Z (OR2V2_140P7T30R)                  0.03       1.44 f
  u_cp/u_kvqd/U31037/ZN (NOR3V4_140P7T30R)                0.02       1.46 r
  u_cp/u_kvqd/U31026/ZN (NAND3V3_140P7T30R)               0.02       1.48 f
  u_cp/u_kvqd/U19487/ZN (NOR2V6_140P7T30R)                0.02       1.50 r
  u_cp/u_kvqd/U17291/ZN (NOR2V8_140P7T30R)                0.01       1.51 f
  u_cp/u_kvqd/U26409/Z (BUFV16_140P7T30R)                 0.02       1.53 f
  u_cp/u_kvqd/U7504/ZN (CLKINV12_140P7T30R)               0.01       1.55 r
  u_cp/u_kvqd/U29376/ZN (NOR2V6_140P7T30R)                0.01       1.56 f
  u_cp/u_kvqd/U32293/ZN (CLKINV3_140P7T30R)               0.01       1.56 r
  u_cp/u_kvqd/U28524/ZN (NAND2V3_140P7T30R)               0.01       1.57 f
  u_cp/u_kvqd/U19507/ZN (NAND2XBV8_140P7T30R)             0.02       1.59 f
  u_cp/u_kvqd/U7450/ZN (NOR2V6_140P7T30R)                 0.01       1.61 r
  u_cp/u_kvqd/U31002/ZN (NAND2V3_140P7T30R)               0.01       1.62 f
  u_cp/u_kvqd/U19880/ZN (AOI13V6_140P7T30R)               0.03       1.65 r
  u_cp/u_kvqd/U11252/ZN (CLKNAND2V16_140P7T30R)           0.03       1.68 f
  u_cp/u_kvqd/U9971/ZN (INV32_140P7T30R)                  0.02       1.70 r
  u_cp/u_kvqd/U7333/ZN (NOR2V8_140P7T30R)                 0.01       1.71 f
  u_cp/u_kvqd/U12244/ZN (NAND2V8_140P7T30R)               0.01       1.72 r
  u_cp/u_kvqd/U17485/ZN (OAI12V12_140P7T30R)              0.01       1.73 f
  u_cp/u_kvqd/U17486/ZN (NOR2V12_140P7T30R)               0.02       1.74 r
  u_cp/u_kvqd/U7177/ZN (NAND2V8_140P7T30R)                0.01       1.76 f
  u_cp/u_kvqd/U14350/ZN (NAND2XBV12_140P7T30R)            0.01       1.77 r
  u_cp/u_kvqd/U9382/ZN (NAND3V6_140P7T30R)                0.02       1.78 f
  u_cp/u_kvqd/U11696/ZN (NAND3V6_140P7T30R)               0.02       1.80 r
  u_cp/u_kvqd/U11695/ZN (CLKNAND2V16_140P7T30R)           0.02       1.82 f
  u_cp/u_kvqd/U12968/Z (BUFV32_140P7T30R)                 0.02       1.84 f
  u_cp/u_kvqd/U9401/Z (CLKXOR2V12_140P7T30R)              0.03       1.87 f
  u_cp/u_kvqd/U6665/ZN (OAI22V4_140P7T30R)                0.02       1.89 r
  u_cp/u_kvqd/U6569/Z (MAJ23V2_140P7T30R)                 0.04       1.93 r
  u_cp/u_kvqd/U12645/Z (AO1B2V4_140P7T30R)                0.01       1.94 f
  u_cp/u_kvqd/U15866/Z (AO1B2V4_140P7T30R)                0.02       1.96 r
  u_cp/u_kvqd/U18033/Z (CLKXOR2V6_140P7T30R)              0.03       1.99 r
  u_cp/u_kvqd/U13946/Z (CLKXOR2V6_140P7T30R)              0.04       2.03 r
  u_cp/u_kvqd/U30844/ZN (CLKNAND2V4_140P7T30R)            0.02       2.05 f
  u_cp/u_kvqd/U16050/ZN (NAND2V12_140P7T30R)              0.01       2.06 r
  u_cp/u_kvqd/U37915/Z (CLKXOR2V6_140P7T30R)              0.03       2.09 r
  u_cp/u_kvqd/U37914/Z (CLKXOR2V6_140P7T30R)              0.03       2.12 r
  u_cp/u_kvqd/U37912/ZN (NOR2V12_140P7T30R)               0.01       2.14 f
  u_cp/u_kvqd/U9423/ZN (NOR2V12_140P7T30R)                0.02       2.16 r
  u_cp/u_kvqd/U19547/ZN (NAND2V12_140P7T30R)              0.02       2.17 f
  u_cp/u_kvqd/U16979/ZN (OAI12V12_140P7T30R)              0.02       2.19 r
  u_cp/u_kvqd/U6294/ZN (CLKNAND2V6_140P7T30R)             0.02       2.21 f
  u_cp/u_kvqd/U16888/ZN (NAND4V6_140P7T30R)               0.02       2.23 r
  u_cp/u_kvqd/U11745/ZN (CLKNAND2V16_140P7T30R)           0.02       2.25 f
  u_cp/u_kvqd/U37831/ZN (NOR2V16_140P7T30R)               0.02       2.27 r
  u_cp/u_kvqd/U6249/ZN (CLKINV20_140P7T30R)               0.01       2.29 f
  u_cp/u_kvqd/U12239/ZN (INV40_140P7T30R)                 0.01       2.30 r
  u_cp/u_kvqd/U19649/ZN (CLKNAND2V16_140P7T30R)           0.02       2.32 f
  u_cp/u_kvqd/U6009/ZN (NAND3V2_140P7T30R)                0.02       2.33 r
  u_cp/u_kvqd/U12644/Z (AND2V6_140P7T30R)                 0.02       2.36 r
  u_cp/u_kvqd/U34604/Z (CLKXOR2V6_140P7T30R)              0.03       2.39 r
  u_cp/u_kvqd/U38443/Z (CLKXOR2V6_140P7T30R)              0.03       2.42 r
  u_cp/u_kvqd/U13938/Z (CLKXOR2V6_140P7T30R)              0.03       2.45 r
  u_cp/u_kvqd/U5866/ZN (NOR2V6_140P7T30R)                 0.01       2.46 f
  u_cp/u_kvqd/U5856/ZN (CLKINV10_140P7T30R)               0.01       2.47 r
  u_cp/u_kvqd/U20037/ZN (NAND2XBV8_140P7T30R)             0.01       2.48 f
  u_cp/u_kvqd/U5843/ZN (NOR2V8_140P7T30R)                 0.02       2.50 r
  u_cp/u_kvqd/U5815/ZN (NAND3V3_140P7T30R)                0.02       2.52 f
  u_cp/u_kvqd/U17744/ZN (NOR2V8_140P7T30R)                0.02       2.54 r
  u_cp/u_kvqd/U19161/ZN (NOR2V6_140P7T30R)                0.01       2.55 f
  u_cp/u_kvqd/U15972/ZN (OAI12V8_140P7T30R)               0.02       2.57 r
  u_cp/u_kvqd/U19570/ZN (NAND2V12_140P7T30R)              0.01       2.58 f
  u_cp/u_kvqd/U21291/ZN (NOR2V16_140P7T30R)               0.02       2.60 r
  u_cp/u_kvqd/U21290/ZN (CLKNAND2V16_140P7T30R)           0.02       2.63 f
  u_cp/u_kvqd/U13008/ZN (CLKINV20_140P7T30R)              0.02       2.64 r
  u_cp/u_kvqd/U30651/ZN (AOI12V8_140P7T30R)               0.02       2.66 f
  u_cp/u_kvqd/U21323/ZN (CLKNAND2V16_140P7T30R)           0.02       2.68 r
  u_cp/u_kvqd/U36839/ZN (CLKNAND2V16_140P7T30R)           0.02       2.69 f
  u_cp/u_kvqd/U13843/ZN (NOR2V16_140P7T30R)               0.02       2.71 r
  u_cp/u_kvqd/U16380/Z (CLKXOR2V12_140P7T30R)             0.03       2.74 r
  u_cp/u_kvqd/U16379/ZN (CLKNAND2V16_140P7T30R)           0.01       2.75 f
  u_cp/u_kvqd/U11113/ZN (NAND2XBV16_140P7T30R)            0.01       2.76 r
  u_cp/u_kvqd/U5485/ZN (INV24_140P7T30R)                  0.01       2.77 f
  u_cp/u_kvqd/U5446/ZN (INV32_140P7T30R)                  0.01       2.78 r
  u_cp/u_kvqd/U5351/Z (BUFV6_140P7T30R)                   0.02       2.80 r
  u_cp/u_kvqd/U5278/ZN (NAND3V4_140P7T30R)                0.02       2.82 f
  u_cp/u_kvqd/U17073/ZN (OAI12V8_140P7T30R)               0.02       2.84 r
  u_cp/u_kvqd/U5219/ZN (NAND2V2_140P7T30R)                0.02       2.85 f
  u_cp/u_kvqd/U5192/ZN (INV4_140P7T30R)                   0.02       2.87 r
  u_cp/u_kvqd/U12243/ZN (AOI12V12_140P7T30R)              0.01       2.88 f
  u_cp/u_kvqd/U10489/ZN (CLKNAND2V16_140P7T30R)           0.01       2.89 r
  u_cp/u_kvqd/U20537/ZN (OAI12V8_140P7T30R)               0.01       2.90 f
  u_cp/u_kvqd/U17411/ZN (NOR2V16_140P7T30R)               0.02       2.92 r
  u_cp/u_kvqd/U16083/ZN (OAI12V12_140P7T30R)              0.01       2.93 f
  u_cp/u_kvqd/U26025/ZN (AOI12V4_140P7T30R)               0.02       2.95 r
  u_cp/u_kvqd/U26021/ZN (OAI12V4_140P7T30R)               0.02       2.97 f
  u_cp/u_kvqd/U4930/ZN (NOR2V4_140P7T30R)                 0.02       2.98 r
  u_cp/u_kvqd/U4912/Z (XOR2V4_140P7T30R)                  0.03       3.02 r
  u_cp/u_kvqd/U37294/ZN (AOI12V12_140P7T30R)              0.02       3.04 f
  u_cp/u_kvqd/U20093/ZN (CLKNAND2V16_140P7T30R)           0.02       3.06 r
  u_cp/u_kvqd/U14921/ZN (CLKINV16_140P7T30R)              0.01       3.06 f
  u_cp/u_kvqd/U4820/Z (BUFV4_140P7T30R)                   0.02       3.08 f
  u_cp/u_kvqd/U30510/ZN (NAND3V3_140P7T30R)               0.01       3.09 r
  u_cp/u_kvqd/U11107/ZN (NAND3V6_140P7T30R)               0.02       3.11 f
  u_cp/u_kvqd/U31975/ZN (NOR2V12_140P7T30R)               0.02       3.14 r
  u_cp/u_kvqd/U4607/ZN (INV24_140P7T30R)                  0.01       3.15 f
  u_cp/u_kvqd/U4652/ZN (NAND2V12_140P7T30R)               0.01       3.16 r
  u_cp/u_kvqd/U22472/Z (OR2V2_140P7T30R)                  0.02       3.18 r
  u_cp/u_kvqd/U4601/ZN (NAND4V4_140P7T30R)                0.02       3.20 f
  u_cp/u_kvqd/U11099/ZN (NOR2V6_140P7T30R)                0.02       3.22 r
  u_cp/u_kvqd/U4530/ZN (NOR2V8_140P7T30R)                 0.01       3.23 f
  u_cp/u_kvqd/U12675/ZN (NAND2V12_140P7T30R)              0.01       3.24 r
  u_cp/u_kvqd/U4231/ZN (INV6_140P7T30R)                   0.02       3.26 f
  u_cp/u_kvqd/U34203/ZN (XNOR2V2_140P7T30R)               0.03       3.29 f
  u_cp/u_kvqd/U22457/ZN (OAI22V1_140P7T30R)               0.05       3.33 r
  u_cp/u_kvqd/U34168/ZN (XNOR2V2_140P7T30R)               0.04       3.37 f
  u_cp/u_kvqd/U45316/CO (AD1V4_140P7T30R)                 0.05       3.42 f
  u_cp/u_kvqd/U14436/ZN (XNOR2V2_140P7T30R)               0.03       3.45 f
  u_cp/u_kvqd/U14435/ZN (XNOR2V2_140P7T30R)               0.03       3.48 f
  u_cp/u_kvqd/U13847/ZN (INV4_140P7T30R)                  0.01       3.50 r
  u_cp/u_kvqd/U10604/ZN (XNOR2V4_140P7T30R)               0.03       3.53 r
  u_cp/u_kvqd/U14427/Z (CLKOR2V8_140P7T30R)               0.02       3.55 r
  u_cp/u_kvqd/U3563/ZN (CLKNAND2V6_140P7T30R)             0.02       3.56 f
  u_cp/u_kvqd/U11105/ZN (NOR2V12_140P7T30R)               0.02       3.58 r
  u_cp/u_kvqd/U18018/ZN (NAND2V12_140P7T30R)              0.01       3.60 f
  u_cp/u_kvqd/U3508/ZN (INV6_140P7T30R)                   0.01       3.61 r
  u_cp/u_kvqd/U12596/ZN (NAND2V12_140P7T30R)              0.01       3.62 f
  u_cp/u_kvqd/U12865/ZN (CLKNAND2V16_140P7T30R)           0.01       3.63 r
  u_cp/u_kvqd/U28158/ZN (NAND2V8_140P7T30R)               0.01       3.64 f
  u_cp/u_kvqd/U15970/ZN (NAND2V12_140P7T30R)              0.01       3.65 r
  u_cp/u_kvqd/U18694/ZN (NOR2V12_140P7T30R)               0.01       3.66 f
  u_cp/u_kvqd/U37781/ZN (NAND2V12_140P7T30R)              0.01       3.67 r
  u_cp/u_kvqd/U37780/ZN (NAND3V8_140P7T30R)               0.02       3.69 f
  u_cp/u_kvqd/U19803/ZN (CLKINV16_140P7T30R)              0.02       3.71 r
  u_cp/u_kvqd/U12799/ZN (INV32_140P7T30R)                 0.01       3.72 f
  u_cp/u_kvqd/U3386/ZN (INV16_140P7T30R)                  0.01       3.73 r
  u_cp/u_kvqd/U14081/ZN (CLKNAND2V16_140P7T30R)           0.01       3.74 f
  u_cp/u_kvqd/U17597/ZN (CLKNAND2V16_140P7T30R)           0.01       3.75 r
  u_cp/u_kvqd/U24775/Z (CLKXOR2V6_140P7T30R)              0.03       3.79 r
  u_cp/u_kvqd/U20200/ZN (OAI22V6_140P7T30R)               0.02       3.81 f
  u_cp/u_kvqd/U28137/ZN (XNOR2V2_140P7T30R)               0.04       3.84 f
  u_cp/u_kvqd/U37273/ZN (XNOR2V4_140P7T30R)               0.04       3.88 f
  u_cp/u_kvqd/U41307/Z (MAJ23V4_140P7T30R)                0.04       3.92 f
  u_cp/u_kvqd/U3028/ZN (NOR2V4_140P7T30R)                 0.03       3.95 r
  u_cp/u_kvqd/U3010/ZN (NOR3V6_140P7T30R)                 0.02       3.96 f
  u_cp/u_kvqd/U37263/ZN (AOI12V12_140P7T30R)              0.02       3.99 r
  u_cp/u_kvqd/U20303/ZN (NAND3V8_140P7T30R)               0.02       4.01 f
  u_cp/u_kvqd/U13877/ZN (NOR2V12_140P7T30R)               0.02       4.02 r
  u_cp/u_kvqd/U15237/ZN (CLKNAND2V16_140P7T30R)           0.02       4.04 f
  u_cp/u_kvqd/U36822/ZN (CLKNAND2V16_140P7T30R)           0.01       4.05 r
  u_cp/u_kvqd/U2979/ZN (OAI12V8_140P7T30R)                0.02       4.07 f
  u_cp/u_kvqd/U9245/ZN (CLKNAND2V16_140P7T30R)            0.01       4.08 r
  u_cp/u_kvqd/U2942/ZN (NAND2XBV12_140P7T30R)             0.01       4.10 f
  u_cp/u_kvqd/U19537/ZN (CLKNAND2V16_140P7T30R)           0.02       4.12 r
  u_cp/u_kvqd/U2931/ZN (INV16_140P7T30R)                  0.01       4.12 f
  u_cp/u_kvqd/U2927/ZN (NOR2V8_140P7T30R)                 0.02       4.14 r
  u_cp/u_kvqd/U2871/ZN (NAND3V3_140P7T30R)                0.02       4.16 f
  u_cp/u_kvqd/U27081/Z (CLKXOR2V6_140P7T30R)              0.03       4.20 f
  u_cp/u_kvqd/U18364/ZN (NOR2V12_140P7T30R)               0.02       4.21 r
  u_cp/u_kvqd/U2729/Z (CLKOR2V12_140P7T30R)               0.02       4.23 r
  u_cp/u_kvqd/U16469/ZN (NOR2V16_140P7T30R)               0.01       4.24 f
  u_cp/u_kvqd/U19554/ZN (CLKNAND2V16_140P7T30R)           0.01       4.25 r
  u_cp/u_kvqd/U16848/ZN (INV24_140P7T30R)                 0.01       4.26 f
  u_cp/u_kvqd/U2537/ZN (OAI12V8_140P7T30R)                0.01       4.28 r
  u_cp/u_kvqd/U18511/ZN (NAND3V12_140P7T30R)              0.02       4.30 f
  u_cp/u_kvqd/U27047/ZN (NOR2V6_140P7T30R)                0.03       4.33 r
  u_cp/u_kvqd/U9343/ZN (NOR2V12_140P7T30R)                0.01       4.34 f
  u_cp/u_kvqd/U16882/ZN (AOI12V8_140P7T30R)               0.03       4.37 r
  u_cp/u_kvqd/U2351/ZN (OAI12V6_140P7T30R)                0.01       4.38 f
  u_cp/u_kvqd/U2328/ZN (NOR2V4_140P7T30R)                 0.02       4.40 r
  u_cp/u_kvqd/U9337/ZN (NAND2V8_140P7T30R)                0.01       4.41 f
  u_cp/u_kvqd/U16592/Z (CLKXOR2V6_140P7T30R)              0.03       4.44 f
  u_cp/u_kvqd/U37605/ZN (OAI22BBV4_140P7T30R)             0.02       4.46 r
  u_cp/u_kvqd/U9283/ZN (NAND2XBV16_140P7T30R)             0.02       4.48 r
  u_cp/u_kvqd/U2228/ZN (INV7_140P7T30R)                   0.01       4.49 f
  u_cp/u_kvqd/U13543/ZN (NAND2V8_140P7T30R)               0.01       4.50 r
  u_cp/u_kvqd/U20431/ZN (NOR2V8_140P7T30R)                0.01       4.51 f
  u_cp/u_kvqd/U15524/ZN (AOI13V6_140P7T30R)               0.02       4.53 r
  u_cp/u_kvqd/U37551/ZN (CLKNAND2V16_140P7T30R)           0.02       4.55 f
  u_cp/u_kvqd/U11309/ZN (CLKINV20_140P7T30R)              0.01       4.57 r
  u_cp/u_kvqd/U10268/ZN (NOR2V16_140P7T30R)               0.01       4.58 f
  u_cp/u_kvqd/U11296/Z (BUFV20_140P7T30R)                 0.02       4.60 f
  u_cp/u_kvqd/U38720/ZN (AOI12V12_140P7T30R)              0.02       4.61 r
  u_cp/u_kvqd/U16456/ZN (CLKNAND2V16_140P7T30R)           0.01       4.63 f
  u_cp/u_kvqd/U2046/ZN (NAND2XBV8_140P7T30R)              0.01       4.64 r
  u_cp/u_kvqd/U36993/ZN (OAI12V12_140P7T30R)              0.01       4.65 f
  u_cp/u_kvqd/U17600/ZN (NAND2V8_140P7T30R)               0.01       4.66 r
  u_cp/u_kvqd/U20754/ZN (NAND2XBV12_140P7T30R)            0.01       4.67 f
  u_cp/u_kvqd/U38032/ZN (NOR2V16_140P7T30R)               0.02       4.69 r
  u_cp/u_kvqd/U1937/ZN (INV7_140P7T30R)                   0.01       4.70 f
  u_cp/u_kvqd/U28042/ZN (CLKINV12_140P7T30R)              0.01       4.72 r
  u_cp/u_kvqd/U17584/Z (CLKXOR2V6_140P7T30R)              0.03       4.75 r
  u_cp/u_kvqd/U21608/ZN (OAI22V8_140P7T30R)               0.02       4.76 f
  u_cp/u_kvqd/U33385/ZN (XNOR2V2_140P7T30R)               0.04       4.80 f
  u_cp/u_kvqd/U31578/ZN (XNOR2V2_140P7T30R)               0.04       4.84 f
  u_cp/u_kvqd/U17574/ZN (OAI12V4_140P7T30R)               0.02       4.86 r
  u_cp/u_kvqd/U17575/ZN (CLKNAND2V4_140P7T30R)            0.01       4.87 f
  u_cp/u_kvqd/U1583/ZN (OAI12V2_140P7T30R)                0.02       4.89 r
  u_cp/u_kvqd/U22953/ZN (NAND2V3_140P7T30R)               0.01       4.90 f
  u_cp/u_kvqd/U33297/ZN (XNOR2V2_140P7T30R)               0.03       4.93 f
  u_cp/u_kvqd/U31560/ZN (XNOR2V2_140P7T30R)               0.04       4.96 f
  u_cp/u_kvqd/U31548/Z (OR2V6_140P7T30R)                  0.04       5.00 f
  u_cp/u_kvqd/U13654/ZN (NAND2V12_140P7T30R)              0.01       5.01 r
  u_cp/u_kvqd/U16475/ZN (NOR2V16_140P7T30R)               0.01       5.02 f
  u_cp/u_kvqd/U21324/ZN (NAND2V8_140P7T30R)               0.01       5.03 r
  u_cp/u_kvqd/U13164/ZN (INV8_140P7T30R)                  0.01       5.04 f
  u_cp/u_kvqd/U13655/ZN (NAND2XBV8_140P7T30R)             0.01       5.05 r
  u_cp/u_kvqd/U1135/ZN (NOR2V6_140P7T30R)                 0.01       5.05 f
  u_cp/u_kvqd/U1127/ZN (NOR2V6_140P7T30R)                 0.01       5.07 r
  u_cp/u_kvqd/U13155/ZN (NAND2V8_140P7T30R)               0.01       5.08 f
  u_cp/u_kvqd/U1110/ZN (NOR2V4_140P7T30R)                 0.02       5.09 r
  u_cp/u_kvqd/U37906/ZN (OAI12V8_140P7T30R)               0.02       5.11 f
  u_cp/u_kvqd/U37817/ZN (CLKNAND2V16_140P7T30R)           0.02       5.13 r
  u_cp/u_kvqd/U10346/ZN (NOR2V16_140P7T30R)               0.01       5.14 f
  u_cp/u_kvqd/U13141/ZN (INV24_140P7T30R)                 0.01       5.15 r
  u_cp/u_kvqd/U36942/ZN (CLKINV32_140P7T30R)              0.01       5.17 f
  u_cp/u_kvqd/U11964/ZN (AOI12V12_140P7T30R)              0.03       5.20 r
  u_cp/u_kvqd/U1015/ZN (NAND3V4_140P7T30R)                0.03       5.22 f
  u_cp/u_kvqd/U14425/ZN (CLKNAND2V4_140P7T30R)            0.02       5.24 r
  u_cp/u_kvqd/U27990/Z (OA22V6_140P7T30R)                 0.03       5.27 r
  u_cp/u_kvqd/U18211/ZN (OAI12V8_140P7T30R)               0.02       5.29 f
  u_cp/u_kvqd/U20928/ZN (AOI12V8_140P7T30R)               0.02       5.31 r
  u_cp/u_kvqd/U38865/Z (CLKXOR2V6_140P7T30R)              0.03       5.33 r
  u_cp/u_kvqd/U18213/ZN (XNOR2V4_140P7T30R)               0.04       5.37 r
  u_cp/u_kvqd/U19748/ZN (CLKNAND2V4_140P7T30R)            0.02       5.39 f
  u_cp/u_kvqd/U38618/ZN (OAI12V8_140P7T30R)               0.02       5.41 r
  u_cp/u_kvqd/U37454/ZN (AOI12V12_140P7T30R)              0.02       5.42 f
  u_cp/u_kvqd/U37453/ZN (MUX2NV4_140P7T30R)               0.03       5.45 f
  u_cp/u_kvqd/U38792/ZN (AOI12V12_140P7T30R)              0.02       5.47 r
  u_cp/u_kvqd/U38791/ZN (CLKNAND2V16_140P7T30R)           0.03       5.50 f
  u_cp/u_kvqd/U19708/ZN (NAND2V8_140P7T30R)               0.02       5.52 r
  u_cp/u_kvqd/U17467/ZN (CLKNAND2V16_140P7T30R)           0.01       5.53 f
  u_cp/u_kvqd/U592/ZN (INV10_140P7T30R)                   0.02       5.55 r
  u_cp/u_kvqd/U16370/ZN (INV8_140P7T30R)                  0.01       5.57 f
  u_cp/u_kvqd/U22867/ZN (NAND2XBV4_140P7T30R)             0.03       5.60 f
  u_cp/u_kvqd/U16984/ZN (OAI12V12_140P7T30R)              0.02       5.62 r
  u_cp/u_kvqd/U26744/ZN (CLKINV16_140P7T30R)              0.02       5.64 f
  u_cp/u_kvqd/U422/Z (OR2V2_140P7T30R)                    0.04       5.67 f
  u_cp/u_kvqd/U17298/ZN (CLKNAND2V6_140P7T30R)            0.01       5.69 r
  u_cp/u_kvqd/U11756/ZN (AOI12V12_140P7T30R)              0.01       5.69 f
  u_cp/u_kvqd/U19555/ZN (NOR2V6_140P7T30R)                0.02       5.72 r
  u_cp/u_kvqd/U283/ZN (NAND2XBV8_140P7T30R)               0.03       5.75 r
  u_cp/u_kvqd/U9483/ZN (INV8_140P7T30R)                   0.01       5.75 f
  u_cp/u_kvqd/U20508/ZN (AOI22V6_140P7T30R)               0.02       5.77 r
  u_cp/u_kvqd/U41269/Z (AND2V6_140P7T30R)                 0.02       5.79 r
  u_cp/u_kvqd/U12950/ZN (NAND3V8_140P7T30R)               0.02       5.81 f
  u_cp/u_kvqd/U13138/ZN (NOR2V16_140P7T30R)               0.02       5.83 r
  u_cp/u_kvqd/U11219/ZN (NAND2V12_140P7T30R)              0.01       5.84 f
  u_cp/u_kvqd/U19354/ZN (INV12_140P7T30R)                 0.01       5.86 r
  u_cp/u_kvqd/U17929/ZN (NAND3V8_140P7T30R)               0.01       5.87 f
  u_cp/u_kvqd/U24418/ZN (XNOR2V2_140P7T30R)               0.03       5.89 f
  u_cp/u_kvqd/U24416/ZN (NOR2V4_140P7T30R)                0.02       5.91 r
  u_cp/u_kvqd/U23477/ZN (NOR2V4_140P7T30R)                0.01       5.92 f
  u_cp/u_kvqd/U75/ZN (NOR2V4_140P7T30R)                   0.02       5.94 r
  u_cp/u_kvqd/U29576/ZN (INV5_140P7T30R)                  0.01       5.95 f
  u_cp/u_kvqd/U21273/ZN (NOR2V6_140P7T30R)                0.01       5.96 r
  u_cp/u_kvqd/U12150/ZN (NAND3V6_140P7T30R)               0.02       5.98 f
  u_cp/u_kvqd/U41297/ZN (NOR3V8_140P7T30R)                0.03       6.00 r
  u_cp/u_kvqd/U37987/ZN (NOR2V8_140P7T30R)                0.02       6.02 f
  u_cp/u_kvqd/U32661/ZN (NOR3V6_140P7T30R)                0.02       6.03 r
  u_cp/u_kvqd/U4/ZN (INV2_140P7T30R)                      0.01       6.05 f
  u_cp/u_kvqd/U12104/ZN (NAND4V6_140P7T30R)               0.01       6.06 r
  u_cp/u_kvqd/wr_data[6] (kv_quantdequant)                0.00       6.06 r
  U41588/Z (AO12V2_140P7T30R)                             0.02       6.08 r
  hbm_wdata[6] (out)                                      0.00       6.08 r
  data arrival time                                                  6.08

  clock clk (rise edge)                                   1.00       1.00
  clock network delay (ideal)                             0.00       1.00
  output external delay                                   0.00       1.00
  data required time                                                 1.00
  --------------------------------------------------------------------------
  data required time                                                 1.00
  data arrival time                                                 -6.08
  --------------------------------------------------------------------------
  slack (VIOLATED)                                                  -5.08


  Startpoint: u_cp/u_kvqd/s_bits_reg[1]
              (rising edge-triggered flip-flop clocked by clk)
  Endpoint: hbm_wdata[3]
            (output port clocked by clk)
  Path Group: clk
  Path Type: max

  Point                                                   Incr       Path
  --------------------------------------------------------------------------
  clock clk (rise edge)                                   0.00       0.00
  clock network delay (ideal)                             0.00       0.00
  u_cp/u_kvqd/s_bits_reg[1]/CK (DQV6_140P7T30R)           0.00 #     0.00 r
  u_cp/u_kvqd/s_bits_reg[1]/Q (DQV6_140P7T30R)            0.06       0.06 f
  u_cp/u_kvqd/U31402/Z (CLKXOR2V6_140P7T30R)              0.03       0.09 r
  u_cp/u_kvqd/U9215/ZN (CLKINV16_140P7T30R)               0.02       0.11 f
  u_cp/u_kvqd/U17463/ZN (INV16_140P7T30R)                 0.01       0.12 r
  u_cp/u_kvqd/U14834/ZN (NOR2V16_140P7T30R)               0.01       0.13 f
  u_cp/u_kvqd/U9544/ZN (INV16_140P7T30R)                  0.01       0.14 r
  u_cp/u_kvqd/U14833/ZN (NOR2V16_140P7T30R)               0.01       0.14 f
  u_cp/u_kvqd/U10057/ZN (NOR2V16_140P7T30R)               0.01       0.16 r
  u_cp/u_kvqd/U16188/ZN (NAND2XBV16_140P7T30R)            0.01       0.17 f
  u_cp/u_kvqd/U38809/Z (CLKXOR2V6_140P7T30R)              0.03       0.19 f
  u_cp/u_kvqd/U39452/Z (CLKXOR2V6_140P7T30R)              0.03       0.22 f
  u_cp/u_kvqd/U10192/ZN (INV7_140P7T30R)                  0.01       0.24 r
  u_cp/u_kvqd/U15688/ZN (CLKNAND2V16_140P7T30R)           0.01       0.25 f
  u_cp/u_kvqd/U13930/ZN (NAND2V12_140P7T30R)              0.01       0.26 r
  u_cp/u_kvqd/U10315/ZN (NAND2V12_140P7T30R)              0.01       0.27 f
  u_cp/u_kvqd/U10314/ZN (NAND3V12_140P7T30R)              0.01       0.28 r
  u_cp/u_kvqd/U9128/ZN (CLKNAND2V4_140P7T30R)             0.02       0.30 f
  u_cp/u_kvqd/U19098/ZN (NAND2XBV6_140P7T30R)             0.01       0.31 r
  u_cp/u_kvqd/U20720/ZN (NAND2XBV8_140P7T30R)             0.01       0.32 f
  u_cp/u_kvqd/U19089/ZN (NOR2XBV12_140P7T30R)             0.01       0.34 r
  u_cp/u_kvqd/U11386/Z (CLKXOR2V12_140P7T30R)             0.03       0.37 r
  u_cp/u_kvqd/U14123/ZN (OAI22V12_140P7T30R)              0.02       0.39 f
  u_cp/u_kvqd/U9077/ZN (NAND2V12_140P7T30R)               0.01       0.40 r
  u_cp/u_kvqd/U17974/ZN (NAND3V8_140P7T30R)               0.02       0.42 f
  u_cp/u_kvqd/U17975/ZN (AOI22V12_140P7T30R)              0.02       0.44 r
  u_cp/u_kvqd/U17365/Z (CLKXOR2V12_140P7T30R)             0.04       0.48 r
  u_cp/u_kvqd/U15072/ZN (CLKNAND2V16_140P7T30R)           0.01       0.49 f
  u_cp/u_kvqd/U8795/Z (BUFV6_140P7T30R)                   0.02       0.51 f
  u_cp/u_kvqd/U18370/ZN (NAND3V12_140P7T30R)              0.01       0.52 r
  u_cp/u_kvqd/U18774/Z (CLKXOR2V6_140P7T30R)              0.03       0.55 r
  u_cp/u_kvqd/U8703/ZN (XNOR2V2_140P7T30R)                0.03       0.58 r
  u_cp/u_kvqd/U18368/ZN (XNOR2V4_140P7T30R)               0.04       0.62 r
  u_cp/u_kvqd/U18369/ZN (OAI12V6_140P7T30R)               0.02       0.64 f
  u_cp/u_kvqd/U14336/ZN (CLKNAND2V6_140P7T30R)            0.01       0.65 r
  u_cp/u_kvqd/U13123/ZN (XNOR2V4_140P7T30R)               0.03       0.68 r
  u_cp/u_kvqd/U20415/ZN (XNOR2V4_140P7T30R)               0.04       0.72 r
  u_cp/u_kvqd/U14332/ZN (NOR2V8_140P7T30R)                0.01       0.73 f
  u_cp/u_kvqd/U15879/ZN (NOR2V12_140P7T30R)               0.02       0.75 r
  u_cp/u_kvqd/U14367/ZN (NAND2V12_140P7T30R)              0.01       0.76 f
  u_cp/u_kvqd/U19356/ZN (NOR2V8_140P7T30R)                0.02       0.78 r
  u_cp/u_kvqd/U8578/ZN (CLKNAND2V6_140P7T30R)             0.01       0.79 f
  u_cp/u_kvqd/U12457/ZN (NOR2V12_140P7T30R)               0.02       0.81 r
  u_cp/u_kvqd/U8546/ZN (NOR2V8_140P7T30R)                 0.01       0.82 f
  u_cp/u_kvqd/U19488/ZN (CLKNAND2V16_140P7T30R)           0.01       0.84 r
  u_cp/u_kvqd/U16154/ZN (CLKNAND2V16_140P7T30R)           0.02       0.86 f
  u_cp/u_kvqd/U10511/ZN (INV24_140P7T30R)                 0.02       0.87 r
  u_cp/u_kvqd/U12216/ZN (CLKNAND2V16_140P7T30R)           0.01       0.88 f
  u_cp/u_kvqd/U35291/ZN (INV2_140P7T30R)                  0.02       0.90 r
  u_cp/u_kvqd/U44857/ZN (OAI22V4_140P7T30R)               0.02       0.92 f
  u_cp/u_kvqd/U8103/ZN (XNOR2V2_140P7T30R)                0.03       0.95 f
  u_cp/u_kvqd/U36546/ZN (XNOR2V2_140P7T30R)               0.04       0.99 f
  u_cp/u_kvqd/U15275/ZN (XNOR2V4_140P7T30R)               0.04       1.03 f
  u_cp/u_kvqd/U15274/ZN (XNOR2V4_140P7T30R)               0.03       1.06 f
  u_cp/u_kvqd/U8049/ZN (NOR2V6_140P7T30R)                 0.02       1.08 r
  u_cp/u_kvqd/U31110/ZN (OAI12V6_140P7T30R)               0.02       1.10 f
  u_cp/u_kvqd/U18077/ZN (AOI12V8_140P7T30R)               0.02       1.12 r
  u_cp/u_kvqd/U10456/ZN (NAND2V12_140P7T30R)              0.01       1.14 f
  u_cp/u_kvqd/U19009/ZN (NAND2XBV8_140P7T30R)             0.01       1.14 r
  u_cp/u_kvqd/U37258/ZN (NAND2V8_140P7T30R)               0.01       1.16 f
  u_cp/u_kvqd/U37257/ZN (AOI12V12_140P7T30R)              0.02       1.18 r
  u_cp/u_kvqd/U12899/ZN (CLKNAND2V16_140P7T30R)           0.02       1.20 f
  u_cp/u_kvqd/U12898/ZN (CLKINV32_140P7T30R)              0.02       1.21 r
  u_cp/u_kvqd/U7988/ZN (NAND2XBV6_140P7T30R)              0.01       1.23 f
  u_cp/u_kvqd/U15238/ZN (OAI12V12_140P7T30R)              0.01       1.24 r
  u_cp/u_kvqd/U14064/ZN (NAND2V12_140P7T30R)              0.01       1.25 f
  u_cp/u_kvqd/U13066/ZN (NOR2V16_140P7T30R)               0.02       1.27 r
  u_cp/u_kvqd/U7932/ZN (NOR2V8_140P7T30R)                 0.01       1.28 f
  u_cp/u_kvqd/U7914/ZN (CLKINV12_140P7T30R)               0.01       1.29 r
  u_cp/u_kvqd/U13527/ZN (INV32_140P7T30R)                 0.01       1.31 f
  u_cp/u_kvqd/U7816/ZN (CLKINV16_140P7T30R)               0.01       1.31 r
  u_cp/u_kvqd/U14711/ZN (NOR2V12_140P7T30R)               0.01       1.32 f
  u_cp/u_kvqd/U17920/ZN (NOR2XBV16_140P7T30R)             0.02       1.34 r
  u_cp/u_kvqd/U17407/ZN (CLKNAND2V16_140P7T30R)           0.01       1.35 f
  u_cp/u_kvqd/U20850/ZN (OAI12V12_140P7T30R)              0.01       1.36 r
  u_cp/u_kvqd/U20376/ZN (OAI12V8_140P7T30R)               0.01       1.37 f
  u_cp/u_kvqd/U19420/ZN (NAND2V8_140P7T30R)               0.01       1.38 r
  u_cp/u_kvqd/U17568/ZN (NAND2V8_140P7T30R)               0.01       1.40 f
  u_cp/u_kvqd/U13316/ZN (NAND2XBV12_140P7T30R)            0.01       1.41 r
  u_cp/u_kvqd/U24259/ZN (INV2_140P7T30R)                  0.01       1.42 f
  u_cp/u_kvqd/U26425/Z (OR2V2_140P7T30R)                  0.03       1.44 f
  u_cp/u_kvqd/U31037/ZN (NOR3V4_140P7T30R)                0.02       1.46 r
  u_cp/u_kvqd/U31026/ZN (NAND3V3_140P7T30R)               0.02       1.48 f
  u_cp/u_kvqd/U19487/ZN (NOR2V6_140P7T30R)                0.02       1.50 r
  u_cp/u_kvqd/U17291/ZN (NOR2V8_140P7T30R)                0.01       1.51 f
  u_cp/u_kvqd/U26409/Z (BUFV16_140P7T30R)                 0.02       1.53 f
  u_cp/u_kvqd/U7504/ZN (CLKINV12_140P7T30R)               0.01       1.55 r
  u_cp/u_kvqd/U29376/ZN (NOR2V6_140P7T30R)                0.01       1.56 f
  u_cp/u_kvqd/U32293/ZN (CLKINV3_140P7T30R)               0.01       1.56 r
  u_cp/u_kvqd/U28524/ZN (NAND2V3_140P7T30R)               0.01       1.57 f
  u_cp/u_kvqd/U19507/ZN (NAND2XBV8_140P7T30R)             0.02       1.59 f
  u_cp/u_kvqd/U7450/ZN (NOR2V6_140P7T30R)                 0.01       1.61 r
  u_cp/u_kvqd/U31002/ZN (NAND2V3_140P7T30R)               0.01       1.62 f
  u_cp/u_kvqd/U19880/ZN (AOI13V6_140P7T30R)               0.03       1.65 r
  u_cp/u_kvqd/U11252/ZN (CLKNAND2V16_140P7T30R)           0.03       1.68 f
  u_cp/u_kvqd/U9971/ZN (INV32_140P7T30R)                  0.02       1.70 r
  u_cp/u_kvqd/U7333/ZN (NOR2V8_140P7T30R)                 0.01       1.71 f
  u_cp/u_kvqd/U12244/ZN (NAND2V8_140P7T30R)               0.01       1.72 r
  u_cp/u_kvqd/U17485/ZN (OAI12V12_140P7T30R)              0.01       1.73 f
  u_cp/u_kvqd/U17486/ZN (NOR2V12_140P7T30R)               0.02       1.74 r
  u_cp/u_kvqd/U7177/ZN (NAND2V8_140P7T30R)                0.01       1.76 f
  u_cp/u_kvqd/U14350/ZN (NAND2XBV12_140P7T30R)            0.01       1.77 r
  u_cp/u_kvqd/U9382/ZN (NAND3V6_140P7T30R)                0.02       1.78 f
  u_cp/u_kvqd/U11696/ZN (NAND3V6_140P7T30R)               0.02       1.80 r
  u_cp/u_kvqd/U11695/ZN (CLKNAND2V16_140P7T30R)           0.02       1.82 f
  u_cp/u_kvqd/U12968/Z (BUFV32_140P7T30R)                 0.02       1.84 f
  u_cp/u_kvqd/U9401/Z (CLKXOR2V12_140P7T30R)              0.03       1.87 f
  u_cp/u_kvqd/U6665/ZN (OAI22V4_140P7T30R)                0.02       1.89 r
  u_cp/u_kvqd/U6569/Z (MAJ23V2_140P7T30R)                 0.04       1.93 r
  u_cp/u_kvqd/U12645/Z (AO1B2V4_140P7T30R)                0.01       1.94 f
  u_cp/u_kvqd/U15866/Z (AO1B2V4_140P7T30R)                0.02       1.96 r
  u_cp/u_kvqd/U18033/Z (CLKXOR2V6_140P7T30R)              0.03       1.99 r
  u_cp/u_kvqd/U13946/Z (CLKXOR2V6_140P7T30R)              0.04       2.03 r
  u_cp/u_kvqd/U30844/ZN (CLKNAND2V4_140P7T30R)            0.02       2.05 f
  u_cp/u_kvqd/U16050/ZN (NAND2V12_140P7T30R)              0.01       2.06 r
  u_cp/u_kvqd/U37915/Z (CLKXOR2V6_140P7T30R)              0.03       2.09 r
  u_cp/u_kvqd/U37914/Z (CLKXOR2V6_140P7T30R)              0.03       2.12 r
  u_cp/u_kvqd/U37912/ZN (NOR2V12_140P7T30R)               0.01       2.14 f
  u_cp/u_kvqd/U9423/ZN (NOR2V12_140P7T30R)                0.02       2.16 r
  u_cp/u_kvqd/U19547/ZN (NAND2V12_140P7T30R)              0.02       2.17 f
  u_cp/u_kvqd/U16979/ZN (OAI12V12_140P7T30R)              0.02       2.19 r
  u_cp/u_kvqd/U6294/ZN (CLKNAND2V6_140P7T30R)             0.02       2.21 f
  u_cp/u_kvqd/U16888/ZN (NAND4V6_140P7T30R)               0.02       2.23 r
  u_cp/u_kvqd/U11745/ZN (CLKNAND2V16_140P7T30R)           0.02       2.25 f
  u_cp/u_kvqd/U37831/ZN (NOR2V16_140P7T30R)               0.02       2.27 r
  u_cp/u_kvqd/U6249/ZN (CLKINV20_140P7T30R)               0.01       2.29 f
  u_cp/u_kvqd/U12239/ZN (INV40_140P7T30R)                 0.01       2.30 r
  u_cp/u_kvqd/U19649/ZN (CLKNAND2V16_140P7T30R)           0.02       2.32 f
  u_cp/u_kvqd/U6009/ZN (NAND3V2_140P7T30R)                0.02       2.33 r
  u_cp/u_kvqd/U12644/Z (AND2V6_140P7T30R)                 0.02       2.36 r
  u_cp/u_kvqd/U34604/Z (CLKXOR2V6_140P7T30R)              0.03       2.39 r
  u_cp/u_kvqd/U38443/Z (CLKXOR2V6_140P7T30R)              0.03       2.42 r
  u_cp/u_kvqd/U13938/Z (CLKXOR2V6_140P7T30R)              0.03       2.45 r
  u_cp/u_kvqd/U5866/ZN (NOR2V6_140P7T30R)                 0.01       2.46 f
  u_cp/u_kvqd/U5856/ZN (CLKINV10_140P7T30R)               0.01       2.47 r
  u_cp/u_kvqd/U20037/ZN (NAND2XBV8_140P7T30R)             0.01       2.48 f
  u_cp/u_kvqd/U5843/ZN (NOR2V8_140P7T30R)                 0.02       2.50 r
  u_cp/u_kvqd/U5815/ZN (NAND3V3_140P7T30R)                0.02       2.52 f
  u_cp/u_kvqd/U17744/ZN (NOR2V8_140P7T30R)                0.02       2.54 r
  u_cp/u_kvqd/U19161/ZN (NOR2V6_140P7T30R)                0.01       2.55 f
  u_cp/u_kvqd/U15972/ZN (OAI12V8_140P7T30R)               0.02       2.57 r
  u_cp/u_kvqd/U19570/ZN (NAND2V12_140P7T30R)              0.01       2.58 f
  u_cp/u_kvqd/U21291/ZN (NOR2V16_140P7T30R)               0.02       2.60 r
  u_cp/u_kvqd/U21290/ZN (CLKNAND2V16_140P7T30R)           0.02       2.63 f
  u_cp/u_kvqd/U13008/ZN (CLKINV20_140P7T30R)              0.02       2.64 r
  u_cp/u_kvqd/U30651/ZN (AOI12V8_140P7T30R)               0.02       2.66 f
  u_cp/u_kvqd/U21323/ZN (CLKNAND2V16_140P7T30R)           0.02       2.68 r
  u_cp/u_kvqd/U36839/ZN (CLKNAND2V16_140P7T30R)           0.02       2.69 f
  u_cp/u_kvqd/U13843/ZN (NOR2V16_140P7T30R)               0.02       2.71 r
  u_cp/u_kvqd/U16380/Z (CLKXOR2V12_140P7T30R)             0.03       2.74 r
  u_cp/u_kvqd/U16379/ZN (CLKNAND2V16_140P7T30R)           0.01       2.75 f
  u_cp/u_kvqd/U11113/ZN (NAND2XBV16_140P7T30R)            0.01       2.76 r
  u_cp/u_kvqd/U5485/ZN (INV24_140P7T30R)                  0.01       2.77 f
  u_cp/u_kvqd/U5446/ZN (INV32_140P7T30R)                  0.01       2.78 r
  u_cp/u_kvqd/U5351/Z (BUFV6_140P7T30R)                   0.02       2.80 r
  u_cp/u_kvqd/U5278/ZN (NAND3V4_140P7T30R)                0.02       2.82 f
  u_cp/u_kvqd/U17073/ZN (OAI12V8_140P7T30R)               0.02       2.84 r
  u_cp/u_kvqd/U5219/ZN (NAND2V2_140P7T30R)                0.02       2.85 f
  u_cp/u_kvqd/U5192/ZN (INV4_140P7T30R)                   0.02       2.87 r
  u_cp/u_kvqd/U12243/ZN (AOI12V12_140P7T30R)              0.01       2.88 f
  u_cp/u_kvqd/U10489/ZN (CLKNAND2V16_140P7T30R)           0.01       2.89 r
  u_cp/u_kvqd/U20537/ZN (OAI12V8_140P7T30R)               0.01       2.90 f
  u_cp/u_kvqd/U17411/ZN (NOR2V16_140P7T30R)               0.02       2.92 r
  u_cp/u_kvqd/U16083/ZN (OAI12V12_140P7T30R)              0.01       2.93 f
  u_cp/u_kvqd/U26025/ZN (AOI12V4_140P7T30R)               0.02       2.95 r
  u_cp/u_kvqd/U26021/ZN (OAI12V4_140P7T30R)               0.02       2.97 f
  u_cp/u_kvqd/U4930/ZN (NOR2V4_140P7T30R)                 0.02       2.98 r
  u_cp/u_kvqd/U4912/Z (XOR2V4_140P7T30R)                  0.03       3.02 r
  u_cp/u_kvqd/U37294/ZN (AOI12V12_140P7T30R)              0.02       3.04 f
  u_cp/u_kvqd/U20093/ZN (CLKNAND2V16_140P7T30R)           0.02       3.06 r
  u_cp/u_kvqd/U14921/ZN (CLKINV16_140P7T30R)              0.01       3.06 f
  u_cp/u_kvqd/U4820/Z (BUFV4_140P7T30R)                   0.02       3.08 f
  u_cp/u_kvqd/U30510/ZN (NAND3V3_140P7T30R)               0.01       3.09 r
  u_cp/u_kvqd/U11107/ZN (NAND3V6_140P7T30R)               0.02       3.11 f
  u_cp/u_kvqd/U31975/ZN (NOR2V12_140P7T30R)               0.02       3.14 r
  u_cp/u_kvqd/U4607/ZN (INV24_140P7T30R)                  0.01       3.15 f
  u_cp/u_kvqd/U4652/ZN (NAND2V12_140P7T30R)               0.01       3.16 r
  u_cp/u_kvqd/U22472/Z (OR2V2_140P7T30R)                  0.02       3.18 r
  u_cp/u_kvqd/U4601/ZN (NAND4V4_140P7T30R)                0.02       3.20 f
  u_cp/u_kvqd/U11099/ZN (NOR2V6_140P7T30R)                0.02       3.22 r
  u_cp/u_kvqd/U4530/ZN (NOR2V8_140P7T30R)                 0.01       3.23 f
  u_cp/u_kvqd/U12675/ZN (NAND2V12_140P7T30R)              0.01       3.24 r
  u_cp/u_kvqd/U4231/ZN (INV6_140P7T30R)                   0.02       3.26 f
  u_cp/u_kvqd/U34203/ZN (XNOR2V2_140P7T30R)               0.03       3.29 f
  u_cp/u_kvqd/U22457/ZN (OAI22V1_140P7T30R)               0.05       3.33 r
  u_cp/u_kvqd/U34168/ZN (XNOR2V2_140P7T30R)               0.04       3.37 f
  u_cp/u_kvqd/U45316/CO (AD1V4_140P7T30R)                 0.05       3.42 f
  u_cp/u_kvqd/U14436/ZN (XNOR2V2_140P7T30R)               0.03       3.45 f
  u_cp/u_kvqd/U14435/ZN (XNOR2V2_140P7T30R)               0.03       3.48 f
  u_cp/u_kvqd/U13847/ZN (INV4_140P7T30R)                  0.01       3.50 r
  u_cp/u_kvqd/U10604/ZN (XNOR2V4_140P7T30R)               0.03       3.53 r
  u_cp/u_kvqd/U14427/Z (CLKOR2V8_140P7T30R)               0.02       3.55 r
  u_cp/u_kvqd/U3563/ZN (CLKNAND2V6_140P7T30R)             0.02       3.56 f
  u_cp/u_kvqd/U11105/ZN (NOR2V12_140P7T30R)               0.02       3.58 r
  u_cp/u_kvqd/U18018/ZN (NAND2V12_140P7T30R)              0.01       3.60 f
  u_cp/u_kvqd/U3508/ZN (INV6_140P7T30R)                   0.01       3.61 r
  u_cp/u_kvqd/U12596/ZN (NAND2V12_140P7T30R)              0.01       3.62 f
  u_cp/u_kvqd/U12865/ZN (CLKNAND2V16_140P7T30R)           0.01       3.63 r
  u_cp/u_kvqd/U28158/ZN (NAND2V8_140P7T30R)               0.01       3.64 f
  u_cp/u_kvqd/U15970/ZN (NAND2V12_140P7T30R)              0.01       3.65 r
  u_cp/u_kvqd/U18694/ZN (NOR2V12_140P7T30R)               0.01       3.66 f
  u_cp/u_kvqd/U37781/ZN (NAND2V12_140P7T30R)              0.01       3.67 r
  u_cp/u_kvqd/U37780/ZN (NAND3V8_140P7T30R)               0.02       3.69 f
  u_cp/u_kvqd/U19803/ZN (CLKINV16_140P7T30R)              0.02       3.71 r
  u_cp/u_kvqd/U12799/ZN (INV32_140P7T30R)                 0.01       3.72 f
  u_cp/u_kvqd/U3386/ZN (INV16_140P7T30R)                  0.01       3.73 r
  u_cp/u_kvqd/U14081/ZN (CLKNAND2V16_140P7T30R)           0.01       3.74 f
  u_cp/u_kvqd/U17597/ZN (CLKNAND2V16_140P7T30R)           0.01       3.75 r
  u_cp/u_kvqd/U24775/Z (CLKXOR2V6_140P7T30R)              0.03       3.79 r
  u_cp/u_kvqd/U20200/ZN (OAI22V6_140P7T30R)               0.02       3.81 f
  u_cp/u_kvqd/U28137/ZN (XNOR2V2_140P7T30R)               0.04       3.84 f
  u_cp/u_kvqd/U37273/ZN (XNOR2V4_140P7T30R)               0.04       3.88 f
  u_cp/u_kvqd/U41307/Z (MAJ23V4_140P7T30R)                0.04       3.92 f
  u_cp/u_kvqd/U3028/ZN (NOR2V4_140P7T30R)                 0.03       3.95 r
  u_cp/u_kvqd/U3010/ZN (NOR3V6_140P7T30R)                 0.02       3.96 f
  u_cp/u_kvqd/U37263/ZN (AOI12V12_140P7T30R)              0.02       3.99 r
  u_cp/u_kvqd/U20303/ZN (NAND3V8_140P7T30R)               0.02       4.01 f
  u_cp/u_kvqd/U13877/ZN (NOR2V12_140P7T30R)               0.02       4.02 r
  u_cp/u_kvqd/U15237/ZN (CLKNAND2V16_140P7T30R)           0.02       4.04 f
  u_cp/u_kvqd/U36822/ZN (CLKNAND2V16_140P7T30R)           0.01       4.05 r
  u_cp/u_kvqd/U2979/ZN (OAI12V8_140P7T30R)                0.02       4.07 f
  u_cp/u_kvqd/U9245/ZN (CLKNAND2V16_140P7T30R)            0.01       4.08 r
  u_cp/u_kvqd/U2942/ZN (NAND2XBV12_140P7T30R)             0.01       4.10 f
  u_cp/u_kvqd/U19537/ZN (CLKNAND2V16_140P7T30R)           0.02       4.12 r
  u_cp/u_kvqd/U2931/ZN (INV16_140P7T30R)                  0.01       4.12 f
  u_cp/u_kvqd/U2927/ZN (NOR2V8_140P7T30R)                 0.02       4.14 r
  u_cp/u_kvqd/U2871/ZN (NAND3V3_140P7T30R)                0.02       4.16 f
  u_cp/u_kvqd/U27081/Z (CLKXOR2V6_140P7T30R)              0.03       4.20 f
  u_cp/u_kvqd/U18364/ZN (NOR2V12_140P7T30R)               0.02       4.21 r
  u_cp/u_kvqd/U2729/Z (CLKOR2V12_140P7T30R)               0.02       4.23 r
  u_cp/u_kvqd/U16469/ZN (NOR2V16_140P7T30R)               0.01       4.24 f
  u_cp/u_kvqd/U19554/ZN (CLKNAND2V16_140P7T30R)           0.01       4.25 r
  u_cp/u_kvqd/U16848/ZN (INV24_140P7T30R)                 0.01       4.26 f
  u_cp/u_kvqd/U2537/ZN (OAI12V8_140P7T30R)                0.01       4.28 r
  u_cp/u_kvqd/U18511/ZN (NAND3V12_140P7T30R)              0.02       4.30 f
  u_cp/u_kvqd/U27047/ZN (NOR2V6_140P7T30R)                0.03       4.33 r
  u_cp/u_kvqd/U9343/ZN (NOR2V12_140P7T30R)                0.01       4.34 f
  u_cp/u_kvqd/U16882/ZN (AOI12V8_140P7T30R)               0.03       4.37 r
  u_cp/u_kvqd/U2351/ZN (OAI12V6_140P7T30R)                0.01       4.38 f
  u_cp/u_kvqd/U2328/ZN (NOR2V4_140P7T30R)                 0.02       4.40 r
  u_cp/u_kvqd/U9337/ZN (NAND2V8_140P7T30R)                0.01       4.41 f
  u_cp/u_kvqd/U16592/Z (CLKXOR2V6_140P7T30R)              0.03       4.44 f
  u_cp/u_kvqd/U37605/ZN (OAI22BBV4_140P7T30R)             0.02       4.46 r
  u_cp/u_kvqd/U9283/ZN (NAND2XBV16_140P7T30R)             0.02       4.48 r
  u_cp/u_kvqd/U2228/ZN (INV7_140P7T30R)                   0.01       4.49 f
  u_cp/u_kvqd/U13543/ZN (NAND2V8_140P7T30R)               0.01       4.50 r
  u_cp/u_kvqd/U20431/ZN (NOR2V8_140P7T30R)                0.01       4.51 f
  u_cp/u_kvqd/U15524/ZN (AOI13V6_140P7T30R)               0.02       4.53 r
  u_cp/u_kvqd/U37551/ZN (CLKNAND2V16_140P7T30R)           0.02       4.55 f
  u_cp/u_kvqd/U11309/ZN (CLKINV20_140P7T30R)              0.01       4.57 r
  u_cp/u_kvqd/U10268/ZN (NOR2V16_140P7T30R)               0.01       4.58 f
  u_cp/u_kvqd/U11296/Z (BUFV20_140P7T30R)                 0.02       4.60 f
  u_cp/u_kvqd/U38720/ZN (AOI12V12_140P7T30R)              0.02       4.61 r
  u_cp/u_kvqd/U16456/ZN (CLKNAND2V16_140P7T30R)           0.01       4.63 f
  u_cp/u_kvqd/U2046/ZN (NAND2XBV8_140P7T30R)              0.01       4.64 r
  u_cp/u_kvqd/U36993/ZN (OAI12V12_140P7T30R)              0.01       4.65 f
  u_cp/u_kvqd/U17600/ZN (NAND2V8_140P7T30R)               0.01       4.66 r
  u_cp/u_kvqd/U20754/ZN (NAND2XBV12_140P7T30R)            0.01       4.67 f
  u_cp/u_kvqd/U38032/ZN (NOR2V16_140P7T30R)               0.02       4.69 r
  u_cp/u_kvqd/U1937/ZN (INV7_140P7T30R)                   0.01       4.70 f
  u_cp/u_kvqd/U28042/ZN (CLKINV12_140P7T30R)              0.01       4.72 r
  u_cp/u_kvqd/U17584/Z (CLKXOR2V6_140P7T30R)              0.03       4.75 r
  u_cp/u_kvqd/U21608/ZN (OAI22V8_140P7T30R)               0.02       4.76 f
  u_cp/u_kvqd/U33385/ZN (XNOR2V2_140P7T30R)               0.04       4.80 f
  u_cp/u_kvqd/U31578/ZN (XNOR2V2_140P7T30R)               0.04       4.84 f
  u_cp/u_kvqd/U17574/ZN (OAI12V4_140P7T30R)               0.02       4.86 r
  u_cp/u_kvqd/U17575/ZN (CLKNAND2V4_140P7T30R)            0.01       4.87 f
  u_cp/u_kvqd/U1583/ZN (OAI12V2_140P7T30R)                0.02       4.89 r
  u_cp/u_kvqd/U22953/ZN (NAND2V3_140P7T30R)               0.01       4.90 f
  u_cp/u_kvqd/U33297/ZN (XNOR2V2_140P7T30R)               0.03       4.93 f
  u_cp/u_kvqd/U31560/ZN (XNOR2V2_140P7T30R)               0.04       4.96 f
  u_cp/u_kvqd/U31548/Z (OR2V6_140P7T30R)                  0.04       5.00 f
  u_cp/u_kvqd/U13654/ZN (NAND2V12_140P7T30R)              0.01       5.01 r
  u_cp/u_kvqd/U16475/ZN (NOR2V16_140P7T30R)               0.01       5.02 f
  u_cp/u_kvqd/U21324/ZN (NAND2V8_140P7T30R)               0.01       5.03 r
  u_cp/u_kvqd/U13164/ZN (INV8_140P7T30R)                  0.01       5.04 f
  u_cp/u_kvqd/U13655/ZN (NAND2XBV8_140P7T30R)             0.01       5.05 r
  u_cp/u_kvqd/U1135/ZN (NOR2V6_140P7T30R)                 0.01       5.05 f
  u_cp/u_kvqd/U1127/ZN (NOR2V6_140P7T30R)                 0.01       5.07 r
  u_cp/u_kvqd/U13155/ZN (NAND2V8_140P7T30R)               0.01       5.08 f
  u_cp/u_kvqd/U1110/ZN (NOR2V4_140P7T30R)                 0.02       5.09 r
  u_cp/u_kvqd/U37906/ZN (OAI12V8_140P7T30R)               0.02       5.11 f
  u_cp/u_kvqd/U37817/ZN (CLKNAND2V16_140P7T30R)           0.02       5.13 r
  u_cp/u_kvqd/U10346/ZN (NOR2V16_140P7T30R)               0.01       5.14 f
  u_cp/u_kvqd/U13141/ZN (INV24_140P7T30R)                 0.01       5.15 r
  u_cp/u_kvqd/U36942/ZN (CLKINV32_140P7T30R)              0.01       5.17 f
  u_cp/u_kvqd/U11964/ZN (AOI12V12_140P7T30R)              0.03       5.20 r
  u_cp/u_kvqd/U1015/ZN (NAND3V4_140P7T30R)                0.03       5.22 f
  u_cp/u_kvqd/U14425/ZN (CLKNAND2V4_140P7T30R)            0.02       5.24 r
  u_cp/u_kvqd/U27990/Z (OA22V6_140P7T30R)                 0.03       5.27 r
  u_cp/u_kvqd/U18211/ZN (OAI12V8_140P7T30R)               0.02       5.29 f
  u_cp/u_kvqd/U20928/ZN (AOI12V8_140P7T30R)               0.02       5.31 r
  u_cp/u_kvqd/U38865/Z (CLKXOR2V6_140P7T30R)              0.03       5.33 r
  u_cp/u_kvqd/U18213/ZN (XNOR2V4_140P7T30R)               0.04       5.37 r
  u_cp/u_kvqd/U19748/ZN (CLKNAND2V4_140P7T30R)            0.02       5.39 f
  u_cp/u_kvqd/U38618/ZN (OAI12V8_140P7T30R)               0.02       5.41 r
  u_cp/u_kvqd/U37454/ZN (AOI12V12_140P7T30R)              0.02       5.42 f
  u_cp/u_kvqd/U37453/ZN (MUX2NV4_140P7T30R)               0.03       5.45 f
  u_cp/u_kvqd/U38792/ZN (AOI12V12_140P7T30R)              0.02       5.47 r
  u_cp/u_kvqd/U38791/ZN (CLKNAND2V16_140P7T30R)           0.03       5.50 f
  u_cp/u_kvqd/U19708/ZN (NAND2V8_140P7T30R)               0.02       5.52 r
  u_cp/u_kvqd/U17467/ZN (CLKNAND2V16_140P7T30R)           0.01       5.53 f
  u_cp/u_kvqd/U592/ZN (INV10_140P7T30R)                   0.02       5.55 r
  u_cp/u_kvqd/U16370/ZN (INV8_140P7T30R)                  0.01       5.57 f
  u_cp/u_kvqd/U22867/ZN (NAND2XBV4_140P7T30R)             0.03       5.60 f
  u_cp/u_kvqd/U16984/ZN (OAI12V12_140P7T30R)              0.02       5.62 r
  u_cp/u_kvqd/U26744/ZN (CLKINV16_140P7T30R)              0.02       5.64 f
  u_cp/u_kvqd/U422/Z (OR2V2_140P7T30R)                    0.04       5.67 f
  u_cp/u_kvqd/U17298/ZN (CLKNAND2V6_140P7T30R)            0.01       5.69 r
  u_cp/u_kvqd/U11756/ZN (AOI12V12_140P7T30R)              0.01       5.69 f
  u_cp/u_kvqd/U19555/ZN (NOR2V6_140P7T30R)                0.02       5.72 r
  u_cp/u_kvqd/U283/ZN (NAND2XBV8_140P7T30R)               0.03       5.75 r
  u_cp/u_kvqd/U9483/ZN (INV8_140P7T30R)                   0.01       5.75 f
  u_cp/u_kvqd/U20508/ZN (AOI22V6_140P7T30R)               0.02       5.77 r
  u_cp/u_kvqd/U41269/Z (AND2V6_140P7T30R)                 0.02       5.79 r
  u_cp/u_kvqd/U12950/ZN (NAND3V8_140P7T30R)               0.02       5.81 f
  u_cp/u_kvqd/U13138/ZN (NOR2V16_140P7T30R)               0.02       5.83 r
  u_cp/u_kvqd/U18832/ZN (NAND2V8_140P7T30R)               0.01       5.84 f
  u_cp/u_kvqd/U29582/ZN (NOR2V12_140P7T30R)               0.02       5.86 r
  u_cp/u_kvqd/U29581/ZN (INV20_140P7T30R)                 0.01       5.87 f
  u_cp/u_kvqd/U10478/ZN (CLKINV20_140P7T30R)              0.01       5.88 r
  u_cp/u_kvqd/U16674/ZN (NAND2V12_140P7T30R)              0.01       5.89 f
  u_cp/u_kvqd/U38919/Z (CLKXOR2V6_140P7T30R)              0.03       5.92 f
  u_cp/u_kvqd/U12099/ZN (NOR3V8_140P7T30R)                0.02       5.93 r
  u_cp/u_kvqd/U41188/ZN (NAND4V6_140P7T30R)               0.03       5.96 f
  u_cp/u_kvqd/U36890/ZN (NOR2V8_140P7T30R)                0.03       5.98 r
  u_cp/u_kvqd/U22180/ZN (NOR2V12_140P7T30R)               0.01       6.00 f
  u_cp/u_kvqd/U9/Z (OA12V6_140P7T30R)                     0.03       6.03 f
  u_cp/u_kvqd/U3/ZN (INV2_140P7T30R)                      0.01       6.04 r
  u_cp/u_kvqd/U32657/ZN (NAND4XXBBV2_140P7T30R)           0.02       6.06 f
  u_cp/u_kvqd/wr_data[3] (kv_quantdequant)                0.00       6.06 f
  U11865/Z (AO1B2V2_140P7T30R)                            0.02       6.08 f
  hbm_wdata[3] (out)                                      0.00       6.08 f
  data arrival time                                                  6.08

  clock clk (rise edge)                                   1.00       1.00
  clock network delay (ideal)                             0.00       1.00
  output external delay                                   0.00       1.00
  data required time                                                 1.00
  --------------------------------------------------------------------------
  data required time                                                 1.00
  data arrival time                                                 -6.08
  --------------------------------------------------------------------------
  slack (VIOLATED)                                                  -5.08


  Startpoint: u_cp/u_kvqd/s_bits_reg[1]
              (rising edge-triggered flip-flop clocked by clk)
  Endpoint: hbm_wdata[5]
            (output port clocked by clk)
  Path Group: clk
  Path Type: max

  Point                                                   Incr       Path
  --------------------------------------------------------------------------
  clock clk (rise edge)                                   0.00       0.00
  clock network delay (ideal)                             0.00       0.00
  u_cp/u_kvqd/s_bits_reg[1]/CK (DQV6_140P7T30R)           0.00 #     0.00 r
  u_cp/u_kvqd/s_bits_reg[1]/Q (DQV6_140P7T30R)            0.06       0.06 f
  u_cp/u_kvqd/U31402/Z (CLKXOR2V6_140P7T30R)              0.03       0.09 r
  u_cp/u_kvqd/U9215/ZN (CLKINV16_140P7T30R)               0.02       0.11 f
  u_cp/u_kvqd/U17463/ZN (INV16_140P7T30R)                 0.01       0.12 r
  u_cp/u_kvqd/U14834/ZN (NOR2V16_140P7T30R)               0.01       0.13 f
  u_cp/u_kvqd/U9544/ZN (INV16_140P7T30R)                  0.01       0.14 r
  u_cp/u_kvqd/U14833/ZN (NOR2V16_140P7T30R)               0.01       0.14 f
  u_cp/u_kvqd/U10057/ZN (NOR2V16_140P7T30R)               0.01       0.16 r
  u_cp/u_kvqd/U16188/ZN (NAND2XBV16_140P7T30R)            0.01       0.17 f
  u_cp/u_kvqd/U38809/Z (CLKXOR2V6_140P7T30R)              0.03       0.19 f
  u_cp/u_kvqd/U39452/Z (CLKXOR2V6_140P7T30R)              0.03       0.22 f
  u_cp/u_kvqd/U10192/ZN (INV7_140P7T30R)                  0.01       0.24 r
  u_cp/u_kvqd/U15688/ZN (CLKNAND2V16_140P7T30R)           0.01       0.25 f
  u_cp/u_kvqd/U13930/ZN (NAND2V12_140P7T30R)              0.01       0.26 r
  u_cp/u_kvqd/U10315/ZN (NAND2V12_140P7T30R)              0.01       0.27 f
  u_cp/u_kvqd/U10314/ZN (NAND3V12_140P7T30R)              0.01       0.28 r
  u_cp/u_kvqd/U9128/ZN (CLKNAND2V4_140P7T30R)             0.02       0.30 f
  u_cp/u_kvqd/U19098/ZN (NAND2XBV6_140P7T30R)             0.01       0.31 r
  u_cp/u_kvqd/U20720/ZN (NAND2XBV8_140P7T30R)             0.01       0.32 f
  u_cp/u_kvqd/U19089/ZN (NOR2XBV12_140P7T30R)             0.01       0.34 r
  u_cp/u_kvqd/U11386/Z (CLKXOR2V12_140P7T30R)             0.03       0.37 r
  u_cp/u_kvqd/U14123/ZN (OAI22V12_140P7T30R)              0.02       0.39 f
  u_cp/u_kvqd/U9077/ZN (NAND2V12_140P7T30R)               0.01       0.40 r
  u_cp/u_kvqd/U17974/ZN (NAND3V8_140P7T30R)               0.02       0.42 f
  u_cp/u_kvqd/U17975/ZN (AOI22V12_140P7T30R)              0.02       0.44 r
  u_cp/u_kvqd/U17365/Z (CLKXOR2V12_140P7T30R)             0.04       0.48 r
  u_cp/u_kvqd/U15072/ZN (CLKNAND2V16_140P7T30R)           0.01       0.49 f
  u_cp/u_kvqd/U8795/Z (BUFV6_140P7T30R)                   0.02       0.51 f
  u_cp/u_kvqd/U18370/ZN (NAND3V12_140P7T30R)              0.01       0.52 r
  u_cp/u_kvqd/U18774/Z (CLKXOR2V6_140P7T30R)              0.03       0.55 r
  u_cp/u_kvqd/U8703/ZN (XNOR2V2_140P7T30R)                0.03       0.58 r
  u_cp/u_kvqd/U18368/ZN (XNOR2V4_140P7T30R)               0.04       0.62 r
  u_cp/u_kvqd/U18369/ZN (OAI12V6_140P7T30R)               0.02       0.64 f
  u_cp/u_kvqd/U14336/ZN (CLKNAND2V6_140P7T30R)            0.01       0.65 r
  u_cp/u_kvqd/U13123/ZN (XNOR2V4_140P7T30R)               0.03       0.68 r
  u_cp/u_kvqd/U20415/ZN (XNOR2V4_140P7T30R)               0.04       0.72 r
  u_cp/u_kvqd/U14332/ZN (NOR2V8_140P7T30R)                0.01       0.73 f
  u_cp/u_kvqd/U15879/ZN (NOR2V12_140P7T30R)               0.02       0.75 r
  u_cp/u_kvqd/U14367/ZN (NAND2V12_140P7T30R)              0.01       0.76 f
  u_cp/u_kvqd/U19356/ZN (NOR2V8_140P7T30R)                0.02       0.78 r
  u_cp/u_kvqd/U8578/ZN (CLKNAND2V6_140P7T30R)             0.01       0.79 f
  u_cp/u_kvqd/U12457/ZN (NOR2V12_140P7T30R)               0.02       0.81 r
  u_cp/u_kvqd/U8546/ZN (NOR2V8_140P7T30R)                 0.01       0.82 f
  u_cp/u_kvqd/U19488/ZN (CLKNAND2V16_140P7T30R)           0.01       0.84 r
  u_cp/u_kvqd/U16154/ZN (CLKNAND2V16_140P7T30R)           0.02       0.86 f
  u_cp/u_kvqd/U10511/ZN (INV24_140P7T30R)                 0.02       0.87 r
  u_cp/u_kvqd/U12216/ZN (CLKNAND2V16_140P7T30R)           0.01       0.88 f
  u_cp/u_kvqd/U35291/ZN (INV2_140P7T30R)                  0.02       0.90 r
  u_cp/u_kvqd/U44857/ZN (OAI22V4_140P7T30R)               0.02       0.92 f
  u_cp/u_kvqd/U8103/ZN (XNOR2V2_140P7T30R)                0.03       0.95 f
  u_cp/u_kvqd/U36546/ZN (XNOR2V2_140P7T30R)               0.04       0.99 f
  u_cp/u_kvqd/U15275/ZN (XNOR2V4_140P7T30R)               0.04       1.03 f
  u_cp/u_kvqd/U15274/ZN (XNOR2V4_140P7T30R)               0.03       1.06 f
  u_cp/u_kvqd/U8049/ZN (NOR2V6_140P7T30R)                 0.02       1.08 r
  u_cp/u_kvqd/U31110/ZN (OAI12V6_140P7T30R)               0.02       1.10 f
  u_cp/u_kvqd/U18077/ZN (AOI12V8_140P7T30R)               0.02       1.12 r
  u_cp/u_kvqd/U10456/ZN (NAND2V12_140P7T30R)              0.01       1.14 f
  u_cp/u_kvqd/U19009/ZN (NAND2XBV8_140P7T30R)             0.01       1.14 r
  u_cp/u_kvqd/U37258/ZN (NAND2V8_140P7T30R)               0.01       1.16 f
  u_cp/u_kvqd/U37257/ZN (AOI12V12_140P7T30R)              0.02       1.18 r
  u_cp/u_kvqd/U12899/ZN (CLKNAND2V16_140P7T30R)           0.02       1.20 f
  u_cp/u_kvqd/U12898/ZN (CLKINV32_140P7T30R)              0.02       1.21 r
  u_cp/u_kvqd/U7988/ZN (NAND2XBV6_140P7T30R)              0.01       1.23 f
  u_cp/u_kvqd/U15238/ZN (OAI12V12_140P7T30R)              0.01       1.24 r
  u_cp/u_kvqd/U14064/ZN (NAND2V12_140P7T30R)              0.01       1.25 f
  u_cp/u_kvqd/U13066/ZN (NOR2V16_140P7T30R)               0.02       1.27 r
  u_cp/u_kvqd/U7932/ZN (NOR2V8_140P7T30R)                 0.01       1.28 f
  u_cp/u_kvqd/U7914/ZN (CLKINV12_140P7T30R)               0.01       1.29 r
  u_cp/u_kvqd/U13527/ZN (INV32_140P7T30R)                 0.01       1.31 f
  u_cp/u_kvqd/U7816/ZN (CLKINV16_140P7T30R)               0.01       1.31 r
  u_cp/u_kvqd/U14711/ZN (NOR2V12_140P7T30R)               0.01       1.32 f
  u_cp/u_kvqd/U17920/ZN (NOR2XBV16_140P7T30R)             0.02       1.34 r
  u_cp/u_kvqd/U17407/ZN (CLKNAND2V16_140P7T30R)           0.01       1.35 f
  u_cp/u_kvqd/U20850/ZN (OAI12V12_140P7T30R)              0.01       1.36 r
  u_cp/u_kvqd/U20376/ZN (OAI12V8_140P7T30R)               0.01       1.37 f
  u_cp/u_kvqd/U19420/ZN (NAND2V8_140P7T30R)               0.01       1.38 r
  u_cp/u_kvqd/U17568/ZN (NAND2V8_140P7T30R)               0.01       1.40 f
  u_cp/u_kvqd/U13316/ZN (NAND2XBV12_140P7T30R)            0.01       1.41 r
  u_cp/u_kvqd/U24259/ZN (INV2_140P7T30R)                  0.01       1.42 f
  u_cp/u_kvqd/U26425/Z (OR2V2_140P7T30R)                  0.03       1.44 f
  u_cp/u_kvqd/U31037/ZN (NOR3V4_140P7T30R)                0.02       1.46 r
  u_cp/u_kvqd/U31026/ZN (NAND3V3_140P7T30R)               0.02       1.48 f
  u_cp/u_kvqd/U19487/ZN (NOR2V6_140P7T30R)                0.02       1.50 r
  u_cp/u_kvqd/U17291/ZN (NOR2V8_140P7T30R)                0.01       1.51 f
  u_cp/u_kvqd/U26409/Z (BUFV16_140P7T30R)                 0.02       1.53 f
  u_cp/u_kvqd/U7504/ZN (CLKINV12_140P7T30R)               0.01       1.55 r
  u_cp/u_kvqd/U29376/ZN (NOR2V6_140P7T30R)                0.01       1.56 f
  u_cp/u_kvqd/U32293/ZN (CLKINV3_140P7T30R)               0.01       1.56 r
  u_cp/u_kvqd/U28524/ZN (NAND2V3_140P7T30R)               0.01       1.57 f
  u_cp/u_kvqd/U19507/ZN (NAND2XBV8_140P7T30R)             0.02       1.59 f
  u_cp/u_kvqd/U7450/ZN (NOR2V6_140P7T30R)                 0.01       1.61 r
  u_cp/u_kvqd/U31002/ZN (NAND2V3_140P7T30R)               0.01       1.62 f
  u_cp/u_kvqd/U19880/ZN (AOI13V6_140P7T30R)               0.03       1.65 r
  u_cp/u_kvqd/U11252/ZN (CLKNAND2V16_140P7T30R)           0.03       1.68 f
  u_cp/u_kvqd/U9971/ZN (INV32_140P7T30R)                  0.02       1.70 r
  u_cp/u_kvqd/U7333/ZN (NOR2V8_140P7T30R)                 0.01       1.71 f
  u_cp/u_kvqd/U12244/ZN (NAND2V8_140P7T30R)               0.01       1.72 r
  u_cp/u_kvqd/U17485/ZN (OAI12V12_140P7T30R)              0.01       1.73 f
  u_cp/u_kvqd/U17486/ZN (NOR2V12_140P7T30R)               0.02       1.74 r
  u_cp/u_kvqd/U7177/ZN (NAND2V8_140P7T30R)                0.01       1.76 f
  u_cp/u_kvqd/U14350/ZN (NAND2XBV12_140P7T30R)            0.01       1.77 r
  u_cp/u_kvqd/U9382/ZN (NAND3V6_140P7T30R)                0.02       1.78 f
  u_cp/u_kvqd/U11696/ZN (NAND3V6_140P7T30R)               0.02       1.80 r
  u_cp/u_kvqd/U11695/ZN (CLKNAND2V16_140P7T30R)           0.02       1.82 f
  u_cp/u_kvqd/U12968/Z (BUFV32_140P7T30R)                 0.02       1.84 f
  u_cp/u_kvqd/U9401/Z (CLKXOR2V12_140P7T30R)              0.03       1.87 f
  u_cp/u_kvqd/U6665/ZN (OAI22V4_140P7T30R)                0.02       1.89 r
  u_cp/u_kvqd/U6569/Z (MAJ23V2_140P7T30R)                 0.04       1.93 r
  u_cp/u_kvqd/U12645/Z (AO1B2V4_140P7T30R)                0.01       1.94 f
  u_cp/u_kvqd/U15866/Z (AO1B2V4_140P7T30R)                0.02       1.96 r
  u_cp/u_kvqd/U18033/Z (CLKXOR2V6_140P7T30R)              0.03       1.99 r
  u_cp/u_kvqd/U13946/Z (CLKXOR2V6_140P7T30R)              0.04       2.03 r
  u_cp/u_kvqd/U30844/ZN (CLKNAND2V4_140P7T30R)            0.02       2.05 f
  u_cp/u_kvqd/U16050/ZN (NAND2V12_140P7T30R)              0.01       2.06 r
  u_cp/u_kvqd/U37915/Z (CLKXOR2V6_140P7T30R)              0.03       2.09 r
  u_cp/u_kvqd/U37914/Z (CLKXOR2V6_140P7T30R)              0.03       2.12 r
  u_cp/u_kvqd/U37912/ZN (NOR2V12_140P7T30R)               0.01       2.14 f
  u_cp/u_kvqd/U9423/ZN (NOR2V12_140P7T30R)                0.02       2.16 r
  u_cp/u_kvqd/U19547/ZN (NAND2V12_140P7T30R)              0.02       2.17 f
  u_cp/u_kvqd/U16979/ZN (OAI12V12_140P7T30R)              0.02       2.19 r
  u_cp/u_kvqd/U6294/ZN (CLKNAND2V6_140P7T30R)             0.02       2.21 f
  u_cp/u_kvqd/U16888/ZN (NAND4V6_140P7T30R)               0.02       2.23 r
  u_cp/u_kvqd/U11745/ZN (CLKNAND2V16_140P7T30R)           0.02       2.25 f
  u_cp/u_kvqd/U37831/ZN (NOR2V16_140P7T30R)               0.02       2.27 r
  u_cp/u_kvqd/U6249/ZN (CLKINV20_140P7T30R)               0.01       2.29 f
  u_cp/u_kvqd/U12239/ZN (INV40_140P7T30R)                 0.01       2.30 r
  u_cp/u_kvqd/U19649/ZN (CLKNAND2V16_140P7T30R)           0.02       2.32 f
  u_cp/u_kvqd/U6009/ZN (NAND3V2_140P7T30R)                0.02       2.33 r
  u_cp/u_kvqd/U12644/Z (AND2V6_140P7T30R)                 0.02       2.36 r
  u_cp/u_kvqd/U34604/Z (CLKXOR2V6_140P7T30R)              0.03       2.39 r
  u_cp/u_kvqd/U38443/Z (CLKXOR2V6_140P7T30R)              0.03       2.42 r
  u_cp/u_kvqd/U13938/Z (CLKXOR2V6_140P7T30R)              0.03       2.45 r
  u_cp/u_kvqd/U5866/ZN (NOR2V6_140P7T30R)                 0.01       2.46 f
  u_cp/u_kvqd/U5856/ZN (CLKINV10_140P7T30R)               0.01       2.47 r
  u_cp/u_kvqd/U20037/ZN (NAND2XBV8_140P7T30R)             0.01       2.48 f
  u_cp/u_kvqd/U5843/ZN (NOR2V8_140P7T30R)                 0.02       2.50 r
  u_cp/u_kvqd/U5815/ZN (NAND3V3_140P7T30R)                0.02       2.52 f
  u_cp/u_kvqd/U17744/ZN (NOR2V8_140P7T30R)                0.02       2.54 r
  u_cp/u_kvqd/U19161/ZN (NOR2V6_140P7T30R)                0.01       2.55 f
  u_cp/u_kvqd/U15972/ZN (OAI12V8_140P7T30R)               0.02       2.57 r
  u_cp/u_kvqd/U19570/ZN (NAND2V12_140P7T30R)              0.01       2.58 f
  u_cp/u_kvqd/U21291/ZN (NOR2V16_140P7T30R)               0.02       2.60 r
  u_cp/u_kvqd/U21290/ZN (CLKNAND2V16_140P7T30R)           0.02       2.63 f
  u_cp/u_kvqd/U13008/ZN (CLKINV20_140P7T30R)              0.02       2.64 r
  u_cp/u_kvqd/U30651/ZN (AOI12V8_140P7T30R)               0.02       2.66 f
  u_cp/u_kvqd/U21323/ZN (CLKNAND2V16_140P7T30R)           0.02       2.68 r
  u_cp/u_kvqd/U36839/ZN (CLKNAND2V16_140P7T30R)           0.02       2.69 f
  u_cp/u_kvqd/U13843/ZN (NOR2V16_140P7T30R)               0.02       2.71 r
  u_cp/u_kvqd/U16380/Z (CLKXOR2V12_140P7T30R)             0.03       2.74 r
  u_cp/u_kvqd/U16379/ZN (CLKNAND2V16_140P7T30R)           0.01       2.75 f
  u_cp/u_kvqd/U11113/ZN (NAND2XBV16_140P7T30R)            0.01       2.76 r
  u_cp/u_kvqd/U5485/ZN (INV24_140P7T30R)                  0.01       2.77 f
  u_cp/u_kvqd/U5446/ZN (INV32_140P7T30R)                  0.01       2.78 r
  u_cp/u_kvqd/U5351/Z (BUFV6_140P7T30R)                   0.02       2.80 r
  u_cp/u_kvqd/U5278/ZN (NAND3V4_140P7T30R)                0.02       2.82 f
  u_cp/u_kvqd/U17073/ZN (OAI12V8_140P7T30R)               0.02       2.84 r
  u_cp/u_kvqd/U5219/ZN (NAND2V2_140P7T30R)                0.02       2.85 f
  u_cp/u_kvqd/U5192/ZN (INV4_140P7T30R)                   0.02       2.87 r
  u_cp/u_kvqd/U12243/ZN (AOI12V12_140P7T30R)              0.01       2.88 f
  u_cp/u_kvqd/U10489/ZN (CLKNAND2V16_140P7T30R)           0.01       2.89 r
  u_cp/u_kvqd/U20537/ZN (OAI12V8_140P7T30R)               0.01       2.90 f
  u_cp/u_kvqd/U17411/ZN (NOR2V16_140P7T30R)               0.02       2.92 r
  u_cp/u_kvqd/U16083/ZN (OAI12V12_140P7T30R)              0.01       2.93 f
  u_cp/u_kvqd/U26025/ZN (AOI12V4_140P7T30R)               0.02       2.95 r
  u_cp/u_kvqd/U26021/ZN (OAI12V4_140P7T30R)               0.02       2.97 f
  u_cp/u_kvqd/U4930/ZN (NOR2V4_140P7T30R)                 0.02       2.98 r
  u_cp/u_kvqd/U4912/Z (XOR2V4_140P7T30R)                  0.03       3.02 r
  u_cp/u_kvqd/U37294/ZN (AOI12V12_140P7T30R)              0.02       3.04 f
  u_cp/u_kvqd/U20093/ZN (CLKNAND2V16_140P7T30R)           0.02       3.06 r
  u_cp/u_kvqd/U14921/ZN (CLKINV16_140P7T30R)              0.01       3.06 f
  u_cp/u_kvqd/U4820/Z (BUFV4_140P7T30R)                   0.02       3.08 f
  u_cp/u_kvqd/U30510/ZN (NAND3V3_140P7T30R)               0.01       3.09 r
  u_cp/u_kvqd/U11107/ZN (NAND3V6_140P7T30R)               0.02       3.11 f
  u_cp/u_kvqd/U31975/ZN (NOR2V12_140P7T30R)               0.02       3.14 r
  u_cp/u_kvqd/U4607/ZN (INV24_140P7T30R)                  0.01       3.15 f
  u_cp/u_kvqd/U4652/ZN (NAND2V12_140P7T30R)               0.01       3.16 r
  u_cp/u_kvqd/U22472/Z (OR2V2_140P7T30R)                  0.02       3.18 r
  u_cp/u_kvqd/U4601/ZN (NAND4V4_140P7T30R)                0.02       3.20 f
  u_cp/u_kvqd/U11099/ZN (NOR2V6_140P7T30R)                0.02       3.22 r
  u_cp/u_kvqd/U4530/ZN (NOR2V8_140P7T30R)                 0.01       3.23 f
  u_cp/u_kvqd/U12675/ZN (NAND2V12_140P7T30R)              0.01       3.24 r
  u_cp/u_kvqd/U4231/ZN (INV6_140P7T30R)                   0.02       3.26 f
  u_cp/u_kvqd/U34203/ZN (XNOR2V2_140P7T30R)               0.03       3.29 f
  u_cp/u_kvqd/U22457/ZN (OAI22V1_140P7T30R)               0.05       3.33 r
  u_cp/u_kvqd/U34168/ZN (XNOR2V2_140P7T30R)               0.04       3.37 f
  u_cp/u_kvqd/U45316/CO (AD1V4_140P7T30R)                 0.05       3.42 f
  u_cp/u_kvqd/U14436/ZN (XNOR2V2_140P7T30R)               0.03       3.45 f
  u_cp/u_kvqd/U14435/ZN (XNOR2V2_140P7T30R)               0.03       3.48 f
  u_cp/u_kvqd/U13847/ZN (INV4_140P7T30R)                  0.01       3.50 r
  u_cp/u_kvqd/U10604/ZN (XNOR2V4_140P7T30R)               0.03       3.53 r
  u_cp/u_kvqd/U14427/Z (CLKOR2V8_140P7T30R)               0.02       3.55 r
  u_cp/u_kvqd/U3563/ZN (CLKNAND2V6_140P7T30R)             0.02       3.56 f
  u_cp/u_kvqd/U11105/ZN (NOR2V12_140P7T30R)               0.02       3.58 r
  u_cp/u_kvqd/U18018/ZN (NAND2V12_140P7T30R)              0.01       3.60 f
  u_cp/u_kvqd/U3508/ZN (INV6_140P7T30R)                   0.01       3.61 r
  u_cp/u_kvqd/U12596/ZN (NAND2V12_140P7T30R)              0.01       3.62 f
  u_cp/u_kvqd/U12865/ZN (CLKNAND2V16_140P7T30R)           0.01       3.63 r
  u_cp/u_kvqd/U28158/ZN (NAND2V8_140P7T30R)               0.01       3.64 f
  u_cp/u_kvqd/U15970/ZN (NAND2V12_140P7T30R)              0.01       3.65 r
  u_cp/u_kvqd/U18694/ZN (NOR2V12_140P7T30R)               0.01       3.66 f
  u_cp/u_kvqd/U37781/ZN (NAND2V12_140P7T30R)              0.01       3.67 r
  u_cp/u_kvqd/U37780/ZN (NAND3V8_140P7T30R)               0.02       3.69 f
  u_cp/u_kvqd/U19803/ZN (CLKINV16_140P7T30R)              0.02       3.71 r
  u_cp/u_kvqd/U12799/ZN (INV32_140P7T30R)                 0.01       3.72 f
  u_cp/u_kvqd/U3386/ZN (INV16_140P7T30R)                  0.01       3.73 r
  u_cp/u_kvqd/U14081/ZN (CLKNAND2V16_140P7T30R)           0.01       3.74 f
  u_cp/u_kvqd/U17597/ZN (CLKNAND2V16_140P7T30R)           0.01       3.75 r
  u_cp/u_kvqd/U24775/Z (CLKXOR2V6_140P7T30R)              0.03       3.79 r
  u_cp/u_kvqd/U20200/ZN (OAI22V6_140P7T30R)               0.02       3.81 f
  u_cp/u_kvqd/U28137/ZN (XNOR2V2_140P7T30R)               0.04       3.84 f
  u_cp/u_kvqd/U37273/ZN (XNOR2V4_140P7T30R)               0.04       3.88 f
  u_cp/u_kvqd/U41307/Z (MAJ23V4_140P7T30R)                0.04       3.92 f
  u_cp/u_kvqd/U3028/ZN (NOR2V4_140P7T30R)                 0.03       3.95 r
  u_cp/u_kvqd/U3010/ZN (NOR3V6_140P7T30R)                 0.02       3.96 f
  u_cp/u_kvqd/U37263/ZN (AOI12V12_140P7T30R)              0.02       3.99 r
  u_cp/u_kvqd/U20303/ZN (NAND3V8_140P7T30R)               0.02       4.01 f
  u_cp/u_kvqd/U13877/ZN (NOR2V12_140P7T30R)               0.02       4.02 r
  u_cp/u_kvqd/U15237/ZN (CLKNAND2V16_140P7T30R)           0.02       4.04 f
  u_cp/u_kvqd/U36822/ZN (CLKNAND2V16_140P7T30R)           0.01       4.05 r
  u_cp/u_kvqd/U2979/ZN (OAI12V8_140P7T30R)                0.02       4.07 f
  u_cp/u_kvqd/U9245/ZN (CLKNAND2V16_140P7T30R)            0.01       4.08 r
  u_cp/u_kvqd/U2942/ZN (NAND2XBV12_140P7T30R)             0.01       4.10 f
  u_cp/u_kvqd/U19537/ZN (CLKNAND2V16_140P7T30R)           0.02       4.12 r
  u_cp/u_kvqd/U2931/ZN (INV16_140P7T30R)                  0.01       4.12 f
  u_cp/u_kvqd/U2927/ZN (NOR2V8_140P7T30R)                 0.02       4.14 r
  u_cp/u_kvqd/U2871/ZN (NAND3V3_140P7T30R)                0.02       4.16 f
  u_cp/u_kvqd/U27081/Z (CLKXOR2V6_140P7T30R)              0.03       4.20 f
  u_cp/u_kvqd/U18364/ZN (NOR2V12_140P7T30R)               0.02       4.21 r
  u_cp/u_kvqd/U2729/Z (CLKOR2V12_140P7T30R)               0.02       4.23 r
  u_cp/u_kvqd/U16469/ZN (NOR2V16_140P7T30R)               0.01       4.24 f
  u_cp/u_kvqd/U19554/ZN (CLKNAND2V16_140P7T30R)           0.01       4.25 r
  u_cp/u_kvqd/U16848/ZN (INV24_140P7T30R)                 0.01       4.26 f
  u_cp/u_kvqd/U2537/ZN (OAI12V8_140P7T30R)                0.01       4.28 r
  u_cp/u_kvqd/U18511/ZN (NAND3V12_140P7T30R)              0.02       4.30 f
  u_cp/u_kvqd/U27047/ZN (NOR2V6_140P7T30R)                0.03       4.33 r
  u_cp/u_kvqd/U9343/ZN (NOR2V12_140P7T30R)                0.01       4.34 f
  u_cp/u_kvqd/U16882/ZN (AOI12V8_140P7T30R)               0.03       4.37 r
  u_cp/u_kvqd/U2351/ZN (OAI12V6_140P7T30R)                0.01       4.38 f
  u_cp/u_kvqd/U2328/ZN (NOR2V4_140P7T30R)                 0.02       4.40 r
  u_cp/u_kvqd/U9337/ZN (NAND2V8_140P7T30R)                0.01       4.41 f
  u_cp/u_kvqd/U16592/Z (CLKXOR2V6_140P7T30R)              0.03       4.44 f
  u_cp/u_kvqd/U37605/ZN (OAI22BBV4_140P7T30R)             0.02       4.46 r
  u_cp/u_kvqd/U9283/ZN (NAND2XBV16_140P7T30R)             0.02       4.48 r
  u_cp/u_kvqd/U2228/ZN (INV7_140P7T30R)                   0.01       4.49 f
  u_cp/u_kvqd/U13543/ZN (NAND2V8_140P7T30R)               0.01       4.50 r
  u_cp/u_kvqd/U20431/ZN (NOR2V8_140P7T30R)                0.01       4.51 f
  u_cp/u_kvqd/U15524/ZN (AOI13V6_140P7T30R)               0.02       4.53 r
  u_cp/u_kvqd/U37551/ZN (CLKNAND2V16_140P7T30R)           0.02       4.55 f
  u_cp/u_kvqd/U11309/ZN (CLKINV20_140P7T30R)              0.01       4.57 r
  u_cp/u_kvqd/U10268/ZN (NOR2V16_140P7T30R)               0.01       4.58 f
  u_cp/u_kvqd/U11296/Z (BUFV20_140P7T30R)                 0.02       4.60 f
  u_cp/u_kvqd/U38720/ZN (AOI12V12_140P7T30R)              0.02       4.61 r
  u_cp/u_kvqd/U16456/ZN (CLKNAND2V16_140P7T30R)           0.01       4.63 f
  u_cp/u_kvqd/U2046/ZN (NAND2XBV8_140P7T30R)              0.01       4.64 r
  u_cp/u_kvqd/U36993/ZN (OAI12V12_140P7T30R)              0.01       4.65 f
  u_cp/u_kvqd/U17600/ZN (NAND2V8_140P7T30R)               0.01       4.66 r
  u_cp/u_kvqd/U20754/ZN (NAND2XBV12_140P7T30R)            0.01       4.67 f
  u_cp/u_kvqd/U38032/ZN (NOR2V16_140P7T30R)               0.02       4.69 r
  u_cp/u_kvqd/U1937/ZN (INV7_140P7T30R)                   0.01       4.70 f
  u_cp/u_kvqd/U28042/ZN (CLKINV12_140P7T30R)              0.01       4.72 r
  u_cp/u_kvqd/U17584/Z (CLKXOR2V6_140P7T30R)              0.03       4.75 r
  u_cp/u_kvqd/U21608/ZN (OAI22V8_140P7T30R)               0.02       4.76 f
  u_cp/u_kvqd/U33385/ZN (XNOR2V2_140P7T30R)               0.04       4.80 f
  u_cp/u_kvqd/U31578/ZN (XNOR2V2_140P7T30R)               0.04       4.84 f
  u_cp/u_kvqd/U17574/ZN (OAI12V4_140P7T30R)               0.02       4.86 r
  u_cp/u_kvqd/U17575/ZN (CLKNAND2V4_140P7T30R)            0.01       4.87 f
  u_cp/u_kvqd/U1583/ZN (OAI12V2_140P7T30R)                0.02       4.89 r
  u_cp/u_kvqd/U22953/ZN (NAND2V3_140P7T30R)               0.01       4.90 f
  u_cp/u_kvqd/U33297/ZN (XNOR2V2_140P7T30R)               0.03       4.93 f
  u_cp/u_kvqd/U31560/ZN (XNOR2V2_140P7T30R)               0.04       4.96 f
  u_cp/u_kvqd/U31548/Z (OR2V6_140P7T30R)                  0.04       5.00 f
  u_cp/u_kvqd/U13654/ZN (NAND2V12_140P7T30R)              0.01       5.01 r
  u_cp/u_kvqd/U16475/ZN (NOR2V16_140P7T30R)               0.01       5.02 f
  u_cp/u_kvqd/U21324/ZN (NAND2V8_140P7T30R)               0.01       5.03 r
  u_cp/u_kvqd/U13164/ZN (INV8_140P7T30R)                  0.01       5.04 f
  u_cp/u_kvqd/U13655/ZN (NAND2XBV8_140P7T30R)             0.01       5.05 r
  u_cp/u_kvqd/U1135/ZN (NOR2V6_140P7T30R)                 0.01       5.05 f
  u_cp/u_kvqd/U1127/ZN (NOR2V6_140P7T30R)                 0.01       5.07 r
  u_cp/u_kvqd/U13155/ZN (NAND2V8_140P7T30R)               0.01       5.08 f
  u_cp/u_kvqd/U1110/ZN (NOR2V4_140P7T30R)                 0.02       5.09 r
  u_cp/u_kvqd/U37906/ZN (OAI12V8_140P7T30R)               0.02       5.11 f
  u_cp/u_kvqd/U37817/ZN (CLKNAND2V16_140P7T30R)           0.02       5.13 r
  u_cp/u_kvqd/U10346/ZN (NOR2V16_140P7T30R)               0.01       5.14 f
  u_cp/u_kvqd/U13141/ZN (INV24_140P7T30R)                 0.01       5.15 r
  u_cp/u_kvqd/U36942/ZN (CLKINV32_140P7T30R)              0.01       5.17 f
  u_cp/u_kvqd/U11964/ZN (AOI12V12_140P7T30R)              0.03       5.20 r
  u_cp/u_kvqd/U1015/ZN (NAND3V4_140P7T30R)                0.03       5.22 f
  u_cp/u_kvqd/U14425/ZN (CLKNAND2V4_140P7T30R)            0.02       5.24 r
  u_cp/u_kvqd/U27990/Z (OA22V6_140P7T30R)                 0.03       5.27 r
  u_cp/u_kvqd/U18211/ZN (OAI12V8_140P7T30R)               0.02       5.29 f
  u_cp/u_kvqd/U20928/ZN (AOI12V8_140P7T30R)               0.02       5.31 r
  u_cp/u_kvqd/U38865/Z (CLKXOR2V6_140P7T30R)              0.03       5.33 r
  u_cp/u_kvqd/U18213/ZN (XNOR2V4_140P7T30R)               0.04       5.37 r
  u_cp/u_kvqd/U19748/ZN (CLKNAND2V4_140P7T30R)            0.02       5.39 f
  u_cp/u_kvqd/U38618/ZN (OAI12V8_140P7T30R)               0.02       5.41 r
  u_cp/u_kvqd/U37454/ZN (AOI12V12_140P7T30R)              0.02       5.42 f
  u_cp/u_kvqd/U37453/ZN (MUX2NV4_140P7T30R)               0.03       5.45 f
  u_cp/u_kvqd/U38792/ZN (AOI12V12_140P7T30R)              0.02       5.47 r
  u_cp/u_kvqd/U38791/ZN (CLKNAND2V16_140P7T30R)           0.03       5.50 f
  u_cp/u_kvqd/U19708/ZN (NAND2V8_140P7T30R)               0.02       5.52 r
  u_cp/u_kvqd/U17467/ZN (CLKNAND2V16_140P7T30R)           0.01       5.53 f
  u_cp/u_kvqd/U592/ZN (INV10_140P7T30R)                   0.02       5.55 r
  u_cp/u_kvqd/U16370/ZN (INV8_140P7T30R)                  0.01       5.57 f
  u_cp/u_kvqd/U22867/ZN (NAND2XBV4_140P7T30R)             0.03       5.60 f
  u_cp/u_kvqd/U16984/ZN (OAI12V12_140P7T30R)              0.02       5.62 r
  u_cp/u_kvqd/U26744/ZN (CLKINV16_140P7T30R)              0.02       5.64 f
  u_cp/u_kvqd/U422/Z (OR2V2_140P7T30R)                    0.04       5.67 f
  u_cp/u_kvqd/U17298/ZN (CLKNAND2V6_140P7T30R)            0.01       5.69 r
  u_cp/u_kvqd/U11756/ZN (AOI12V12_140P7T30R)              0.01       5.69 f
  u_cp/u_kvqd/U19555/ZN (NOR2V6_140P7T30R)                0.02       5.72 r
  u_cp/u_kvqd/U283/ZN (NAND2XBV8_140P7T30R)               0.03       5.75 r
  u_cp/u_kvqd/U9483/ZN (INV8_140P7T30R)                   0.01       5.75 f
  u_cp/u_kvqd/U20508/ZN (AOI22V6_140P7T30R)               0.02       5.77 r
  u_cp/u_kvqd/U41269/Z (AND2V6_140P7T30R)                 0.02       5.79 r
  u_cp/u_kvqd/U12950/ZN (NAND3V8_140P7T30R)               0.02       5.81 f
  u_cp/u_kvqd/U13138/ZN (NOR2V16_140P7T30R)               0.02       5.83 r
  u_cp/u_kvqd/U39446/ZN (NOR2XBV2_140P7T30R)              0.03       5.86 r
  u_cp/u_kvqd/U41520/ZN (XNOR2V2_140P7T30R)               0.03       5.89 r
  u_cp/u_kvqd/U32700/ZN (CLKNAND2V4_140P7T30R)            0.02       5.91 f
  u_cp/u_kvqd/U32693/ZN (CLKNAND2V4_140P7T30R)            0.01       5.92 r
  u_cp/u_kvqd/U22810/ZN (NAND2V2_140P7T30R)               0.01       5.93 f
  u_cp/u_kvqd/U26687/ZN (NAND2XBV4_140P7T30R)             0.03       5.96 f
  u_cp/u_kvqd/U31/ZN (INV2_140P7T30R)                     0.02       5.98 r
  u_cp/u_kvqd/U32679/ZN (NAND2V2_140P7T30R)               0.01       5.99 f
  u_cp/u_kvqd/U40658/ZN (NAND2XBV2_140P7T30R)             0.02       6.02 f
  u_cp/u_kvqd/U47344/ZN (NOR2XBV2_140P7T30R)              0.02       6.04 r
  u_cp/u_kvqd/U47353/ZN (NOR3V4_140P7T30R)                0.01       6.05 f
  u_cp/u_kvqd/U41112/ZN (NAND4BBV4_140P7T30R)             0.01       6.06 r
  u_cp/u_kvqd/wr_data[5] (kv_quantdequant)                0.00       6.06 r
  U11860/ZN (INV3_140P7T30R)                              0.01       6.07 f
  U11862/ZN (OAI12V2_140P7T30R)                           0.01       6.08 r
  hbm_wdata[5] (out)                                      0.00       6.08 r
  data arrival time                                                  6.08

  clock clk (rise edge)                                   1.00       1.00
  clock network delay (ideal)                             0.00       1.00
  output external delay                                   0.00       1.00
  data required time                                                 1.00
  --------------------------------------------------------------------------
  data required time                                                 1.00
  data arrival time                                                 -6.08
  --------------------------------------------------------------------------
  slack (VIOLATED)                                                  -5.08


  Startpoint: u_cp/u_kvqd/s_bits_reg[1]
              (rising edge-triggered flip-flop clocked by clk)
  Endpoint: hbm_wdata[7]
            (output port clocked by clk)
  Path Group: clk
  Path Type: max

  Point                                                   Incr       Path
  --------------------------------------------------------------------------
  clock clk (rise edge)                                   0.00       0.00
  clock network delay (ideal)                             0.00       0.00
  u_cp/u_kvqd/s_bits_reg[1]/CK (DQV6_140P7T30R)           0.00 #     0.00 r
  u_cp/u_kvqd/s_bits_reg[1]/Q (DQV6_140P7T30R)            0.06       0.06 f
  u_cp/u_kvqd/U31402/Z (CLKXOR2V6_140P7T30R)              0.03       0.09 r
  u_cp/u_kvqd/U9215/ZN (CLKINV16_140P7T30R)               0.02       0.11 f
  u_cp/u_kvqd/U17463/ZN (INV16_140P7T30R)                 0.01       0.12 r
  u_cp/u_kvqd/U14834/ZN (NOR2V16_140P7T30R)               0.01       0.13 f
  u_cp/u_kvqd/U9544/ZN (INV16_140P7T30R)                  0.01       0.14 r
  u_cp/u_kvqd/U14833/ZN (NOR2V16_140P7T30R)               0.01       0.14 f
  u_cp/u_kvqd/U10057/ZN (NOR2V16_140P7T30R)               0.01       0.16 r
  u_cp/u_kvqd/U16188/ZN (NAND2XBV16_140P7T30R)            0.01       0.17 f
  u_cp/u_kvqd/U38809/Z (CLKXOR2V6_140P7T30R)              0.03       0.19 f
  u_cp/u_kvqd/U39452/Z (CLKXOR2V6_140P7T30R)              0.03       0.22 f
  u_cp/u_kvqd/U10192/ZN (INV7_140P7T30R)                  0.01       0.24 r
  u_cp/u_kvqd/U15688/ZN (CLKNAND2V16_140P7T30R)           0.01       0.25 f
  u_cp/u_kvqd/U13930/ZN (NAND2V12_140P7T30R)              0.01       0.26 r
  u_cp/u_kvqd/U10315/ZN (NAND2V12_140P7T30R)              0.01       0.27 f
  u_cp/u_kvqd/U10314/ZN (NAND3V12_140P7T30R)              0.01       0.28 r
  u_cp/u_kvqd/U9128/ZN (CLKNAND2V4_140P7T30R)             0.02       0.30 f
  u_cp/u_kvqd/U19098/ZN (NAND2XBV6_140P7T30R)             0.01       0.31 r
  u_cp/u_kvqd/U20720/ZN (NAND2XBV8_140P7T30R)             0.01       0.32 f
  u_cp/u_kvqd/U19089/ZN (NOR2XBV12_140P7T30R)             0.01       0.34 r
  u_cp/u_kvqd/U11386/Z (CLKXOR2V12_140P7T30R)             0.03       0.37 r
  u_cp/u_kvqd/U14123/ZN (OAI22V12_140P7T30R)              0.02       0.39 f
  u_cp/u_kvqd/U9077/ZN (NAND2V12_140P7T30R)               0.01       0.40 r
  u_cp/u_kvqd/U17974/ZN (NAND3V8_140P7T30R)               0.02       0.42 f
  u_cp/u_kvqd/U17975/ZN (AOI22V12_140P7T30R)              0.02       0.44 r
  u_cp/u_kvqd/U17365/Z (CLKXOR2V12_140P7T30R)             0.04       0.48 r
  u_cp/u_kvqd/U15072/ZN (CLKNAND2V16_140P7T30R)           0.01       0.49 f
  u_cp/u_kvqd/U8795/Z (BUFV6_140P7T30R)                   0.02       0.51 f
  u_cp/u_kvqd/U18370/ZN (NAND3V12_140P7T30R)              0.01       0.52 r
  u_cp/u_kvqd/U18774/Z (CLKXOR2V6_140P7T30R)              0.03       0.55 r
  u_cp/u_kvqd/U8703/ZN (XNOR2V2_140P7T30R)                0.03       0.58 r
  u_cp/u_kvqd/U18368/ZN (XNOR2V4_140P7T30R)               0.04       0.62 r
  u_cp/u_kvqd/U18369/ZN (OAI12V6_140P7T30R)               0.02       0.64 f
  u_cp/u_kvqd/U14336/ZN (CLKNAND2V6_140P7T30R)            0.01       0.65 r
  u_cp/u_kvqd/U13123/ZN (XNOR2V4_140P7T30R)               0.03       0.68 r
  u_cp/u_kvqd/U20415/ZN (XNOR2V4_140P7T30R)               0.04       0.72 r
  u_cp/u_kvqd/U14332/ZN (NOR2V8_140P7T30R)                0.01       0.73 f
  u_cp/u_kvqd/U15879/ZN (NOR2V12_140P7T30R)               0.02       0.75 r
  u_cp/u_kvqd/U14367/ZN (NAND2V12_140P7T30R)              0.01       0.76 f
  u_cp/u_kvqd/U19356/ZN (NOR2V8_140P7T30R)                0.02       0.78 r
  u_cp/u_kvqd/U8578/ZN (CLKNAND2V6_140P7T30R)             0.01       0.79 f
  u_cp/u_kvqd/U12457/ZN (NOR2V12_140P7T30R)               0.02       0.81 r
  u_cp/u_kvqd/U8546/ZN (NOR2V8_140P7T30R)                 0.01       0.82 f
  u_cp/u_kvqd/U19488/ZN (CLKNAND2V16_140P7T30R)           0.01       0.84 r
  u_cp/u_kvqd/U16154/ZN (CLKNAND2V16_140P7T30R)           0.02       0.86 f
  u_cp/u_kvqd/U10511/ZN (INV24_140P7T30R)                 0.02       0.87 r
  u_cp/u_kvqd/U12216/ZN (CLKNAND2V16_140P7T30R)           0.01       0.88 f
  u_cp/u_kvqd/U35291/ZN (INV2_140P7T30R)                  0.02       0.90 r
  u_cp/u_kvqd/U44857/ZN (OAI22V4_140P7T30R)               0.02       0.92 f
  u_cp/u_kvqd/U8103/ZN (XNOR2V2_140P7T30R)                0.03       0.95 f
  u_cp/u_kvqd/U36546/ZN (XNOR2V2_140P7T30R)               0.04       0.99 f
  u_cp/u_kvqd/U15275/ZN (XNOR2V4_140P7T30R)               0.04       1.03 f
  u_cp/u_kvqd/U15274/ZN (XNOR2V4_140P7T30R)               0.03       1.06 f
  u_cp/u_kvqd/U8049/ZN (NOR2V6_140P7T30R)                 0.02       1.08 r
  u_cp/u_kvqd/U31110/ZN (OAI12V6_140P7T30R)               0.02       1.10 f
  u_cp/u_kvqd/U18077/ZN (AOI12V8_140P7T30R)               0.02       1.12 r
  u_cp/u_kvqd/U10456/ZN (NAND2V12_140P7T30R)              0.01       1.14 f
  u_cp/u_kvqd/U19009/ZN (NAND2XBV8_140P7T30R)             0.01       1.14 r
  u_cp/u_kvqd/U37258/ZN (NAND2V8_140P7T30R)               0.01       1.16 f
  u_cp/u_kvqd/U37257/ZN (AOI12V12_140P7T30R)              0.02       1.18 r
  u_cp/u_kvqd/U12899/ZN (CLKNAND2V16_140P7T30R)           0.02       1.20 f
  u_cp/u_kvqd/U12898/ZN (CLKINV32_140P7T30R)              0.02       1.21 r
  u_cp/u_kvqd/U7988/ZN (NAND2XBV6_140P7T30R)              0.01       1.23 f
  u_cp/u_kvqd/U15238/ZN (OAI12V12_140P7T30R)              0.01       1.24 r
  u_cp/u_kvqd/U14064/ZN (NAND2V12_140P7T30R)              0.01       1.25 f
  u_cp/u_kvqd/U13066/ZN (NOR2V16_140P7T30R)               0.02       1.27 r
  u_cp/u_kvqd/U7932/ZN (NOR2V8_140P7T30R)                 0.01       1.28 f
  u_cp/u_kvqd/U7914/ZN (CLKINV12_140P7T30R)               0.01       1.29 r
  u_cp/u_kvqd/U13527/ZN (INV32_140P7T30R)                 0.01       1.31 f
  u_cp/u_kvqd/U7816/ZN (CLKINV16_140P7T30R)               0.01       1.31 r
  u_cp/u_kvqd/U14711/ZN (NOR2V12_140P7T30R)               0.01       1.32 f
  u_cp/u_kvqd/U17920/ZN (NOR2XBV16_140P7T30R)             0.02       1.34 r
  u_cp/u_kvqd/U17407/ZN (CLKNAND2V16_140P7T30R)           0.01       1.35 f
  u_cp/u_kvqd/U20850/ZN (OAI12V12_140P7T30R)              0.01       1.36 r
  u_cp/u_kvqd/U20376/ZN (OAI12V8_140P7T30R)               0.01       1.37 f
  u_cp/u_kvqd/U19420/ZN (NAND2V8_140P7T30R)               0.01       1.38 r
  u_cp/u_kvqd/U17568/ZN (NAND2V8_140P7T30R)               0.01       1.40 f
  u_cp/u_kvqd/U13316/ZN (NAND2XBV12_140P7T30R)            0.01       1.41 r
  u_cp/u_kvqd/U24259/ZN (INV2_140P7T30R)                  0.01       1.42 f
  u_cp/u_kvqd/U26425/Z (OR2V2_140P7T30R)                  0.03       1.44 f
  u_cp/u_kvqd/U31037/ZN (NOR3V4_140P7T30R)                0.02       1.46 r
  u_cp/u_kvqd/U31026/ZN (NAND3V3_140P7T30R)               0.02       1.48 f
  u_cp/u_kvqd/U19487/ZN (NOR2V6_140P7T30R)                0.02       1.50 r
  u_cp/u_kvqd/U17291/ZN (NOR2V8_140P7T30R)                0.01       1.51 f
  u_cp/u_kvqd/U26409/Z (BUFV16_140P7T30R)                 0.02       1.53 f
  u_cp/u_kvqd/U7504/ZN (CLKINV12_140P7T30R)               0.01       1.55 r
  u_cp/u_kvqd/U29376/ZN (NOR2V6_140P7T30R)                0.01       1.56 f
  u_cp/u_kvqd/U32293/ZN (CLKINV3_140P7T30R)               0.01       1.56 r
  u_cp/u_kvqd/U28524/ZN (NAND2V3_140P7T30R)               0.01       1.57 f
  u_cp/u_kvqd/U19507/ZN (NAND2XBV8_140P7T30R)             0.02       1.59 f
  u_cp/u_kvqd/U7450/ZN (NOR2V6_140P7T30R)                 0.01       1.61 r
  u_cp/u_kvqd/U31002/ZN (NAND2V3_140P7T30R)               0.01       1.62 f
  u_cp/u_kvqd/U19880/ZN (AOI13V6_140P7T30R)               0.03       1.65 r
  u_cp/u_kvqd/U11252/ZN (CLKNAND2V16_140P7T30R)           0.03       1.68 f
  u_cp/u_kvqd/U9971/ZN (INV32_140P7T30R)                  0.02       1.70 r
  u_cp/u_kvqd/U7333/ZN (NOR2V8_140P7T30R)                 0.01       1.71 f
  u_cp/u_kvqd/U12244/ZN (NAND2V8_140P7T30R)               0.01       1.72 r
  u_cp/u_kvqd/U17485/ZN (OAI12V12_140P7T30R)              0.01       1.73 f
  u_cp/u_kvqd/U17486/ZN (NOR2V12_140P7T30R)               0.02       1.74 r
  u_cp/u_kvqd/U7177/ZN (NAND2V8_140P7T30R)                0.01       1.76 f
  u_cp/u_kvqd/U14350/ZN (NAND2XBV12_140P7T30R)            0.01       1.77 r
  u_cp/u_kvqd/U9382/ZN (NAND3V6_140P7T30R)                0.02       1.78 f
  u_cp/u_kvqd/U11696/ZN (NAND3V6_140P7T30R)               0.02       1.80 r
  u_cp/u_kvqd/U11695/ZN (CLKNAND2V16_140P7T30R)           0.02       1.82 f
  u_cp/u_kvqd/U12968/Z (BUFV32_140P7T30R)                 0.02       1.84 f
  u_cp/u_kvqd/U9401/Z (CLKXOR2V12_140P7T30R)              0.03       1.87 f
  u_cp/u_kvqd/U6665/ZN (OAI22V4_140P7T30R)                0.02       1.89 r
  u_cp/u_kvqd/U6569/Z (MAJ23V2_140P7T30R)                 0.04       1.93 r
  u_cp/u_kvqd/U12645/Z (AO1B2V4_140P7T30R)                0.01       1.94 f
  u_cp/u_kvqd/U15866/Z (AO1B2V4_140P7T30R)                0.02       1.96 r
  u_cp/u_kvqd/U18033/Z (CLKXOR2V6_140P7T30R)              0.03       1.99 r
  u_cp/u_kvqd/U13946/Z (CLKXOR2V6_140P7T30R)              0.04       2.03 r
  u_cp/u_kvqd/U30844/ZN (CLKNAND2V4_140P7T30R)            0.02       2.05 f
  u_cp/u_kvqd/U16050/ZN (NAND2V12_140P7T30R)              0.01       2.06 r
  u_cp/u_kvqd/U37915/Z (CLKXOR2V6_140P7T30R)              0.03       2.09 r
  u_cp/u_kvqd/U37914/Z (CLKXOR2V6_140P7T30R)              0.03       2.12 r
  u_cp/u_kvqd/U37912/ZN (NOR2V12_140P7T30R)               0.01       2.14 f
  u_cp/u_kvqd/U9423/ZN (NOR2V12_140P7T30R)                0.02       2.16 r
  u_cp/u_kvqd/U19547/ZN (NAND2V12_140P7T30R)              0.02       2.17 f
  u_cp/u_kvqd/U16979/ZN (OAI12V12_140P7T30R)              0.02       2.19 r
  u_cp/u_kvqd/U6294/ZN (CLKNAND2V6_140P7T30R)             0.02       2.21 f
  u_cp/u_kvqd/U16888/ZN (NAND4V6_140P7T30R)               0.02       2.23 r
  u_cp/u_kvqd/U11745/ZN (CLKNAND2V16_140P7T30R)           0.02       2.25 f
  u_cp/u_kvqd/U37831/ZN (NOR2V16_140P7T30R)               0.02       2.27 r
  u_cp/u_kvqd/U6249/ZN (CLKINV20_140P7T30R)               0.01       2.29 f
  u_cp/u_kvqd/U12239/ZN (INV40_140P7T30R)                 0.01       2.30 r
  u_cp/u_kvqd/U19649/ZN (CLKNAND2V16_140P7T30R)           0.02       2.32 f
  u_cp/u_kvqd/U6009/ZN (NAND3V2_140P7T30R)                0.02       2.33 r
  u_cp/u_kvqd/U12644/Z (AND2V6_140P7T30R)                 0.02       2.36 r
  u_cp/u_kvqd/U34604/Z (CLKXOR2V6_140P7T30R)              0.03       2.39 r
  u_cp/u_kvqd/U38443/Z (CLKXOR2V6_140P7T30R)              0.03       2.42 r
  u_cp/u_kvqd/U13938/Z (CLKXOR2V6_140P7T30R)              0.03       2.45 r
  u_cp/u_kvqd/U5866/ZN (NOR2V6_140P7T30R)                 0.01       2.46 f
  u_cp/u_kvqd/U5856/ZN (CLKINV10_140P7T30R)               0.01       2.47 r
  u_cp/u_kvqd/U20037/ZN (NAND2XBV8_140P7T30R)             0.01       2.48 f
  u_cp/u_kvqd/U5843/ZN (NOR2V8_140P7T30R)                 0.02       2.50 r
  u_cp/u_kvqd/U5815/ZN (NAND3V3_140P7T30R)                0.02       2.52 f
  u_cp/u_kvqd/U17744/ZN (NOR2V8_140P7T30R)                0.02       2.54 r
  u_cp/u_kvqd/U19161/ZN (NOR2V6_140P7T30R)                0.01       2.55 f
  u_cp/u_kvqd/U15972/ZN (OAI12V8_140P7T30R)               0.02       2.57 r
  u_cp/u_kvqd/U19570/ZN (NAND2V12_140P7T30R)              0.01       2.58 f
  u_cp/u_kvqd/U21291/ZN (NOR2V16_140P7T30R)               0.02       2.60 r
  u_cp/u_kvqd/U21290/ZN (CLKNAND2V16_140P7T30R)           0.02       2.63 f
  u_cp/u_kvqd/U13008/ZN (CLKINV20_140P7T30R)              0.02       2.64 r
  u_cp/u_kvqd/U30651/ZN (AOI12V8_140P7T30R)               0.02       2.66 f
  u_cp/u_kvqd/U21323/ZN (CLKNAND2V16_140P7T30R)           0.02       2.68 r
  u_cp/u_kvqd/U36839/ZN (CLKNAND2V16_140P7T30R)           0.02       2.69 f
  u_cp/u_kvqd/U13843/ZN (NOR2V16_140P7T30R)               0.02       2.71 r
  u_cp/u_kvqd/U16380/Z (CLKXOR2V12_140P7T30R)             0.03       2.74 r
  u_cp/u_kvqd/U16379/ZN (CLKNAND2V16_140P7T30R)           0.01       2.75 f
  u_cp/u_kvqd/U11113/ZN (NAND2XBV16_140P7T30R)            0.01       2.76 r
  u_cp/u_kvqd/U5485/ZN (INV24_140P7T30R)                  0.01       2.77 f
  u_cp/u_kvqd/U5446/ZN (INV32_140P7T30R)                  0.01       2.78 r
  u_cp/u_kvqd/U5351/Z (BUFV6_140P7T30R)                   0.02       2.80 r
  u_cp/u_kvqd/U5278/ZN (NAND3V4_140P7T30R)                0.02       2.82 f
  u_cp/u_kvqd/U17073/ZN (OAI12V8_140P7T30R)               0.02       2.84 r
  u_cp/u_kvqd/U5219/ZN (NAND2V2_140P7T30R)                0.02       2.85 f
  u_cp/u_kvqd/U5192/ZN (INV4_140P7T30R)                   0.02       2.87 r
  u_cp/u_kvqd/U12243/ZN (AOI12V12_140P7T30R)              0.01       2.88 f
  u_cp/u_kvqd/U10489/ZN (CLKNAND2V16_140P7T30R)           0.01       2.89 r
  u_cp/u_kvqd/U20537/ZN (OAI12V8_140P7T30R)               0.01       2.90 f
  u_cp/u_kvqd/U17411/ZN (NOR2V16_140P7T30R)               0.02       2.92 r
  u_cp/u_kvqd/U16083/ZN (OAI12V12_140P7T30R)              0.01       2.93 f
  u_cp/u_kvqd/U26025/ZN (AOI12V4_140P7T30R)               0.02       2.95 r
  u_cp/u_kvqd/U26021/ZN (OAI12V4_140P7T30R)               0.02       2.97 f
  u_cp/u_kvqd/U4930/ZN (NOR2V4_140P7T30R)                 0.02       2.98 r
  u_cp/u_kvqd/U4912/Z (XOR2V4_140P7T30R)                  0.03       3.02 r
  u_cp/u_kvqd/U37294/ZN (AOI12V12_140P7T30R)              0.02       3.04 f
  u_cp/u_kvqd/U20093/ZN (CLKNAND2V16_140P7T30R)           0.02       3.06 r
  u_cp/u_kvqd/U14921/ZN (CLKINV16_140P7T30R)              0.01       3.06 f
  u_cp/u_kvqd/U4820/Z (BUFV4_140P7T30R)                   0.02       3.08 f
  u_cp/u_kvqd/U30510/ZN (NAND3V3_140P7T30R)               0.01       3.09 r
  u_cp/u_kvqd/U11107/ZN (NAND3V6_140P7T30R)               0.02       3.11 f
  u_cp/u_kvqd/U31975/ZN (NOR2V12_140P7T30R)               0.02       3.14 r
  u_cp/u_kvqd/U4607/ZN (INV24_140P7T30R)                  0.01       3.15 f
  u_cp/u_kvqd/U4652/ZN (NAND2V12_140P7T30R)               0.01       3.16 r
  u_cp/u_kvqd/U22472/Z (OR2V2_140P7T30R)                  0.02       3.18 r
  u_cp/u_kvqd/U4601/ZN (NAND4V4_140P7T30R)                0.02       3.20 f
  u_cp/u_kvqd/U11099/ZN (NOR2V6_140P7T30R)                0.02       3.22 r
  u_cp/u_kvqd/U4530/ZN (NOR2V8_140P7T30R)                 0.01       3.23 f
  u_cp/u_kvqd/U12675/ZN (NAND2V12_140P7T30R)              0.01       3.24 r
  u_cp/u_kvqd/U4231/ZN (INV6_140P7T30R)                   0.02       3.26 f
  u_cp/u_kvqd/U34203/ZN (XNOR2V2_140P7T30R)               0.03       3.29 f
  u_cp/u_kvqd/U22457/ZN (OAI22V1_140P7T30R)               0.05       3.33 r
  u_cp/u_kvqd/U34168/ZN (XNOR2V2_140P7T30R)               0.04       3.37 f
  u_cp/u_kvqd/U45316/CO (AD1V4_140P7T30R)                 0.05       3.42 f
  u_cp/u_kvqd/U14436/ZN (XNOR2V2_140P7T30R)               0.03       3.45 f
  u_cp/u_kvqd/U14435/ZN (XNOR2V2_140P7T30R)               0.03       3.48 f
  u_cp/u_kvqd/U13847/ZN (INV4_140P7T30R)                  0.01       3.50 r
  u_cp/u_kvqd/U10604/ZN (XNOR2V4_140P7T30R)               0.03       3.53 r
  u_cp/u_kvqd/U14427/Z (CLKOR2V8_140P7T30R)               0.02       3.55 r
  u_cp/u_kvqd/U3563/ZN (CLKNAND2V6_140P7T30R)             0.02       3.56 f
  u_cp/u_kvqd/U11105/ZN (NOR2V12_140P7T30R)               0.02       3.58 r
  u_cp/u_kvqd/U18018/ZN (NAND2V12_140P7T30R)              0.01       3.60 f
  u_cp/u_kvqd/U3508/ZN (INV6_140P7T30R)                   0.01       3.61 r
  u_cp/u_kvqd/U12596/ZN (NAND2V12_140P7T30R)              0.01       3.62 f
  u_cp/u_kvqd/U12865/ZN (CLKNAND2V16_140P7T30R)           0.01       3.63 r
  u_cp/u_kvqd/U28158/ZN (NAND2V8_140P7T30R)               0.01       3.64 f
  u_cp/u_kvqd/U15970/ZN (NAND2V12_140P7T30R)              0.01       3.65 r
  u_cp/u_kvqd/U18694/ZN (NOR2V12_140P7T30R)               0.01       3.66 f
  u_cp/u_kvqd/U37781/ZN (NAND2V12_140P7T30R)              0.01       3.67 r
  u_cp/u_kvqd/U37780/ZN (NAND3V8_140P7T30R)               0.02       3.69 f
  u_cp/u_kvqd/U19803/ZN (CLKINV16_140P7T30R)              0.02       3.71 r
  u_cp/u_kvqd/U12799/ZN (INV32_140P7T30R)                 0.01       3.72 f
  u_cp/u_kvqd/U3386/ZN (INV16_140P7T30R)                  0.01       3.73 r
  u_cp/u_kvqd/U14081/ZN (CLKNAND2V16_140P7T30R)           0.01       3.74 f
  u_cp/u_kvqd/U17597/ZN (CLKNAND2V16_140P7T30R)           0.01       3.75 r
  u_cp/u_kvqd/U24775/Z (CLKXOR2V6_140P7T30R)              0.03       3.79 r
  u_cp/u_kvqd/U20200/ZN (OAI22V6_140P7T30R)               0.02       3.81 f
  u_cp/u_kvqd/U28137/ZN (XNOR2V2_140P7T30R)               0.04       3.84 f
  u_cp/u_kvqd/U37273/ZN (XNOR2V4_140P7T30R)               0.04       3.88 f
  u_cp/u_kvqd/U41307/Z (MAJ23V4_140P7T30R)                0.04       3.92 f
  u_cp/u_kvqd/U3028/ZN (NOR2V4_140P7T30R)                 0.03       3.95 r
  u_cp/u_kvqd/U3010/ZN (NOR3V6_140P7T30R)                 0.02       3.96 f
  u_cp/u_kvqd/U37263/ZN (AOI12V12_140P7T30R)              0.02       3.99 r
  u_cp/u_kvqd/U20303/ZN (NAND3V8_140P7T30R)               0.02       4.01 f
  u_cp/u_kvqd/U13877/ZN (NOR2V12_140P7T30R)               0.02       4.02 r
  u_cp/u_kvqd/U15237/ZN (CLKNAND2V16_140P7T30R)           0.02       4.04 f
  u_cp/u_kvqd/U36822/ZN (CLKNAND2V16_140P7T30R)           0.01       4.05 r
  u_cp/u_kvqd/U2979/ZN (OAI12V8_140P7T30R)                0.02       4.07 f
  u_cp/u_kvqd/U9245/ZN (CLKNAND2V16_140P7T30R)            0.01       4.08 r
  u_cp/u_kvqd/U2942/ZN (NAND2XBV12_140P7T30R)             0.01       4.10 f
  u_cp/u_kvqd/U19537/ZN (CLKNAND2V16_140P7T30R)           0.02       4.12 r
  u_cp/u_kvqd/U2931/ZN (INV16_140P7T30R)                  0.01       4.12 f
  u_cp/u_kvqd/U2927/ZN (NOR2V8_140P7T30R)                 0.02       4.14 r
  u_cp/u_kvqd/U2871/ZN (NAND3V3_140P7T30R)                0.02       4.16 f
  u_cp/u_kvqd/U27081/Z (CLKXOR2V6_140P7T30R)              0.03       4.20 f
  u_cp/u_kvqd/U18364/ZN (NOR2V12_140P7T30R)               0.02       4.21 r
  u_cp/u_kvqd/U2729/Z (CLKOR2V12_140P7T30R)               0.02       4.23 r
  u_cp/u_kvqd/U16469/ZN (NOR2V16_140P7T30R)               0.01       4.24 f
  u_cp/u_kvqd/U19554/ZN (CLKNAND2V16_140P7T30R)           0.01       4.25 r
  u_cp/u_kvqd/U16848/ZN (INV24_140P7T30R)                 0.01       4.26 f
  u_cp/u_kvqd/U2537/ZN (OAI12V8_140P7T30R)                0.01       4.28 r
  u_cp/u_kvqd/U18511/ZN (NAND3V12_140P7T30R)              0.02       4.30 f
  u_cp/u_kvqd/U27047/ZN (NOR2V6_140P7T30R)                0.03       4.33 r
  u_cp/u_kvqd/U9343/ZN (NOR2V12_140P7T30R)                0.01       4.34 f
  u_cp/u_kvqd/U16882/ZN (AOI12V8_140P7T30R)               0.03       4.37 r
  u_cp/u_kvqd/U2351/ZN (OAI12V6_140P7T30R)                0.01       4.38 f
  u_cp/u_kvqd/U2328/ZN (NOR2V4_140P7T30R)                 0.02       4.40 r
  u_cp/u_kvqd/U9337/ZN (NAND2V8_140P7T30R)                0.01       4.41 f
  u_cp/u_kvqd/U16592/Z (CLKXOR2V6_140P7T30R)              0.03       4.44 f
  u_cp/u_kvqd/U37605/ZN (OAI22BBV4_140P7T30R)             0.02       4.46 r
  u_cp/u_kvqd/U9283/ZN (NAND2XBV16_140P7T30R)             0.02       4.48 r
  u_cp/u_kvqd/U2228/ZN (INV7_140P7T30R)                   0.01       4.49 f
  u_cp/u_kvqd/U13543/ZN (NAND2V8_140P7T30R)               0.01       4.50 r
  u_cp/u_kvqd/U20431/ZN (NOR2V8_140P7T30R)                0.01       4.51 f
  u_cp/u_kvqd/U15524/ZN (AOI13V6_140P7T30R)               0.02       4.53 r
  u_cp/u_kvqd/U37551/ZN (CLKNAND2V16_140P7T30R)           0.02       4.55 f
  u_cp/u_kvqd/U11309/ZN (CLKINV20_140P7T30R)              0.01       4.57 r
  u_cp/u_kvqd/U10268/ZN (NOR2V16_140P7T30R)               0.01       4.58 f
  u_cp/u_kvqd/U11296/Z (BUFV20_140P7T30R)                 0.02       4.60 f
  u_cp/u_kvqd/U38720/ZN (AOI12V12_140P7T30R)              0.02       4.61 r
  u_cp/u_kvqd/U16456/ZN (CLKNAND2V16_140P7T30R)           0.01       4.63 f
  u_cp/u_kvqd/U2046/ZN (NAND2XBV8_140P7T30R)              0.01       4.64 r
  u_cp/u_kvqd/U36993/ZN (OAI12V12_140P7T30R)              0.01       4.65 f
  u_cp/u_kvqd/U17600/ZN (NAND2V8_140P7T30R)               0.01       4.66 r
  u_cp/u_kvqd/U20754/ZN (NAND2XBV12_140P7T30R)            0.01       4.67 f
  u_cp/u_kvqd/U38032/ZN (NOR2V16_140P7T30R)               0.02       4.69 r
  u_cp/u_kvqd/U1937/ZN (INV7_140P7T30R)                   0.01       4.70 f
  u_cp/u_kvqd/U28042/ZN (CLKINV12_140P7T30R)              0.01       4.72 r
  u_cp/u_kvqd/U17584/Z (CLKXOR2V6_140P7T30R)              0.03       4.75 r
  u_cp/u_kvqd/U21608/ZN (OAI22V8_140P7T30R)               0.02       4.76 f
  u_cp/u_kvqd/U33385/ZN (XNOR2V2_140P7T30R)               0.04       4.80 f
  u_cp/u_kvqd/U31578/ZN (XNOR2V2_140P7T30R)               0.04       4.84 f
  u_cp/u_kvqd/U17574/ZN (OAI12V4_140P7T30R)               0.02       4.86 r
  u_cp/u_kvqd/U17575/ZN (CLKNAND2V4_140P7T30R)            0.01       4.87 f
  u_cp/u_kvqd/U1583/ZN (OAI12V2_140P7T30R)                0.02       4.89 r
  u_cp/u_kvqd/U22953/ZN (NAND2V3_140P7T30R)               0.01       4.90 f
  u_cp/u_kvqd/U33297/ZN (XNOR2V2_140P7T30R)               0.03       4.93 f
  u_cp/u_kvqd/U31560/ZN (XNOR2V2_140P7T30R)               0.04       4.96 f
  u_cp/u_kvqd/U31548/Z (OR2V6_140P7T30R)                  0.04       5.00 f
  u_cp/u_kvqd/U13654/ZN (NAND2V12_140P7T30R)              0.01       5.01 r
  u_cp/u_kvqd/U16475/ZN (NOR2V16_140P7T30R)               0.01       5.02 f
  u_cp/u_kvqd/U21324/ZN (NAND2V8_140P7T30R)               0.01       5.03 r
  u_cp/u_kvqd/U13164/ZN (INV8_140P7T30R)                  0.01       5.04 f
  u_cp/u_kvqd/U13655/ZN (NAND2XBV8_140P7T30R)             0.01       5.05 r
  u_cp/u_kvqd/U1135/ZN (NOR2V6_140P7T30R)                 0.01       5.05 f
  u_cp/u_kvqd/U1127/ZN (NOR2V6_140P7T30R)                 0.01       5.07 r
  u_cp/u_kvqd/U13155/ZN (NAND2V8_140P7T30R)               0.01       5.08 f
  u_cp/u_kvqd/U1110/ZN (NOR2V4_140P7T30R)                 0.02       5.09 r
  u_cp/u_kvqd/U37906/ZN (OAI12V8_140P7T30R)               0.02       5.11 f
  u_cp/u_kvqd/U37817/ZN (CLKNAND2V16_140P7T30R)           0.02       5.13 r
  u_cp/u_kvqd/U10346/ZN (NOR2V16_140P7T30R)               0.01       5.14 f
  u_cp/u_kvqd/U13141/ZN (INV24_140P7T30R)                 0.01       5.15 r
  u_cp/u_kvqd/U36942/ZN (CLKINV32_140P7T30R)              0.01       5.17 f
  u_cp/u_kvqd/U11964/ZN (AOI12V12_140P7T30R)              0.03       5.20 r
  u_cp/u_kvqd/U1015/ZN (NAND3V4_140P7T30R)                0.03       5.22 f
  u_cp/u_kvqd/U14425/ZN (CLKNAND2V4_140P7T30R)            0.02       5.24 r
  u_cp/u_kvqd/U27990/Z (OA22V6_140P7T30R)                 0.03       5.27 r
  u_cp/u_kvqd/U18211/ZN (OAI12V8_140P7T30R)               0.02       5.29 f
  u_cp/u_kvqd/U20928/ZN (AOI12V8_140P7T30R)               0.02       5.31 r
  u_cp/u_kvqd/U38865/Z (CLKXOR2V6_140P7T30R)              0.03       5.33 r
  u_cp/u_kvqd/U18213/ZN (XNOR2V4_140P7T30R)               0.04       5.37 r
  u_cp/u_kvqd/U19748/ZN (CLKNAND2V4_140P7T30R)            0.02       5.39 f
  u_cp/u_kvqd/U38618/ZN (OAI12V8_140P7T30R)               0.02       5.41 r
  u_cp/u_kvqd/U37454/ZN (AOI12V12_140P7T30R)              0.02       5.42 f
  u_cp/u_kvqd/U37453/ZN (MUX2NV4_140P7T30R)               0.03       5.45 f
  u_cp/u_kvqd/U38792/ZN (AOI12V12_140P7T30R)              0.02       5.47 r
  u_cp/u_kvqd/U38791/ZN (CLKNAND2V16_140P7T30R)           0.03       5.50 f
  u_cp/u_kvqd/U19708/ZN (NAND2V8_140P7T30R)               0.02       5.52 r
  u_cp/u_kvqd/U17467/ZN (CLKNAND2V16_140P7T30R)           0.01       5.53 f
  u_cp/u_kvqd/U592/ZN (INV10_140P7T30R)                   0.02       5.55 r
  u_cp/u_kvqd/U16370/ZN (INV8_140P7T30R)                  0.01       5.57 f
  u_cp/u_kvqd/U22867/ZN (NAND2XBV4_140P7T30R)             0.03       5.60 f
  u_cp/u_kvqd/U16984/ZN (OAI12V12_140P7T30R)              0.02       5.62 r
  u_cp/u_kvqd/U26744/ZN (CLKINV16_140P7T30R)              0.02       5.64 f
  u_cp/u_kvqd/U422/Z (OR2V2_140P7T30R)                    0.04       5.67 f
  u_cp/u_kvqd/U17298/ZN (CLKNAND2V6_140P7T30R)            0.01       5.69 r
  u_cp/u_kvqd/U11756/ZN (AOI12V12_140P7T30R)              0.01       5.69 f
  u_cp/u_kvqd/U19555/ZN (NOR2V6_140P7T30R)                0.02       5.72 r
  u_cp/u_kvqd/U283/ZN (NAND2XBV8_140P7T30R)               0.03       5.75 r
  u_cp/u_kvqd/U9483/ZN (INV8_140P7T30R)                   0.01       5.75 f
  u_cp/u_kvqd/U20508/ZN (AOI22V6_140P7T30R)               0.02       5.77 r
  u_cp/u_kvqd/U41269/Z (AND2V6_140P7T30R)                 0.02       5.79 r
  u_cp/u_kvqd/U12950/ZN (NAND3V8_140P7T30R)               0.02       5.81 f
  u_cp/u_kvqd/U13138/ZN (NOR2V16_140P7T30R)               0.02       5.83 r
  u_cp/u_kvqd/U18832/ZN (NAND2V8_140P7T30R)               0.01       5.84 f
  u_cp/u_kvqd/U29582/ZN (NOR2V12_140P7T30R)               0.02       5.86 r
  u_cp/u_kvqd/U29581/ZN (INV20_140P7T30R)                 0.01       5.87 f
  u_cp/u_kvqd/U37200/ZN (CLKINV32_140P7T30R)              0.01       5.88 r
  u_cp/u_kvqd/U9640/ZN (NAND2V12_140P7T30R)               0.01       5.90 f
  u_cp/u_kvqd/U9639/ZN (NOR2V8_140P7T30R)                 0.02       5.91 r
  u_cp/u_kvqd/U19010/ZN (NAND2XBV8_140P7T30R)             0.01       5.92 f
  u_cp/u_kvqd/U14847/ZN (NAND3V12_140P7T30R)              0.01       5.94 r
  u_cp/u_kvqd/U22183/ZN (NAND2V12_140P7T30R)              0.02       5.95 f
  u_cp/u_kvqd/U49/ZN (CLKNAND2V4_140P7T30R)               0.02       5.97 r
  u_cp/u_kvqd/U26672/ZN (OAI12V2_140P7T30R)               0.02       5.99 f
  u_cp/u_kvqd/U26668/ZN (NAND2XBV2_140P7T30R)             0.02       6.01 r
  u_cp/u_kvqd/wr_data[7] (kv_quantdequant)                0.00       6.01 r
  U11864/Z (AO12V2_140P7T30R)                             0.02       6.03 r
  hbm_wdata[7] (out)                                      0.00       6.03 r
  data arrival time                                                  6.03

  clock clk (rise edge)                                   1.00       1.00
  clock network delay (ideal)                             0.00       1.00
  output external delay                                   0.00       1.00
  data required time                                                 1.00
  --------------------------------------------------------------------------
  data required time                                                 1.00
  data arrival time                                                 -6.03
  --------------------------------------------------------------------------
  slack (VIOLATED)                                                  -5.03


  Startpoint: u_cp/dma_row_bytes_r_reg[3]
              (rising edge-triggered flip-flop clocked by clk)
  Endpoint: u_cp/total_cycles_reg[63]
            (rising edge-triggered flip-flop clocked by clk)
  Path Group: clk
  Path Type: max

  Point                                                   Incr       Path
  --------------------------------------------------------------------------
  clock clk (rise edge)                                   0.00       0.00
  clock network delay (ideal)                             0.00       0.00
  u_cp/dma_row_bytes_r_reg[3]/CK (DQV4_140P7T30R)         0.00 #     0.00 r
  u_cp/dma_row_bytes_r_reg[3]/Q (DQV4_140P7T30R)          0.08       0.08 f
  U971/ZN (INV4_140P7T30R)                                0.05       0.12 r
  U39674/ZN (AOI22V2_140P7T30R)                           0.04       0.16 f
  U591/ZN (INV8_140P7T30R)                                0.03       0.20 r
  U590/ZN (OAI212V8_140P7T30R)                            0.04       0.24 f
  U39678/ZN (OAI22V1_140P7T30R)                           0.05       0.29 r
  U6720/S (ADH1V2_140P7T30R)                              0.05       0.34 f
  U6331/S (AD1V2_140P7T30R)                               0.05       0.39 f
  U6234/CO (AD1V2_140P7T30R)                              0.05       0.45 f
  U6086/CO (AD1V2_140P7T30R)                              0.05       0.49 f
  U6006/CO (AD1V2_140P7T30R)                              0.05       0.54 f
  U5926/CO (AD1V2_140P7T30R)                              0.05       0.58 f
  U5819/CO (AD1V2_140P7T30R)                              0.05       0.63 f
  U5773/CO (AD1V2_140P7T30R)                              0.05       0.68 f
  U5651/CO (AD1V2_140P7T30R)                              0.05       0.72 f
  U952/CO (AD1V2_140P7T30R)                               0.05       0.77 f
  U951/CO (AD1V2_140P7T30R)                               0.05       0.82 f
  U950/CO (AD1V2_140P7T30R)                               0.05       0.86 f
  U949/CO (AD1V2_140P7T30R)                               0.05       0.91 f
  U948/CO (AD1V2_140P7T30R)                               0.05       0.95 f
  U947/CO (AD1V2_140P7T30R)                               0.05       1.00 f
  U946/CO (AD1V2_140P7T30R)                               0.05       1.05 f
  U945/CO (AD1V2_140P7T30R)                               0.05       1.09 f
  U944/CO (AD1V2_140P7T30R)                               0.05       1.14 f
  U943/CO (AD1V2_140P7T30R)                               0.05       1.19 f
  U942/CO (AD1V2_140P7T30R)                               0.05       1.23 f
  U941/CO (AD1V2_140P7T30R)                               0.05       1.28 f
  U940/CO (AD1V2_140P7T30R)                               0.05       1.32 f
  U939/CO (AD1V2_140P7T30R)                               0.05       1.37 f
  U938/CO (AD1V2_140P7T30R)                               0.05       1.42 f
  U937/CO (AD1V2_140P7T30R)                               0.05       1.46 f
  U936/CO (AD1V2_140P7T30R)                               0.05       1.51 f
  U935/CO (AD1V2_140P7T30R)                               0.05       1.56 f
  U934/CO (AD1V2_140P7T30R)                               0.04       1.60 f
  U39999/Z (XOR3V2_140P7T30R)                             0.06       1.66 f
  U589/ZN (XNOR2V4_140P7T30R)                             0.04       1.71 f
  U588/Z (CLKXOR2V12_140P7T30R)                           0.04       1.75 f
  U593/ZN (INV32_140P7T30R)                               0.03       1.78 r
  U586/CO (AD1V4_140P7T30R)                               0.05       1.83 r
  U9010/S (AD1V2_140P7T30R)                               0.07       1.89 f
  U1327/CO (AD1V2_140P7T30R)                              0.05       1.95 f
  U584/CO (AD1V4_140P7T30R)                               0.04       1.99 f
  U583/CO (AD1V4_140P7T30R)                               0.04       2.03 f
  U585/S (AD1V4_140P7T30R)                                0.07       2.10 r
  U2629/CO (AD1V2_140P7T30R)                              0.04       2.14 r
  U576/CO (AD1V4_140P7T30R)                               0.04       2.18 r
  U575/CO (AD1V4_140P7T30R)                               0.04       2.22 r
  U2476/S (AD1V2_140P7T30R)                               0.06       2.28 f
  U8608/Z (MAJ23V2_140P7T30R)                             0.04       2.31 f
  U8641/Z (MAJ23V2_140P7T30R)                             0.03       2.35 f
  U8640/Z (MAJ23V2_140P7T30R)                             0.03       2.37 f
  U8639/Z (MAJ23V2_140P7T30R)                             0.03       2.40 f
  U9910/Z (MAJ23V2_140P7T30R)                             0.03       2.43 f
  U9909/Z (MAJ23V2_140P7T30R)                             0.03       2.46 f
  U9908/Z (MAJ23V2_140P7T30R)                             0.03       2.49 f
  U8812/Z (MAJ23V2_140P7T30R)                             0.03       2.52 f
  U8811/Z (MAJ23V2_140P7T30R)                             0.03       2.55 f
  U8810/Z (MAJ23V2_140P7T30R)                             0.03       2.58 f
  U9140/Z (MAJ23V2_140P7T30R)                             0.03       2.60 f
  U9139/Z (MAJ23V2_140P7T30R)                             0.03       2.63 f
  U9138/Z (MAJ23V2_140P7T30R)                             0.03       2.66 f
  U10145/Z (MAJ23V2_140P7T30R)                            0.03       2.69 f
  U10144/Z (MAJ23V2_140P7T30R)                            0.03       2.72 f
  U10143/Z (MAJ23V2_140P7T30R)                            0.03       2.75 f
  U9259/Z (MAJ23V2_140P7T30R)                             0.03       2.78 f
  U9257/Z (MAJ23V2_140P7T30R)                             0.03       2.80 f
  U9256/Z (MAJ23V2_140P7T30R)                             0.03       2.83 f
  U9331/Z (MAJ23V2_140P7T30R)                             0.03       2.86 f
  U9329/Z (MAJ23V2_140P7T30R)                             0.03       2.89 f
  U9328/Z (MAJ23V2_140P7T30R)                             0.03       2.92 f
  U10554/Z (MAJ23V2_140P7T30R)                            0.03       2.95 f
  U566/Z (MAJ23V4_140P7T30R)                              0.03       2.98 f
  U565/CO (AD1V4_140P7T30R)                               0.04       3.02 f
  U568/CO (AD1V4_140P7T30R)                               0.04       3.05 f
  U567/CO (AD1V4_140P7T30R)                               0.04       3.09 f
  U933/CO (AD1V2_140P7T30R)                               0.04       3.14 f
  U932/CO (AD1V2_140P7T30R)                               0.05       3.18 f
  U931/CO (AD1V2_140P7T30R)                               0.05       3.23 f
  U930/CO (AD1V2_140P7T30R)                               0.05       3.28 f
  U570/CO (AD1V4_140P7T30R)                               0.04       3.32 f
  U569/CO (AD1V4_140P7T30R)                               0.04       3.35 f
  U572/CO (AD1V4_140P7T30R)                               0.04       3.39 f
  U571/CO (AD1V4_140P7T30R)                               0.04       3.43 f
  U574/CO (AD1V4_140P7T30R)                               0.04       3.47 f
  U573/CO (AD1V4_140P7T30R)                               0.04       3.51 f
  U929/CO (AD1V2_140P7T30R)                               0.04       3.55 f
  U928/CO (AD1V2_140P7T30R)                               0.05       3.60 f
  U927/CO (AD1V2_140P7T30R)                               0.05       3.64 f
  U926/CO (AD1V2_140P7T30R)                               0.05       3.69 f
  U925/CO (AD1V2_140P7T30R)                               0.05       3.73 f
  U924/CO (AD1V2_140P7T30R)                               0.05       3.78 f
  U923/CO (AD1V2_140P7T30R)                               0.05       3.83 f
  U922/CO (AD1V2_140P7T30R)                               0.05       3.87 f
  U921/CO (AD1V2_140P7T30R)                               0.05       3.92 f
  U920/CO (AD1V2_140P7T30R)                               0.05       3.97 f
  U919/CO (AD1V2_140P7T30R)                               0.05       4.01 f
  U918/CO (AD1V2_140P7T30R)                               0.05       4.06 f
  U917/S (AD1V2_140P7T30R)                                0.06       4.12 r
  U41456/Z (AO12V2_140P7T30R)                             0.03       4.15 r
  U1836/CO (ADH1V2_140P7T30R)                             0.04       4.19 r
  U1835/CO (ADH1V2_140P7T30R)                             0.03       4.22 r
  U1833/CO (ADH1V2_140P7T30R)                             0.04       4.26 r
  U1829/S (ADH1V2_140P7T30R)                              0.03       4.29 r
  U47804/ZN (NAND2XBV2_140P7T30R)                         0.03       4.31 r
  U581/CO (AD1V4_140P7T30R)                               0.05       4.36 r
  U578/CO (AD1V4_140P7T30R)                               0.04       4.40 r
  U577/CO (AD1V4_140P7T30R)                               0.03       4.43 r
  U915/CO (AD1V2_140P7T30R)                               0.04       4.47 r
  U914/CO (ADH1V2_140P7T30R)                              0.04       4.50 r
  U913/CO (ADH1V2_140P7T30R)                              0.03       4.54 r
  U912/CO (ADH1V2_140P7T30R)                              0.03       4.57 r
  U911/CO (ADH1V2_140P7T30R)                              0.03       4.61 r
  U910/CO (ADH1V2_140P7T30R)                              0.03       4.64 r
  U909/CO (ADH1V2_140P7T30R)                              0.03       4.68 r
  U908/CO (ADH1V2_140P7T30R)                              0.03       4.71 r
  U907/CO (ADH1V2_140P7T30R)                              0.03       4.75 r
  U906/CO (ADH1V2_140P7T30R)                              0.03       4.78 r
  U905/CO (ADH1V2_140P7T30R)                              0.03       4.82 r
  U904/CO (ADH1V2_140P7T30R)                              0.03       4.85 r
  U903/CO (ADH1V2_140P7T30R)                              0.03       4.89 r
  U902/CO (ADH1V2_140P7T30R)                              0.03       4.92 r
  U901/CO (ADH1V2_140P7T30R)                              0.03       4.96 r
  U900/CO (ADH1V2_140P7T30R)                              0.03       4.99 r
  U899/CO (ADH1V2_140P7T30R)                              0.03       5.03 r
  U898/CO (ADH1V2_140P7T30R)                              0.03       5.06 r
  U897/CO (ADH1V2_140P7T30R)                              0.03       5.10 r
  U896/CO (ADH1V2_140P7T30R)                              0.03       5.13 r
  U895/CO (ADH1V2_140P7T30R)                              0.03       5.17 r
  U894/CO (ADH1V2_140P7T30R)                              0.03       5.20 r
  U893/CO (ADH1V2_140P7T30R)                              0.03       5.24 r
  U892/CO (ADH1V2_140P7T30R)                              0.03       5.27 r
  U891/CO (ADH1V2_140P7T30R)                              0.03       5.31 r
  U890/CO (ADH1V2_140P7T30R)                              0.03       5.34 r
  U889/CO (ADH1V2_140P7T30R)                              0.03       5.38 r
  U1813/CO (ADH1V2_140P7T30R)                             0.03       5.41 r
  U1812/CO (ADH1V2_140P7T30R)                             0.03       5.45 r
  U1811/CO (ADH1V2_140P7T30R)                             0.03       5.48 r
  U1810/CO (ADH1V2_140P7T30R)                             0.03       5.52 r
  U1809/CO (ADH1V2_140P7T30R)                             0.03       5.55 r
  U888/Z (XOR2V2_140P7T30R)                               0.03       5.58 r
  U47813/Z (AO1B2V2_140P7T30R)                            0.03       5.61 r
  u_cp/total_cycles_reg[63]/D (DQV2_140P7T30R)            0.00       5.61 r
  data arrival time                                                  5.61

  clock clk (rise edge)                                   1.00       1.00
  clock network delay (ideal)                             0.00       1.00
  u_cp/total_cycles_reg[63]/CK (DQV2_140P7T30R)           0.00       1.00 r
  library setup time                                     -0.02       0.98
  data required time                                                 0.98
  --------------------------------------------------------------------------
  data required time                                                 0.98
  data arrival time                                                 -5.61
  --------------------------------------------------------------------------
  slack (VIOLATED)                                                  -4.63


  Startpoint: u_cp/dma_row_bytes_r_reg[3]
              (rising edge-triggered flip-flop clocked by clk)
  Endpoint: u_cp/total_cycles_reg[62]
            (rising edge-triggered flip-flop clocked by clk)
  Path Group: clk
  Path Type: max

  Point                                                   Incr       Path
  --------------------------------------------------------------------------
  clock clk (rise edge)                                   0.00       0.00
  clock network delay (ideal)                             0.00       0.00
  u_cp/dma_row_bytes_r_reg[3]/CK (DQV4_140P7T30R)         0.00 #     0.00 r
  u_cp/dma_row_bytes_r_reg[3]/Q (DQV4_140P7T30R)          0.08       0.08 f
  U971/ZN (INV4_140P7T30R)                                0.05       0.12 r
  U39674/ZN (AOI22V2_140P7T30R)                           0.04       0.16 f
  U591/ZN (INV8_140P7T30R)                                0.03       0.20 r
  U590/ZN (OAI212V8_140P7T30R)                            0.04       0.24 f
  U39678/ZN (OAI22V1_140P7T30R)                           0.05       0.29 r
  U6720/S (ADH1V2_140P7T30R)                              0.05       0.34 f
  U6331/S (AD1V2_140P7T30R)                               0.05       0.39 f
  U6234/CO (AD1V2_140P7T30R)                              0.05       0.45 f
  U6086/CO (AD1V2_140P7T30R)                              0.05       0.49 f
  U6006/CO (AD1V2_140P7T30R)                              0.05       0.54 f
  U5926/CO (AD1V2_140P7T30R)                              0.05       0.58 f
  U5819/CO (AD1V2_140P7T30R)                              0.05       0.63 f
  U5773/CO (AD1V2_140P7T30R)                              0.05       0.68 f
  U5651/CO (AD1V2_140P7T30R)                              0.05       0.72 f
  U952/CO (AD1V2_140P7T30R)                               0.05       0.77 f
  U951/CO (AD1V2_140P7T30R)                               0.05       0.82 f
  U950/CO (AD1V2_140P7T30R)                               0.05       0.86 f
  U949/CO (AD1V2_140P7T30R)                               0.05       0.91 f
  U948/CO (AD1V2_140P7T30R)                               0.05       0.95 f
  U947/CO (AD1V2_140P7T30R)                               0.05       1.00 f
  U946/CO (AD1V2_140P7T30R)                               0.05       1.05 f
  U945/CO (AD1V2_140P7T30R)                               0.05       1.09 f
  U944/CO (AD1V2_140P7T30R)                               0.05       1.14 f
  U943/CO (AD1V2_140P7T30R)                               0.05       1.19 f
  U942/CO (AD1V2_140P7T30R)                               0.05       1.23 f
  U941/CO (AD1V2_140P7T30R)                               0.05       1.28 f
  U940/CO (AD1V2_140P7T30R)                               0.05       1.32 f
  U939/CO (AD1V2_140P7T30R)                               0.05       1.37 f
  U938/CO (AD1V2_140P7T30R)                               0.05       1.42 f
  U937/CO (AD1V2_140P7T30R)                               0.05       1.46 f
  U936/CO (AD1V2_140P7T30R)                               0.05       1.51 f
  U935/CO (AD1V2_140P7T30R)                               0.05       1.56 f
  U934/CO (AD1V2_140P7T30R)                               0.04       1.60 f
  U39999/Z (XOR3V2_140P7T30R)                             0.06       1.66 f
  U589/ZN (XNOR2V4_140P7T30R)                             0.04       1.71 f
  U588/Z (CLKXOR2V12_140P7T30R)                           0.04       1.75 f
  U593/ZN (INV32_140P7T30R)                               0.03       1.78 r
  U586/CO (AD1V4_140P7T30R)                               0.05       1.83 r
  U9010/S (AD1V2_140P7T30R)                               0.07       1.89 f
  U1327/CO (AD1V2_140P7T30R)                              0.05       1.95 f
  U584/CO (AD1V4_140P7T30R)                               0.04       1.99 f
  U583/CO (AD1V4_140P7T30R)                               0.04       2.03 f
  U585/S (AD1V4_140P7T30R)                                0.07       2.10 r
  U2629/CO (AD1V2_140P7T30R)                              0.04       2.14 r
  U576/CO (AD1V4_140P7T30R)                               0.04       2.18 r
  U575/CO (AD1V4_140P7T30R)                               0.04       2.22 r
  U2476/S (AD1V2_140P7T30R)                               0.06       2.28 f
  U8608/Z (MAJ23V2_140P7T30R)                             0.04       2.31 f
  U8641/Z (MAJ23V2_140P7T30R)                             0.03       2.35 f
  U8640/Z (MAJ23V2_140P7T30R)                             0.03       2.37 f
  U8639/Z (MAJ23V2_140P7T30R)                             0.03       2.40 f
  U9910/Z (MAJ23V2_140P7T30R)                             0.03       2.43 f
  U9909/Z (MAJ23V2_140P7T30R)                             0.03       2.46 f
  U9908/Z (MAJ23V2_140P7T30R)                             0.03       2.49 f
  U8812/Z (MAJ23V2_140P7T30R)                             0.03       2.52 f
  U8811/Z (MAJ23V2_140P7T30R)                             0.03       2.55 f
  U8810/Z (MAJ23V2_140P7T30R)                             0.03       2.58 f
  U9140/Z (MAJ23V2_140P7T30R)                             0.03       2.60 f
  U9139/Z (MAJ23V2_140P7T30R)                             0.03       2.63 f
  U9138/Z (MAJ23V2_140P7T30R)                             0.03       2.66 f
  U10145/Z (MAJ23V2_140P7T30R)                            0.03       2.69 f
  U10144/Z (MAJ23V2_140P7T30R)                            0.03       2.72 f
  U10143/Z (MAJ23V2_140P7T30R)                            0.03       2.75 f
  U9259/Z (MAJ23V2_140P7T30R)                             0.03       2.78 f
  U9257/Z (MAJ23V2_140P7T30R)                             0.03       2.80 f
  U9256/Z (MAJ23V2_140P7T30R)                             0.03       2.83 f
  U9331/Z (MAJ23V2_140P7T30R)                             0.03       2.86 f
  U9329/Z (MAJ23V2_140P7T30R)                             0.03       2.89 f
  U9328/Z (MAJ23V2_140P7T30R)                             0.03       2.92 f
  U10554/Z (MAJ23V2_140P7T30R)                            0.03       2.95 f
  U566/Z (MAJ23V4_140P7T30R)                              0.03       2.98 f
  U565/CO (AD1V4_140P7T30R)                               0.04       3.02 f
  U568/CO (AD1V4_140P7T30R)                               0.04       3.05 f
  U567/CO (AD1V4_140P7T30R)                               0.04       3.09 f
  U933/CO (AD1V2_140P7T30R)                               0.04       3.14 f
  U932/CO (AD1V2_140P7T30R)                               0.05       3.18 f
  U931/CO (AD1V2_140P7T30R)                               0.05       3.23 f
  U930/CO (AD1V2_140P7T30R)                               0.05       3.28 f
  U570/CO (AD1V4_140P7T30R)                               0.04       3.32 f
  U569/CO (AD1V4_140P7T30R)                               0.04       3.35 f
  U572/CO (AD1V4_140P7T30R)                               0.04       3.39 f
  U571/CO (AD1V4_140P7T30R)                               0.04       3.43 f
  U574/CO (AD1V4_140P7T30R)                               0.04       3.47 f
  U573/CO (AD1V4_140P7T30R)                               0.04       3.51 f
  U929/CO (AD1V2_140P7T30R)                               0.04       3.55 f
  U928/CO (AD1V2_140P7T30R)                               0.05       3.60 f
  U927/CO (AD1V2_140P7T30R)                               0.05       3.64 f
  U926/CO (AD1V2_140P7T30R)                               0.05       3.69 f
  U925/CO (AD1V2_140P7T30R)                               0.05       3.73 f
  U924/CO (AD1V2_140P7T30R)                               0.05       3.78 f
  U923/CO (AD1V2_140P7T30R)                               0.05       3.83 f
  U922/CO (AD1V2_140P7T30R)                               0.05       3.87 f
  U921/CO (AD1V2_140P7T30R)                               0.05       3.92 f
  U920/CO (AD1V2_140P7T30R)                               0.05       3.97 f
  U919/CO (AD1V2_140P7T30R)                               0.05       4.01 f
  U918/CO (AD1V2_140P7T30R)                               0.05       4.06 f
  U917/S (AD1V2_140P7T30R)                                0.06       4.12 r
  U41456/Z (AO12V2_140P7T30R)                             0.03       4.15 r
  U1836/CO (ADH1V2_140P7T30R)                             0.04       4.19 r
  U1835/CO (ADH1V2_140P7T30R)                             0.03       4.22 r
  U1833/CO (ADH1V2_140P7T30R)                             0.04       4.26 r
  U1829/S (ADH1V2_140P7T30R)                              0.03       4.29 r
  U47804/ZN (NAND2XBV2_140P7T30R)                         0.03       4.31 r
  U581/CO (AD1V4_140P7T30R)                               0.05       4.36 r
  U578/CO (AD1V4_140P7T30R)                               0.04       4.40 r
  U577/CO (AD1V4_140P7T30R)                               0.03       4.43 r
  U915/CO (AD1V2_140P7T30R)                               0.04       4.47 r
  U914/CO (ADH1V2_140P7T30R)                              0.04       4.50 r
  U913/CO (ADH1V2_140P7T30R)                              0.03       4.54 r
  U912/CO (ADH1V2_140P7T30R)                              0.03       4.57 r
  U911/CO (ADH1V2_140P7T30R)                              0.03       4.61 r
  U910/CO (ADH1V2_140P7T30R)                              0.03       4.64 r
  U909/CO (ADH1V2_140P7T30R)                              0.03       4.68 r
  U908/CO (ADH1V2_140P7T30R)                              0.03       4.71 r
  U907/CO (ADH1V2_140P7T30R)                              0.03       4.75 r
  U906/CO (ADH1V2_140P7T30R)                              0.03       4.78 r
  U905/CO (ADH1V2_140P7T30R)                              0.03       4.82 r
  U904/CO (ADH1V2_140P7T30R)                              0.03       4.85 r
  U903/CO (ADH1V2_140P7T30R)                              0.03       4.89 r
  U902/CO (ADH1V2_140P7T30R)                              0.03       4.92 r
  U901/CO (ADH1V2_140P7T30R)                              0.03       4.96 r
  U900/CO (ADH1V2_140P7T30R)                              0.03       4.99 r
  U899/CO (ADH1V2_140P7T30R)                              0.03       5.03 r
  U898/CO (ADH1V2_140P7T30R)                              0.03       5.06 r
  U897/CO (ADH1V2_140P7T30R)                              0.03       5.10 r
  U896/CO (ADH1V2_140P7T30R)                              0.03       5.13 r
  U895/CO (ADH1V2_140P7T30R)                              0.03       5.17 r
  U894/CO (ADH1V2_140P7T30R)                              0.03       5.20 r
  U893/CO (ADH1V2_140P7T30R)                              0.03       5.24 r
  U892/CO (ADH1V2_140P7T30R)                              0.03       5.27 r
  U891/CO (ADH1V2_140P7T30R)                              0.03       5.31 r
  U890/CO (ADH1V2_140P7T30R)                              0.03       5.34 r
  U889/CO (ADH1V2_140P7T30R)                              0.03       5.38 r
  U1813/CO (ADH1V2_140P7T30R)                             0.03       5.41 r
  U1812/CO (ADH1V2_140P7T30R)                             0.03       5.45 r
  U1811/CO (ADH1V2_140P7T30R)                             0.03       5.48 r
  U1810/CO (ADH1V2_140P7T30R)                             0.03       5.52 r
  U1809/S (ADH1V2_140P7T30R)                              0.04       5.56 f
  U47814/Z (AO1B2V2_140P7T30R)                            0.02       5.58 f
  u_cp/total_cycles_reg[62]/D (DQV2_140P7T30R)            0.00       5.58 f
  data arrival time                                                  5.58

  clock clk (rise edge)                                   1.00       1.00
  clock network delay (ideal)                             0.00       1.00
  u_cp/total_cycles_reg[62]/CK (DQV2_140P7T30R)           0.00       1.00 r
  library setup time                                     -0.02       0.98
  data required time                                                 0.98
  --------------------------------------------------------------------------
  data required time                                                 0.98
  data arrival time                                                 -5.58
  --------------------------------------------------------------------------
  slack (VIOLATED)                                                  -4.60


 
****************************************
Report : area
Design : synth_top
Version: O-2018.06-SP1
Date   : Mon Aug 17 17:50:08 2026
****************************************

Library(s) Used:

    scc28nhkcp_hdc30p140_rvt_ssg_v0p81_125c_basic (File: /home/lzl/project/newlpu/asic/dc/db/scc28nhkcp_hdc30p140_rvt_ssg_v0p81_125c_basic.db)
    kn128x16_ssg_cworstt_0p81v_0p81v_125c (File: /home/lzl/project/newlpu/asic/dc/db/kn128x16_ss_100C_1v60.db)
    kh4096x64_ssg_cworstt_0p81v_0p81v_125c (File: /home/lzl/project/newlpu/asic/dc/db/kh4096x64_ss_100C_1v60.db)

Number of ports:                         4710
Number of nets:                        293113
Number of cells:                       267112
Number of combinational cells:         236512
Number of sequential cells:             30596
Number of macros/black boxes:               2
Number of buf/inv:                      31493
Number of references:                     151

Combinational area:             138462.435470
Buf/Inv area:                     8119.397876
Noncombinational area:           54020.443757
Macro/Black Box area:            80076.837646
Net Interconnect area:      undefined  (No wire load specified)

Total cell area:                272559.716874
Total area:                 undefined

Hierarchical area distribution
------------------------------

                                  Global cell area                Local cell area
                                  --------------------  ----------------------------------- 
Hierarchical cell                 Absolute     Percent  Combi-       Noncombi-   Black-
                                  Total        Total    national     national    boxes       Design
--------------------------------  -----------  -------  -----------  ----------  ----------  -----------------
synth_top                         272559.7169    100.0   36011.8638  37293.5092      0.0000  synth_top
u_cp/u_bfeed                      159478.0054     58.5   66375.8894  13025.2784  80076.8376  kv_bfeed_MAX_N128
u_cp/u_kvqd                        39776.3384     14.6   36074.6823   3701.6561      0.0000  kv_quantdequant
--------------------------------  -----------  -------  -----------  ----------  ----------  -----------------
Total                                                   138462.4355  54020.4438  80076.8376

 
****************************************
Report : power
        -analysis_effort low
Design : synth_top
Version: O-2018.06-SP1
Date   : Mon Aug 17 17:50:11 2026
****************************************


Library(s) Used:

    scc28nhkcp_hdc30p140_rvt_ssg_v0p81_125c_basic (File: /home/lzl/project/newlpu/asic/dc/db/scc28nhkcp_hdc30p140_rvt_ssg_v0p81_125c_basic.db)
    kn128x16_ssg_cworstt_0p81v_0p81v_125c (File: /home/lzl/project/newlpu/asic/dc/db/kn128x16_ss_100C_1v60.db)
    kh4096x64_ssg_cworstt_0p81v_0p81v_125c (File: /home/lzl/project/newlpu/asic/dc/db/kh4096x64_ss_100C_1v60.db)


Operating Conditions: ssg_v0p81_125c   Library: scc28nhkcp_hdc30p140_rvt_ssg_v0p81_125c_basic
Wire Load Model Mode: top


Global Operating Voltage = 0.81 
Power-specific unit information :
    Voltage Units = 1V
    Capacitance Units = 1.000000pf
    Time Units = 1ns
    Dynamic Power Units = 1mW    (derived from V,C,T units)
    Leakage Power Units = 1uW


  Cell Internal Power  =  90.0707 mW   (99%)
  Net Switching Power  = 614.4261 uW    (1%)
                         ---------
Total Dynamic Power    =  90.6851 mW  (100%)

Cell Leakage Power     =  16.3606 mW


                 Internal         Switching           Leakage            Total
Power Group      Power            Power               Power              Power   (   %    )  Attrs
--------------------------------------------------------------------------------------------------
io_pad             0.0000            0.0000            0.0000            0.0000  (   0.00%)
memory             0.1174        3.5149e-03           48.6410            0.1696  (   0.16%)
black_box          0.0000        7.8983e-02            0.0000        7.8983e-02  (   0.07%)
clock_network  9.9451e-02            0.4112        1.9863e+03            2.4968  (   2.33%)
register          89.7091        5.1088e-03        4.2842e+03           93.9984  (  87.81%)
sequential         0.0000            0.0000            0.0000            0.0000  (   0.00%)
combinational      0.1431            0.1156        1.0042e+04           10.3002  (   9.62%)
--------------------------------------------------------------------------------------------------
Total             90.0691 mW         0.6144 mW     1.6361e+04 uW       107.0441 mW
 
****************************************
Report : reference
Design : synth_top
Version: O-2018.06-SP1
Date   : Mon Aug 17 17:50:11 2026
****************************************

Attributes:
    b - black box (unknown)
   bo - allows boundary optimization
    d - dont_touch
   mo - map_only
    h - hierarchical
    n - noncombinational
    r - removable
    s - synthetic operator
    u - contains unmapped logic

Reference          Library       Unit Area   Count    Total Area   Attributes
-----------------------------------------------------------------------------
AD1V2_140P7T30R    scc28nhkcp_hdc30p140_rvt_ssg_v0p81_125c_basic
                                  1.568000    3206   5027.007869  r
AD1V4_140P7T30R    scc28nhkcp_hdc30p140_rvt_ssg_v0p81_125c_basic
                                  1.764000      22     38.808001  r
ADH1V2_140P7T30R   scc28nhkcp_hdc30p140_rvt_ssg_v0p81_125c_basic
                                  0.980000     845    828.100016  r
ADH1V4_140P7T30R   scc28nhkcp_hdc30p140_rvt_ssg_v0p81_125c_basic
                                  1.176000       1      1.176000  r
AND2V2_140P7T30R   scc28nhkcp_hdc30p140_rvt_ssg_v0p81_125c_basic
                                  0.392000     240     94.079998  
AND2V4_140P7T30R   scc28nhkcp_hdc30p140_rvt_ssg_v0p81_125c_basic
                                  0.490000       3      1.470000  
AND2V8_140P7T30R   scc28nhkcp_hdc30p140_rvt_ssg_v0p81_125c_basic
                                  0.882000       1      0.882000  
AND3V2_140P7T30R   scc28nhkcp_hdc30p140_rvt_ssg_v0p81_125c_basic
                                  0.490000      26     12.740000  
AND3V4_140P7T30R   scc28nhkcp_hdc30p140_rvt_ssg_v0p81_125c_basic
                                  0.588000       3      1.764000  
AND4V2_140P7T30R   scc28nhkcp_hdc30p140_rvt_ssg_v0p81_125c_basic
                                  0.588000      32     18.816000  
AO1B2V2_140P7T30R  scc28nhkcp_hdc30p140_rvt_ssg_v0p81_125c_basic
                                  0.490000    1452    711.480014  
AO12V2_140P7T30R   scc28nhkcp_hdc30p140_rvt_ssg_v0p81_125c_basic
                                  0.490000     136     66.640001  
AO12V4_140P7T30R   scc28nhkcp_hdc30p140_rvt_ssg_v0p81_125c_basic
                                  0.588000       2      1.176000  
AO13V2_140P7T30R   scc28nhkcp_hdc30p140_rvt_ssg_v0p81_125c_basic
                                  0.588000       1      0.588000  
AO22V2_140P7T30R   scc28nhkcp_hdc30p140_rvt_ssg_v0p81_125c_basic
                                  0.686000     737    505.581992  
AO22V4_140P7T30R   scc28nhkcp_hdc30p140_rvt_ssg_v0p81_125c_basic
                                  0.784000       2      1.568000  
AO112V2_140P7T30R  scc28nhkcp_hdc30p140_rvt_ssg_v0p81_125c_basic
                                  0.588000      15      8.820000  
AO212V2_140P7T30R  scc28nhkcp_hdc30p140_rvt_ssg_v0p81_125c_basic
                                  0.784000       2      1.568000  
AO222V2_140P7T30R  scc28nhkcp_hdc30p140_rvt_ssg_v0p81_125c_basic
                                  0.882000      62     54.684002  
AOI12V2M_140P7T30R scc28nhkcp_hdc30p140_rvt_ssg_v0p81_125c_basic
                                  0.490000       5      2.450000  
AOI12V2_140P7T30R  scc28nhkcp_hdc30p140_rvt_ssg_v0p81_125c_basic
                                  0.392000    1440    564.479985  
AOI12V4_140P7T30R  scc28nhkcp_hdc30p140_rvt_ssg_v0p81_125c_basic
                                  0.686000      14      9.604000  
AOI12V6_140P7T30R  scc28nhkcp_hdc30p140_rvt_ssg_v0p81_125c_basic
                                  0.980000       4      3.920000  
AOI12V8_140P7T30R  scc28nhkcp_hdc30p140_rvt_ssg_v0p81_125c_basic
                                  1.274000       6      7.644000  
AOI12V12_140P7T30R scc28nhkcp_hdc30p140_rvt_ssg_v0p81_125c_basic
                                  1.960000       1      1.960000  
AOI13V2M_140P7T30R scc28nhkcp_hdc30p140_rvt_ssg_v0p81_125c_basic
                                  0.588000       4      2.352000  
AOI13V2_140P7T30R  scc28nhkcp_hdc30p140_rvt_ssg_v0p81_125c_basic
                                  0.490000      67     32.830001  
AOI21BV2_140P7T30R scc28nhkcp_hdc30p140_rvt_ssg_v0p81_125c_basic
                                  0.588000     130     76.440000  
AOI22BBV2_140P7T30R
                   scc28nhkcp_hdc30p140_rvt_ssg_v0p81_125c_basic
                                  0.686000   13810   9473.659855  
AOI22V2_140P7T30R  scc28nhkcp_hdc30p140_rvt_ssg_v0p81_125c_basic
                                  0.490000   11261   5517.890107  
AOI22V4_140P7T30R  scc28nhkcp_hdc30p140_rvt_ssg_v0p81_125c_basic
                                  0.882000       1      0.882000  
AOI22V8_140P7T30R  scc28nhkcp_hdc30p140_rvt_ssg_v0p81_125c_basic
                                  1.666000       2      3.332000  
AOI32V2_140P7T30R  scc28nhkcp_hdc30p140_rvt_ssg_v0p81_125c_basic
                                  0.588000      34     19.992000  
AOI33V2_140P7T30R  scc28nhkcp_hdc30p140_rvt_ssg_v0p81_125c_basic
                                  0.686000       1      0.686000  
AOI112V1P5M_140P7T30R
                   scc28nhkcp_hdc30p140_rvt_ssg_v0p81_125c_basic
                                  0.588000       8      4.704000  
AOI112V2_140P7T30R scc28nhkcp_hdc30p140_rvt_ssg_v0p81_125c_basic
                                  0.490000     198     97.020002  
AOI112V4_140P7T30R scc28nhkcp_hdc30p140_rvt_ssg_v0p81_125c_basic
                                  0.980000       2      1.960000  
AOI112V6_140P7T30R scc28nhkcp_hdc30p140_rvt_ssg_v0p81_125c_basic
                                  1.274000       5      6.370000  
AOI212V2_140P7T30R scc28nhkcp_hdc30p140_rvt_ssg_v0p81_125c_basic
                                  0.588000     555    326.340000  
AOI222V2_140P7T30R scc28nhkcp_hdc30p140_rvt_ssg_v0p81_125c_basic
                                  0.784000     164    128.575997  
BUFV2_140P7T30R    scc28nhkcp_hdc30p140_rvt_ssg_v0p81_125c_basic
                                  0.294000      79     23.226000  
BUFV4_140P7T30R    scc28nhkcp_hdc30p140_rvt_ssg_v0p81_125c_basic
                                  0.392000      34     13.328000  
BUFV5_140P7T30R    scc28nhkcp_hdc30p140_rvt_ssg_v0p81_125c_basic
                                  0.490000      15      7.350000  
BUFV6_140P7T30R    scc28nhkcp_hdc30p140_rvt_ssg_v0p81_125c_basic
                                  0.588000       5      2.940000  
BUFV8_140P7T30R    scc28nhkcp_hdc30p140_rvt_ssg_v0p81_125c_basic
                                  0.686000      33     22.638000  
BUFV10_140P7T30R   scc28nhkcp_hdc30p140_rvt_ssg_v0p81_125c_basic
                                  0.882000      15     13.230000  
BUFV12_140P7T30R   scc28nhkcp_hdc30p140_rvt_ssg_v0p81_125c_basic
                                  0.980000      19     18.620000  
BUFV16_140P7T30R   scc28nhkcp_hdc30p140_rvt_ssg_v0p81_125c_basic
                                  1.274000       7      8.918000  
CLKINV3_140P7T30R  scc28nhkcp_hdc30p140_rvt_ssg_v0p81_125c_basic
                                  0.294000      14      4.116000  
CLKINV12_140P7T30R scc28nhkcp_hdc30p140_rvt_ssg_v0p81_125c_basic
                                  0.686000       1      0.686000  
CLKMUX2V2_140P7T30R
                   scc28nhkcp_hdc30p140_rvt_ssg_v0p81_125c_basic
                                  0.882000     463    408.366013  
CLKNAND2V4_140P7T30R
                   scc28nhkcp_hdc30p140_rvt_ssg_v0p81_125c_basic
                                  0.490000      47     23.030000  
CLKNAND2V6_140P7T30R
                   scc28nhkcp_hdc30p140_rvt_ssg_v0p81_125c_basic
                                  0.686000       5      3.430000  
CLKNOR2V3_140P7T30R
                   scc28nhkcp_hdc30p140_rvt_ssg_v0p81_125c_basic
                                  0.490000      91     44.590001  
CLKXOR2V1P5_140P7T30R
                   scc28nhkcp_hdc30p140_rvt_ssg_v0p81_125c_basic
                                  0.588000       1      0.588000  
CLKXOR2V12_140P7T30R
                   scc28nhkcp_hdc30p140_rvt_ssg_v0p81_125c_basic
                                  2.646000       1      2.646000  
DGRSNQNV2_140P7T30R
                   scc28nhkcp_hdc30p140_rvt_ssg_v0p81_125c_basic
                                  2.156000       1      2.156000  n
DQV2_140P7T30R     scc28nhkcp_hdc30p140_rvt_ssg_v0p81_125c_basic
                                  1.764000   21069  37165.717226  n
DQV4_140P7T30R     scc28nhkcp_hdc30p140_rvt_ssg_v0p81_125c_basic
                                  1.862000      38     70.756000  n
DQV6_140P7T30R     scc28nhkcp_hdc30p140_rvt_ssg_v0p81_125c_basic
                                  1.960000      28     54.880001  n
INV2_140P7T30R     scc28nhkcp_hdc30p140_rvt_ssg_v0p81_125c_basic
                                  0.196000    4327    848.091978  
INV3_140P7T30R     scc28nhkcp_hdc30p140_rvt_ssg_v0p81_125c_basic
                                  0.294000       4      1.176000  
INV4_140P7T30R     scc28nhkcp_hdc30p140_rvt_ssg_v0p81_125c_basic
                                  0.294000     140     41.160000  
INV6_140P7T30R     scc28nhkcp_hdc30p140_rvt_ssg_v0p81_125c_basic
                                  0.392000      62     24.303999  
INV8_140P7T30R     scc28nhkcp_hdc30p140_rvt_ssg_v0p81_125c_basic
                                  0.490000      20      9.800000  
INV10_140P7T30R    scc28nhkcp_hdc30p140_rvt_ssg_v0p81_125c_basic
                                  0.588000       9      5.292000  
INV16_140P7T30R    scc28nhkcp_hdc30p140_rvt_ssg_v0p81_125c_basic
                                  0.882000       1      0.882000  
INV32_140P7T30R    scc28nhkcp_hdc30p140_rvt_ssg_v0p81_125c_basic
                                  1.666000       1      1.666000  
MAJ23V2_140P7T30R  scc28nhkcp_hdc30p140_rvt_ssg_v0p81_125c_basic
                                  0.686000     148    101.527998  
MAJ23V4_140P7T30R  scc28nhkcp_hdc30p140_rvt_ssg_v0p81_125c_basic
                                  0.784000       1      0.784000  
MUX2NV2_140P7T30R  scc28nhkcp_hdc30p140_rvt_ssg_v0p81_125c_basic
                                  0.784000    1971   1545.263960  
MUX2NV4_140P7T30R  scc28nhkcp_hdc30p140_rvt_ssg_v0p81_125c_basic
                                  1.470000       1      1.470000  
MUX2V2_140P7T30R   scc28nhkcp_hdc30p140_rvt_ssg_v0p81_125c_basic
                                  0.882000      21     18.522001  
NAND2V2_140P7T30R  scc28nhkcp_hdc30p140_rvt_ssg_v0p81_125c_basic
                                  0.294000    5732   1685.207999  
NAND2V8_140P7T30R  scc28nhkcp_hdc30p140_rvt_ssg_v0p81_125c_basic
                                  0.882000       1      0.882000  
NAND2XBV2_140P7T30R
                   scc28nhkcp_hdc30p140_rvt_ssg_v0p81_125c_basic
                                  0.392000     362    141.903996  
NAND2XBV4_140P7T30R
                   scc28nhkcp_hdc30p140_rvt_ssg_v0p81_125c_basic
                                  0.588000      28     16.464000  
NAND2XBV6_140P7T30R
                   scc28nhkcp_hdc30p140_rvt_ssg_v0p81_125c_basic
                                  0.784000       3      2.352000  
NAND2XBV12_140P7T30R
                   scc28nhkcp_hdc30p140_rvt_ssg_v0p81_125c_basic
                                  1.568000       1      1.568000  
NAND3V1P5_140P7T30R
                   scc28nhkcp_hdc30p140_rvt_ssg_v0p81_125c_basic
                                  0.392000      19      7.448000  
NAND3V2_140P7T30R  scc28nhkcp_hdc30p140_rvt_ssg_v0p81_125c_basic
                                  0.392000     343    134.455996  
NAND3V4_140P7T30R  scc28nhkcp_hdc30p140_rvt_ssg_v0p81_125c_basic
                                  0.686000       4      2.744000  
NAND3V6_140P7T30R  scc28nhkcp_hdc30p140_rvt_ssg_v0p81_125c_basic
                                  0.980000       1      0.980000  
NAND4BBV2_140P7T30R
                   scc28nhkcp_hdc30p140_rvt_ssg_v0p81_125c_basic
                                  0.686000       1      0.686000  
NAND4V1P5_140P7T30R
                   scc28nhkcp_hdc30p140_rvt_ssg_v0p81_125c_basic
                                  0.490000    2233   1094.170021  
NAND4V4_140P7T30R  scc28nhkcp_hdc30p140_rvt_ssg_v0p81_125c_basic
                                  0.980000       5      4.900000  
NAND4XXBBV2_140P7T30R
                   scc28nhkcp_hdc30p140_rvt_ssg_v0p81_125c_basic
                                  0.588000      89     52.332000  
NOR2V2_140P7T30R   scc28nhkcp_hdc30p140_rvt_ssg_v0p81_125c_basic
                                  0.294000    2260    664.439999  
NOR2V4_140P7T30R   scc28nhkcp_hdc30p140_rvt_ssg_v0p81_125c_basic
                                  0.490000     171     83.790002  
NOR2V6_140P7T30R   scc28nhkcp_hdc30p140_rvt_ssg_v0p81_125c_basic
                                  0.686000      11      7.546000  
NOR2V8_140P7T30R   scc28nhkcp_hdc30p140_rvt_ssg_v0p81_125c_basic
                                  0.882000      11      9.702000  
NOR2V12_140P7T30R  scc28nhkcp_hdc30p140_rvt_ssg_v0p81_125c_basic
                                  1.274000       8     10.192000  
NOR2XBV2_140P7T30R scc28nhkcp_hdc30p140_rvt_ssg_v0p81_125c_basic
                                  0.392000     164     64.287998  
NOR2XBV4_140P7T30R scc28nhkcp_hdc30p140_rvt_ssg_v0p81_125c_basic
                                  0.588000      17      9.996000  
NOR2XBV6_140P7T30R scc28nhkcp_hdc30p140_rvt_ssg_v0p81_125c_basic
                                  0.784000       3      2.352000  
NOR2XBV12_140P7T30R
                   scc28nhkcp_hdc30p140_rvt_ssg_v0p81_125c_basic
                                  1.568000       2      3.136000  
NOR3BBV4_140P7T30R scc28nhkcp_hdc30p140_rvt_ssg_v0p81_125c_basic
                                  0.980000       1      0.980000  
NOR3V2_140P7T30R   scc28nhkcp_hdc30p140_rvt_ssg_v0p81_125c_basic
                                  0.392000     213     83.495998  
NOR3V3_140P7T30R   scc28nhkcp_hdc30p140_rvt_ssg_v0p81_125c_basic
                                  0.686000       1      0.686000  
NOR3V4_140P7T30R   scc28nhkcp_hdc30p140_rvt_ssg_v0p81_125c_basic
                                  0.686000       1      0.686000  
NOR3V6_140P7T30R   scc28nhkcp_hdc30p140_rvt_ssg_v0p81_125c_basic
                                  0.980000       1      0.980000  
NOR3V12_140P7T30R  scc28nhkcp_hdc30p140_rvt_ssg_v0p81_125c_basic
                                  1.960000       1      1.960000  
NOR4V1_140P7T30R   scc28nhkcp_hdc30p140_rvt_ssg_v0p81_125c_basic
                                  0.490000     684    335.160007  
NOR4V2_140P7T30R   scc28nhkcp_hdc30p140_rvt_ssg_v0p81_125c_basic
                                  0.490000      27     13.230000  
NOR4XXBBV2_140P7T30R
                   scc28nhkcp_hdc30p140_rvt_ssg_v0p81_125c_basic
                                  0.588000      19     11.172000  
OA1B2V2_140P7T30R  scc28nhkcp_hdc30p140_rvt_ssg_v0p81_125c_basic
                                  0.490000      12      5.880000  
OA12V2_140P7T30R   scc28nhkcp_hdc30p140_rvt_ssg_v0p81_125c_basic
                                  0.490000      15      7.350000  
OA12V4_140P7T30R   scc28nhkcp_hdc30p140_rvt_ssg_v0p81_125c_basic
                                  0.588000       4      2.352000  
OA13V2_140P7T30R   scc28nhkcp_hdc30p140_rvt_ssg_v0p81_125c_basic
                                  0.588000       1      0.588000  
OA22V2_140P7T30R   scc28nhkcp_hdc30p140_rvt_ssg_v0p81_125c_basic
                                  0.686000      18     12.348000  
OA112V2_140P7T30R  scc28nhkcp_hdc30p140_rvt_ssg_v0p81_125c_basic
                                  0.588000      10      5.880000  
OAI12V2M_140P7T30R scc28nhkcp_hdc30p140_rvt_ssg_v0p81_125c_basic
                                  0.490000      65     31.850001  
OAI12V2_140P7T30R  scc28nhkcp_hdc30p140_rvt_ssg_v0p81_125c_basic
                                  0.392000    4965   1946.279949  
OAI12V4_140P7T30R  scc28nhkcp_hdc30p140_rvt_ssg_v0p81_125c_basic
                                  0.686000       7      4.802000  
OAI12V6_140P7T30R  scc28nhkcp_hdc30p140_rvt_ssg_v0p81_125c_basic
                                  0.980000       3      2.940000  
OAI12V8_140P7T30R  scc28nhkcp_hdc30p140_rvt_ssg_v0p81_125c_basic
                                  1.274000       3      3.822000  
OAI12V12_140P7T30R scc28nhkcp_hdc30p140_rvt_ssg_v0p81_125c_basic
                                  1.960000       1      1.960000  
OAI13V2_140P7T30R  scc28nhkcp_hdc30p140_rvt_ssg_v0p81_125c_basic
                                  0.490000      96     47.040001  
OAI21BV2_140P7T30R scc28nhkcp_hdc30p140_rvt_ssg_v0p81_125c_basic
                                  0.588000       6      3.528000  
OAI22BBV2_140P7T30R
                   scc28nhkcp_hdc30p140_rvt_ssg_v0p81_125c_basic
                                  0.686000       9      6.174000  
OAI22V1_140P7T30R  scc28nhkcp_hdc30p140_rvt_ssg_v0p81_125c_basic
                                  0.490000    1440    705.600014  
OAI22V4_140P7T30R  scc28nhkcp_hdc30p140_rvt_ssg_v0p81_125c_basic
                                  0.882000       3      2.646000  
OAI22V6_140P7T30R  scc28nhkcp_hdc30p140_rvt_ssg_v0p81_125c_basic
                                  1.274000       1      1.274000  
OAI32V2_140P7T30R  scc28nhkcp_hdc30p140_rvt_ssg_v0p81_125c_basic
                                  0.588000      40     23.520000  
OAI112V1P5M_140P7T30R
                   scc28nhkcp_hdc30p140_rvt_ssg_v0p81_125c_basic
                                  0.588000      11      6.468000  
OAI112V2_140P7T30R scc28nhkcp_hdc30p140_rvt_ssg_v0p81_125c_basic
                                  0.490000     442    216.580004  
OAI212V1P5_140P7T30R
                   scc28nhkcp_hdc30p140_rvt_ssg_v0p81_125c_basic
                                  0.588000       1      0.588000  
OAI212V2M_140P7T30R
                   scc28nhkcp_hdc30p140_rvt_ssg_v0p81_125c_basic
                                  0.686000       4      2.744000  
OAI212V2_140P7T30R scc28nhkcp_hdc30p140_rvt_ssg_v0p81_125c_basic
                                  0.588000      18     10.584000  
OAI212V4_140P7T30R scc28nhkcp_hdc30p140_rvt_ssg_v0p81_125c_basic
                                  1.078000       5      5.390000  
OAI212V8_140P7T30R scc28nhkcp_hdc30p140_rvt_ssg_v0p81_125c_basic
                                  2.156000       2      4.312000  
OAI222V2_140P7T30R scc28nhkcp_hdc30p140_rvt_ssg_v0p81_125c_basic
                                  0.784000     133    104.271997  
OR2V2_140P7T30R    scc28nhkcp_hdc30p140_rvt_ssg_v0p81_125c_basic
                                  0.392000     224     87.807998  
OR2V4_140P7T30R    scc28nhkcp_hdc30p140_rvt_ssg_v0p81_125c_basic
                                  0.490000      21     10.290000  
OR2V6_140P7T30R    scc28nhkcp_hdc30p140_rvt_ssg_v0p81_125c_basic
                                  0.784000       4      3.136000  
OR3V2_140P7T30R    scc28nhkcp_hdc30p140_rvt_ssg_v0p81_125c_basic
                                  0.490000      64     31.360001  
OR4V2_140P7T30R    scc28nhkcp_hdc30p140_rvt_ssg_v0p81_125c_basic
                                  0.588000      51     29.988000  
PULL0_140P7T30R    scc28nhkcp_hdc30p140_rvt_ssg_v0p81_125c_basic
                                  0.196000       1      0.196000  
PULL1_140P7T30R    scc28nhkcp_hdc30p140_rvt_ssg_v0p81_125c_basic
                                  0.196000       1      0.196000  
XNOR2V2_140P7T30R  scc28nhkcp_hdc30p140_rvt_ssg_v0p81_125c_basic
                                  0.588000     919    540.372000  
XNOR2V4_140P7T30R  scc28nhkcp_hdc30p140_rvt_ssg_v0p81_125c_basic
                                  0.980000       4      3.920000  
XNOR3V2_140P7T30R  scc28nhkcp_hdc30p140_rvt_ssg_v0p81_125c_basic
                                  1.176000       6      7.056000  
XOR2V2_140P7T30R   scc28nhkcp_hdc30p140_rvt_ssg_v0p81_125c_basic
                                  0.588000    1311    770.867999  
XOR2V4_140P7T30R   scc28nhkcp_hdc30p140_rvt_ssg_v0p81_125c_basic
                                  0.980000       3      2.940000  
XOR3V2_140P7T30R   scc28nhkcp_hdc30p140_rvt_ssg_v0p81_125c_basic
                                  1.176000      42     49.392000  
bb_sram_AW12_DW128                0.000000       1      0.000000  b
kv_bfeed_MAX_N128             159478.005445
                                                 1  159478.005445 b, h, n
kv_quantdequant               39776.338431       1  39776.338431  h, n
matrix_engine_MAX_M128_MAX_N128_MAX_K4096
                                  0.000000       1      0.000000  b
sram_macro                        0.000000       1      0.000000  b
vector_engine_MAX_VEC128          0.000000       1      0.000000  b
-----------------------------------------------------------------------------
Total 151 references                                272559.716874
1
