==== DC corner=tt_025C_1v80 design=synth_top compile=1 ====
Information: Updating design information... (UID-85)
Warning: Design 'synth_top' contains 1 high-fanout nets. A fanout number of 1000 will be used for delay calculations involving these nets. (TIM-134)
 
****************************************
Report : timing
        -path full
        -delay max
        -max_paths 10
        -sort_by slack
Design : synth_top
Version: O-2018.06-SP1
Date   : Sun Aug 16 20:36:01 2026
****************************************

 # A fanout number of 1000 was used for high fanout net computations.

Operating Conditions: tt_025C_1v80   Library: sky130_fd_sc_hd__tt_025C_1v80
Wire Load Model Mode: top

  Startpoint: u_cp/pos_base_reg[2]
              (rising edge-triggered flip-flop clocked by clk)
  Endpoint: u_cp/u_bfeed/row_reg[40][19]
            (rising edge-triggered flip-flop clocked by clk)
  Path Group: clk
  Path Type: max

  Point                                                   Incr       Path
  --------------------------------------------------------------------------
  clock clk (rise edge)                                   0.00       0.00
  clock network delay (ideal)                             0.00       0.00
  u_cp/pos_base_reg[2]/CLK (sky130_fd_sc_hd__dfxtp_4)     0.00 #     0.00 r
  u_cp/pos_base_reg[2]/Q (sky130_fd_sc_hd__dfxtp_4)       0.38       0.38 r
  u_cp/u_bfeed/pos_base[2] (kv_bfeed_MAX_N128)            0.00       0.38 r
  u_cp/u_bfeed/U85392/Y (sky130_fd_sc_hd__nand2_4)        0.07       0.45 f
  u_cp/u_bfeed/U13875/Y (sky130_fd_sc_hd__nand2_2)        0.06       0.52 r
  u_cp/u_bfeed/U18882/Y (sky130_fd_sc_hd__nand3_2)        0.05       0.57 f
  u_cp/u_bfeed/U18881/Y (sky130_fd_sc_hd__nand2_2)        0.07       0.64 r
  u_cp/u_bfeed/U24821/Y (sky130_fd_sc_hd__nand2_4)        0.06       0.70 f
  u_cp/u_bfeed/U24820/Y (sky130_fd_sc_hd__nand2_8)        0.09       0.80 r
  u_cp/u_bfeed/U81859/Y (sky130_fd_sc_hd__nand2_4)        0.06       0.86 f
  u_cp/u_bfeed/U79424/Y (sky130_fd_sc_hd__o21bai_2)       0.11       0.97 r
  u_cp/u_bfeed/U26533/Y (sky130_fd_sc_hd__nand2_2)        0.07       1.03 f
  u_cp/u_bfeed/U26532/X (sky130_fd_sc_hd__and2_4)         0.14       1.17 f
  u_cp/u_bfeed/U83281/Y (sky130_fd_sc_hd__nand4b_1)       0.08       1.25 r
  u_cp/u_bfeed/U22910/Y (sky130_fd_sc_hd__nand4_1)        0.09       1.34 f
  u_cp/u_bfeed/U83932/Y (sky130_fd_sc_hd__inv_2)          0.09       1.43 r
  u_cp/u_bfeed/U122113/Y (sky130_fd_sc_hd__inv_4)         0.05       1.48 f
  u_cp/u_bfeed/U28450/Y (sky130_fd_sc_hd__inv_12)         0.10       1.59 r
  u_cp/u_bfeed/U21360/Y (sky130_fd_sc_hd__nand2_8)        0.08       1.66 f
  u_cp/u_bfeed/U98384/Y (sky130_fd_sc_hd__nor2_2)         0.13       1.79 r
  u_cp/u_bfeed/U124855/X (sky130_fd_sc_hd__buf_6)         0.18       1.97 r
  u_cp/u_bfeed/U152820/Y (sky130_fd_sc_hd__o22ai_1)       0.10       2.07 f
  u_cp/u_bfeed/U152822/COUT (sky130_fd_sc_hd__fah_1)      0.39       2.45 f
  u_cp/u_bfeed/U78681/Y (sky130_fd_sc_hd__xnor2_1)        0.19       2.64 r
  u_cp/u_bfeed/U78619/Y (sky130_fd_sc_hd__xnor2_1)        0.15       2.79 r
  u_cp/u_bfeed/U152842/COUT (sky130_fd_sc_hd__fah_1)      0.39       3.19 r
  u_cp/u_bfeed/U25149/Y (sky130_fd_sc_hd__nand2_2)        0.06       3.25 f
  u_cp/u_bfeed/U25498/Y (sky130_fd_sc_hd__nand2_2)        0.06       3.31 r
  u_cp/u_bfeed/U25497/Y (sky130_fd_sc_hd__xnor2_1)        0.12       3.44 r
  u_cp/u_bfeed/U41223/Y (sky130_fd_sc_hd__xnor2_1)        0.17       3.60 r
  u_cp/u_bfeed/U47684/Y (sky130_fd_sc_hd__nor2_2)         0.06       3.67 f
  u_cp/u_bfeed/U11211/Y (sky130_fd_sc_hd__nor2_1)         0.12       3.79 r
  u_cp/u_bfeed/U85510/Y (sky130_fd_sc_hd__nand2_1)        0.07       3.86 f
  u_cp/u_bfeed/U127491/Y (sky130_fd_sc_hd__o21ai_1)       0.15       4.01 r
  u_cp/u_bfeed/U119605/Y (sky130_fd_sc_hd__a21oi_2)       0.05       4.07 f
  u_cp/u_bfeed/U119604/Y (sky130_fd_sc_hd__o21ai_2)       0.14       4.21 r
  u_cp/u_bfeed/U152889/Y (sky130_fd_sc_hd__xnor2_2)       0.15       4.36 r
  u_cp/u_bfeed/U129658/Y (sky130_fd_sc_hd__inv_2)         0.09       4.45 f
  u_cp/u_bfeed/U131845/Y (sky130_fd_sc_hd__nand2_8)       0.19       4.64 r
  u_cp/u_bfeed/U97112/Y (sky130_fd_sc_hd__nor2_4)         0.04       4.68 f
  u_cp/u_bfeed/U78103/Y (sky130_fd_sc_hd__inv_2)          0.06       4.74 r
  u_cp/u_bfeed/U20778/Y (sky130_fd_sc_hd__nand2_4)        0.08       4.82 f
  u_cp/u_bfeed/U152996/COUT (sky130_fd_sc_hd__fah_1)      0.33       5.16 f
  u_cp/u_bfeed/U152997/SUM (sky130_fd_sc_hd__fah_1)       0.33       5.48 r
  u_cp/u_bfeed/U124429/Y (sky130_fd_sc_hd__xnor2_1)       0.14       5.62 r
  u_cp/u_bfeed/U126048/Y (sky130_fd_sc_hd__xnor2_1)       0.13       5.75 r
  u_cp/u_bfeed/U153042/SUM (sky130_fd_sc_hd__fah_1)       0.28       6.03 f
  u_cp/u_bfeed/U125097/Y (sky130_fd_sc_hd__nand2b_4)      0.15       6.19 f
  u_cp/u_bfeed/U130884/Y (sky130_fd_sc_hd__nand2_2)       0.06       6.24 r
  u_cp/u_bfeed/U129756/Y (sky130_fd_sc_hd__inv_2)         0.04       6.28 f
  u_cp/u_bfeed/U124474/Y (sky130_fd_sc_hd__nand2_2)       0.05       6.32 r
  u_cp/u_bfeed/U125750/Y (sky130_fd_sc_hd__nand3_2)       0.07       6.39 f
  u_cp/u_bfeed/U153115/Y (sky130_fd_sc_hd__nand3_1)       0.06       6.45 r
  u_cp/u_bfeed/U123399/Y (sky130_fd_sc_hd__nand2_1)       0.06       6.51 f
  u_cp/u_bfeed/U153116/Y (sky130_fd_sc_hd__inv_2)         0.07       6.57 r
  u_cp/u_bfeed/U153117/Y (sky130_fd_sc_hd__nand2_4)       0.07       6.65 f
  u_cp/u_bfeed/U19389/Y (sky130_fd_sc_hd__inv_6)          0.10       6.75 r
  u_cp/u_bfeed/U99957/Y (sky130_fd_sc_hd__nand2_2)        0.05       6.80 f
  u_cp/u_bfeed/U21706/X (sky130_fd_sc_hd__o21a_4)         0.12       6.92 f
  u_cp/u_bfeed/U21705/Y (sky130_fd_sc_hd__nand2_4)        0.07       6.99 r
  u_cp/u_bfeed/U20758/Y (sky130_fd_sc_hd__inv_6)          0.06       7.04 f
  u_cp/u_bfeed/U77663/Y (sky130_fd_sc_hd__inv_4)          0.06       7.10 r
  u_cp/u_bfeed/U125901/Y (sky130_fd_sc_hd__nand2_4)       0.06       7.16 f
  u_cp/u_bfeed/U125900/Y (sky130_fd_sc_hd__xnor2_4)       0.19       7.35 r
  u_cp/u_bfeed/U25637/Y (sky130_fd_sc_hd__nand3_4)        0.13       7.48 f
  u_cp/u_bfeed/U25636/Y (sky130_fd_sc_hd__nor2_8)         0.14       7.63 r
  u_cp/u_bfeed/U153300/Y (sky130_fd_sc_hd__nand2_1)       0.08       7.70 f
  u_cp/u_bfeed/U17157/Y (sky130_fd_sc_hd__nand2_2)        0.07       7.77 r
  u_cp/u_bfeed/U93619/Y (sky130_fd_sc_hd__nand4_2)        0.12       7.89 f
  u_cp/u_bfeed/U94371/Y (sky130_fd_sc_hd__inv_4)          0.13       8.03 r
  u_cp/u_bfeed/U102105/Y (sky130_fd_sc_hd__inv_2)         0.05       8.07 f
  u_cp/u_bfeed/U25511/Y (sky130_fd_sc_hd__nand2_2)        0.05       8.12 r
  u_cp/u_bfeed/U25657/Y (sky130_fd_sc_hd__nand3_2)        0.07       8.19 f
  u_cp/u_bfeed/U19698/Y (sky130_fd_sc_hd__a21oi_4)        0.15       8.35 r
  u_cp/u_bfeed/U17111/Y (sky130_fd_sc_hd__nand2_2)        0.09       8.44 f
  u_cp/u_bfeed/U27016/Y (sky130_fd_sc_hd__o21ai_2)        0.14       8.58 r
  u_cp/u_bfeed/U127012/Y (sky130_fd_sc_hd__nand2_2)       0.08       8.66 f
  u_cp/u_bfeed/U87371/Y (sky130_fd_sc_hd__nand3_4)        0.14       8.80 r
  u_cp/u_bfeed/U17155/Y (sky130_fd_sc_hd__inv_6)          0.06       8.85 f
  u_cp/u_bfeed/U94522/Y (sky130_fd_sc_hd__nand2_4)        0.09       8.94 r
  u_cp/u_bfeed/U10714/Y (sky130_fd_sc_hd__inv_2)          0.05       9.00 f
  u_cp/u_bfeed/U20251/Y (sky130_fd_sc_hd__nand2_4)        0.05       9.05 r
  u_cp/u_bfeed/U32058/Y (sky130_fd_sc_hd__nand4_4)        0.09       9.14 f
  u_cp/u_bfeed/U83925/Y (sky130_fd_sc_hd__nand3_2)        0.09       9.23 r
  u_cp/u_bfeed/U97087/Y (sky130_fd_sc_hd__nand2_4)        0.09       9.32 f
  u_cp/u_bfeed/U153332/COUT (sky130_fd_sc_hd__fah_1)      0.35       9.67 f
  u_cp/u_bfeed/U131681/Y (sky130_fd_sc_hd__xnor2_1)       0.22       9.89 r
  u_cp/u_bfeed/U153334/SUM (sky130_fd_sc_hd__fah_1)       0.34      10.23 r
  u_cp/u_bfeed/U116726/Y (sky130_fd_sc_hd__inv_2)         0.05      10.28 f
  u_cp/u_bfeed/U16975/Y (sky130_fd_sc_hd__nand2b_4)       0.07      10.35 r
  u_cp/u_bfeed/U16227/Y (sky130_fd_sc_hd__nand3_4)        0.07      10.42 f
  u_cp/u_bfeed/U16226/Y (sky130_fd_sc_hd__nor2_4)         0.12      10.54 r
  u_cp/u_bfeed/U127274/Y (sky130_fd_sc_hd__nand4_1)       0.13      10.67 f
  u_cp/u_bfeed/U91144/Y (sky130_fd_sc_hd__nand2_4)        0.16      10.83 r
  u_cp/u_bfeed/U92739/Y (sky130_fd_sc_hd__nand2_2)        0.06      10.89 f
  u_cp/u_bfeed/U92568/Y (sky130_fd_sc_hd__o21ai_2)        0.07      10.96 r
  u_cp/u_bfeed/U91133/Y (sky130_fd_sc_hd__nand2_4)        0.08      11.04 f
  u_cp/u_bfeed/U99271/Y (sky130_fd_sc_hd__nand2_4)        0.07      11.11 r
  u_cp/u_bfeed/U99969/Y (sky130_fd_sc_hd__nand3_2)        0.06      11.17 f
  u_cp/u_bfeed/U16976/Y (sky130_fd_sc_hd__nand3_2)        0.06      11.23 r
  u_cp/u_bfeed/U21761/Y (sky130_fd_sc_hd__nand3_2)        0.07      11.30 f
  u_cp/u_bfeed/U93597/Y (sky130_fd_sc_hd__nand3_2)        0.10      11.40 r
  u_cp/u_bfeed/U94161/Y (sky130_fd_sc_hd__inv_4)          0.07      11.47 f
  u_cp/u_bfeed/U20856/Y (sky130_fd_sc_hd__nand2b_2)       0.21      11.68 f
  u_cp/u_bfeed/U90134/Y (sky130_fd_sc_hd__nand2_4)        0.13      11.81 r
  u_cp/u_bfeed/U23502/Y (sky130_fd_sc_hd__nand3_4)        0.14      11.95 f
  u_cp/u_bfeed/U23501/Y (sky130_fd_sc_hd__nor2_4)         0.20      12.15 r
  u_cp/u_bfeed/U20761/Y (sky130_fd_sc_hd__nand2_2)        0.05      12.20 f
  u_cp/u_bfeed/U16272/X (sky130_fd_sc_hd__o21a_2)         0.12      12.32 f
  u_cp/u_bfeed/U20745/Y (sky130_fd_sc_hd__nand4_4)        0.08      12.41 r
  u_cp/u_bfeed/U12101/Y (sky130_fd_sc_hd__nand2_1)        0.06      12.47 f
  u_cp/u_bfeed/U76316/Y (sky130_fd_sc_hd__o21ai_1)        0.15      12.62 r
  u_cp/u_bfeed/U127806/Y (sky130_fd_sc_hd__a21oi_2)       0.06      12.68 f
  u_cp/u_bfeed/U121259/Y (sky130_fd_sc_hd__o21ai_2)       0.19      12.87 r
  u_cp/u_bfeed/U121258/Y (sky130_fd_sc_hd__inv_2)         0.10      12.97 f
  u_cp/u_bfeed/U10444/Y (sky130_fd_sc_hd__o21ai_1)        0.15      13.11 r
  u_cp/u_bfeed/U153667/Y (sky130_fd_sc_hd__xnor2_1)       0.07      13.19 f
  u_cp/u_bfeed/U121315/Y (sky130_fd_sc_hd__nand2b_1)      0.06      13.25 r
  u_cp/u_bfeed/U92472/Y (sky130_fd_sc_hd__nand2_1)        0.05      13.30 f
  u_cp/u_bfeed/U90946/Y (sky130_fd_sc_hd__nor2_1)         0.09      13.39 r
  u_cp/u_bfeed/U119778/Y (sky130_fd_sc_hd__nand3_1)       0.09      13.47 f
  u_cp/u_bfeed/U131174/Y (sky130_fd_sc_hd__inv_2)         0.06      13.54 r
  u_cp/u_bfeed/U121685/Y (sky130_fd_sc_hd__nand2_2)       0.05      13.59 f
  u_cp/u_bfeed/U153746/Y (sky130_fd_sc_hd__nor2_2)        0.11      13.70 r
  u_cp/u_bfeed/U100438/Y (sky130_fd_sc_hd__nand3_1)       0.09      13.79 f
  u_cp/u_bfeed/U92771/Y (sky130_fd_sc_hd__nand2_1)        0.06      13.85 r
  u_cp/u_bfeed/U153773/Y (sky130_fd_sc_hd__nand4_1)       0.08      13.93 f
  u_cp/u_bfeed/U121192/Y (sky130_fd_sc_hd__nand2_1)       0.08      14.01 r
  u_cp/u_bfeed/U25485/Y (sky130_fd_sc_hd__nor2_2)         0.05      14.06 f
  u_cp/u_bfeed/U25484/Y (sky130_fd_sc_hd__o21ai_4)        0.13      14.19 r
  u_cp/u_bfeed/U119768/Y (sky130_fd_sc_hd__inv_2)         0.07      14.27 f
  u_cp/u_bfeed/U153802/Y (sky130_fd_sc_hd__o21ai_2)       0.12      14.38 r
  u_cp/u_bfeed/U131705/Y (sky130_fd_sc_hd__xnor2_1)       0.12      14.50 r
  u_cp/u_bfeed/U92763/Y (sky130_fd_sc_hd__nand2b_1)       0.08      14.58 f
  u_cp/u_bfeed/U92762/Y (sky130_fd_sc_hd__nand3_2)        0.07      14.64 r
  u_cp/u_bfeed/U86033/Y (sky130_fd_sc_hd__nand3_2)        0.06      14.70 f
  u_cp/u_bfeed/U91886/Y (sky130_fd_sc_hd__inv_2)          0.09      14.79 r
  u_cp/u_bfeed/U94571/Y (sky130_fd_sc_hd__nand3_4)        0.10      14.89 f
  u_cp/u_bfeed/U121154/Y (sky130_fd_sc_hd__nand2_2)       0.08      14.97 r
  u_cp/u_bfeed/U26469/Y (sky130_fd_sc_hd__nand3_2)        0.07      15.04 f
  u_cp/u_bfeed/U119408/Y (sky130_fd_sc_hd__inv_2)         0.06      15.10 r
  u_cp/u_bfeed/U127164/Y (sky130_fd_sc_hd__nand2_2)       0.05      15.14 f
  u_cp/u_bfeed/U88156/Y (sky130_fd_sc_hd__nand3_1)        0.07      15.21 r
  u_cp/u_bfeed/U119188/Y (sky130_fd_sc_hd__nand3_1)       0.06      15.28 f
  u_cp/u_bfeed/U119187/Y (sky130_fd_sc_hd__o21ai_1)       0.06      15.34 r
  u_cp/u_bfeed/U130082/Y (sky130_fd_sc_hd__nand4_1)       0.09      15.44 f
  u_cp/u_bfeed/U125899/Y (sky130_fd_sc_hd__nand2_2)       0.09      15.52 r
  u_cp/u_bfeed/U119693/Y (sky130_fd_sc_hd__inv_4)         0.07      15.59 f
  u_cp/u_bfeed/U100488/Y (sky130_fd_sc_hd__nand2_2)       0.08      15.68 r
  u_cp/u_bfeed/U126896/Y (sky130_fd_sc_hd__nand2_4)       0.08      15.76 f
  u_cp/u_bfeed/U24987/X (sky130_fd_sc_hd__buf_12)         0.14      15.90 f
  u_cp/u_bfeed/U119343/Y (sky130_fd_sc_hd__nand2_8)       0.06      15.96 r
  u_cp/u_bfeed/U56927/Y (sky130_fd_sc_hd__inv_4)          0.05      16.01 f
  u_cp/u_bfeed/U75555/Y (sky130_fd_sc_hd__nand2_1)        0.05      16.06 r
  u_cp/u_bfeed/U90537/Y (sky130_fd_sc_hd__nand4_1)        0.08      16.14 f
  u_cp/u_bfeed/U154323/Y (sky130_fd_sc_hd__inv_1)         0.08      16.22 r
  u_cp/u_bfeed/U154414/X (sky130_fd_sc_hd__o22a_1)        0.11      16.34 r
  u_cp/u_bfeed/U94077/X (sky130_fd_sc_hd__o21a_2)         0.16      16.49 r
  u_cp/u_bfeed/U13437/Y (sky130_fd_sc_hd__nand3_4)        0.09      16.58 f
  u_cp/u_bfeed/U115301/Y (sky130_fd_sc_hd__nor2_2)        0.12      16.70 r
  u_cp/u_bfeed/U28184/Y (sky130_fd_sc_hd__o21ai_2)        0.07      16.77 f
  u_cp/u_bfeed/U28183/Y (sky130_fd_sc_hd__a21oi_2)        0.14      16.91 r
  u_cp/u_bfeed/U15056/Y (sky130_fd_sc_hd__o21ai_2)        0.07      16.99 f
  u_cp/u_bfeed/U15055/X (sky130_fd_sc_hd__a21o_2)         0.23      17.22 f
  u_cp/u_bfeed/U20377/Y (sky130_fd_sc_hd__inv_4)          0.11      17.33 r
  u_cp/u_bfeed/U93002/Y (sky130_fd_sc_hd__o21ai_2)        0.06      17.40 f
  u_cp/u_bfeed/U154611/Y (sky130_fd_sc_hd__xnor2_1)       0.13      17.52 f
  u_cp/u_bfeed/U154781/Y (sky130_fd_sc_hd__o2bb2ai_1)     0.13      17.65 f
  u_cp/u_bfeed/U154782/Y (sky130_fd_sc_hd__a21oi_2)       0.17      17.82 r
  u_cp/u_bfeed/U100772/Y (sky130_fd_sc_hd__nand3_1)       0.09      17.91 f
  u_cp/u_bfeed/U99087/X (sky130_fd_sc_hd__o211a_1)        0.23      18.14 f
  u_cp/u_bfeed/U154803/Y (sky130_fd_sc_hd__o21ai_2)       0.07      18.22 r
  u_cp/u_bfeed/U154804/Y (sky130_fd_sc_hd__nor2_2)        0.07      18.29 f
  u_cp/u_bfeed/U20288/Y (sky130_fd_sc_hd__o21ai_4)        0.21      18.49 r
  u_cp/u_bfeed/U119013/Y (sky130_fd_sc_hd__xnor2_1)       0.13      18.63 r
  u_cp/u_bfeed/U88197/Y (sky130_fd_sc_hd__nand2_1)        0.06      18.69 f
  u_cp/u_bfeed/U129984/Y (sky130_fd_sc_hd__nand2_1)       0.06      18.75 r
  u_cp/u_bfeed/U129985/Y (sky130_fd_sc_hd__nand2_1)       0.05      18.79 f
  u_cp/u_bfeed/U75073/Y (sky130_fd_sc_hd__inv_1)          0.04      18.84 r
  u_cp/u_bfeed/U26919/Y (sky130_fd_sc_hd__nand4_1)        0.08      18.91 f
  u_cp/u_bfeed/U154830/Y (sky130_fd_sc_hd__clkinv_1)      0.07      18.99 r
  u_cp/u_bfeed/U95365/Y (sky130_fd_sc_hd__nand4_4)        0.10      19.09 f
  u_cp/u_bfeed/U24946/Y (sky130_fd_sc_hd__o21bai_2)       0.18      19.27 r
  u_cp/u_bfeed/U128736/Y (sky130_fd_sc_hd__inv_4)         0.08      19.35 f
  u_cp/u_bfeed/U127565/X (sky130_fd_sc_hd__o211a_2)       0.13      19.49 f
  u_cp/u_bfeed/U119012/Y (sky130_fd_sc_hd__o21bai_4)      0.19      19.68 f
  u_cp/u_bfeed/U132528/Y (sky130_fd_sc_hd__inv_2)         0.07      19.75 r
  u_cp/u_bfeed/U155113/Y (sky130_fd_sc_hd__mux2i_1)       0.20      19.95 r
  u_cp/u_bfeed/U128255/Y (sky130_fd_sc_hd__nand2b_4)      0.20      20.15 r
  u_cp/u_bfeed/U125921/Y (sky130_fd_sc_hd__nor2_4)        0.06      20.21 f
  u_cp/u_bfeed/U29030/Y (sky130_fd_sc_hd__nand2_1)        0.06      20.27 r
  u_cp/u_bfeed/U129754/Y (sky130_fd_sc_hd__o21ai_2)       0.05      20.33 f
  u_cp/u_bfeed/U155158/Y (sky130_fd_sc_hd__mux2i_1)       0.14      20.46 r
  u_cp/u_bfeed/U128261/Y (sky130_fd_sc_hd__nand3_2)       0.14      20.60 f
  u_cp/u_bfeed/U20757/X (sky130_fd_sc_hd__clkbuf_1)       0.13      20.73 f
  u_cp/u_bfeed/U124543/Y (sky130_fd_sc_hd__nand2_2)       0.07      20.80 r
  u_cp/u_bfeed/U128260/Y (sky130_fd_sc_hd__o21ai_2)       0.06      20.85 f
  u_cp/u_bfeed/U128259/Y (sky130_fd_sc_hd__a21oi_2)       0.12      20.97 r
  u_cp/u_bfeed/U127874/Y (sky130_fd_sc_hd__o21ai_2)       0.08      21.05 f
  u_cp/u_bfeed/U88737/X (sky130_fd_sc_hd__a21o_4)         0.23      21.28 f
  u_cp/u_bfeed/U88736/Y (sky130_fd_sc_hd__nand2b_2)       0.07      21.35 r
  u_cp/u_bfeed/U20427/Y (sky130_fd_sc_hd__nand2_2)        0.04      21.39 f
  u_cp/u_bfeed/U20426/Y (sky130_fd_sc_hd__xnor2_1)        0.12      21.52 f
  u_cp/u_bfeed/U132988/Y (sky130_fd_sc_hd__a22oi_2)       0.14      21.66 r
  u_cp/u_bfeed/U129083/Y (sky130_fd_sc_hd__nand2_2)       0.09      21.75 f
  u_cp/u_bfeed/U95024/Y (sky130_fd_sc_hd__nor2_4)         0.11      21.86 r
  u_cp/u_bfeed/U95023/Y (sky130_fd_sc_hd__nand2_2)        0.08      21.94 f
  u_cp/u_bfeed/U97105/Y (sky130_fd_sc_hd__inv_4)          0.09      22.02 r
  u_cp/u_bfeed/U23404/Y (sky130_fd_sc_hd__nand2_4)        0.06      22.08 f
  u_cp/u_bfeed/U121867/Y (sky130_fd_sc_hd__inv_4)         0.07      22.15 r
  u_cp/u_bfeed/U88157/Y (sky130_fd_sc_hd__nand2_2)        0.06      22.21 f
  u_cp/u_bfeed/U19690/Y (sky130_fd_sc_hd__nand3_4)        0.08      22.29 r
  u_cp/u_bfeed/U127657/Y (sky130_fd_sc_hd__nand2_4)       0.06      22.35 f
  u_cp/u_bfeed/U11597/Y (sky130_fd_sc_hd__o21ai_2)        0.15      22.50 r
  u_cp/u_bfeed/U93634/Y (sky130_fd_sc_hd__a21oi_4)        0.07      22.57 f
  u_cp/u_bfeed/U107600/Y (sky130_fd_sc_hd__o21ai_1)       0.16      22.72 r
  u_cp/u_bfeed/U155460/Y (sky130_fd_sc_hd__xnor2_1)       0.13      22.85 r
  u_cp/u_bfeed/U127490/Y (sky130_fd_sc_hd__nand2_1)       0.07      22.93 f
  u_cp/u_bfeed/U127878/Y (sky130_fd_sc_hd__nand2_1)       0.06      22.99 r
  u_cp/u_bfeed/U95061/X (sky130_fd_sc_hd__and2_4)         0.14      23.13 r
  u_cp/u_bfeed/U25778/Y (sky130_fd_sc_hd__nand3_4)        0.13      23.26 f
  u_cp/u_bfeed/U13728/Y (sky130_fd_sc_hd__inv_8)          0.12      23.38 r
  u_cp/u_bfeed/U21656/Y (sky130_fd_sc_hd__nand2_2)        0.05      23.43 f
  u_cp/u_bfeed/U118850/Y (sky130_fd_sc_hd__inv_2)         0.06      23.49 r
  u_cp/u_bfeed/U94268/Y (sky130_fd_sc_hd__nand2_1)        0.06      23.55 f
  u_cp/u_bfeed/U93300/Y (sky130_fd_sc_hd__a2bb2oi_2)      0.14      23.69 f
  u_cp/u_bfeed/U20202/Y (sky130_fd_sc_hd__o21ai_2)        0.14      23.83 r
  u_cp/u_bfeed/U15542/Y (sky130_fd_sc_hd__inv_1)          0.05      23.87 f
  u_cp/u_bfeed/U18942/Y (sky130_fd_sc_hd__nand2_1)        0.06      23.94 r
  u_cp/u_bfeed/U20110/Y (sky130_fd_sc_hd__o21ai_2)        0.08      24.01 f
  u_cp/u_bfeed/U99125/Y (sky130_fd_sc_hd__a21oi_4)        0.14      24.15 r
  u_cp/u_bfeed/U91366/X (sky130_fd_sc_hd__buf_6)          0.12      24.27 r
  u_cp/u_bfeed/U99123/Y (sky130_fd_sc_hd__nor2_2)         0.03      24.31 f
  u_cp/u_bfeed/U93209/Y (sky130_fd_sc_hd__nor2_2)         0.12      24.42 r
  u_cp/u_bfeed/U155719/Y (sky130_fd_sc_hd__nand2_1)       0.08      24.50 f
  u_cp/u_bfeed/U20157/Y (sky130_fd_sc_hd__o21ai_1)        0.15      24.65 r
  u_cp/u_bfeed/U94215/Y (sky130_fd_sc_hd__a21oi_2)        0.05      24.70 f
  u_cp/u_bfeed/U94214/Y (sky130_fd_sc_hd__inv_2)          0.11      24.81 r
  u_cp/u_bfeed/U13725/Y (sky130_fd_sc_hd__inv_6)          0.05      24.86 f
  u_cp/u_bfeed/U9198/Y (sky130_fd_sc_hd__o21ai_1)         0.13      24.99 r
  u_cp/u_bfeed/U155819/Y (sky130_fd_sc_hd__xnor2_1)       0.09      25.08 f
  u_cp/u_bfeed/U14020/Y (sky130_fd_sc_hd__a21oi_2)        0.16      25.23 r
  u_cp/u_bfeed/U19706/X (sky130_fd_sc_hd__buf_2)          0.13      25.36 r
  u_cp/u_bfeed/U18429/X (sky130_fd_sc_hd__and2_1)         0.10      25.47 r
  u_cp/u_bfeed/U20111/X (sky130_fd_sc_hd__and2_4)         0.15      25.62 r
  u_cp/u_bfeed/U19739/Y (sky130_fd_sc_hd__nand2_4)        0.05      25.68 f
  u_cp/u_bfeed/U96735/Y (sky130_fd_sc_hd__nor2_4)         0.11      25.79 r
  u_cp/u_bfeed/U94167/Y (sky130_fd_sc_hd__nor2_4)         0.05      25.83 f
  u_cp/u_bfeed/U114150/Y (sky130_fd_sc_hd__a21oi_2)       0.09      25.93 r
  u_cp/u_bfeed/U121183/Y (sky130_fd_sc_hd__o21ai_1)       0.07      26.00 f
  u_cp/u_bfeed/U128887/Y (sky130_fd_sc_hd__a21oi_2)       0.15      26.15 r
  u_cp/u_bfeed/U129403/Y (sky130_fd_sc_hd__xnor2_1)       0.09      26.24 f
  u_cp/u_bfeed/U110807/Y (sky130_fd_sc_hd__o21ai_2)       0.16      26.40 r
  u_cp/u_bfeed/U98141/Y (sky130_fd_sc_hd__nand3_4)        0.12      26.52 f
  u_cp/u_bfeed/U21660/Y (sky130_fd_sc_hd__o21bai_4)       0.21      26.73 r
  u_cp/u_bfeed/U99311/Y (sky130_fd_sc_hd__inv_8)          0.10      26.83 f
  u_cp/u_bfeed/U121286/Y (sky130_fd_sc_hd__nand2_4)       0.07      26.91 r
  u_cp/u_bfeed/U19745/X (sky130_fd_sc_hd__o21a_4)         0.15      27.05 r
  u_cp/u_bfeed/U116403/Y (sky130_fd_sc_hd__inv_4)         0.05      27.11 f
  u_cp/u_bfeed/U156170/COUT (sky130_fd_sc_hd__fah_1)      0.35      27.45 f
  u_cp/u_bfeed/U130087/Y (sky130_fd_sc_hd__o21ai_2)       0.15      27.61 r
  u_cp/u_bfeed/U125261/Y (sky130_fd_sc_hd__nand2_2)       0.08      27.69 f
  u_cp/u_bfeed/U126252/Y (sky130_fd_sc_hd__o21ai_2)       0.06      27.75 r
  u_cp/u_bfeed/U130083/Y (sky130_fd_sc_hd__o21ai_2)       0.08      27.83 f
  u_cp/u_bfeed/U110483/Y (sky130_fd_sc_hd__xnor2_1)       0.13      27.96 f
  u_cp/u_bfeed/U126346/Y (sky130_fd_sc_hd__xnor2_1)       0.19      28.15 r
  u_cp/u_bfeed/U99316/Y (sky130_fd_sc_hd__nand2b_4)       0.17      28.32 r
  u_cp/u_bfeed/U25514/Y (sky130_fd_sc_hd__nand2_2)        0.06      28.38 f
  u_cp/u_bfeed/U131246/Y (sky130_fd_sc_hd__nor2_1)        0.12      28.50 r
  u_cp/u_bfeed/U130757/Y (sky130_fd_sc_hd__nand4_2)       0.13      28.63 f
  u_cp/u_bfeed/U100155/Y (sky130_fd_sc_hd__nand3_4)       0.12      28.75 r
  u_cp/u_bfeed/U100156/Y (sky130_fd_sc_hd__inv_8)         0.07      28.82 f
  u_cp/u_bfeed/U20762/Y (sky130_fd_sc_hd__inv_2)          0.07      28.89 r
  u_cp/u_bfeed/U83132/Y (sky130_fd_sc_hd__nand2_2)        0.04      28.93 f
  u_cp/u_bfeed/U25815/Y (sky130_fd_sc_hd__o21ai_2)        0.06      28.99 r
  u_cp/u_bfeed/U21515/Y (sky130_fd_sc_hd__nand4_2)        0.11      29.10 f
  u_cp/u_bfeed/U97031/Y (sky130_fd_sc_hd__inv_2)          0.10      29.20 r
  u_cp/u_bfeed/U28432/Y (sky130_fd_sc_hd__nand3_4)        0.10      29.30 f
  u_cp/u_bfeed/U97358/Y (sky130_fd_sc_hd__nand2_4)        0.14      29.44 r
  u_cp/u_bfeed/U22390/Y (sky130_fd_sc_hd__inv_6)          0.07      29.51 f
  u_cp/u_bfeed/U86336/Y (sky130_fd_sc_hd__nand2_4)        0.06      29.57 r
  u_cp/u_bfeed/U21881/Y (sky130_fd_sc_hd__o21ai_4)        0.07      29.64 f
  u_cp/u_bfeed/U86993/Y (sky130_fd_sc_hd__o21ai_4)        0.15      29.79 r
  u_cp/u_bfeed/U22301/Y (sky130_fd_sc_hd__o21ai_1)        0.10      29.88 f
  u_cp/u_bfeed/U93266/Y (sky130_fd_sc_hd__inv_2)          0.07      29.96 r
  u_cp/u_bfeed/U122817/Y (sky130_fd_sc_hd__o21ai_2)       0.06      30.02 f
  u_cp/u_bfeed/U115359/Y (sky130_fd_sc_hd__nand2b_4)      0.15      30.17 f
  u_cp/u_bfeed/U82212/Y (sky130_fd_sc_hd__a22oi_4)        0.13      30.30 r
  u_cp/u_bfeed/U26974/Y (sky130_fd_sc_hd__o21ai_2)        0.06      30.36 f
  u_cp/u_bfeed/U129816/Y (sky130_fd_sc_hd__nand2b_1)      0.06      30.42 r
  u_cp/u_bfeed/U126110/X (sky130_fd_sc_hd__and3_4)        0.18      30.59 r
  u_cp/u_bfeed/U23394/Y (sky130_fd_sc_hd__nand3_4)        0.16      30.76 f
  u_cp/u_bfeed/U23393/Y (sky130_fd_sc_hd__inv_2)          0.11      30.86 r
  u_cp/u_bfeed/U96871/Y (sky130_fd_sc_hd__nand2b_1)       0.05      30.91 f
  u_cp/u_bfeed/U96872/Y (sky130_fd_sc_hd__nand2_1)        0.06      30.98 r
  u_cp/u_bfeed/U22483/Y (sky130_fd_sc_hd__nand3_2)        0.10      31.07 f
  u_cp/u_bfeed/U101576/Y (sky130_fd_sc_hd__nand2_1)       0.10      31.17 r
  u_cp/u_bfeed/U83714/Y (sky130_fd_sc_hd__nand2_2)        0.10      31.27 f
  u_cp/u_bfeed/U81867/Y (sky130_fd_sc_hd__nand3_4)        0.14      31.41 r
  u_cp/u_bfeed/U21632/Y (sky130_fd_sc_hd__nand2_4)        0.08      31.49 f
  u_cp/u_bfeed/U21364/Y (sky130_fd_sc_hd__xnor2_4)        0.13      31.62 f
  u_cp/u_bfeed/U96062/Y (sky130_fd_sc_hd__nand2b_4)       0.10      31.73 r
  u_cp/u_bfeed/U92703/Y (sky130_fd_sc_hd__inv_2)          0.03      31.76 f
  u_cp/u_bfeed/U96061/Y (sky130_fd_sc_hd__nor2_1)         0.07      31.83 r
  u_cp/u_bfeed/U92202/X (sky130_fd_sc_hd__and2_4)         0.16      31.99 r
  u_cp/u_bfeed/U90539/Y (sky130_fd_sc_hd__nand3_2)        0.06      32.05 f
  u_cp/u_bfeed/U8433/Y (sky130_fd_sc_hd__o21ai_1)         0.14      32.19 r
  u_cp/u_bfeed/U19183/Y (sky130_fd_sc_hd__a21oi_2)        0.05      32.23 f
  u_cp/u_bfeed/U91193/Y (sky130_fd_sc_hd__nand4_2)        0.10      32.33 r
  u_cp/u_bfeed/U8363/Y (sky130_fd_sc_hd__nor2_1)          0.07      32.40 f
  u_cp/u_bfeed/U26947/Y (sky130_fd_sc_hd__o21ai_2)        0.15      32.56 r
  u_cp/u_bfeed/U25615/Y (sky130_fd_sc_hd__nand2_2)        0.06      32.62 f
  u_cp/u_bfeed/U90570/Y (sky130_fd_sc_hd__nor2_2)         0.15      32.77 r
  u_cp/u_bfeed/U125412/Y (sky130_fd_sc_hd__inv_2)         0.06      32.83 f
  u_cp/u_bfeed/U26502/Y (sky130_fd_sc_hd__nand2b_4)       0.07      32.90 r
  u_cp/u_bfeed/U99644/Y (sky130_fd_sc_hd__a21oi_2)        0.06      32.96 f
  u_cp/u_bfeed/U93208/Y (sky130_fd_sc_hd__o21ai_2)        0.12      33.08 r
  u_cp/u_bfeed/U156563/Y (sky130_fd_sc_hd__xnor2_1)       0.08      33.16 f
  u_cp/u_bfeed/U115610/Y (sky130_fd_sc_hd__o21ai_1)       0.11      33.27 r
  u_cp/u_bfeed/U19767/Y (sky130_fd_sc_hd__o21bai_2)       0.13      33.40 r
  u_cp/u_bfeed/U24173/Y (sky130_fd_sc_hd__nand3_2)        0.09      33.48 f
  u_cp/u_bfeed/U24172/Y (sky130_fd_sc_hd__inv_2)          0.06      33.54 r
  u_cp/u_bfeed/U13993/Y (sky130_fd_sc_hd__nand4_2)        0.07      33.61 f
  u_cp/u_bfeed/U21724/Y (sky130_fd_sc_hd__nor2_2)         0.12      33.74 r
  u_cp/u_bfeed/U119053/Y (sky130_fd_sc_hd__nand2_1)       0.05      33.79 f
  u_cp/u_bfeed/U122026/Y (sky130_fd_sc_hd__nand2_1)       0.06      33.85 r
  u_cp/u_bfeed/U93273/Y (sky130_fd_sc_hd__nand3_2)        0.07      33.92 f
  u_cp/u_bfeed/U95369/Y (sky130_fd_sc_hd__o21ai_4)        0.09      34.01 r
  u_cp/u_bfeed/U14673/Y (sky130_fd_sc_hd__nand2b_4)       0.19      34.19 r
  u_cp/u_bfeed/U20753/Y (sky130_fd_sc_hd__inv_2)          0.08      34.27 f
  u_cp/u_bfeed/U39742/Y (sky130_fd_sc_hd__nand2_1)        0.06      34.33 r
  u_cp/u_bfeed/U12945/Y (sky130_fd_sc_hd__nand4_1)        0.10      34.43 f
  u_cp/u_bfeed/U12944/Y (sky130_fd_sc_hd__nand2_1)        0.07      34.50 r
  u_cp/u_bfeed/U16492/Y (sky130_fd_sc_hd__nand2b_1)       0.05      34.54 f
  u_cp/u_bfeed/U70809/Y (sky130_fd_sc_hd__nor2_1)         0.12      34.66 r
  u_cp/u_bfeed/U90866/Y (sky130_fd_sc_hd__o21ai_2)        0.07      34.73 f
  u_cp/u_bfeed/U7988/Y (sky130_fd_sc_hd__nand2_2)         0.08      34.81 r
  u_cp/u_bfeed/U7968/Y (sky130_fd_sc_hd__inv_2)           0.07      34.88 f
  u_cp/u_bfeed/U126119/X (sky130_fd_sc_hd__buf_12)        0.15      35.03 f
  u_cp/u_bfeed/U13199/Y (sky130_fd_sc_hd__xnor2_4)        0.19      35.22 r
  u_cp/u_bfeed/U13813/Y (sky130_fd_sc_hd__xnor2_2)        0.14      35.36 r
  u_cp/u_bfeed/U121990/Y (sky130_fd_sc_hd__inv_2)         0.05      35.41 f
  u_cp/u_bfeed/U20118/Y (sky130_fd_sc_hd__xnor2_1)        0.17      35.58 r
  u_cp/u_bfeed/U87678/Y (sky130_fd_sc_hd__xnor2_1)        0.15      35.73 r
  u_cp/u_bfeed/U91373/Y (sky130_fd_sc_hd__inv_1)          0.05      35.78 f
  u_cp/u_bfeed/U45231/Y (sky130_fd_sc_hd__nand2_1)        0.06      35.85 r
  u_cp/u_bfeed/U45217/Y (sky130_fd_sc_hd__nand3_1)        0.06      35.91 f
  u_cp/u_bfeed/U14930/Y (sky130_fd_sc_hd__nand2b_1)       0.08      35.99 r
  u_cp/u_bfeed/U15860/Y (sky130_fd_sc_hd__nand2_1)        0.06      36.05 f
  u_cp/u_bfeed/U13718/Y (sky130_fd_sc_hd__nand3_2)        0.09      36.14 r
  u_cp/u_bfeed/U13845/Y (sky130_fd_sc_hd__nand2_4)        0.07      36.22 f
  u_cp/u_bfeed/U88424/Y (sky130_fd_sc_hd__nand2_4)        0.07      36.29 r
  u_cp/u_bfeed/U84102/X (sky130_fd_sc_hd__buf_6)          0.09      36.38 r
  u_cp/u_bfeed/U84699/Y (sky130_fd_sc_hd__inv_2)          0.02      36.40 f
  u_cp/u_bfeed/U18973/Y (sky130_fd_sc_hd__nand2_2)        0.04      36.45 r
  u_cp/u_bfeed/U18972/Y (sky130_fd_sc_hd__nand4_1)        0.06      36.51 f
  u_cp/u_bfeed/U33352/Y (sky130_fd_sc_hd__nand3_1)        0.08      36.59 r
  u_cp/u_bfeed/U36107/X (sky130_fd_sc_hd__xor2_1)         0.17      36.76 r
  u_cp/u_bfeed/U85411/Y (sky130_fd_sc_hd__nand2b_4)       0.16      36.92 r
  u_cp/u_bfeed/U21825/Y (sky130_fd_sc_hd__nand2_4)        0.06      36.98 f
  u_cp/u_bfeed/U82056/Y (sky130_fd_sc_hd__nand2_8)        0.15      37.13 r
  u_cp/u_bfeed/U31447/Y (sky130_fd_sc_hd__inv_12)         0.08      37.21 f
  u_cp/u_bfeed/U15051/Y (sky130_fd_sc_hd__xnor2_2)        0.14      37.35 f
  u_cp/u_bfeed/U85077/Y (sky130_fd_sc_hd__o22ai_2)        0.18      37.53 r
  u_cp/u_bfeed/U12579/X (sky130_fd_sc_hd__and2_1)         0.15      37.68 r
  u_cp/u_bfeed/U12578/Y (sky130_fd_sc_hd__nand2b_4)       0.11      37.79 r
  u_cp/u_bfeed/U163234/SUM (sky130_fd_sc_hd__fah_1)       0.42      38.21 r
  u_cp/u_bfeed/U88114/Y (sky130_fd_sc_hd__inv_2)          0.05      38.26 f
  u_cp/u_bfeed/U93487/Y (sky130_fd_sc_hd__o21ai_2)        0.15      38.41 r
  u_cp/u_bfeed/U93486/Y (sky130_fd_sc_hd__xnor2_1)        0.14      38.55 r
  u_cp/u_bfeed/U97493/Y (sky130_fd_sc_hd__xnor2_1)        0.15      38.70 r
  u_cp/u_bfeed/U86280/Y (sky130_fd_sc_hd__nand2b_4)       0.17      38.87 r
  u_cp/u_bfeed/U15784/Y (sky130_fd_sc_hd__nand2_4)        0.05      38.92 f
  u_cp/u_bfeed/U15783/Y (sky130_fd_sc_hd__nor2_4)         0.09      39.01 r
  u_cp/u_bfeed/U83781/Y (sky130_fd_sc_hd__nand2_2)        0.07      39.08 f
  u_cp/u_bfeed/U22391/Y (sky130_fd_sc_hd__nor2_2)         0.13      39.21 r
  u_cp/u_bfeed/U23251/Y (sky130_fd_sc_hd__nand3_2)        0.08      39.29 f
  u_cp/u_bfeed/U22907/Y (sky130_fd_sc_hd__nand3_2)        0.07      39.36 r
  u_cp/u_bfeed/U22906/Y (sky130_fd_sc_hd__xnor2_1)        0.12      39.48 r
  u_cp/u_bfeed/U163636/Y (sky130_fd_sc_hd__inv_2)         0.07      39.55 f
  u_cp/u_bfeed/U122114/Y (sky130_fd_sc_hd__inv_4)         0.09      39.64 r
  u_cp/u_bfeed/U24811/Y (sky130_fd_sc_hd__inv_4)          0.06      39.69 f
  u_cp/u_bfeed/U94299/Y (sky130_fd_sc_hd__o21ai_2)        0.11      39.81 r
  u_cp/u_bfeed/U131716/Y (sky130_fd_sc_hd__a21oi_2)       0.05      39.86 f
  u_cp/u_bfeed/U128357/Y (sky130_fd_sc_hd__nand2b_4)      0.08      39.94 r
  u_cp/u_bfeed/U83904/Y (sky130_fd_sc_hd__nand2_4)        0.08      40.02 f
  u_cp/u_bfeed/U16831/Y (sky130_fd_sc_hd__nand2_2)        0.07      40.09 r
  u_cp/u_bfeed/U18638/Y (sky130_fd_sc_hd__nand3_2)        0.06      40.15 f
  u_cp/u_bfeed/U98155/Y (sky130_fd_sc_hd__inv_2)          0.06      40.22 r
  u_cp/u_bfeed/U85878/Y (sky130_fd_sc_hd__nand3_2)        0.07      40.29 f
  u_cp/u_bfeed/U84985/Y (sky130_fd_sc_hd__nand3_4)        0.13      40.42 r
  u_cp/u_bfeed/U13307/Y (sky130_fd_sc_hd__inv_8)          0.07      40.50 f
  u_cp/u_bfeed/U17591/Y (sky130_fd_sc_hd__inv_12)         0.12      40.62 r
  u_cp/u_bfeed/U24709/Y (sky130_fd_sc_hd__nand4_1)        0.15      40.77 f
  u_cp/u_bfeed/U99108/Y (sky130_fd_sc_hd__nand2_4)        0.18      40.96 r
  u_cp/u_bfeed/U18862/Y (sky130_fd_sc_hd__nand2_8)        0.10      41.06 f
  u_cp/u_bfeed/U99128/Y (sky130_fd_sc_hd__nor2_8)         0.23      41.29 r
  u_cp/u_bfeed/U21596/Y (sky130_fd_sc_hd__nand2_2)        0.10      41.39 f
  u_cp/u_bfeed/U13064/Y (sky130_fd_sc_hd__nand4_4)        0.18      41.56 r
  u_cp/u_bfeed/U13063/Y (sky130_fd_sc_hd__inv_4)          0.06      41.63 f
  u_cp/u_bfeed/U18644/Y (sky130_fd_sc_hd__nor2_8)         0.10      41.73 r
  u_cp/u_bfeed/U118415/Y (sky130_fd_sc_hd__o21ai_2)       0.07      41.79 f
  u_cp/u_bfeed/U88772/Y (sky130_fd_sc_hd__a21oi_2)        0.12      41.91 r
  u_cp/u_bfeed/U91459/Y (sky130_fd_sc_hd__o21ai_2)        0.08      41.99 f
  u_cp/u_bfeed/U128629/Y (sky130_fd_sc_hd__inv_2)         0.13      42.12 r
  u_cp/u_bfeed/U164141/Y (sky130_fd_sc_hd__o21ai_2)       0.07      42.18 f
  u_cp/u_bfeed/U164142/Y (sky130_fd_sc_hd__xnor2_1)       0.13      42.31 f
  u_cp/u_bfeed/U124033/Y (sky130_fd_sc_hd__nand2_2)       0.07      42.38 r
  u_cp/u_bfeed/U18499/Y (sky130_fd_sc_hd__nand3_4)        0.07      42.46 f
  u_cp/u_bfeed/U18498/Y (sky130_fd_sc_hd__nor2_4)         0.14      42.60 r
  u_cp/u_bfeed/U92211/Y (sky130_fd_sc_hd__nand3_4)        0.10      42.70 f
  u_cp/u_bfeed/U118145/Y (sky130_fd_sc_hd__nor2_4)        0.13      42.83 r
  u_cp/u_bfeed/U118144/Y (sky130_fd_sc_hd__nand2_1)       0.06      42.89 f
  u_cp/u_bfeed/U127410/Y (sky130_fd_sc_hd__nand2_1)       0.05      42.94 r
  u_cp/u_bfeed/U127328/Y (sky130_fd_sc_hd__nand2b_1)      0.06      43.00 f
  u_cp/u_bfeed/U127808/Y (sky130_fd_sc_hd__nand2_2)       0.08      43.08 r
  u_cp/u_bfeed/U164280/Y (sky130_fd_sc_hd__nand2_2)       0.05      43.13 f
  u_cp/u_bfeed/U115596/X (sky130_fd_sc_hd__o21a_1)        0.20      43.32 f
  u_cp/u_bfeed/U127165/Y (sky130_fd_sc_hd__o21ai_2)       0.07      43.40 r
  u_cp/u_bfeed/U121854/Y (sky130_fd_sc_hd__a21oi_4)       0.06      43.46 f
  u_cp/u_bfeed/U125072/Y (sky130_fd_sc_hd__o21ai_2)       0.12      43.58 r
  u_cp/u_bfeed/U164287/Y (sky130_fd_sc_hd__xnor2_1)       0.12      43.70 r
  u_cp/u_bfeed/U96994/X (sky130_fd_sc_hd__a21o_1)         0.14      43.84 r
  u_cp/u_bfeed/U94290/Y (sky130_fd_sc_hd__nand4_2)        0.12      43.96 f
  u_cp/u_bfeed/U14162/X (sky130_fd_sc_hd__and2_4)         0.20      44.16 f
  u_cp/u_bfeed/U97727/Y (sky130_fd_sc_hd__inv_8)          0.10      44.26 r
  u_cp/u_bfeed/U18626/Y (sky130_fd_sc_hd__nor2_4)         0.04      44.30 f
  u_cp/u_bfeed/U89707/Y (sky130_fd_sc_hd__nor3_4)         0.27      44.57 r
  u_cp/u_bfeed/U89706/Y (sky130_fd_sc_hd__nor2_8)         0.12      44.69 f
  u_cp/u_bfeed/U89705/Y (sky130_fd_sc_hd__xnor2_4)        0.16      44.85 f
  u_cp/u_bfeed/U89704/Y (sky130_fd_sc_hd__o22ai_4)        0.11      44.97 r
  u_cp/u_bfeed/U164734/SUM (sky130_fd_sc_hd__fah_1)       0.28      45.25 r
  u_cp/u_bfeed/U164753/SUM (sky130_fd_sc_hd__fah_1)       0.27      45.52 f
  u_cp/u_bfeed/U164756/SUM (sky130_fd_sc_hd__fah_1)       0.32      45.84 f
  u_cp/u_bfeed/U124687/Y (sky130_fd_sc_hd__xnor2_1)       0.14      45.97 f
  u_cp/u_bfeed/U99093/Y (sky130_fd_sc_hd__xnor2_1)        0.20      46.17 r
  u_cp/u_bfeed/U15041/Y (sky130_fd_sc_hd__nor2_2)         0.05      46.22 f
  u_cp/u_bfeed/U118413/Y (sky130_fd_sc_hd__o21ai_1)       0.12      46.34 r
  u_cp/u_bfeed/U118412/Y (sky130_fd_sc_hd__a21oi_1)       0.06      46.40 f
  u_cp/u_bfeed/U128672/Y (sky130_fd_sc_hd__nand2b_1)      0.14      46.54 f
  u_cp/u_bfeed/U12334/Y (sky130_fd_sc_hd__nand3_2)        0.06      46.60 r
  u_cp/u_bfeed/U16486/Y (sky130_fd_sc_hd__nor2_2)         0.04      46.64 f
  u_cp/u_bfeed/U16485/Y (sky130_fd_sc_hd__o21ai_1)        0.12      46.76 r
  u_cp/u_bfeed/U15712/Y (sky130_fd_sc_hd__nand3_1)        0.09      46.86 f
  u_cp/u_bfeed/U88637/Y (sky130_fd_sc_hd__nand3_2)        0.10      46.95 r
  u_cp/u_bfeed/U88636/Y (sky130_fd_sc_hd__xnor2_2)        0.11      47.06 r
  u_cp/u_bfeed/U101749/Y (sky130_fd_sc_hd__inv_2)         0.08      47.15 f
  u_cp/u_bfeed/U101748/Y (sky130_fd_sc_hd__inv_8)         0.12      47.27 r
  u_cp/u_bfeed/U13266/Y (sky130_fd_sc_hd__inv_6)          0.06      47.33 f
  u_cp/u_bfeed/U13717/Y (sky130_fd_sc_hd__inv_8)          0.08      47.40 r
  u_cp/u_bfeed/U97273/Y (sky130_fd_sc_hd__o21ai_4)        0.06      47.46 f
  u_cp/u_bfeed/U22962/Y (sky130_fd_sc_hd__nand2_4)        0.08      47.54 r
  u_cp/u_bfeed/U97725/Y (sky130_fd_sc_hd__nand2_4)        0.07      47.61 f
  u_cp/u_bfeed/U4359/Y (sky130_fd_sc_hd__nor2_2)          0.15      47.76 r
  u_cp/u_bfeed/U96339/Y (sky130_fd_sc_hd__o21ai_4)        0.08      47.85 f
  u_cp/u_bfeed/U18659/Y (sky130_fd_sc_hd__a21oi_4)        0.17      48.02 r
  u_cp/u_bfeed/U18658/Y (sky130_fd_sc_hd__o21ai_1)        0.09      48.11 f
  u_cp/u_bfeed/U96338/Y (sky130_fd_sc_hd__xnor2_1)        0.12      48.23 f
  u_cp/u_bfeed/U115732/Y (sky130_fd_sc_hd__nand2_1)       0.07      48.30 r
  u_cp/u_bfeed/U18648/Y (sky130_fd_sc_hd__nand2_2)        0.07      48.37 f
  u_cp/u_bfeed/U18647/Y (sky130_fd_sc_hd__inv_2)          0.05      48.42 r
  u_cp/u_bfeed/U12202/Y (sky130_fd_sc_hd__nand3_2)        0.07      48.49 f
  u_cp/u_bfeed/U97241/Y (sky130_fd_sc_hd__inv_4)          0.10      48.59 r
  u_cp/u_bfeed/U97191/Y (sky130_fd_sc_hd__nand4_4)        0.13      48.72 f
  u_cp/u_bfeed/U165117/Y (sky130_fd_sc_hd__nand2b_1)      0.16      48.88 f
  u_cp/u_bfeed/U91926/Y (sky130_fd_sc_hd__a21boi_1)       0.13      49.01 f
  u_cp/u_bfeed/U93491/Y (sky130_fd_sc_hd__nand3_2)        0.10      49.11 r
  u_cp/u_bfeed/U90492/X (sky130_fd_sc_hd__buf_6)          0.12      49.23 r
  u_cp/u_bfeed/U103034/Y (sky130_fd_sc_hd__inv_2)         0.04      49.27 f
  u_cp/u_bfeed/U23583/Y (sky130_fd_sc_hd__nand2_4)        0.04      49.32 r
  u_cp/u_bfeed/U118521/Y (sky130_fd_sc_hd__o21ai_2)       0.05      49.37 f
  u_cp/u_bfeed/U25737/Y (sky130_fd_sc_hd__nand2_2)        0.06      49.43 r
  u_cp/u_bfeed/U12325/Y (sky130_fd_sc_hd__nand4_4)        0.13      49.56 f
  u_cp/u_bfeed/U20829/Y (sky130_fd_sc_hd__a21oi_4)        0.25      49.80 r
  u_cp/u_bfeed/U3721/Y (sky130_fd_sc_hd__o21ai_1)         0.10      49.90 f
  u_cp/u_bfeed/U165355/Y (sky130_fd_sc_hd__xnor2_1)       0.13      50.04 f
  u_cp/u_bfeed/U96997/Y (sky130_fd_sc_hd__nand2b_2)       0.08      50.12 r
  u_cp/u_bfeed/U26802/Y (sky130_fd_sc_hd__nand3_4)        0.09      50.22 f
  u_cp/u_bfeed/U50386/Y (sky130_fd_sc_hd__inv_2)          0.07      50.29 r
  u_cp/u_bfeed/U22943/Y (sky130_fd_sc_hd__nand2_2)        0.05      50.34 f
  u_cp/u_bfeed/U50350/Y (sky130_fd_sc_hd__inv_2)          0.07      50.41 r
  u_cp/u_bfeed/U26801/Y (sky130_fd_sc_hd__nand2_2)        0.05      50.46 f
  u_cp/u_bfeed/U124665/Y (sky130_fd_sc_hd__nor2_2)        0.10      50.56 r
  u_cp/u_bfeed/U13240/Y (sky130_fd_sc_hd__nand3_2)        0.09      50.66 f
  u_cp/u_bfeed/U13252/Y (sky130_fd_sc_hd__nand2_4)        0.11      50.76 r
  u_cp/u_bfeed/U15687/Y (sky130_fd_sc_hd__nor2_4)         0.05      50.81 f
  u_cp/u_bfeed/U25152/X (sky130_fd_sc_hd__clkbuf_1)       0.10      50.92 f
  u_cp/u_bfeed/U118044/Y (sky130_fd_sc_hd__o21ai_2)       0.13      51.05 r
  u_cp/u_bfeed/U93592/Y (sky130_fd_sc_hd__xnor2_1)        0.12      51.17 r
  u_cp/u_bfeed/U23149/X (sky130_fd_sc_hd__a21o_2)         0.15      51.32 r
  u_cp/u_bfeed/U26132/Y (sky130_fd_sc_hd__nand3_2)        0.09      51.41 f
  u_cp/u_bfeed/U93086/Y (sky130_fd_sc_hd__nor2_4)         0.10      51.51 r
  u_cp/u_bfeed/U13428/Y (sky130_fd_sc_hd__nand4_4)        0.10      51.61 f
  u_cp/u_bfeed/U84638/X (sky130_fd_sc_hd__and2_4)         0.23      51.85 f
  u_cp/u_bfeed/U3424/Y (sky130_fd_sc_hd__nand2_2)         0.09      51.94 r
  u_cp/u_bfeed/U84011/Y (sky130_fd_sc_hd__nand4_4)        0.09      52.03 f
  u_cp/u_bfeed/U131381/X (sky130_fd_sc_hd__buf_6)         0.17      52.20 f
  u_cp/u_bfeed/U12666/Y (sky130_fd_sc_hd__xnor2_4)        0.17      52.36 r
  u_cp/u_bfeed/U118529/Y (sky130_fd_sc_hd__o22ai_2)       0.10      52.47 f
  u_cp/u_bfeed/U123668/Y (sky130_fd_sc_hd__xnor2_1)       0.17      52.63 f
  u_cp/u_bfeed/U123667/Y (sky130_fd_sc_hd__xnor2_1)       0.20      52.83 r
  u_cp/u_bfeed/U166235/SUM (sky130_fd_sc_hd__fah_1)       0.33      53.16 r
  u_cp/u_bfeed/U125755/Y (sky130_fd_sc_hd__xnor2_1)       0.13      53.29 r
  u_cp/u_bfeed/U125754/Y (sky130_fd_sc_hd__xnor2_1)       0.15      53.44 r
  u_cp/u_bfeed/U166247/COUT (sky130_fd_sc_hd__fah_1)      0.39      53.84 r
  u_cp/u_bfeed/U12214/Y (sky130_fd_sc_hd__nor2_2)         0.06      53.90 f
  u_cp/u_bfeed/U22456/Y (sky130_fd_sc_hd__nor2_2)         0.13      54.03 r
  u_cp/u_bfeed/U32494/Y (sky130_fd_sc_hd__nand2_1)        0.08      54.11 f
  u_cp/u_bfeed/U22464/Y (sky130_fd_sc_hd__nor2_2)         0.11      54.21 r
  u_cp/u_bfeed/U12330/Y (sky130_fd_sc_hd__nand3_2)        0.10      54.32 f
  u_cp/u_bfeed/U22472/Y (sky130_fd_sc_hd__nand3_2)        0.10      54.42 r
  u_cp/u_bfeed/U12261/Y (sky130_fd_sc_hd__nand3_4)        0.10      54.51 f
  u_cp/u_bfeed/U12260/Y (sky130_fd_sc_hd__inv_6)          0.13      54.64 r
  u_cp/u_bfeed/U93092/Y (sky130_fd_sc_hd__inv_8)          0.07      54.72 f
  u_cp/u_bfeed/U12455/Y (sky130_fd_sc_hd__nor2_2)         0.07      54.79 r
  u_cp/u_bfeed/U30714/Y (sky130_fd_sc_hd__a21oi_1)        0.05      54.84 f
  u_cp/u_bfeed/U91362/X (sky130_fd_sc_hd__and2_4)         0.17      55.00 f
  u_cp/u_bfeed/U121998/Y (sky130_fd_sc_hd__a21oi_2)       0.12      55.12 r
  u_cp/u_bfeed/U25144/Y (sky130_fd_sc_hd__nand4_2)        0.09      55.21 f
  u_cp/u_bfeed/U26995/Y (sky130_fd_sc_hd__o21ai_2)        0.07      55.29 r
  u_cp/u_bfeed/U87600/Y (sky130_fd_sc_hd__inv_2)          0.06      55.35 f
  u_cp/u_bfeed/U93588/Y (sky130_fd_sc_hd__nand2_4)        0.11      55.46 r
  u_cp/u_bfeed/U93489/Y (sky130_fd_sc_hd__inv_2)          0.06      55.52 f
  u_cp/u_bfeed/U96704/Y (sky130_fd_sc_hd__nand2_4)        0.07      55.59 r
  u_cp/u_bfeed/U85461/Y (sky130_fd_sc_hd__nand2_8)        0.08      55.67 f
  u_cp/u_bfeed/U31556/Y (sky130_fd_sc_hd__inv_8)          0.08      55.75 r
  u_cp/u_bfeed/U85460/Y (sky130_fd_sc_hd__nand3_4)        0.09      55.84 f
  u_cp/u_bfeed/U97111/Y (sky130_fd_sc_hd__inv_8)          0.13      55.97 r
  u_cp/u_bfeed/U116275/Y (sky130_fd_sc_hd__nand3_2)       0.08      56.05 f
  u_cp/u_bfeed/U92285/Y (sky130_fd_sc_hd__nor2_2)         0.11      56.16 r
  u_cp/u_bfeed/U118702/X (sky130_fd_sc_hd__buf_6)         0.17      56.33 r
  u_cp/u_bfeed/U2320/Y (sky130_fd_sc_hd__nand2_1)         0.09      56.42 f
  u_cp/u_bfeed/U91686/Y (sky130_fd_sc_hd__nand4_4)        0.12      56.54 r
  u_cp/u_bfeed/U22425/X (sky130_fd_sc_hd__buf_6)          0.10      56.64 r
  u_cp/u_bfeed/U87394/Y (sky130_fd_sc_hd__nor2_2)         0.04      56.68 f
  u_cp/u_bfeed/U103171/Y (sky130_fd_sc_hd__nor2_1)        0.13      56.81 r
  u_cp/u_bfeed/U60776/Y (sky130_fd_sc_hd__nand2_1)        0.11      56.92 f
  u_cp/u_bfeed/U60774/Y (sky130_fd_sc_hd__o21ai_2)        0.15      57.07 r
  u_cp/u_bfeed/U123953/Y (sky130_fd_sc_hd__a21oi_2)       0.05      57.12 f
  u_cp/u_bfeed/U119627/X (sky130_fd_sc_hd__buf_6)         0.14      57.26 f
  u_cp/u_bfeed/U166800/Y (sky130_fd_sc_hd__o21ai_2)       0.11      57.38 r
  u_cp/u_bfeed/U166801/Y (sky130_fd_sc_hd__xnor2_1)       0.07      57.44 f
  u_cp/u_bfeed/U12253/Y (sky130_fd_sc_hd__nand2b_1)       0.10      57.55 r
  u_cp/u_bfeed/U85185/Y (sky130_fd_sc_hd__nand3_4)        0.10      57.65 f
  u_cp/u_bfeed/U85184/Y (sky130_fd_sc_hd__nor2_2)         0.10      57.75 r
  u_cp/u_bfeed/U23253/X (sky130_fd_sc_hd__buf_4)          0.13      57.88 r
  u_cp/u_bfeed/U23836/Y (sky130_fd_sc_hd__nand4_2)        0.09      57.97 f
  u_cp/u_bfeed/U23835/Y (sky130_fd_sc_hd__a21oi_2)        0.12      58.09 r
  u_cp/u_bfeed/U82920/Y (sky130_fd_sc_hd__nand2b_2)       0.13      58.22 r
  u_cp/u_bfeed/U108056/Y (sky130_fd_sc_hd__o22ai_2)       0.07      58.29 f
  u_cp/u_bfeed/U85073/Y (sky130_fd_sc_hd__o21ai_4)        0.19      58.49 r
  u_cp/u_bfeed/U84575/Y (sky130_fd_sc_hd__nand3_1)        0.09      58.57 f
  u_cp/u_bfeed/U116323/Y (sky130_fd_sc_hd__nand2_1)       0.08      58.66 r
  u_cp/u_bfeed/U126413/Y (sky130_fd_sc_hd__xnor2_1)       0.11      58.76 r
  u_cp/u_bfeed/U105418/Y (sky130_fd_sc_hd__nand2_1)       0.07      58.83 f
  u_cp/u_bfeed/U21521/Y (sky130_fd_sc_hd__nand3_2)        0.07      58.90 r
  u_cp/u_bfeed/U22438/Y (sky130_fd_sc_hd__nand4_2)        0.09      58.99 f
  u_cp/u_bfeed/U32315/Y (sky130_fd_sc_hd__inv_2)          0.11      59.11 r
  u_cp/u_bfeed/U23415/Y (sky130_fd_sc_hd__nand3_4)        0.13      59.23 f
  u_cp/u_bfeed/U26270/Y (sky130_fd_sc_hd__a22oi_2)        0.21      59.44 r
  u_cp/u_bfeed/U12264/Y (sky130_fd_sc_hd__nand2b_4)       0.08      59.53 f
  u_cp/u_bfeed/U1587/Y (sky130_fd_sc_hd__nand2_1)         0.10      59.63 r
  u_cp/u_bfeed/U92670/Y (sky130_fd_sc_hd__nand3_1)        0.08      59.70 f
  u_cp/u_bfeed/U130758/Y (sky130_fd_sc_hd__clkinv_1)      0.05      59.75 r
  u_cp/u_bfeed/U105412/Y (sky130_fd_sc_hd__nand4_1)       0.06      59.80 f
  u_cp/u_bfeed/U94212/Y (sky130_fd_sc_hd__nand2_1)        0.07      59.87 r
  u_cp/u_bfeed/U25531/Y (sky130_fd_sc_hd__nand3_2)        0.06      59.94 f
  u_cp/u_bfeed/U117531/X (sky130_fd_sc_hd__clkbuf_2)      0.12      60.06 f
  u_cp/u_bfeed/U121325/X (sky130_fd_sc_hd__buf_6)         0.13      60.18 f
  u_cp/u_bfeed/U167120/Y (sky130_fd_sc_hd__nand2_4)       0.05      60.23 r
  u_cp/u_bfeed/U30406/Y (sky130_fd_sc_hd__clkinv_1)       0.04      60.27 f
  u_cp/u_bfeed/U167121/Y (sky130_fd_sc_hd__nand2b_1)      0.14      60.41 f
  u_cp/u_bfeed/U116272/X (sky130_fd_sc_hd__a21o_1)        0.16      60.57 f
  u_cp/u_bfeed/U25749/Y (sky130_fd_sc_hd__nand2_1)        0.07      60.64 r
  u_cp/u_bfeed/U121319/Y (sky130_fd_sc_hd__nand3b_1)      0.07      60.71 f
  u_cp/u_bfeed/U118768/Y (sky130_fd_sc_hd__nand2_1)       0.07      60.78 r
  u_cp/u_bfeed/U118767/Y (sky130_fd_sc_hd__o21ai_2)       0.07      60.85 f
  u_cp/u_bfeed/U121789/Y (sky130_fd_sc_hd__o211ai_2)      0.15      61.00 r
  u_cp/u_bfeed/U84003/Y (sky130_fd_sc_hd__nand2_1)        0.06      61.05 f
  u_cp/u_bfeed/U14123/Y (sky130_fd_sc_hd__nand3_1)        0.06      61.11 r
  u_cp/u_bfeed/U59972/Y (sky130_fd_sc_hd__nand2_1)        0.06      61.17 f
  u_cp/u_bfeed/U92215/Y (sky130_fd_sc_hd__nand3_2)        0.06      61.23 r
  u_cp/u_bfeed/U12332/Y (sky130_fd_sc_hd__nand3_2)        0.06      61.30 f
  u_cp/u_bfeed/U15682/Y (sky130_fd_sc_hd__nand3_2)        0.06      61.36 r
  u_cp/u_bfeed/U26920/Y (sky130_fd_sc_hd__nand2_2)        0.07      61.43 f
  u_cp/u_bfeed/U27003/X (sky130_fd_sc_hd__clkbuf_1)       0.11      61.54 f
  u_cp/u_bfeed/U87663/Y (sky130_fd_sc_hd__nand2_1)        0.06      61.60 r
  u_cp/u_bfeed/U86171/X (sky130_fd_sc_hd__o21a_2)         0.14      61.74 r
  u_cp/u_bfeed/U92217/Y (sky130_fd_sc_hd__inv_2)          0.04      61.78 f
  u_cp/u_bfeed/U28485/Y (sky130_fd_sc_hd__nand4_4)        0.09      61.87 r
  u_cp/u_bfeed/U25141/Y (sky130_fd_sc_hd__nand2_4)        0.07      61.94 f
  u_cp/u_bfeed/U23574/Y (sky130_fd_sc_hd__inv_8)          0.08      62.02 r
  u_cp/u_bfeed/U25283/Y (sky130_fd_sc_hd__nand4_4)        0.11      62.13 f
  u_cp/u_bfeed/U16396/X (sky130_fd_sc_hd__buf_6)          0.16      62.29 f
  u_cp/u_bfeed/U18943/Y (sky130_fd_sc_hd__o22ai_4)        0.12      62.41 r
  u_cp/u_bfeed/U13741/Y (sky130_fd_sc_hd__nand2_4)        0.09      62.50 f
  u_cp/u_bfeed/U15253/Y (sky130_fd_sc_hd__nor2_4)         0.13      62.63 r
  u_cp/u_bfeed/U14898/Y (sky130_fd_sc_hd__nand2_4)        0.08      62.71 f
  u_cp/u_bfeed/U15267/Y (sky130_fd_sc_hd__nand2_4)        0.06      62.77 r
  u_cp/u_bfeed/U12331/Y (sky130_fd_sc_hd__inv_2)          0.04      62.81 f
  u_cp/u_bfeed/U84303/Y (sky130_fd_sc_hd__nand2_4)        0.06      62.87 r
  u_cp/u_bfeed/U17172/Y (sky130_fd_sc_hd__nand4_2)        0.13      63.00 f
  u_cp/u_bfeed/U26931/Y (sky130_fd_sc_hd__nand2_2)        0.10      63.10 r
  u_cp/u_bfeed/U26289/X (sky130_fd_sc_hd__buf_6)          0.10      63.20 r
  u_cp/u_bfeed/U1094/X (sky130_fd_sc_hd__clkbuf_1)        0.09      63.29 r
  u_cp/u_bfeed/U96608/Y (sky130_fd_sc_hd__nand2_2)        0.07      63.36 f
  u_cp/u_bfeed/U27603/Y (sky130_fd_sc_hd__xnor2_1)        0.18      63.55 r
  u_cp/u_bfeed/U30570/Y (sky130_fd_sc_hd__nand2b_1)       0.09      63.64 f
  u_cp/u_bfeed/U27004/Y (sky130_fd_sc_hd__clkinv_1)       0.05      63.68 r
  u_cp/u_bfeed/U12329/Y (sky130_fd_sc_hd__nand2b_1)       0.08      63.76 f
  u_cp/u_bfeed/U15826/Y (sky130_fd_sc_hd__o21ai_4)        0.19      63.95 r
  u_cp/u_bfeed/U12278/Y (sky130_fd_sc_hd__nand3_4)        0.11      64.06 f
  u_cp/u_bfeed/U12277/Y (sky130_fd_sc_hd__inv_4)          0.09      64.15 r
  u_cp/u_bfeed/U16017/X (sky130_fd_sc_hd__buf_12)         0.14      64.29 r
  u_cp/u_bfeed/U93477/Y (sky130_fd_sc_hd__nand2_4)        0.07      64.36 f
  u_cp/u_bfeed/U17218/Y (sky130_fd_sc_hd__nand2_4)        0.08      64.45 r
  u_cp/u_bfeed/U750/Y (sky130_fd_sc_hd__nand2_1)          0.10      64.55 f
  u_cp/u_bfeed/U101908/Y (sky130_fd_sc_hd__o21ai_2)       0.24      64.78 r
  u_cp/u_bfeed/U111631/Y (sky130_fd_sc_hd__nand2b_1)      0.07      64.86 f
  u_cp/u_bfeed/U111630/Y (sky130_fd_sc_hd__nand2_1)       0.06      64.92 r
  u_cp/u_bfeed/U129950/Y (sky130_fd_sc_hd__a21oi_1)       0.04      64.96 f
  u_cp/u_bfeed/U127750/Y (sky130_fd_sc_hd__a22oi_2)       0.16      65.12 r
  u_cp/u_bfeed/U15801/X (sky130_fd_sc_hd__o21a_4)         0.16      65.28 r
  u_cp/u_bfeed/U14579/Y (sky130_fd_sc_hd__nand2_2)        0.07      65.34 f
  u_cp/u_bfeed/U96749/Y (sky130_fd_sc_hd__nor2_4)         0.13      65.47 r
  u_cp/u_bfeed/U528/X (sky130_fd_sc_hd__buf_2)            0.15      65.62 r
  u_cp/u_bfeed/U510/Y (sky130_fd_sc_hd__nand2_1)          0.07      65.69 f
  u_cp/u_bfeed/U11454/Y (sky130_fd_sc_hd__inv_2)          0.05      65.74 r
  u_cp/u_bfeed/U121400/Y (sky130_fd_sc_hd__nand2_2)       0.06      65.80 f
  u_cp/u_bfeed/U23166/Y (sky130_fd_sc_hd__nor2_4)         0.10      65.90 r
  u_cp/u_bfeed/U23167/Y (sky130_fd_sc_hd__o21ai_2)        0.06      65.96 f
  u_cp/u_bfeed/U108190/Y (sky130_fd_sc_hd__a21oi_1)       0.10      66.07 r
  u_cp/u_bfeed/U119688/Y (sky130_fd_sc_hd__o21ai_1)       0.07      66.13 f
  u_cp/u_bfeed/U98198/Y (sky130_fd_sc_hd__a21oi_1)        0.14      66.27 r
  u_cp/u_bfeed/U17411/Y (sky130_fd_sc_hd__xnor2_1)        0.14      66.41 r
  u_cp/u_bfeed/U167532/Y (sky130_fd_sc_hd__nand2b_1)      0.13      66.54 r
  u_cp/u_bfeed/U23425/Y (sky130_fd_sc_hd__nand4_2)        0.12      66.67 f
  u_cp/u_bfeed/U23423/Y (sky130_fd_sc_hd__inv_4)          0.13      66.80 r
  u_cp/u_bfeed/U11455/Y (sky130_fd_sc_hd__inv_8)          0.06      66.86 f
  u_cp/u_bfeed/U94179/Y (sky130_fd_sc_hd__a21oi_4)        0.13      66.99 r
  u_cp/u_bfeed/U14064/X (sky130_fd_sc_hd__and3_4)         0.21      67.20 r
  u_cp/u_bfeed/U93615/Y (sky130_fd_sc_hd__nand4_4)        0.11      67.32 f
  u_cp/u_bfeed/U16195/Y (sky130_fd_sc_hd__nor2b_4)        0.18      67.49 f
  u_cp/u_bfeed/U307/X (sky130_fd_sc_hd__buf_2)            0.14      67.63 f
  u_cp/u_bfeed/U131039/Y (sky130_fd_sc_hd__nand3_1)       0.07      67.70 r
  u_cp/u_bfeed/U59190/Y (sky130_fd_sc_hd__nand3_1)        0.08      67.79 f
  u_cp/u_bfeed/U209957/Y (sky130_fd_sc_hd__inv_2)         0.10      67.89 r
  u_cp/u_bfeed/U41473/X (sky130_fd_sc_hd__buf_6)          0.15      68.03 r
  u_cp/u_bfeed/U212131/Y (sky130_fd_sc_hd__mux2i_1)       0.07      68.11 f
  u_cp/u_bfeed/row_reg[40][19]/D (sky130_fd_sc_hd__dfxtp_1)     0.00    68.11 f
  data arrival time                                                 68.11

  clock clk (rise edge)                                   1.00       1.00
  clock network delay (ideal)                             0.00       1.00
  u_cp/u_bfeed/row_reg[40][19]/CLK (sky130_fd_sc_hd__dfxtp_1)     0.00     1.00 r
  library setup time                                     -0.16       0.84
  data required time                                                 0.84
  --------------------------------------------------------------------------
  data required time                                                 0.84
  data arrival time                                                -68.11
  --------------------------------------------------------------------------
  slack (VIOLATED)                                                 -67.27


  Startpoint: u_cp/pos_base_reg[2]
              (rising edge-triggered flip-flop clocked by clk)
  Endpoint: u_cp/u_bfeed/row_reg[32][18]
            (rising edge-triggered flip-flop clocked by clk)
  Path Group: clk
  Path Type: max

  Point                                                   Incr       Path
  --------------------------------------------------------------------------
  clock clk (rise edge)                                   0.00       0.00
  clock network delay (ideal)                             0.00       0.00
  u_cp/pos_base_reg[2]/CLK (sky130_fd_sc_hd__dfxtp_4)     0.00 #     0.00 r
  u_cp/pos_base_reg[2]/Q (sky130_fd_sc_hd__dfxtp_4)       0.38       0.38 r
  u_cp/u_bfeed/pos_base[2] (kv_bfeed_MAX_N128)            0.00       0.38 r
  u_cp/u_bfeed/U85392/Y (sky130_fd_sc_hd__nand2_4)        0.07       0.45 f
  u_cp/u_bfeed/U13875/Y (sky130_fd_sc_hd__nand2_2)        0.06       0.52 r
  u_cp/u_bfeed/U18882/Y (sky130_fd_sc_hd__nand3_2)        0.05       0.57 f
  u_cp/u_bfeed/U18881/Y (sky130_fd_sc_hd__nand2_2)        0.07       0.64 r
  u_cp/u_bfeed/U24821/Y (sky130_fd_sc_hd__nand2_4)        0.06       0.70 f
  u_cp/u_bfeed/U24820/Y (sky130_fd_sc_hd__nand2_8)        0.09       0.80 r
  u_cp/u_bfeed/U81859/Y (sky130_fd_sc_hd__nand2_4)        0.06       0.86 f
  u_cp/u_bfeed/U79424/Y (sky130_fd_sc_hd__o21bai_2)       0.11       0.97 r
  u_cp/u_bfeed/U26533/Y (sky130_fd_sc_hd__nand2_2)        0.07       1.03 f
  u_cp/u_bfeed/U26532/X (sky130_fd_sc_hd__and2_4)         0.14       1.17 f
  u_cp/u_bfeed/U83281/Y (sky130_fd_sc_hd__nand4b_1)       0.08       1.25 r
  u_cp/u_bfeed/U22910/Y (sky130_fd_sc_hd__nand4_1)        0.09       1.34 f
  u_cp/u_bfeed/U83932/Y (sky130_fd_sc_hd__inv_2)          0.09       1.43 r
  u_cp/u_bfeed/U122113/Y (sky130_fd_sc_hd__inv_4)         0.05       1.48 f
  u_cp/u_bfeed/U28450/Y (sky130_fd_sc_hd__inv_12)         0.10       1.59 r
  u_cp/u_bfeed/U21360/Y (sky130_fd_sc_hd__nand2_8)        0.08       1.66 f
  u_cp/u_bfeed/U98384/Y (sky130_fd_sc_hd__nor2_2)         0.13       1.79 r
  u_cp/u_bfeed/U124855/X (sky130_fd_sc_hd__buf_6)         0.18       1.97 r
  u_cp/u_bfeed/U152820/Y (sky130_fd_sc_hd__o22ai_1)       0.10       2.07 f
  u_cp/u_bfeed/U152822/COUT (sky130_fd_sc_hd__fah_1)      0.39       2.45 f
  u_cp/u_bfeed/U78681/Y (sky130_fd_sc_hd__xnor2_1)        0.19       2.64 r
  u_cp/u_bfeed/U78619/Y (sky130_fd_sc_hd__xnor2_1)        0.15       2.79 r
  u_cp/u_bfeed/U152842/COUT (sky130_fd_sc_hd__fah_1)      0.39       3.19 r
  u_cp/u_bfeed/U25149/Y (sky130_fd_sc_hd__nand2_2)        0.06       3.25 f
  u_cp/u_bfeed/U25498/Y (sky130_fd_sc_hd__nand2_2)        0.06       3.31 r
  u_cp/u_bfeed/U25497/Y (sky130_fd_sc_hd__xnor2_1)        0.12       3.44 r
  u_cp/u_bfeed/U41223/Y (sky130_fd_sc_hd__xnor2_1)        0.17       3.60 r
  u_cp/u_bfeed/U47684/Y (sky130_fd_sc_hd__nor2_2)         0.06       3.67 f
  u_cp/u_bfeed/U11211/Y (sky130_fd_sc_hd__nor2_1)         0.12       3.79 r
  u_cp/u_bfeed/U85510/Y (sky130_fd_sc_hd__nand2_1)        0.07       3.86 f
  u_cp/u_bfeed/U127491/Y (sky130_fd_sc_hd__o21ai_1)       0.15       4.01 r
  u_cp/u_bfeed/U119605/Y (sky130_fd_sc_hd__a21oi_2)       0.05       4.07 f
  u_cp/u_bfeed/U119604/Y (sky130_fd_sc_hd__o21ai_2)       0.14       4.21 r
  u_cp/u_bfeed/U152889/Y (sky130_fd_sc_hd__xnor2_2)       0.15       4.36 r
  u_cp/u_bfeed/U129658/Y (sky130_fd_sc_hd__inv_2)         0.09       4.45 f
  u_cp/u_bfeed/U131845/Y (sky130_fd_sc_hd__nand2_8)       0.19       4.64 r
  u_cp/u_bfeed/U97112/Y (sky130_fd_sc_hd__nor2_4)         0.04       4.68 f
  u_cp/u_bfeed/U78103/Y (sky130_fd_sc_hd__inv_2)          0.06       4.74 r
  u_cp/u_bfeed/U20778/Y (sky130_fd_sc_hd__nand2_4)        0.08       4.82 f
  u_cp/u_bfeed/U152996/COUT (sky130_fd_sc_hd__fah_1)      0.33       5.16 f
  u_cp/u_bfeed/U152997/SUM (sky130_fd_sc_hd__fah_1)       0.33       5.48 r
  u_cp/u_bfeed/U124429/Y (sky130_fd_sc_hd__xnor2_1)       0.14       5.62 r
  u_cp/u_bfeed/U126048/Y (sky130_fd_sc_hd__xnor2_1)       0.13       5.75 r
  u_cp/u_bfeed/U153042/SUM (sky130_fd_sc_hd__fah_1)       0.28       6.03 f
  u_cp/u_bfeed/U125097/Y (sky130_fd_sc_hd__nand2b_4)      0.15       6.19 f
  u_cp/u_bfeed/U130884/Y (sky130_fd_sc_hd__nand2_2)       0.06       6.24 r
  u_cp/u_bfeed/U129756/Y (sky130_fd_sc_hd__inv_2)         0.04       6.28 f
  u_cp/u_bfeed/U124474/Y (sky130_fd_sc_hd__nand2_2)       0.05       6.32 r
  u_cp/u_bfeed/U125750/Y (sky130_fd_sc_hd__nand3_2)       0.07       6.39 f
  u_cp/u_bfeed/U153115/Y (sky130_fd_sc_hd__nand3_1)       0.06       6.45 r
  u_cp/u_bfeed/U123399/Y (sky130_fd_sc_hd__nand2_1)       0.06       6.51 f
  u_cp/u_bfeed/U153116/Y (sky130_fd_sc_hd__inv_2)         0.07       6.57 r
  u_cp/u_bfeed/U153117/Y (sky130_fd_sc_hd__nand2_4)       0.07       6.65 f
  u_cp/u_bfeed/U19389/Y (sky130_fd_sc_hd__inv_6)          0.10       6.75 r
  u_cp/u_bfeed/U99957/Y (sky130_fd_sc_hd__nand2_2)        0.05       6.80 f
  u_cp/u_bfeed/U21706/X (sky130_fd_sc_hd__o21a_4)         0.12       6.92 f
  u_cp/u_bfeed/U21705/Y (sky130_fd_sc_hd__nand2_4)        0.07       6.99 r
  u_cp/u_bfeed/U20758/Y (sky130_fd_sc_hd__inv_6)          0.06       7.04 f
  u_cp/u_bfeed/U77663/Y (sky130_fd_sc_hd__inv_4)          0.06       7.10 r
  u_cp/u_bfeed/U125901/Y (sky130_fd_sc_hd__nand2_4)       0.06       7.16 f
  u_cp/u_bfeed/U125900/Y (sky130_fd_sc_hd__xnor2_4)       0.19       7.35 r
  u_cp/u_bfeed/U25637/Y (sky130_fd_sc_hd__nand3_4)        0.13       7.48 f
  u_cp/u_bfeed/U25636/Y (sky130_fd_sc_hd__nor2_8)         0.14       7.63 r
  u_cp/u_bfeed/U153300/Y (sky130_fd_sc_hd__nand2_1)       0.08       7.70 f
  u_cp/u_bfeed/U17157/Y (sky130_fd_sc_hd__nand2_2)        0.07       7.77 r
  u_cp/u_bfeed/U93619/Y (sky130_fd_sc_hd__nand4_2)        0.12       7.89 f
  u_cp/u_bfeed/U94371/Y (sky130_fd_sc_hd__inv_4)          0.13       8.03 r
  u_cp/u_bfeed/U102105/Y (sky130_fd_sc_hd__inv_2)         0.05       8.07 f
  u_cp/u_bfeed/U25511/Y (sky130_fd_sc_hd__nand2_2)        0.05       8.12 r
  u_cp/u_bfeed/U25657/Y (sky130_fd_sc_hd__nand3_2)        0.07       8.19 f
  u_cp/u_bfeed/U19698/Y (sky130_fd_sc_hd__a21oi_4)        0.15       8.35 r
  u_cp/u_bfeed/U17111/Y (sky130_fd_sc_hd__nand2_2)        0.09       8.44 f
  u_cp/u_bfeed/U27016/Y (sky130_fd_sc_hd__o21ai_2)        0.14       8.58 r
  u_cp/u_bfeed/U127012/Y (sky130_fd_sc_hd__nand2_2)       0.08       8.66 f
  u_cp/u_bfeed/U87371/Y (sky130_fd_sc_hd__nand3_4)        0.14       8.80 r
  u_cp/u_bfeed/U17155/Y (sky130_fd_sc_hd__inv_6)          0.06       8.85 f
  u_cp/u_bfeed/U94522/Y (sky130_fd_sc_hd__nand2_4)        0.09       8.94 r
  u_cp/u_bfeed/U10714/Y (sky130_fd_sc_hd__inv_2)          0.05       9.00 f
  u_cp/u_bfeed/U20251/Y (sky130_fd_sc_hd__nand2_4)        0.05       9.05 r
  u_cp/u_bfeed/U32058/Y (sky130_fd_sc_hd__nand4_4)        0.09       9.14 f
  u_cp/u_bfeed/U83925/Y (sky130_fd_sc_hd__nand3_2)        0.09       9.23 r
  u_cp/u_bfeed/U97087/Y (sky130_fd_sc_hd__nand2_4)        0.09       9.32 f
  u_cp/u_bfeed/U153332/COUT (sky130_fd_sc_hd__fah_1)      0.35       9.67 f
  u_cp/u_bfeed/U131681/Y (sky130_fd_sc_hd__xnor2_1)       0.22       9.89 r
  u_cp/u_bfeed/U153334/SUM (sky130_fd_sc_hd__fah_1)       0.34      10.23 r
  u_cp/u_bfeed/U116726/Y (sky130_fd_sc_hd__inv_2)         0.05      10.28 f
  u_cp/u_bfeed/U16975/Y (sky130_fd_sc_hd__nand2b_4)       0.07      10.35 r
  u_cp/u_bfeed/U16227/Y (sky130_fd_sc_hd__nand3_4)        0.07      10.42 f
  u_cp/u_bfeed/U16226/Y (sky130_fd_sc_hd__nor2_4)         0.12      10.54 r
  u_cp/u_bfeed/U127274/Y (sky130_fd_sc_hd__nand4_1)       0.13      10.67 f
  u_cp/u_bfeed/U91144/Y (sky130_fd_sc_hd__nand2_4)        0.16      10.83 r
  u_cp/u_bfeed/U92739/Y (sky130_fd_sc_hd__nand2_2)        0.06      10.89 f
  u_cp/u_bfeed/U92568/Y (sky130_fd_sc_hd__o21ai_2)        0.07      10.96 r
  u_cp/u_bfeed/U91133/Y (sky130_fd_sc_hd__nand2_4)        0.08      11.04 f
  u_cp/u_bfeed/U99271/Y (sky130_fd_sc_hd__nand2_4)        0.07      11.11 r
  u_cp/u_bfeed/U99969/Y (sky130_fd_sc_hd__nand3_2)        0.06      11.17 f
  u_cp/u_bfeed/U16976/Y (sky130_fd_sc_hd__nand3_2)        0.06      11.23 r
  u_cp/u_bfeed/U21761/Y (sky130_fd_sc_hd__nand3_2)        0.07      11.30 f
  u_cp/u_bfeed/U93597/Y (sky130_fd_sc_hd__nand3_2)        0.10      11.40 r
  u_cp/u_bfeed/U94161/Y (sky130_fd_sc_hd__inv_4)          0.07      11.47 f
  u_cp/u_bfeed/U20856/Y (sky130_fd_sc_hd__nand2b_2)       0.21      11.68 f
  u_cp/u_bfeed/U90134/Y (sky130_fd_sc_hd__nand2_4)        0.13      11.81 r
  u_cp/u_bfeed/U23502/Y (sky130_fd_sc_hd__nand3_4)        0.14      11.95 f
  u_cp/u_bfeed/U23501/Y (sky130_fd_sc_hd__nor2_4)         0.20      12.15 r
  u_cp/u_bfeed/U20761/Y (sky130_fd_sc_hd__nand2_2)        0.05      12.20 f
  u_cp/u_bfeed/U16272/X (sky130_fd_sc_hd__o21a_2)         0.12      12.32 f
  u_cp/u_bfeed/U20745/Y (sky130_fd_sc_hd__nand4_4)        0.08      12.41 r
  u_cp/u_bfeed/U12101/Y (sky130_fd_sc_hd__nand2_1)        0.06      12.47 f
  u_cp/u_bfeed/U76316/Y (sky130_fd_sc_hd__o21ai_1)        0.15      12.62 r
  u_cp/u_bfeed/U127806/Y (sky130_fd_sc_hd__a21oi_2)       0.06      12.68 f
  u_cp/u_bfeed/U121259/Y (sky130_fd_sc_hd__o21ai_2)       0.19      12.87 r
  u_cp/u_bfeed/U121258/Y (sky130_fd_sc_hd__inv_2)         0.10      12.97 f
  u_cp/u_bfeed/U10444/Y (sky130_fd_sc_hd__o21ai_1)        0.15      13.11 r
  u_cp/u_bfeed/U153667/Y (sky130_fd_sc_hd__xnor2_1)       0.07      13.19 f
  u_cp/u_bfeed/U121315/Y (sky130_fd_sc_hd__nand2b_1)      0.06      13.25 r
  u_cp/u_bfeed/U92472/Y (sky130_fd_sc_hd__nand2_1)        0.05      13.30 f
  u_cp/u_bfeed/U90946/Y (sky130_fd_sc_hd__nor2_1)         0.09      13.39 r
  u_cp/u_bfeed/U119778/Y (sky130_fd_sc_hd__nand3_1)       0.09      13.47 f
  u_cp/u_bfeed/U131174/Y (sky130_fd_sc_hd__inv_2)         0.06      13.54 r
  u_cp/u_bfeed/U121685/Y (sky130_fd_sc_hd__nand2_2)       0.05      13.59 f
  u_cp/u_bfeed/U153746/Y (sky130_fd_sc_hd__nor2_2)        0.11      13.70 r
  u_cp/u_bfeed/U100438/Y (sky130_fd_sc_hd__nand3_1)       0.09      13.79 f
  u_cp/u_bfeed/U92771/Y (sky130_fd_sc_hd__nand2_1)        0.06      13.85 r
  u_cp/u_bfeed/U153773/Y (sky130_fd_sc_hd__nand4_1)       0.08      13.93 f
  u_cp/u_bfeed/U121192/Y (sky130_fd_sc_hd__nand2_1)       0.08      14.01 r
  u_cp/u_bfeed/U25485/Y (sky130_fd_sc_hd__nor2_2)         0.05      14.06 f
  u_cp/u_bfeed/U25484/Y (sky130_fd_sc_hd__o21ai_4)        0.13      14.19 r
  u_cp/u_bfeed/U119768/Y (sky130_fd_sc_hd__inv_2)         0.07      14.27 f
  u_cp/u_bfeed/U153802/Y (sky130_fd_sc_hd__o21ai_2)       0.12      14.38 r
  u_cp/u_bfeed/U131705/Y (sky130_fd_sc_hd__xnor2_1)       0.12      14.50 r
  u_cp/u_bfeed/U92763/Y (sky130_fd_sc_hd__nand2b_1)       0.08      14.58 f
  u_cp/u_bfeed/U92762/Y (sky130_fd_sc_hd__nand3_2)        0.07      14.64 r
  u_cp/u_bfeed/U86033/Y (sky130_fd_sc_hd__nand3_2)        0.06      14.70 f
  u_cp/u_bfeed/U91886/Y (sky130_fd_sc_hd__inv_2)          0.09      14.79 r
  u_cp/u_bfeed/U94571/Y (sky130_fd_sc_hd__nand3_4)        0.10      14.89 f
  u_cp/u_bfeed/U121154/Y (sky130_fd_sc_hd__nand2_2)       0.08      14.97 r
  u_cp/u_bfeed/U26469/Y (sky130_fd_sc_hd__nand3_2)        0.07      15.04 f
  u_cp/u_bfeed/U119408/Y (sky130_fd_sc_hd__inv_2)         0.06      15.10 r
  u_cp/u_bfeed/U127164/Y (sky130_fd_sc_hd__nand2_2)       0.05      15.14 f
  u_cp/u_bfeed/U88156/Y (sky130_fd_sc_hd__nand3_1)        0.07      15.21 r
  u_cp/u_bfeed/U119188/Y (sky130_fd_sc_hd__nand3_1)       0.06      15.28 f
  u_cp/u_bfeed/U119187/Y (sky130_fd_sc_hd__o21ai_1)       0.06      15.34 r
  u_cp/u_bfeed/U130082/Y (sky130_fd_sc_hd__nand4_1)       0.09      15.44 f
  u_cp/u_bfeed/U125899/Y (sky130_fd_sc_hd__nand2_2)       0.09      15.52 r
  u_cp/u_bfeed/U119693/Y (sky130_fd_sc_hd__inv_4)         0.07      15.59 f
  u_cp/u_bfeed/U100488/Y (sky130_fd_sc_hd__nand2_2)       0.08      15.68 r
  u_cp/u_bfeed/U126896/Y (sky130_fd_sc_hd__nand2_4)       0.08      15.76 f
  u_cp/u_bfeed/U24987/X (sky130_fd_sc_hd__buf_12)         0.14      15.90 f
  u_cp/u_bfeed/U119343/Y (sky130_fd_sc_hd__nand2_8)       0.06      15.96 r
  u_cp/u_bfeed/U56927/Y (sky130_fd_sc_hd__inv_4)          0.05      16.01 f
  u_cp/u_bfeed/U75555/Y (sky130_fd_sc_hd__nand2_1)        0.05      16.06 r
  u_cp/u_bfeed/U90537/Y (sky130_fd_sc_hd__nand4_1)        0.08      16.14 f
  u_cp/u_bfeed/U154323/Y (sky130_fd_sc_hd__inv_1)         0.08      16.22 r
  u_cp/u_bfeed/U154414/X (sky130_fd_sc_hd__o22a_1)        0.11      16.34 r
  u_cp/u_bfeed/U94077/X (sky130_fd_sc_hd__o21a_2)         0.16      16.49 r
  u_cp/u_bfeed/U13437/Y (sky130_fd_sc_hd__nand3_4)        0.09      16.58 f
  u_cp/u_bfeed/U115301/Y (sky130_fd_sc_hd__nor2_2)        0.12      16.70 r
  u_cp/u_bfeed/U28184/Y (sky130_fd_sc_hd__o21ai_2)        0.07      16.77 f
  u_cp/u_bfeed/U28183/Y (sky130_fd_sc_hd__a21oi_2)        0.14      16.91 r
  u_cp/u_bfeed/U15056/Y (sky130_fd_sc_hd__o21ai_2)        0.07      16.99 f
  u_cp/u_bfeed/U15055/X (sky130_fd_sc_hd__a21o_2)         0.23      17.22 f
  u_cp/u_bfeed/U20377/Y (sky130_fd_sc_hd__inv_4)          0.11      17.33 r
  u_cp/u_bfeed/U93002/Y (sky130_fd_sc_hd__o21ai_2)        0.06      17.40 f
  u_cp/u_bfeed/U154611/Y (sky130_fd_sc_hd__xnor2_1)       0.13      17.52 f
  u_cp/u_bfeed/U154781/Y (sky130_fd_sc_hd__o2bb2ai_1)     0.13      17.65 f
  u_cp/u_bfeed/U154782/Y (sky130_fd_sc_hd__a21oi_2)       0.17      17.82 r
  u_cp/u_bfeed/U100772/Y (sky130_fd_sc_hd__nand3_1)       0.09      17.91 f
  u_cp/u_bfeed/U99087/X (sky130_fd_sc_hd__o211a_1)        0.23      18.14 f
  u_cp/u_bfeed/U154803/Y (sky130_fd_sc_hd__o21ai_2)       0.07      18.22 r
  u_cp/u_bfeed/U154804/Y (sky130_fd_sc_hd__nor2_2)        0.07      18.29 f
  u_cp/u_bfeed/U20288/Y (sky130_fd_sc_hd__o21ai_4)        0.21      18.49 r
  u_cp/u_bfeed/U119013/Y (sky130_fd_sc_hd__xnor2_1)       0.13      18.63 r
  u_cp/u_bfeed/U88197/Y (sky130_fd_sc_hd__nand2_1)        0.06      18.69 f
  u_cp/u_bfeed/U129984/Y (sky130_fd_sc_hd__nand2_1)       0.06      18.75 r
  u_cp/u_bfeed/U129985/Y (sky130_fd_sc_hd__nand2_1)       0.05      18.79 f
  u_cp/u_bfeed/U75073/Y (sky130_fd_sc_hd__inv_1)          0.04      18.84 r
  u_cp/u_bfeed/U26919/Y (sky130_fd_sc_hd__nand4_1)        0.08      18.91 f
  u_cp/u_bfeed/U154830/Y (sky130_fd_sc_hd__clkinv_1)      0.07      18.99 r
  u_cp/u_bfeed/U95365/Y (sky130_fd_sc_hd__nand4_4)        0.10      19.09 f
  u_cp/u_bfeed/U24946/Y (sky130_fd_sc_hd__o21bai_2)       0.18      19.27 r
  u_cp/u_bfeed/U128736/Y (sky130_fd_sc_hd__inv_4)         0.08      19.35 f
  u_cp/u_bfeed/U127565/X (sky130_fd_sc_hd__o211a_2)       0.13      19.49 f
  u_cp/u_bfeed/U119012/Y (sky130_fd_sc_hd__o21bai_4)      0.19      19.68 f
  u_cp/u_bfeed/U132528/Y (sky130_fd_sc_hd__inv_2)         0.07      19.75 r
  u_cp/u_bfeed/U155113/Y (sky130_fd_sc_hd__mux2i_1)       0.20      19.95 r
  u_cp/u_bfeed/U128255/Y (sky130_fd_sc_hd__nand2b_4)      0.20      20.15 r
  u_cp/u_bfeed/U125921/Y (sky130_fd_sc_hd__nor2_4)        0.06      20.21 f
  u_cp/u_bfeed/U29030/Y (sky130_fd_sc_hd__nand2_1)        0.06      20.27 r
  u_cp/u_bfeed/U129754/Y (sky130_fd_sc_hd__o21ai_2)       0.05      20.33 f
  u_cp/u_bfeed/U155158/Y (sky130_fd_sc_hd__mux2i_1)       0.14      20.46 r
  u_cp/u_bfeed/U128261/Y (sky130_fd_sc_hd__nand3_2)       0.14      20.60 f
  u_cp/u_bfeed/U20757/X (sky130_fd_sc_hd__clkbuf_1)       0.13      20.73 f
  u_cp/u_bfeed/U124543/Y (sky130_fd_sc_hd__nand2_2)       0.07      20.80 r
  u_cp/u_bfeed/U128260/Y (sky130_fd_sc_hd__o21ai_2)       0.06      20.85 f
  u_cp/u_bfeed/U128259/Y (sky130_fd_sc_hd__a21oi_2)       0.12      20.97 r
  u_cp/u_bfeed/U127874/Y (sky130_fd_sc_hd__o21ai_2)       0.08      21.05 f
  u_cp/u_bfeed/U88737/X (sky130_fd_sc_hd__a21o_4)         0.23      21.28 f
  u_cp/u_bfeed/U88736/Y (sky130_fd_sc_hd__nand2b_2)       0.07      21.35 r
  u_cp/u_bfeed/U20427/Y (sky130_fd_sc_hd__nand2_2)        0.04      21.39 f
  u_cp/u_bfeed/U20426/Y (sky130_fd_sc_hd__xnor2_1)        0.12      21.52 f
  u_cp/u_bfeed/U132988/Y (sky130_fd_sc_hd__a22oi_2)       0.14      21.66 r
  u_cp/u_bfeed/U129083/Y (sky130_fd_sc_hd__nand2_2)       0.09      21.75 f
  u_cp/u_bfeed/U95024/Y (sky130_fd_sc_hd__nor2_4)         0.11      21.86 r
  u_cp/u_bfeed/U95023/Y (sky130_fd_sc_hd__nand2_2)        0.08      21.94 f
  u_cp/u_bfeed/U97105/Y (sky130_fd_sc_hd__inv_4)          0.09      22.02 r
  u_cp/u_bfeed/U23404/Y (sky130_fd_sc_hd__nand2_4)        0.06      22.08 f
  u_cp/u_bfeed/U121867/Y (sky130_fd_sc_hd__inv_4)         0.07      22.15 r
  u_cp/u_bfeed/U88157/Y (sky130_fd_sc_hd__nand2_2)        0.06      22.21 f
  u_cp/u_bfeed/U19690/Y (sky130_fd_sc_hd__nand3_4)        0.08      22.29 r
  u_cp/u_bfeed/U127657/Y (sky130_fd_sc_hd__nand2_4)       0.06      22.35 f
  u_cp/u_bfeed/U11597/Y (sky130_fd_sc_hd__o21ai_2)        0.15      22.50 r
  u_cp/u_bfeed/U93634/Y (sky130_fd_sc_hd__a21oi_4)        0.07      22.57 f
  u_cp/u_bfeed/U107600/Y (sky130_fd_sc_hd__o21ai_1)       0.16      22.72 r
  u_cp/u_bfeed/U155460/Y (sky130_fd_sc_hd__xnor2_1)       0.13      22.85 r
  u_cp/u_bfeed/U127490/Y (sky130_fd_sc_hd__nand2_1)       0.07      22.93 f
  u_cp/u_bfeed/U127878/Y (sky130_fd_sc_hd__nand2_1)       0.06      22.99 r
  u_cp/u_bfeed/U95061/X (sky130_fd_sc_hd__and2_4)         0.14      23.13 r
  u_cp/u_bfeed/U25778/Y (sky130_fd_sc_hd__nand3_4)        0.13      23.26 f
  u_cp/u_bfeed/U13728/Y (sky130_fd_sc_hd__inv_8)          0.12      23.38 r
  u_cp/u_bfeed/U21656/Y (sky130_fd_sc_hd__nand2_2)        0.05      23.43 f
  u_cp/u_bfeed/U118850/Y (sky130_fd_sc_hd__inv_2)         0.06      23.49 r
  u_cp/u_bfeed/U94268/Y (sky130_fd_sc_hd__nand2_1)        0.06      23.55 f
  u_cp/u_bfeed/U93300/Y (sky130_fd_sc_hd__a2bb2oi_2)      0.14      23.69 f
  u_cp/u_bfeed/U20202/Y (sky130_fd_sc_hd__o21ai_2)        0.14      23.83 r
  u_cp/u_bfeed/U15542/Y (sky130_fd_sc_hd__inv_1)          0.05      23.87 f
  u_cp/u_bfeed/U18942/Y (sky130_fd_sc_hd__nand2_1)        0.06      23.94 r
  u_cp/u_bfeed/U20110/Y (sky130_fd_sc_hd__o21ai_2)        0.08      24.01 f
  u_cp/u_bfeed/U99125/Y (sky130_fd_sc_hd__a21oi_4)        0.14      24.15 r
  u_cp/u_bfeed/U91366/X (sky130_fd_sc_hd__buf_6)          0.12      24.27 r
  u_cp/u_bfeed/U99123/Y (sky130_fd_sc_hd__nor2_2)         0.03      24.31 f
  u_cp/u_bfeed/U93209/Y (sky130_fd_sc_hd__nor2_2)         0.12      24.42 r
  u_cp/u_bfeed/U155719/Y (sky130_fd_sc_hd__nand2_1)       0.08      24.50 f
  u_cp/u_bfeed/U20157/Y (sky130_fd_sc_hd__o21ai_1)        0.15      24.65 r
  u_cp/u_bfeed/U94215/Y (sky130_fd_sc_hd__a21oi_2)        0.05      24.70 f
  u_cp/u_bfeed/U94214/Y (sky130_fd_sc_hd__inv_2)          0.11      24.81 r
  u_cp/u_bfeed/U13725/Y (sky130_fd_sc_hd__inv_6)          0.05      24.86 f
  u_cp/u_bfeed/U9198/Y (sky130_fd_sc_hd__o21ai_1)         0.13      24.99 r
  u_cp/u_bfeed/U155819/Y (sky130_fd_sc_hd__xnor2_1)       0.09      25.08 f
  u_cp/u_bfeed/U14020/Y (sky130_fd_sc_hd__a21oi_2)        0.16      25.23 r
  u_cp/u_bfeed/U19706/X (sky130_fd_sc_hd__buf_2)          0.13      25.36 r
  u_cp/u_bfeed/U18429/X (sky130_fd_sc_hd__and2_1)         0.10      25.47 r
  u_cp/u_bfeed/U20111/X (sky130_fd_sc_hd__and2_4)         0.15      25.62 r
  u_cp/u_bfeed/U19739/Y (sky130_fd_sc_hd__nand2_4)        0.05      25.68 f
  u_cp/u_bfeed/U96735/Y (sky130_fd_sc_hd__nor2_4)         0.11      25.79 r
  u_cp/u_bfeed/U94167/Y (sky130_fd_sc_hd__nor2_4)         0.05      25.83 f
  u_cp/u_bfeed/U114150/Y (sky130_fd_sc_hd__a21oi_2)       0.09      25.93 r
  u_cp/u_bfeed/U121183/Y (sky130_fd_sc_hd__o21ai_1)       0.07      26.00 f
  u_cp/u_bfeed/U128887/Y (sky130_fd_sc_hd__a21oi_2)       0.15      26.15 r
  u_cp/u_bfeed/U129403/Y (sky130_fd_sc_hd__xnor2_1)       0.09      26.24 f
  u_cp/u_bfeed/U110807/Y (sky130_fd_sc_hd__o21ai_2)       0.16      26.40 r
  u_cp/u_bfeed/U98141/Y (sky130_fd_sc_hd__nand3_4)        0.12      26.52 f
  u_cp/u_bfeed/U21660/Y (sky130_fd_sc_hd__o21bai_4)       0.21      26.73 r
  u_cp/u_bfeed/U99311/Y (sky130_fd_sc_hd__inv_8)          0.10      26.83 f
  u_cp/u_bfeed/U121286/Y (sky130_fd_sc_hd__nand2_4)       0.07      26.91 r
  u_cp/u_bfeed/U19745/X (sky130_fd_sc_hd__o21a_4)         0.15      27.05 r
  u_cp/u_bfeed/U116403/Y (sky130_fd_sc_hd__inv_4)         0.05      27.11 f
  u_cp/u_bfeed/U156170/COUT (sky130_fd_sc_hd__fah_1)      0.35      27.45 f
  u_cp/u_bfeed/U130087/Y (sky130_fd_sc_hd__o21ai_2)       0.15      27.61 r
  u_cp/u_bfeed/U125261/Y (sky130_fd_sc_hd__nand2_2)       0.08      27.69 f
  u_cp/u_bfeed/U126252/Y (sky130_fd_sc_hd__o21ai_2)       0.06      27.75 r
  u_cp/u_bfeed/U130083/Y (sky130_fd_sc_hd__o21ai_2)       0.08      27.83 f
  u_cp/u_bfeed/U110483/Y (sky130_fd_sc_hd__xnor2_1)       0.13      27.96 f
  u_cp/u_bfeed/U126346/Y (sky130_fd_sc_hd__xnor2_1)       0.19      28.15 r
  u_cp/u_bfeed/U99316/Y (sky130_fd_sc_hd__nand2b_4)       0.17      28.32 r
  u_cp/u_bfeed/U25514/Y (sky130_fd_sc_hd__nand2_2)        0.06      28.38 f
  u_cp/u_bfeed/U131246/Y (sky130_fd_sc_hd__nor2_1)        0.12      28.50 r
  u_cp/u_bfeed/U130757/Y (sky130_fd_sc_hd__nand4_2)       0.13      28.63 f
  u_cp/u_bfeed/U100155/Y (sky130_fd_sc_hd__nand3_4)       0.12      28.75 r
  u_cp/u_bfeed/U100156/Y (sky130_fd_sc_hd__inv_8)         0.07      28.82 f
  u_cp/u_bfeed/U20762/Y (sky130_fd_sc_hd__inv_2)          0.07      28.89 r
  u_cp/u_bfeed/U83132/Y (sky130_fd_sc_hd__nand2_2)        0.04      28.93 f
  u_cp/u_bfeed/U25815/Y (sky130_fd_sc_hd__o21ai_2)        0.06      28.99 r
  u_cp/u_bfeed/U21515/Y (sky130_fd_sc_hd__nand4_2)        0.11      29.10 f
  u_cp/u_bfeed/U97031/Y (sky130_fd_sc_hd__inv_2)          0.10      29.20 r
  u_cp/u_bfeed/U28432/Y (sky130_fd_sc_hd__nand3_4)        0.10      29.30 f
  u_cp/u_bfeed/U97358/Y (sky130_fd_sc_hd__nand2_4)        0.14      29.44 r
  u_cp/u_bfeed/U22390/Y (sky130_fd_sc_hd__inv_6)          0.07      29.51 f
  u_cp/u_bfeed/U86336/Y (sky130_fd_sc_hd__nand2_4)        0.06      29.57 r
  u_cp/u_bfeed/U21881/Y (sky130_fd_sc_hd__o21ai_4)        0.07      29.64 f
  u_cp/u_bfeed/U86993/Y (sky130_fd_sc_hd__o21ai_4)        0.15      29.79 r
  u_cp/u_bfeed/U22301/Y (sky130_fd_sc_hd__o21ai_1)        0.10      29.88 f
  u_cp/u_bfeed/U93266/Y (sky130_fd_sc_hd__inv_2)          0.07      29.96 r
  u_cp/u_bfeed/U122817/Y (sky130_fd_sc_hd__o21ai_2)       0.06      30.02 f
  u_cp/u_bfeed/U115359/Y (sky130_fd_sc_hd__nand2b_4)      0.15      30.17 f
  u_cp/u_bfeed/U82212/Y (sky130_fd_sc_hd__a22oi_4)        0.13      30.30 r
  u_cp/u_bfeed/U26974/Y (sky130_fd_sc_hd__o21ai_2)        0.06      30.36 f
  u_cp/u_bfeed/U129816/Y (sky130_fd_sc_hd__nand2b_1)      0.06      30.42 r
  u_cp/u_bfeed/U126110/X (sky130_fd_sc_hd__and3_4)        0.18      30.59 r
  u_cp/u_bfeed/U23394/Y (sky130_fd_sc_hd__nand3_4)        0.16      30.76 f
  u_cp/u_bfeed/U23393/Y (sky130_fd_sc_hd__inv_2)          0.11      30.86 r
  u_cp/u_bfeed/U96871/Y (sky130_fd_sc_hd__nand2b_1)       0.05      30.91 f
  u_cp/u_bfeed/U96872/Y (sky130_fd_sc_hd__nand2_1)        0.06      30.98 r
  u_cp/u_bfeed/U22483/Y (sky130_fd_sc_hd__nand3_2)        0.10      31.07 f
  u_cp/u_bfeed/U101576/Y (sky130_fd_sc_hd__nand2_1)       0.10      31.17 r
  u_cp/u_bfeed/U83714/Y (sky130_fd_sc_hd__nand2_2)        0.10      31.27 f
  u_cp/u_bfeed/U81867/Y (sky130_fd_sc_hd__nand3_4)        0.14      31.41 r
  u_cp/u_bfeed/U21632/Y (sky130_fd_sc_hd__nand2_4)        0.08      31.49 f
  u_cp/u_bfeed/U21364/Y (sky130_fd_sc_hd__xnor2_4)        0.13      31.62 f
  u_cp/u_bfeed/U96062/Y (sky130_fd_sc_hd__nand2b_4)       0.10      31.73 r
  u_cp/u_bfeed/U92703/Y (sky130_fd_sc_hd__inv_2)          0.03      31.76 f
  u_cp/u_bfeed/U96061/Y (sky130_fd_sc_hd__nor2_1)         0.07      31.83 r
  u_cp/u_bfeed/U92202/X (sky130_fd_sc_hd__and2_4)         0.16      31.99 r
  u_cp/u_bfeed/U90539/Y (sky130_fd_sc_hd__nand3_2)        0.06      32.05 f
  u_cp/u_bfeed/U8433/Y (sky130_fd_sc_hd__o21ai_1)         0.14      32.19 r
  u_cp/u_bfeed/U19183/Y (sky130_fd_sc_hd__a21oi_2)        0.05      32.23 f
  u_cp/u_bfeed/U91193/Y (sky130_fd_sc_hd__nand4_2)        0.10      32.33 r
  u_cp/u_bfeed/U8363/Y (sky130_fd_sc_hd__nor2_1)          0.07      32.40 f
  u_cp/u_bfeed/U26947/Y (sky130_fd_sc_hd__o21ai_2)        0.15      32.56 r
  u_cp/u_bfeed/U25615/Y (sky130_fd_sc_hd__nand2_2)        0.06      32.62 f
  u_cp/u_bfeed/U90570/Y (sky130_fd_sc_hd__nor2_2)         0.15      32.77 r
  u_cp/u_bfeed/U125412/Y (sky130_fd_sc_hd__inv_2)         0.06      32.83 f
  u_cp/u_bfeed/U26502/Y (sky130_fd_sc_hd__nand2b_4)       0.07      32.90 r
  u_cp/u_bfeed/U99644/Y (sky130_fd_sc_hd__a21oi_2)        0.06      32.96 f
  u_cp/u_bfeed/U93208/Y (sky130_fd_sc_hd__o21ai_2)        0.12      33.08 r
  u_cp/u_bfeed/U156563/Y (sky130_fd_sc_hd__xnor2_1)       0.08      33.16 f
  u_cp/u_bfeed/U115610/Y (sky130_fd_sc_hd__o21ai_1)       0.11      33.27 r
  u_cp/u_bfeed/U19767/Y (sky130_fd_sc_hd__o21bai_2)       0.13      33.40 r
  u_cp/u_bfeed/U24173/Y (sky130_fd_sc_hd__nand3_2)        0.09      33.48 f
  u_cp/u_bfeed/U24172/Y (sky130_fd_sc_hd__inv_2)          0.06      33.54 r
  u_cp/u_bfeed/U13993/Y (sky130_fd_sc_hd__nand4_2)        0.07      33.61 f
  u_cp/u_bfeed/U21724/Y (sky130_fd_sc_hd__nor2_2)         0.12      33.74 r
  u_cp/u_bfeed/U119053/Y (sky130_fd_sc_hd__nand2_1)       0.05      33.79 f
  u_cp/u_bfeed/U122026/Y (sky130_fd_sc_hd__nand2_1)       0.06      33.85 r
  u_cp/u_bfeed/U93273/Y (sky130_fd_sc_hd__nand3_2)        0.07      33.92 f
  u_cp/u_bfeed/U95369/Y (sky130_fd_sc_hd__o21ai_4)        0.09      34.01 r
  u_cp/u_bfeed/U14673/Y (sky130_fd_sc_hd__nand2b_4)       0.19      34.19 r
  u_cp/u_bfeed/U20753/Y (sky130_fd_sc_hd__inv_2)          0.08      34.27 f
  u_cp/u_bfeed/U39742/Y (sky130_fd_sc_hd__nand2_1)        0.06      34.33 r
  u_cp/u_bfeed/U12945/Y (sky130_fd_sc_hd__nand4_1)        0.10      34.43 f
  u_cp/u_bfeed/U12944/Y (sky130_fd_sc_hd__nand2_1)        0.07      34.50 r
  u_cp/u_bfeed/U16492/Y (sky130_fd_sc_hd__nand2b_1)       0.05      34.54 f
  u_cp/u_bfeed/U70809/Y (sky130_fd_sc_hd__nor2_1)         0.12      34.66 r
  u_cp/u_bfeed/U90866/Y (sky130_fd_sc_hd__o21ai_2)        0.07      34.73 f
  u_cp/u_bfeed/U7988/Y (sky130_fd_sc_hd__nand2_2)         0.08      34.81 r
  u_cp/u_bfeed/U7968/Y (sky130_fd_sc_hd__inv_2)           0.07      34.88 f
  u_cp/u_bfeed/U126119/X (sky130_fd_sc_hd__buf_12)        0.15      35.03 f
  u_cp/u_bfeed/U13199/Y (sky130_fd_sc_hd__xnor2_4)        0.19      35.22 r
  u_cp/u_bfeed/U13813/Y (sky130_fd_sc_hd__xnor2_2)        0.14      35.36 r
  u_cp/u_bfeed/U121990/Y (sky130_fd_sc_hd__inv_2)         0.05      35.41 f
  u_cp/u_bfeed/U20118/Y (sky130_fd_sc_hd__xnor2_1)        0.17      35.58 r
  u_cp/u_bfeed/U87678/Y (sky130_fd_sc_hd__xnor2_1)        0.15      35.73 r
  u_cp/u_bfeed/U91373/Y (sky130_fd_sc_hd__inv_1)          0.05      35.78 f
  u_cp/u_bfeed/U45231/Y (sky130_fd_sc_hd__nand2_1)        0.06      35.85 r
  u_cp/u_bfeed/U45217/Y (sky130_fd_sc_hd__nand3_1)        0.06      35.91 f
  u_cp/u_bfeed/U14930/Y (sky130_fd_sc_hd__nand2b_1)       0.08      35.99 r
  u_cp/u_bfeed/U15860/Y (sky130_fd_sc_hd__nand2_1)        0.06      36.05 f
  u_cp/u_bfeed/U13718/Y (sky130_fd_sc_hd__nand3_2)        0.09      36.14 r
  u_cp/u_bfeed/U13845/Y (sky130_fd_sc_hd__nand2_4)        0.07      36.22 f
  u_cp/u_bfeed/U88424/Y (sky130_fd_sc_hd__nand2_4)        0.07      36.29 r
  u_cp/u_bfeed/U84102/X (sky130_fd_sc_hd__buf_6)          0.09      36.38 r
  u_cp/u_bfeed/U84699/Y (sky130_fd_sc_hd__inv_2)          0.02      36.40 f
  u_cp/u_bfeed/U18973/Y (sky130_fd_sc_hd__nand2_2)        0.04      36.45 r
  u_cp/u_bfeed/U18972/Y (sky130_fd_sc_hd__nand4_1)        0.06      36.51 f
  u_cp/u_bfeed/U33352/Y (sky130_fd_sc_hd__nand3_1)        0.08      36.59 r
  u_cp/u_bfeed/U36107/X (sky130_fd_sc_hd__xor2_1)         0.17      36.76 r
  u_cp/u_bfeed/U85411/Y (sky130_fd_sc_hd__nand2b_4)       0.16      36.92 r
  u_cp/u_bfeed/U21825/Y (sky130_fd_sc_hd__nand2_4)        0.06      36.98 f
  u_cp/u_bfeed/U82056/Y (sky130_fd_sc_hd__nand2_8)        0.15      37.13 r
  u_cp/u_bfeed/U31447/Y (sky130_fd_sc_hd__inv_12)         0.08      37.21 f
  u_cp/u_bfeed/U15051/Y (sky130_fd_sc_hd__xnor2_2)        0.14      37.35 f
  u_cp/u_bfeed/U85077/Y (sky130_fd_sc_hd__o22ai_2)        0.18      37.53 r
  u_cp/u_bfeed/U12579/X (sky130_fd_sc_hd__and2_1)         0.15      37.68 r
  u_cp/u_bfeed/U12578/Y (sky130_fd_sc_hd__nand2b_4)       0.11      37.79 r
  u_cp/u_bfeed/U163234/SUM (sky130_fd_sc_hd__fah_1)       0.42      38.21 r
  u_cp/u_bfeed/U88114/Y (sky130_fd_sc_hd__inv_2)          0.05      38.26 f
  u_cp/u_bfeed/U93487/Y (sky130_fd_sc_hd__o21ai_2)        0.15      38.41 r
  u_cp/u_bfeed/U93486/Y (sky130_fd_sc_hd__xnor2_1)        0.14      38.55 r
  u_cp/u_bfeed/U97493/Y (sky130_fd_sc_hd__xnor2_1)        0.15      38.70 r
  u_cp/u_bfeed/U86280/Y (sky130_fd_sc_hd__nand2b_4)       0.17      38.87 r
  u_cp/u_bfeed/U15784/Y (sky130_fd_sc_hd__nand2_4)        0.05      38.92 f
  u_cp/u_bfeed/U15783/Y (sky130_fd_sc_hd__nor2_4)         0.09      39.01 r
  u_cp/u_bfeed/U83781/Y (sky130_fd_sc_hd__nand2_2)        0.07      39.08 f
  u_cp/u_bfeed/U22391/Y (sky130_fd_sc_hd__nor2_2)         0.13      39.21 r
  u_cp/u_bfeed/U23251/Y (sky130_fd_sc_hd__nand3_2)        0.08      39.29 f
  u_cp/u_bfeed/U22907/Y (sky130_fd_sc_hd__nand3_2)        0.07      39.36 r
  u_cp/u_bfeed/U22906/Y (sky130_fd_sc_hd__xnor2_1)        0.12      39.48 r
  u_cp/u_bfeed/U163636/Y (sky130_fd_sc_hd__inv_2)         0.07      39.55 f
  u_cp/u_bfeed/U122114/Y (sky130_fd_sc_hd__inv_4)         0.09      39.64 r
  u_cp/u_bfeed/U24811/Y (sky130_fd_sc_hd__inv_4)          0.06      39.69 f
  u_cp/u_bfeed/U94299/Y (sky130_fd_sc_hd__o21ai_2)        0.11      39.81 r
  u_cp/u_bfeed/U131716/Y (sky130_fd_sc_hd__a21oi_2)       0.05      39.86 f
  u_cp/u_bfeed/U128357/Y (sky130_fd_sc_hd__nand2b_4)      0.08      39.94 r
  u_cp/u_bfeed/U83904/Y (sky130_fd_sc_hd__nand2_4)        0.08      40.02 f
  u_cp/u_bfeed/U16831/Y (sky130_fd_sc_hd__nand2_2)        0.07      40.09 r
  u_cp/u_bfeed/U18638/Y (sky130_fd_sc_hd__nand3_2)        0.06      40.15 f
  u_cp/u_bfeed/U98155/Y (sky130_fd_sc_hd__inv_2)          0.06      40.22 r
  u_cp/u_bfeed/U85878/Y (sky130_fd_sc_hd__nand3_2)        0.07      40.29 f
  u_cp/u_bfeed/U84985/Y (sky130_fd_sc_hd__nand3_4)        0.13      40.42 r
  u_cp/u_bfeed/U13307/Y (sky130_fd_sc_hd__inv_8)          0.07      40.50 f
  u_cp/u_bfeed/U17591/Y (sky130_fd_sc_hd__inv_12)         0.12      40.62 r
  u_cp/u_bfeed/U24709/Y (sky130_fd_sc_hd__nand4_1)        0.15      40.77 f
  u_cp/u_bfeed/U99108/Y (sky130_fd_sc_hd__nand2_4)        0.18      40.96 r
  u_cp/u_bfeed/U18862/Y (sky130_fd_sc_hd__nand2_8)        0.10      41.06 f
  u_cp/u_bfeed/U99128/Y (sky130_fd_sc_hd__nor2_8)         0.23      41.29 r
  u_cp/u_bfeed/U21596/Y (sky130_fd_sc_hd__nand2_2)        0.10      41.39 f
  u_cp/u_bfeed/U13064/Y (sky130_fd_sc_hd__nand4_4)        0.18      41.56 r
  u_cp/u_bfeed/U13063/Y (sky130_fd_sc_hd__inv_4)          0.06      41.63 f
  u_cp/u_bfeed/U18644/Y (sky130_fd_sc_hd__nor2_8)         0.10      41.73 r
  u_cp/u_bfeed/U118415/Y (sky130_fd_sc_hd__o21ai_2)       0.07      41.79 f
  u_cp/u_bfeed/U88772/Y (sky130_fd_sc_hd__a21oi_2)        0.12      41.91 r
  u_cp/u_bfeed/U91459/Y (sky130_fd_sc_hd__o21ai_2)        0.08      41.99 f
  u_cp/u_bfeed/U128629/Y (sky130_fd_sc_hd__inv_2)         0.13      42.12 r
  u_cp/u_bfeed/U164141/Y (sky130_fd_sc_hd__o21ai_2)       0.07      42.18 f
  u_cp/u_bfeed/U164142/Y (sky130_fd_sc_hd__xnor2_1)       0.13      42.31 f
  u_cp/u_bfeed/U124033/Y (sky130_fd_sc_hd__nand2_2)       0.07      42.38 r
  u_cp/u_bfeed/U18499/Y (sky130_fd_sc_hd__nand3_4)        0.07      42.46 f
  u_cp/u_bfeed/U18498/Y (sky130_fd_sc_hd__nor2_4)         0.14      42.60 r
  u_cp/u_bfeed/U92211/Y (sky130_fd_sc_hd__nand3_4)        0.10      42.70 f
  u_cp/u_bfeed/U118145/Y (sky130_fd_sc_hd__nor2_4)        0.13      42.83 r
  u_cp/u_bfeed/U118144/Y (sky130_fd_sc_hd__nand2_1)       0.06      42.89 f
  u_cp/u_bfeed/U127410/Y (sky130_fd_sc_hd__nand2_1)       0.05      42.94 r
  u_cp/u_bfeed/U127328/Y (sky130_fd_sc_hd__nand2b_1)      0.06      43.00 f
  u_cp/u_bfeed/U127808/Y (sky130_fd_sc_hd__nand2_2)       0.08      43.08 r
  u_cp/u_bfeed/U164280/Y (sky130_fd_sc_hd__nand2_2)       0.05      43.13 f
  u_cp/u_bfeed/U115596/X (sky130_fd_sc_hd__o21a_1)        0.20      43.32 f
  u_cp/u_bfeed/U127165/Y (sky130_fd_sc_hd__o21ai_2)       0.07      43.40 r
  u_cp/u_bfeed/U121854/Y (sky130_fd_sc_hd__a21oi_4)       0.06      43.46 f
  u_cp/u_bfeed/U125072/Y (sky130_fd_sc_hd__o21ai_2)       0.12      43.58 r
  u_cp/u_bfeed/U164287/Y (sky130_fd_sc_hd__xnor2_1)       0.12      43.70 r
  u_cp/u_bfeed/U96994/X (sky130_fd_sc_hd__a21o_1)         0.14      43.84 r
  u_cp/u_bfeed/U94290/Y (sky130_fd_sc_hd__nand4_2)        0.12      43.96 f
  u_cp/u_bfeed/U14162/X (sky130_fd_sc_hd__and2_4)         0.20      44.16 f
  u_cp/u_bfeed/U97727/Y (sky130_fd_sc_hd__inv_8)          0.10      44.26 r
  u_cp/u_bfeed/U18626/Y (sky130_fd_sc_hd__nor2_4)         0.04      44.30 f
  u_cp/u_bfeed/U89707/Y (sky130_fd_sc_hd__nor3_4)         0.27      44.57 r
  u_cp/u_bfeed/U89706/Y (sky130_fd_sc_hd__nor2_8)         0.12      44.69 f
  u_cp/u_bfeed/U89705/Y (sky130_fd_sc_hd__xnor2_4)        0.16      44.85 f
  u_cp/u_bfeed/U89704/Y (sky130_fd_sc_hd__o22ai_4)        0.11      44.97 r
  u_cp/u_bfeed/U164734/SUM (sky130_fd_sc_hd__fah_1)       0.28      45.25 r
  u_cp/u_bfeed/U164753/SUM (sky130_fd_sc_hd__fah_1)       0.27      45.52 f
  u_cp/u_bfeed/U164756/SUM (sky130_fd_sc_hd__fah_1)       0.32      45.84 f
  u_cp/u_bfeed/U124687/Y (sky130_fd_sc_hd__xnor2_1)       0.14      45.97 f
  u_cp/u_bfeed/U99093/Y (sky130_fd_sc_hd__xnor2_1)        0.20      46.17 r
  u_cp/u_bfeed/U15041/Y (sky130_fd_sc_hd__nor2_2)         0.05      46.22 f
  u_cp/u_bfeed/U118413/Y (sky130_fd_sc_hd__o21ai_1)       0.12      46.34 r
  u_cp/u_bfeed/U118412/Y (sky130_fd_sc_hd__a21oi_1)       0.06      46.40 f
  u_cp/u_bfeed/U128672/Y (sky130_fd_sc_hd__nand2b_1)      0.14      46.54 f
  u_cp/u_bfeed/U12334/Y (sky130_fd_sc_hd__nand3_2)        0.06      46.60 r
  u_cp/u_bfeed/U16486/Y (sky130_fd_sc_hd__nor2_2)         0.04      46.64 f
  u_cp/u_bfeed/U16485/Y (sky130_fd_sc_hd__o21ai_1)        0.12      46.76 r
  u_cp/u_bfeed/U15712/Y (sky130_fd_sc_hd__nand3_1)        0.09      46.86 f
  u_cp/u_bfeed/U88637/Y (sky130_fd_sc_hd__nand3_2)        0.10      46.95 r
  u_cp/u_bfeed/U88636/Y (sky130_fd_sc_hd__xnor2_2)        0.11      47.06 r
  u_cp/u_bfeed/U101749/Y (sky130_fd_sc_hd__inv_2)         0.08      47.15 f
  u_cp/u_bfeed/U101748/Y (sky130_fd_sc_hd__inv_8)         0.12      47.27 r
  u_cp/u_bfeed/U13266/Y (sky130_fd_sc_hd__inv_6)          0.06      47.33 f
  u_cp/u_bfeed/U13717/Y (sky130_fd_sc_hd__inv_8)          0.08      47.40 r
  u_cp/u_bfeed/U97273/Y (sky130_fd_sc_hd__o21ai_4)        0.06      47.46 f
  u_cp/u_bfeed/U22962/Y (sky130_fd_sc_hd__nand2_4)        0.08      47.54 r
  u_cp/u_bfeed/U97725/Y (sky130_fd_sc_hd__nand2_4)        0.07      47.61 f
  u_cp/u_bfeed/U4359/Y (sky130_fd_sc_hd__nor2_2)          0.15      47.76 r
  u_cp/u_bfeed/U96339/Y (sky130_fd_sc_hd__o21ai_4)        0.08      47.85 f
  u_cp/u_bfeed/U18659/Y (sky130_fd_sc_hd__a21oi_4)        0.17      48.02 r
  u_cp/u_bfeed/U18658/Y (sky130_fd_sc_hd__o21ai_1)        0.09      48.11 f
  u_cp/u_bfeed/U96338/Y (sky130_fd_sc_hd__xnor2_1)        0.12      48.23 f
  u_cp/u_bfeed/U115732/Y (sky130_fd_sc_hd__nand2_1)       0.07      48.30 r
  u_cp/u_bfeed/U18648/Y (sky130_fd_sc_hd__nand2_2)        0.07      48.37 f
  u_cp/u_bfeed/U18647/Y (sky130_fd_sc_hd__inv_2)          0.05      48.42 r
  u_cp/u_bfeed/U12202/Y (sky130_fd_sc_hd__nand3_2)        0.07      48.49 f
  u_cp/u_bfeed/U97241/Y (sky130_fd_sc_hd__inv_4)          0.10      48.59 r
  u_cp/u_bfeed/U97191/Y (sky130_fd_sc_hd__nand4_4)        0.13      48.72 f
  u_cp/u_bfeed/U165117/Y (sky130_fd_sc_hd__nand2b_1)      0.16      48.88 f
  u_cp/u_bfeed/U91926/Y (sky130_fd_sc_hd__a21boi_1)       0.13      49.01 f
  u_cp/u_bfeed/U93491/Y (sky130_fd_sc_hd__nand3_2)        0.10      49.11 r
  u_cp/u_bfeed/U90492/X (sky130_fd_sc_hd__buf_6)          0.12      49.23 r
  u_cp/u_bfeed/U103034/Y (sky130_fd_sc_hd__inv_2)         0.04      49.27 f
  u_cp/u_bfeed/U23583/Y (sky130_fd_sc_hd__nand2_4)        0.04      49.32 r
  u_cp/u_bfeed/U118521/Y (sky130_fd_sc_hd__o21ai_2)       0.05      49.37 f
  u_cp/u_bfeed/U25737/Y (sky130_fd_sc_hd__nand2_2)        0.06      49.43 r
  u_cp/u_bfeed/U12325/Y (sky130_fd_sc_hd__nand4_4)        0.13      49.56 f
  u_cp/u_bfeed/U20829/Y (sky130_fd_sc_hd__a21oi_4)        0.25      49.80 r
  u_cp/u_bfeed/U3721/Y (sky130_fd_sc_hd__o21ai_1)         0.10      49.90 f
  u_cp/u_bfeed/U165355/Y (sky130_fd_sc_hd__xnor2_1)       0.13      50.04 f
  u_cp/u_bfeed/U96997/Y (sky130_fd_sc_hd__nand2b_2)       0.08      50.12 r
  u_cp/u_bfeed/U26802/Y (sky130_fd_sc_hd__nand3_4)        0.09      50.22 f
  u_cp/u_bfeed/U50386/Y (sky130_fd_sc_hd__inv_2)          0.07      50.29 r
  u_cp/u_bfeed/U22943/Y (sky130_fd_sc_hd__nand2_2)        0.05      50.34 f
  u_cp/u_bfeed/U50350/Y (sky130_fd_sc_hd__inv_2)          0.07      50.41 r
  u_cp/u_bfeed/U26801/Y (sky130_fd_sc_hd__nand2_2)        0.05      50.46 f
  u_cp/u_bfeed/U124665/Y (sky130_fd_sc_hd__nor2_2)        0.10      50.56 r
  u_cp/u_bfeed/U13240/Y (sky130_fd_sc_hd__nand3_2)        0.09      50.66 f
  u_cp/u_bfeed/U13252/Y (sky130_fd_sc_hd__nand2_4)        0.11      50.76 r
  u_cp/u_bfeed/U15687/Y (sky130_fd_sc_hd__nor2_4)         0.05      50.81 f
  u_cp/u_bfeed/U25152/X (sky130_fd_sc_hd__clkbuf_1)       0.10      50.92 f
  u_cp/u_bfeed/U118044/Y (sky130_fd_sc_hd__o21ai_2)       0.13      51.05 r
  u_cp/u_bfeed/U93592/Y (sky130_fd_sc_hd__xnor2_1)        0.12      51.17 r
  u_cp/u_bfeed/U23149/X (sky130_fd_sc_hd__a21o_2)         0.15      51.32 r
  u_cp/u_bfeed/U26132/Y (sky130_fd_sc_hd__nand3_2)        0.09      51.41 f
  u_cp/u_bfeed/U93086/Y (sky130_fd_sc_hd__nor2_4)         0.10      51.51 r
  u_cp/u_bfeed/U13428/Y (sky130_fd_sc_hd__nand4_4)        0.10      51.61 f
  u_cp/u_bfeed/U84638/X (sky130_fd_sc_hd__and2_4)         0.23      51.85 f
  u_cp/u_bfeed/U3424/Y (sky130_fd_sc_hd__nand2_2)         0.09      51.94 r
  u_cp/u_bfeed/U84011/Y (sky130_fd_sc_hd__nand4_4)        0.09      52.03 f
  u_cp/u_bfeed/U131381/X (sky130_fd_sc_hd__buf_6)         0.17      52.20 f
  u_cp/u_bfeed/U12666/Y (sky130_fd_sc_hd__xnor2_4)        0.17      52.36 r
  u_cp/u_bfeed/U118529/Y (sky130_fd_sc_hd__o22ai_2)       0.10      52.47 f
  u_cp/u_bfeed/U123668/Y (sky130_fd_sc_hd__xnor2_1)       0.17      52.63 f
  u_cp/u_bfeed/U123667/Y (sky130_fd_sc_hd__xnor2_1)       0.20      52.83 r
  u_cp/u_bfeed/U166235/SUM (sky130_fd_sc_hd__fah_1)       0.33      53.16 r
  u_cp/u_bfeed/U125755/Y (sky130_fd_sc_hd__xnor2_1)       0.13      53.29 r
  u_cp/u_bfeed/U125754/Y (sky130_fd_sc_hd__xnor2_1)       0.15      53.44 r
  u_cp/u_bfeed/U166247/COUT (sky130_fd_sc_hd__fah_1)      0.39      53.84 r
  u_cp/u_bfeed/U12214/Y (sky130_fd_sc_hd__nor2_2)         0.06      53.90 f
  u_cp/u_bfeed/U22456/Y (sky130_fd_sc_hd__nor2_2)         0.13      54.03 r
  u_cp/u_bfeed/U32494/Y (sky130_fd_sc_hd__nand2_1)        0.08      54.11 f
  u_cp/u_bfeed/U22464/Y (sky130_fd_sc_hd__nor2_2)         0.11      54.21 r
  u_cp/u_bfeed/U12330/Y (sky130_fd_sc_hd__nand3_2)        0.10      54.32 f
  u_cp/u_bfeed/U22472/Y (sky130_fd_sc_hd__nand3_2)        0.10      54.42 r
  u_cp/u_bfeed/U12261/Y (sky130_fd_sc_hd__nand3_4)        0.10      54.51 f
  u_cp/u_bfeed/U12260/Y (sky130_fd_sc_hd__inv_6)          0.13      54.64 r
  u_cp/u_bfeed/U93092/Y (sky130_fd_sc_hd__inv_8)          0.07      54.72 f
  u_cp/u_bfeed/U12455/Y (sky130_fd_sc_hd__nor2_2)         0.07      54.79 r
  u_cp/u_bfeed/U30714/Y (sky130_fd_sc_hd__a21oi_1)        0.05      54.84 f
  u_cp/u_bfeed/U91362/X (sky130_fd_sc_hd__and2_4)         0.17      55.00 f
  u_cp/u_bfeed/U121998/Y (sky130_fd_sc_hd__a21oi_2)       0.12      55.12 r
  u_cp/u_bfeed/U25144/Y (sky130_fd_sc_hd__nand4_2)        0.09      55.21 f
  u_cp/u_bfeed/U26995/Y (sky130_fd_sc_hd__o21ai_2)        0.07      55.29 r
  u_cp/u_bfeed/U87600/Y (sky130_fd_sc_hd__inv_2)          0.06      55.35 f
  u_cp/u_bfeed/U93588/Y (sky130_fd_sc_hd__nand2_4)        0.11      55.46 r
  u_cp/u_bfeed/U93489/Y (sky130_fd_sc_hd__inv_2)          0.06      55.52 f
  u_cp/u_bfeed/U96704/Y (sky130_fd_sc_hd__nand2_4)        0.07      55.59 r
  u_cp/u_bfeed/U85461/Y (sky130_fd_sc_hd__nand2_8)        0.08      55.67 f
  u_cp/u_bfeed/U31556/Y (sky130_fd_sc_hd__inv_8)          0.08      55.75 r
  u_cp/u_bfeed/U85460/Y (sky130_fd_sc_hd__nand3_4)        0.09      55.84 f
  u_cp/u_bfeed/U97111/Y (sky130_fd_sc_hd__inv_8)          0.13      55.97 r
  u_cp/u_bfeed/U116275/Y (sky130_fd_sc_hd__nand3_2)       0.08      56.05 f
  u_cp/u_bfeed/U92285/Y (sky130_fd_sc_hd__nor2_2)         0.11      56.16 r
  u_cp/u_bfeed/U118702/X (sky130_fd_sc_hd__buf_6)         0.17      56.33 r
  u_cp/u_bfeed/U2320/Y (sky130_fd_sc_hd__nand2_1)         0.09      56.42 f
  u_cp/u_bfeed/U91686/Y (sky130_fd_sc_hd__nand4_4)        0.12      56.54 r
  u_cp/u_bfeed/U22425/X (sky130_fd_sc_hd__buf_6)          0.10      56.64 r
  u_cp/u_bfeed/U87394/Y (sky130_fd_sc_hd__nor2_2)         0.04      56.68 f
  u_cp/u_bfeed/U103171/Y (sky130_fd_sc_hd__nor2_1)        0.13      56.81 r
  u_cp/u_bfeed/U60776/Y (sky130_fd_sc_hd__nand2_1)        0.11      56.92 f
  u_cp/u_bfeed/U60774/Y (sky130_fd_sc_hd__o21ai_2)        0.15      57.07 r
  u_cp/u_bfeed/U123953/Y (sky130_fd_sc_hd__a21oi_2)       0.05      57.12 f
  u_cp/u_bfeed/U119627/X (sky130_fd_sc_hd__buf_6)         0.14      57.26 f
  u_cp/u_bfeed/U166800/Y (sky130_fd_sc_hd__o21ai_2)       0.11      57.38 r
  u_cp/u_bfeed/U166801/Y (sky130_fd_sc_hd__xnor2_1)       0.07      57.44 f
  u_cp/u_bfeed/U12253/Y (sky130_fd_sc_hd__nand2b_1)       0.10      57.55 r
  u_cp/u_bfeed/U85185/Y (sky130_fd_sc_hd__nand3_4)        0.10      57.65 f
  u_cp/u_bfeed/U85184/Y (sky130_fd_sc_hd__nor2_2)         0.10      57.75 r
  u_cp/u_bfeed/U23253/X (sky130_fd_sc_hd__buf_4)          0.13      57.88 r
  u_cp/u_bfeed/U23836/Y (sky130_fd_sc_hd__nand4_2)        0.09      57.97 f
  u_cp/u_bfeed/U23835/Y (sky130_fd_sc_hd__a21oi_2)        0.12      58.09 r
  u_cp/u_bfeed/U82920/Y (sky130_fd_sc_hd__nand2b_2)       0.13      58.22 r
  u_cp/u_bfeed/U108056/Y (sky130_fd_sc_hd__o22ai_2)       0.07      58.29 f
  u_cp/u_bfeed/U85073/Y (sky130_fd_sc_hd__o21ai_4)        0.19      58.49 r
  u_cp/u_bfeed/U84575/Y (sky130_fd_sc_hd__nand3_1)        0.09      58.57 f
  u_cp/u_bfeed/U116323/Y (sky130_fd_sc_hd__nand2_1)       0.08      58.66 r
  u_cp/u_bfeed/U126413/Y (sky130_fd_sc_hd__xnor2_1)       0.11      58.76 r
  u_cp/u_bfeed/U105418/Y (sky130_fd_sc_hd__nand2_1)       0.07      58.83 f
  u_cp/u_bfeed/U21521/Y (sky130_fd_sc_hd__nand3_2)        0.07      58.90 r
  u_cp/u_bfeed/U22438/Y (sky130_fd_sc_hd__nand4_2)        0.09      58.99 f
  u_cp/u_bfeed/U32315/Y (sky130_fd_sc_hd__inv_2)          0.11      59.11 r
  u_cp/u_bfeed/U23415/Y (sky130_fd_sc_hd__nand3_4)        0.13      59.23 f
  u_cp/u_bfeed/U26270/Y (sky130_fd_sc_hd__a22oi_2)        0.21      59.44 r
  u_cp/u_bfeed/U12264/Y (sky130_fd_sc_hd__nand2b_4)       0.08      59.53 f
  u_cp/u_bfeed/U1587/Y (sky130_fd_sc_hd__nand2_1)         0.10      59.63 r
  u_cp/u_bfeed/U92670/Y (sky130_fd_sc_hd__nand3_1)        0.08      59.70 f
  u_cp/u_bfeed/U130758/Y (sky130_fd_sc_hd__clkinv_1)      0.05      59.75 r
  u_cp/u_bfeed/U105412/Y (sky130_fd_sc_hd__nand4_1)       0.06      59.80 f
  u_cp/u_bfeed/U94212/Y (sky130_fd_sc_hd__nand2_1)        0.07      59.87 r
  u_cp/u_bfeed/U25531/Y (sky130_fd_sc_hd__nand3_2)        0.06      59.94 f
  u_cp/u_bfeed/U117531/X (sky130_fd_sc_hd__clkbuf_2)      0.12      60.06 f
  u_cp/u_bfeed/U121325/X (sky130_fd_sc_hd__buf_6)         0.13      60.18 f
  u_cp/u_bfeed/U167120/Y (sky130_fd_sc_hd__nand2_4)       0.05      60.23 r
  u_cp/u_bfeed/U30406/Y (sky130_fd_sc_hd__clkinv_1)       0.04      60.27 f
  u_cp/u_bfeed/U167121/Y (sky130_fd_sc_hd__nand2b_1)      0.14      60.41 f
  u_cp/u_bfeed/U116272/X (sky130_fd_sc_hd__a21o_1)        0.16      60.57 f
  u_cp/u_bfeed/U25749/Y (sky130_fd_sc_hd__nand2_1)        0.07      60.64 r
  u_cp/u_bfeed/U121319/Y (sky130_fd_sc_hd__nand3b_1)      0.07      60.71 f
  u_cp/u_bfeed/U118768/Y (sky130_fd_sc_hd__nand2_1)       0.07      60.78 r
  u_cp/u_bfeed/U118767/Y (sky130_fd_sc_hd__o21ai_2)       0.07      60.85 f
  u_cp/u_bfeed/U121789/Y (sky130_fd_sc_hd__o211ai_2)      0.15      61.00 r
  u_cp/u_bfeed/U84003/Y (sky130_fd_sc_hd__nand2_1)        0.06      61.05 f
  u_cp/u_bfeed/U14123/Y (sky130_fd_sc_hd__nand3_1)        0.06      61.11 r
  u_cp/u_bfeed/U59972/Y (sky130_fd_sc_hd__nand2_1)        0.06      61.17 f
  u_cp/u_bfeed/U92215/Y (sky130_fd_sc_hd__nand3_2)        0.06      61.23 r
  u_cp/u_bfeed/U12332/Y (sky130_fd_sc_hd__nand3_2)        0.06      61.30 f
  u_cp/u_bfeed/U15682/Y (sky130_fd_sc_hd__nand3_2)        0.06      61.36 r
  u_cp/u_bfeed/U26920/Y (sky130_fd_sc_hd__nand2_2)        0.07      61.43 f
  u_cp/u_bfeed/U27003/X (sky130_fd_sc_hd__clkbuf_1)       0.11      61.54 f
  u_cp/u_bfeed/U87663/Y (sky130_fd_sc_hd__nand2_1)        0.06      61.60 r
  u_cp/u_bfeed/U86171/X (sky130_fd_sc_hd__o21a_2)         0.14      61.74 r
  u_cp/u_bfeed/U92217/Y (sky130_fd_sc_hd__inv_2)          0.04      61.78 f
  u_cp/u_bfeed/U28485/Y (sky130_fd_sc_hd__nand4_4)        0.09      61.87 r
  u_cp/u_bfeed/U25141/Y (sky130_fd_sc_hd__nand2_4)        0.07      61.94 f
  u_cp/u_bfeed/U23574/Y (sky130_fd_sc_hd__inv_8)          0.08      62.02 r
  u_cp/u_bfeed/U25283/Y (sky130_fd_sc_hd__nand4_4)        0.11      62.13 f
  u_cp/u_bfeed/U16396/X (sky130_fd_sc_hd__buf_6)          0.16      62.29 f
  u_cp/u_bfeed/U18943/Y (sky130_fd_sc_hd__o22ai_4)        0.12      62.41 r
  u_cp/u_bfeed/U13741/Y (sky130_fd_sc_hd__nand2_4)        0.09      62.50 f
  u_cp/u_bfeed/U15253/Y (sky130_fd_sc_hd__nor2_4)         0.13      62.63 r
  u_cp/u_bfeed/U14898/Y (sky130_fd_sc_hd__nand2_4)        0.08      62.71 f
  u_cp/u_bfeed/U15267/Y (sky130_fd_sc_hd__nand2_4)        0.06      62.77 r
  u_cp/u_bfeed/U12331/Y (sky130_fd_sc_hd__inv_2)          0.04      62.81 f
  u_cp/u_bfeed/U84303/Y (sky130_fd_sc_hd__nand2_4)        0.06      62.87 r
  u_cp/u_bfeed/U17172/Y (sky130_fd_sc_hd__nand4_2)        0.13      63.00 f
  u_cp/u_bfeed/U26931/Y (sky130_fd_sc_hd__nand2_2)        0.10      63.10 r
  u_cp/u_bfeed/U26289/X (sky130_fd_sc_hd__buf_6)          0.10      63.20 r
  u_cp/u_bfeed/U1094/X (sky130_fd_sc_hd__clkbuf_1)        0.09      63.29 r
  u_cp/u_bfeed/U96608/Y (sky130_fd_sc_hd__nand2_2)        0.07      63.36 f
  u_cp/u_bfeed/U27603/Y (sky130_fd_sc_hd__xnor2_1)        0.18      63.55 r
  u_cp/u_bfeed/U30570/Y (sky130_fd_sc_hd__nand2b_1)       0.09      63.64 f
  u_cp/u_bfeed/U27004/Y (sky130_fd_sc_hd__clkinv_1)       0.05      63.68 r
  u_cp/u_bfeed/U12329/Y (sky130_fd_sc_hd__nand2b_1)       0.08      63.76 f
  u_cp/u_bfeed/U15826/Y (sky130_fd_sc_hd__o21ai_4)        0.19      63.95 r
  u_cp/u_bfeed/U12278/Y (sky130_fd_sc_hd__nand3_4)        0.11      64.06 f
  u_cp/u_bfeed/U12277/Y (sky130_fd_sc_hd__inv_4)          0.09      64.15 r
  u_cp/u_bfeed/U16017/X (sky130_fd_sc_hd__buf_12)         0.14      64.29 r
  u_cp/u_bfeed/U93477/Y (sky130_fd_sc_hd__nand2_4)        0.07      64.36 f
  u_cp/u_bfeed/U17218/Y (sky130_fd_sc_hd__nand2_4)        0.08      64.45 r
  u_cp/u_bfeed/U750/Y (sky130_fd_sc_hd__nand2_1)          0.10      64.55 f
  u_cp/u_bfeed/U101908/Y (sky130_fd_sc_hd__o21ai_2)       0.24      64.78 r
  u_cp/u_bfeed/U111631/Y (sky130_fd_sc_hd__nand2b_1)      0.07      64.86 f
  u_cp/u_bfeed/U111630/Y (sky130_fd_sc_hd__nand2_1)       0.06      64.92 r
  u_cp/u_bfeed/U129950/Y (sky130_fd_sc_hd__a21oi_1)       0.04      64.96 f
  u_cp/u_bfeed/U127750/Y (sky130_fd_sc_hd__a22oi_2)       0.16      65.12 r
  u_cp/u_bfeed/U15801/X (sky130_fd_sc_hd__o21a_4)         0.16      65.28 r
  u_cp/u_bfeed/U14579/Y (sky130_fd_sc_hd__nand2_2)        0.07      65.34 f
  u_cp/u_bfeed/U96749/Y (sky130_fd_sc_hd__nor2_4)         0.13      65.47 r
  u_cp/u_bfeed/U528/X (sky130_fd_sc_hd__buf_2)            0.15      65.62 r
  u_cp/u_bfeed/U510/Y (sky130_fd_sc_hd__nand2_1)          0.07      65.69 f
  u_cp/u_bfeed/U11454/Y (sky130_fd_sc_hd__inv_2)          0.05      65.74 r
  u_cp/u_bfeed/U121400/Y (sky130_fd_sc_hd__nand2_2)       0.06      65.80 f
  u_cp/u_bfeed/U23166/Y (sky130_fd_sc_hd__nor2_4)         0.10      65.90 r
  u_cp/u_bfeed/U23167/Y (sky130_fd_sc_hd__o21ai_2)        0.06      65.96 f
  u_cp/u_bfeed/U108190/Y (sky130_fd_sc_hd__a21oi_1)       0.10      66.07 r
  u_cp/u_bfeed/U119688/Y (sky130_fd_sc_hd__o21ai_1)       0.07      66.13 f
  u_cp/u_bfeed/U98198/Y (sky130_fd_sc_hd__a21oi_1)        0.14      66.27 r
  u_cp/u_bfeed/U17411/Y (sky130_fd_sc_hd__xnor2_1)        0.14      66.41 r
  u_cp/u_bfeed/U167532/Y (sky130_fd_sc_hd__nand2b_1)      0.13      66.54 r
  u_cp/u_bfeed/U23425/Y (sky130_fd_sc_hd__nand4_2)        0.12      66.67 f
  u_cp/u_bfeed/U23423/Y (sky130_fd_sc_hd__inv_4)          0.13      66.80 r
  u_cp/u_bfeed/U11455/Y (sky130_fd_sc_hd__inv_8)          0.06      66.86 f
  u_cp/u_bfeed/U94179/Y (sky130_fd_sc_hd__a21oi_4)        0.13      66.99 r
  u_cp/u_bfeed/U84673/Y (sky130_fd_sc_hd__nand4_2)        0.12      67.11 f
  u_cp/u_bfeed/U16861/Y (sky130_fd_sc_hd__nand3_2)        0.09      67.20 r
  u_cp/u_bfeed/U99508/Y (sky130_fd_sc_hd__inv_2)          0.04      67.24 f
  u_cp/u_bfeed/U16967/Y (sky130_fd_sc_hd__nand4_4)        0.08      67.32 r
  u_cp/u_bfeed/U14949/X (sky130_fd_sc_hd__buf_2)          0.13      67.46 r
  u_cp/u_bfeed/U12275/Y (sky130_fd_sc_hd__nand2_2)        0.05      67.51 f
  u_cp/u_bfeed/U12281/Y (sky130_fd_sc_hd__inv_4)          0.09      67.60 r
  u_cp/u_bfeed/U131813/Y (sky130_fd_sc_hd__nand2b_1)      0.12      67.72 r
  u_cp/u_bfeed/U16837/Y (sky130_fd_sc_hd__o211ai_2)       0.08      67.79 f
  u_cp/u_bfeed/U100489/Y (sky130_fd_sc_hd__o21ai_2)       0.06      67.85 r
  u_cp/u_bfeed/U209848/Y (sky130_fd_sc_hd__inv_2)         0.08      67.93 f
  u_cp/u_bfeed/U14076/Y (sky130_fd_sc_hd__inv_1)          0.10      68.03 r
  u_cp/u_bfeed/U212335/Y (sky130_fd_sc_hd__mux2i_1)       0.07      68.11 f
  u_cp/u_bfeed/row_reg[32][18]/D (sky130_fd_sc_hd__dfxtp_1)     0.00    68.11 f
  data arrival time                                                 68.11

  clock clk (rise edge)                                   1.00       1.00
  clock network delay (ideal)                             0.00       1.00
  u_cp/u_bfeed/row_reg[32][18]/CLK (sky130_fd_sc_hd__dfxtp_1)     0.00     1.00 r
  library setup time                                     -0.15       0.85
  data required time                                                 0.85
  --------------------------------------------------------------------------
  data required time                                                 0.85
  data arrival time                                                -68.11
  --------------------------------------------------------------------------
  slack (VIOLATED)                                                 -67.26


  Startpoint: u_cp/pos_base_reg[2]
              (rising edge-triggered flip-flop clocked by clk)
  Endpoint: u_cp/u_bfeed/row_reg[8][19]
            (rising edge-triggered flip-flop clocked by clk)
  Path Group: clk
  Path Type: max

  Point                                                   Incr       Path
  --------------------------------------------------------------------------
  clock clk (rise edge)                                   0.00       0.00
  clock network delay (ideal)                             0.00       0.00
  u_cp/pos_base_reg[2]/CLK (sky130_fd_sc_hd__dfxtp_4)     0.00 #     0.00 r
  u_cp/pos_base_reg[2]/Q (sky130_fd_sc_hd__dfxtp_4)       0.38       0.38 r
  u_cp/u_bfeed/pos_base[2] (kv_bfeed_MAX_N128)            0.00       0.38 r
  u_cp/u_bfeed/U85392/Y (sky130_fd_sc_hd__nand2_4)        0.07       0.45 f
  u_cp/u_bfeed/U13875/Y (sky130_fd_sc_hd__nand2_2)        0.06       0.52 r
  u_cp/u_bfeed/U18882/Y (sky130_fd_sc_hd__nand3_2)        0.05       0.57 f
  u_cp/u_bfeed/U18881/Y (sky130_fd_sc_hd__nand2_2)        0.07       0.64 r
  u_cp/u_bfeed/U24821/Y (sky130_fd_sc_hd__nand2_4)        0.06       0.70 f
  u_cp/u_bfeed/U24820/Y (sky130_fd_sc_hd__nand2_8)        0.09       0.80 r
  u_cp/u_bfeed/U81859/Y (sky130_fd_sc_hd__nand2_4)        0.06       0.86 f
  u_cp/u_bfeed/U79424/Y (sky130_fd_sc_hd__o21bai_2)       0.11       0.97 r
  u_cp/u_bfeed/U26533/Y (sky130_fd_sc_hd__nand2_2)        0.07       1.03 f
  u_cp/u_bfeed/U26532/X (sky130_fd_sc_hd__and2_4)         0.14       1.17 f
  u_cp/u_bfeed/U83281/Y (sky130_fd_sc_hd__nand4b_1)       0.08       1.25 r
  u_cp/u_bfeed/U22910/Y (sky130_fd_sc_hd__nand4_1)        0.09       1.34 f
  u_cp/u_bfeed/U83932/Y (sky130_fd_sc_hd__inv_2)          0.09       1.43 r
  u_cp/u_bfeed/U122113/Y (sky130_fd_sc_hd__inv_4)         0.05       1.48 f
  u_cp/u_bfeed/U28450/Y (sky130_fd_sc_hd__inv_12)         0.10       1.59 r
  u_cp/u_bfeed/U21360/Y (sky130_fd_sc_hd__nand2_8)        0.08       1.66 f
  u_cp/u_bfeed/U98384/Y (sky130_fd_sc_hd__nor2_2)         0.13       1.79 r
  u_cp/u_bfeed/U124855/X (sky130_fd_sc_hd__buf_6)         0.18       1.97 r
  u_cp/u_bfeed/U152820/Y (sky130_fd_sc_hd__o22ai_1)       0.10       2.07 f
  u_cp/u_bfeed/U152822/COUT (sky130_fd_sc_hd__fah_1)      0.39       2.45 f
  u_cp/u_bfeed/U78681/Y (sky130_fd_sc_hd__xnor2_1)        0.19       2.64 r
  u_cp/u_bfeed/U78619/Y (sky130_fd_sc_hd__xnor2_1)        0.15       2.79 r
  u_cp/u_bfeed/U152842/COUT (sky130_fd_sc_hd__fah_1)      0.39       3.19 r
  u_cp/u_bfeed/U25149/Y (sky130_fd_sc_hd__nand2_2)        0.06       3.25 f
  u_cp/u_bfeed/U25498/Y (sky130_fd_sc_hd__nand2_2)        0.06       3.31 r
  u_cp/u_bfeed/U25497/Y (sky130_fd_sc_hd__xnor2_1)        0.12       3.44 r
  u_cp/u_bfeed/U41223/Y (sky130_fd_sc_hd__xnor2_1)        0.17       3.60 r
  u_cp/u_bfeed/U47684/Y (sky130_fd_sc_hd__nor2_2)         0.06       3.67 f
  u_cp/u_bfeed/U11211/Y (sky130_fd_sc_hd__nor2_1)         0.12       3.79 r
  u_cp/u_bfeed/U85510/Y (sky130_fd_sc_hd__nand2_1)        0.07       3.86 f
  u_cp/u_bfeed/U127491/Y (sky130_fd_sc_hd__o21ai_1)       0.15       4.01 r
  u_cp/u_bfeed/U119605/Y (sky130_fd_sc_hd__a21oi_2)       0.05       4.07 f
  u_cp/u_bfeed/U119604/Y (sky130_fd_sc_hd__o21ai_2)       0.14       4.21 r
  u_cp/u_bfeed/U152889/Y (sky130_fd_sc_hd__xnor2_2)       0.15       4.36 r
  u_cp/u_bfeed/U129658/Y (sky130_fd_sc_hd__inv_2)         0.09       4.45 f
  u_cp/u_bfeed/U131845/Y (sky130_fd_sc_hd__nand2_8)       0.19       4.64 r
  u_cp/u_bfeed/U97112/Y (sky130_fd_sc_hd__nor2_4)         0.04       4.68 f
  u_cp/u_bfeed/U78103/Y (sky130_fd_sc_hd__inv_2)          0.06       4.74 r
  u_cp/u_bfeed/U20778/Y (sky130_fd_sc_hd__nand2_4)        0.08       4.82 f
  u_cp/u_bfeed/U152996/COUT (sky130_fd_sc_hd__fah_1)      0.33       5.16 f
  u_cp/u_bfeed/U152997/SUM (sky130_fd_sc_hd__fah_1)       0.33       5.48 r
  u_cp/u_bfeed/U124429/Y (sky130_fd_sc_hd__xnor2_1)       0.14       5.62 r
  u_cp/u_bfeed/U126048/Y (sky130_fd_sc_hd__xnor2_1)       0.13       5.75 r
  u_cp/u_bfeed/U153042/SUM (sky130_fd_sc_hd__fah_1)       0.28       6.03 f
  u_cp/u_bfeed/U125097/Y (sky130_fd_sc_hd__nand2b_4)      0.15       6.19 f
  u_cp/u_bfeed/U130884/Y (sky130_fd_sc_hd__nand2_2)       0.06       6.24 r
  u_cp/u_bfeed/U129756/Y (sky130_fd_sc_hd__inv_2)         0.04       6.28 f
  u_cp/u_bfeed/U124474/Y (sky130_fd_sc_hd__nand2_2)       0.05       6.32 r
  u_cp/u_bfeed/U125750/Y (sky130_fd_sc_hd__nand3_2)       0.07       6.39 f
  u_cp/u_bfeed/U153115/Y (sky130_fd_sc_hd__nand3_1)       0.06       6.45 r
  u_cp/u_bfeed/U123399/Y (sky130_fd_sc_hd__nand2_1)       0.06       6.51 f
  u_cp/u_bfeed/U153116/Y (sky130_fd_sc_hd__inv_2)         0.07       6.57 r
  u_cp/u_bfeed/U153117/Y (sky130_fd_sc_hd__nand2_4)       0.07       6.65 f
  u_cp/u_bfeed/U19389/Y (sky130_fd_sc_hd__inv_6)          0.10       6.75 r
  u_cp/u_bfeed/U99957/Y (sky130_fd_sc_hd__nand2_2)        0.05       6.80 f
  u_cp/u_bfeed/U21706/X (sky130_fd_sc_hd__o21a_4)         0.12       6.92 f
  u_cp/u_bfeed/U21705/Y (sky130_fd_sc_hd__nand2_4)        0.07       6.99 r
  u_cp/u_bfeed/U20758/Y (sky130_fd_sc_hd__inv_6)          0.06       7.04 f
  u_cp/u_bfeed/U77663/Y (sky130_fd_sc_hd__inv_4)          0.06       7.10 r
  u_cp/u_bfeed/U125901/Y (sky130_fd_sc_hd__nand2_4)       0.06       7.16 f
  u_cp/u_bfeed/U125900/Y (sky130_fd_sc_hd__xnor2_4)       0.19       7.35 r
  u_cp/u_bfeed/U25637/Y (sky130_fd_sc_hd__nand3_4)        0.13       7.48 f
  u_cp/u_bfeed/U25636/Y (sky130_fd_sc_hd__nor2_8)         0.14       7.63 r
  u_cp/u_bfeed/U153300/Y (sky130_fd_sc_hd__nand2_1)       0.08       7.70 f
  u_cp/u_bfeed/U17157/Y (sky130_fd_sc_hd__nand2_2)        0.07       7.77 r
  u_cp/u_bfeed/U93619/Y (sky130_fd_sc_hd__nand4_2)        0.12       7.89 f
  u_cp/u_bfeed/U94371/Y (sky130_fd_sc_hd__inv_4)          0.13       8.03 r
  u_cp/u_bfeed/U102105/Y (sky130_fd_sc_hd__inv_2)         0.05       8.07 f
  u_cp/u_bfeed/U25511/Y (sky130_fd_sc_hd__nand2_2)        0.05       8.12 r
  u_cp/u_bfeed/U25657/Y (sky130_fd_sc_hd__nand3_2)        0.07       8.19 f
  u_cp/u_bfeed/U19698/Y (sky130_fd_sc_hd__a21oi_4)        0.15       8.35 r
  u_cp/u_bfeed/U17111/Y (sky130_fd_sc_hd__nand2_2)        0.09       8.44 f
  u_cp/u_bfeed/U27016/Y (sky130_fd_sc_hd__o21ai_2)        0.14       8.58 r
  u_cp/u_bfeed/U127012/Y (sky130_fd_sc_hd__nand2_2)       0.08       8.66 f
  u_cp/u_bfeed/U87371/Y (sky130_fd_sc_hd__nand3_4)        0.14       8.80 r
  u_cp/u_bfeed/U17155/Y (sky130_fd_sc_hd__inv_6)          0.06       8.85 f
  u_cp/u_bfeed/U94522/Y (sky130_fd_sc_hd__nand2_4)        0.09       8.94 r
  u_cp/u_bfeed/U10714/Y (sky130_fd_sc_hd__inv_2)          0.05       9.00 f
  u_cp/u_bfeed/U20251/Y (sky130_fd_sc_hd__nand2_4)        0.05       9.05 r
  u_cp/u_bfeed/U32058/Y (sky130_fd_sc_hd__nand4_4)        0.09       9.14 f
  u_cp/u_bfeed/U83925/Y (sky130_fd_sc_hd__nand3_2)        0.09       9.23 r
  u_cp/u_bfeed/U97087/Y (sky130_fd_sc_hd__nand2_4)        0.09       9.32 f
  u_cp/u_bfeed/U153332/COUT (sky130_fd_sc_hd__fah_1)      0.35       9.67 f
  u_cp/u_bfeed/U131681/Y (sky130_fd_sc_hd__xnor2_1)       0.22       9.89 r
  u_cp/u_bfeed/U153334/SUM (sky130_fd_sc_hd__fah_1)       0.34      10.23 r
  u_cp/u_bfeed/U116726/Y (sky130_fd_sc_hd__inv_2)         0.05      10.28 f
  u_cp/u_bfeed/U16975/Y (sky130_fd_sc_hd__nand2b_4)       0.07      10.35 r
  u_cp/u_bfeed/U16227/Y (sky130_fd_sc_hd__nand3_4)        0.07      10.42 f
  u_cp/u_bfeed/U16226/Y (sky130_fd_sc_hd__nor2_4)         0.12      10.54 r
  u_cp/u_bfeed/U127274/Y (sky130_fd_sc_hd__nand4_1)       0.13      10.67 f
  u_cp/u_bfeed/U91144/Y (sky130_fd_sc_hd__nand2_4)        0.16      10.83 r
  u_cp/u_bfeed/U92739/Y (sky130_fd_sc_hd__nand2_2)        0.06      10.89 f
  u_cp/u_bfeed/U92568/Y (sky130_fd_sc_hd__o21ai_2)        0.07      10.96 r
  u_cp/u_bfeed/U91133/Y (sky130_fd_sc_hd__nand2_4)        0.08      11.04 f
  u_cp/u_bfeed/U99271/Y (sky130_fd_sc_hd__nand2_4)        0.07      11.11 r
  u_cp/u_bfeed/U99969/Y (sky130_fd_sc_hd__nand3_2)        0.06      11.17 f
  u_cp/u_bfeed/U16976/Y (sky130_fd_sc_hd__nand3_2)        0.06      11.23 r
  u_cp/u_bfeed/U21761/Y (sky130_fd_sc_hd__nand3_2)        0.07      11.30 f
  u_cp/u_bfeed/U93597/Y (sky130_fd_sc_hd__nand3_2)        0.10      11.40 r
  u_cp/u_bfeed/U94161/Y (sky130_fd_sc_hd__inv_4)          0.07      11.47 f
  u_cp/u_bfeed/U20856/Y (sky130_fd_sc_hd__nand2b_2)       0.21      11.68 f
  u_cp/u_bfeed/U90134/Y (sky130_fd_sc_hd__nand2_4)        0.13      11.81 r
  u_cp/u_bfeed/U23502/Y (sky130_fd_sc_hd__nand3_4)        0.14      11.95 f
  u_cp/u_bfeed/U23501/Y (sky130_fd_sc_hd__nor2_4)         0.20      12.15 r
  u_cp/u_bfeed/U20761/Y (sky130_fd_sc_hd__nand2_2)        0.05      12.20 f
  u_cp/u_bfeed/U16272/X (sky130_fd_sc_hd__o21a_2)         0.12      12.32 f
  u_cp/u_bfeed/U20745/Y (sky130_fd_sc_hd__nand4_4)        0.08      12.41 r
  u_cp/u_bfeed/U12101/Y (sky130_fd_sc_hd__nand2_1)        0.06      12.47 f
  u_cp/u_bfeed/U76316/Y (sky130_fd_sc_hd__o21ai_1)        0.15      12.62 r
  u_cp/u_bfeed/U127806/Y (sky130_fd_sc_hd__a21oi_2)       0.06      12.68 f
  u_cp/u_bfeed/U121259/Y (sky130_fd_sc_hd__o21ai_2)       0.19      12.87 r
  u_cp/u_bfeed/U121258/Y (sky130_fd_sc_hd__inv_2)         0.10      12.97 f
  u_cp/u_bfeed/U10444/Y (sky130_fd_sc_hd__o21ai_1)        0.15      13.11 r
  u_cp/u_bfeed/U153667/Y (sky130_fd_sc_hd__xnor2_1)       0.07      13.19 f
  u_cp/u_bfeed/U121315/Y (sky130_fd_sc_hd__nand2b_1)      0.06      13.25 r
  u_cp/u_bfeed/U92472/Y (sky130_fd_sc_hd__nand2_1)        0.05      13.30 f
  u_cp/u_bfeed/U90946/Y (sky130_fd_sc_hd__nor2_1)         0.09      13.39 r
  u_cp/u_bfeed/U119778/Y (sky130_fd_sc_hd__nand3_1)       0.09      13.47 f
  u_cp/u_bfeed/U131174/Y (sky130_fd_sc_hd__inv_2)         0.06      13.54 r
  u_cp/u_bfeed/U121685/Y (sky130_fd_sc_hd__nand2_2)       0.05      13.59 f
  u_cp/u_bfeed/U153746/Y (sky130_fd_sc_hd__nor2_2)        0.11      13.70 r
  u_cp/u_bfeed/U100438/Y (sky130_fd_sc_hd__nand3_1)       0.09      13.79 f
  u_cp/u_bfeed/U92771/Y (sky130_fd_sc_hd__nand2_1)        0.06      13.85 r
  u_cp/u_bfeed/U153773/Y (sky130_fd_sc_hd__nand4_1)       0.08      13.93 f
  u_cp/u_bfeed/U121192/Y (sky130_fd_sc_hd__nand2_1)       0.08      14.01 r
  u_cp/u_bfeed/U25485/Y (sky130_fd_sc_hd__nor2_2)         0.05      14.06 f
  u_cp/u_bfeed/U25484/Y (sky130_fd_sc_hd__o21ai_4)        0.13      14.19 r
  u_cp/u_bfeed/U119768/Y (sky130_fd_sc_hd__inv_2)         0.07      14.27 f
  u_cp/u_bfeed/U153802/Y (sky130_fd_sc_hd__o21ai_2)       0.12      14.38 r
  u_cp/u_bfeed/U131705/Y (sky130_fd_sc_hd__xnor2_1)       0.12      14.50 r
  u_cp/u_bfeed/U92763/Y (sky130_fd_sc_hd__nand2b_1)       0.08      14.58 f
  u_cp/u_bfeed/U92762/Y (sky130_fd_sc_hd__nand3_2)        0.07      14.64 r
  u_cp/u_bfeed/U86033/Y (sky130_fd_sc_hd__nand3_2)        0.06      14.70 f
  u_cp/u_bfeed/U91886/Y (sky130_fd_sc_hd__inv_2)          0.09      14.79 r
  u_cp/u_bfeed/U94571/Y (sky130_fd_sc_hd__nand3_4)        0.10      14.89 f
  u_cp/u_bfeed/U121154/Y (sky130_fd_sc_hd__nand2_2)       0.08      14.97 r
  u_cp/u_bfeed/U26469/Y (sky130_fd_sc_hd__nand3_2)        0.07      15.04 f
  u_cp/u_bfeed/U119408/Y (sky130_fd_sc_hd__inv_2)         0.06      15.10 r
  u_cp/u_bfeed/U127164/Y (sky130_fd_sc_hd__nand2_2)       0.05      15.14 f
  u_cp/u_bfeed/U88156/Y (sky130_fd_sc_hd__nand3_1)        0.07      15.21 r
  u_cp/u_bfeed/U119188/Y (sky130_fd_sc_hd__nand3_1)       0.06      15.28 f
  u_cp/u_bfeed/U119187/Y (sky130_fd_sc_hd__o21ai_1)       0.06      15.34 r
  u_cp/u_bfeed/U130082/Y (sky130_fd_sc_hd__nand4_1)       0.09      15.44 f
  u_cp/u_bfeed/U125899/Y (sky130_fd_sc_hd__nand2_2)       0.09      15.52 r
  u_cp/u_bfeed/U119693/Y (sky130_fd_sc_hd__inv_4)         0.07      15.59 f
  u_cp/u_bfeed/U100488/Y (sky130_fd_sc_hd__nand2_2)       0.08      15.68 r
  u_cp/u_bfeed/U126896/Y (sky130_fd_sc_hd__nand2_4)       0.08      15.76 f
  u_cp/u_bfeed/U24987/X (sky130_fd_sc_hd__buf_12)         0.14      15.90 f
  u_cp/u_bfeed/U119343/Y (sky130_fd_sc_hd__nand2_8)       0.06      15.96 r
  u_cp/u_bfeed/U56927/Y (sky130_fd_sc_hd__inv_4)          0.05      16.01 f
  u_cp/u_bfeed/U75555/Y (sky130_fd_sc_hd__nand2_1)        0.05      16.06 r
  u_cp/u_bfeed/U90537/Y (sky130_fd_sc_hd__nand4_1)        0.08      16.14 f
  u_cp/u_bfeed/U154323/Y (sky130_fd_sc_hd__inv_1)         0.08      16.22 r
  u_cp/u_bfeed/U154414/X (sky130_fd_sc_hd__o22a_1)        0.11      16.34 r
  u_cp/u_bfeed/U94077/X (sky130_fd_sc_hd__o21a_2)         0.16      16.49 r
  u_cp/u_bfeed/U13437/Y (sky130_fd_sc_hd__nand3_4)        0.09      16.58 f
  u_cp/u_bfeed/U115301/Y (sky130_fd_sc_hd__nor2_2)        0.12      16.70 r
  u_cp/u_bfeed/U28184/Y (sky130_fd_sc_hd__o21ai_2)        0.07      16.77 f
  u_cp/u_bfeed/U28183/Y (sky130_fd_sc_hd__a21oi_2)        0.14      16.91 r
  u_cp/u_bfeed/U15056/Y (sky130_fd_sc_hd__o21ai_2)        0.07      16.99 f
  u_cp/u_bfeed/U15055/X (sky130_fd_sc_hd__a21o_2)         0.23      17.22 f
  u_cp/u_bfeed/U20377/Y (sky130_fd_sc_hd__inv_4)          0.11      17.33 r
  u_cp/u_bfeed/U93002/Y (sky130_fd_sc_hd__o21ai_2)        0.06      17.40 f
  u_cp/u_bfeed/U154611/Y (sky130_fd_sc_hd__xnor2_1)       0.13      17.52 f
  u_cp/u_bfeed/U154781/Y (sky130_fd_sc_hd__o2bb2ai_1)     0.13      17.65 f
  u_cp/u_bfeed/U154782/Y (sky130_fd_sc_hd__a21oi_2)       0.17      17.82 r
  u_cp/u_bfeed/U100772/Y (sky130_fd_sc_hd__nand3_1)       0.09      17.91 f
  u_cp/u_bfeed/U99087/X (sky130_fd_sc_hd__o211a_1)        0.23      18.14 f
  u_cp/u_bfeed/U154803/Y (sky130_fd_sc_hd__o21ai_2)       0.07      18.22 r
  u_cp/u_bfeed/U154804/Y (sky130_fd_sc_hd__nor2_2)        0.07      18.29 f
  u_cp/u_bfeed/U20288/Y (sky130_fd_sc_hd__o21ai_4)        0.21      18.49 r
  u_cp/u_bfeed/U119013/Y (sky130_fd_sc_hd__xnor2_1)       0.13      18.63 r
  u_cp/u_bfeed/U88197/Y (sky130_fd_sc_hd__nand2_1)        0.06      18.69 f
  u_cp/u_bfeed/U129984/Y (sky130_fd_sc_hd__nand2_1)       0.06      18.75 r
  u_cp/u_bfeed/U129985/Y (sky130_fd_sc_hd__nand2_1)       0.05      18.79 f
  u_cp/u_bfeed/U75073/Y (sky130_fd_sc_hd__inv_1)          0.04      18.84 r
  u_cp/u_bfeed/U26919/Y (sky130_fd_sc_hd__nand4_1)        0.08      18.91 f
  u_cp/u_bfeed/U154830/Y (sky130_fd_sc_hd__clkinv_1)      0.07      18.99 r
  u_cp/u_bfeed/U95365/Y (sky130_fd_sc_hd__nand4_4)        0.10      19.09 f
  u_cp/u_bfeed/U24946/Y (sky130_fd_sc_hd__o21bai_2)       0.18      19.27 r
  u_cp/u_bfeed/U128736/Y (sky130_fd_sc_hd__inv_4)         0.08      19.35 f
  u_cp/u_bfeed/U127565/X (sky130_fd_sc_hd__o211a_2)       0.13      19.49 f
  u_cp/u_bfeed/U119012/Y (sky130_fd_sc_hd__o21bai_4)      0.19      19.68 f
  u_cp/u_bfeed/U132528/Y (sky130_fd_sc_hd__inv_2)         0.07      19.75 r
  u_cp/u_bfeed/U155113/Y (sky130_fd_sc_hd__mux2i_1)       0.20      19.95 r
  u_cp/u_bfeed/U128255/Y (sky130_fd_sc_hd__nand2b_4)      0.20      20.15 r
  u_cp/u_bfeed/U125921/Y (sky130_fd_sc_hd__nor2_4)        0.06      20.21 f
  u_cp/u_bfeed/U29030/Y (sky130_fd_sc_hd__nand2_1)        0.06      20.27 r
  u_cp/u_bfeed/U129754/Y (sky130_fd_sc_hd__o21ai_2)       0.05      20.33 f
  u_cp/u_bfeed/U155158/Y (sky130_fd_sc_hd__mux2i_1)       0.14      20.46 r
  u_cp/u_bfeed/U128261/Y (sky130_fd_sc_hd__nand3_2)       0.14      20.60 f
  u_cp/u_bfeed/U20757/X (sky130_fd_sc_hd__clkbuf_1)       0.13      20.73 f
  u_cp/u_bfeed/U124543/Y (sky130_fd_sc_hd__nand2_2)       0.07      20.80 r
  u_cp/u_bfeed/U128260/Y (sky130_fd_sc_hd__o21ai_2)       0.06      20.85 f
  u_cp/u_bfeed/U128259/Y (sky130_fd_sc_hd__a21oi_2)       0.12      20.97 r
  u_cp/u_bfeed/U127874/Y (sky130_fd_sc_hd__o21ai_2)       0.08      21.05 f
  u_cp/u_bfeed/U88737/X (sky130_fd_sc_hd__a21o_4)         0.23      21.28 f
  u_cp/u_bfeed/U88736/Y (sky130_fd_sc_hd__nand2b_2)       0.07      21.35 r
  u_cp/u_bfeed/U20427/Y (sky130_fd_sc_hd__nand2_2)        0.04      21.39 f
  u_cp/u_bfeed/U20426/Y (sky130_fd_sc_hd__xnor2_1)        0.12      21.52 f
  u_cp/u_bfeed/U132988/Y (sky130_fd_sc_hd__a22oi_2)       0.14      21.66 r
  u_cp/u_bfeed/U129083/Y (sky130_fd_sc_hd__nand2_2)       0.09      21.75 f
  u_cp/u_bfeed/U95024/Y (sky130_fd_sc_hd__nor2_4)         0.11      21.86 r
  u_cp/u_bfeed/U95023/Y (sky130_fd_sc_hd__nand2_2)        0.08      21.94 f
  u_cp/u_bfeed/U97105/Y (sky130_fd_sc_hd__inv_4)          0.09      22.02 r
  u_cp/u_bfeed/U23404/Y (sky130_fd_sc_hd__nand2_4)        0.06      22.08 f
  u_cp/u_bfeed/U121867/Y (sky130_fd_sc_hd__inv_4)         0.07      22.15 r
  u_cp/u_bfeed/U88157/Y (sky130_fd_sc_hd__nand2_2)        0.06      22.21 f
  u_cp/u_bfeed/U19690/Y (sky130_fd_sc_hd__nand3_4)        0.08      22.29 r
  u_cp/u_bfeed/U127657/Y (sky130_fd_sc_hd__nand2_4)       0.06      22.35 f
  u_cp/u_bfeed/U11597/Y (sky130_fd_sc_hd__o21ai_2)        0.15      22.50 r
  u_cp/u_bfeed/U93634/Y (sky130_fd_sc_hd__a21oi_4)        0.07      22.57 f
  u_cp/u_bfeed/U107600/Y (sky130_fd_sc_hd__o21ai_1)       0.16      22.72 r
  u_cp/u_bfeed/U155460/Y (sky130_fd_sc_hd__xnor2_1)       0.13      22.85 r
  u_cp/u_bfeed/U127490/Y (sky130_fd_sc_hd__nand2_1)       0.07      22.93 f
  u_cp/u_bfeed/U127878/Y (sky130_fd_sc_hd__nand2_1)       0.06      22.99 r
  u_cp/u_bfeed/U95061/X (sky130_fd_sc_hd__and2_4)         0.14      23.13 r
  u_cp/u_bfeed/U25778/Y (sky130_fd_sc_hd__nand3_4)        0.13      23.26 f
  u_cp/u_bfeed/U13728/Y (sky130_fd_sc_hd__inv_8)          0.12      23.38 r
  u_cp/u_bfeed/U21656/Y (sky130_fd_sc_hd__nand2_2)        0.05      23.43 f
  u_cp/u_bfeed/U118850/Y (sky130_fd_sc_hd__inv_2)         0.06      23.49 r
  u_cp/u_bfeed/U94268/Y (sky130_fd_sc_hd__nand2_1)        0.06      23.55 f
  u_cp/u_bfeed/U93300/Y (sky130_fd_sc_hd__a2bb2oi_2)      0.14      23.69 f
  u_cp/u_bfeed/U20202/Y (sky130_fd_sc_hd__o21ai_2)        0.14      23.83 r
  u_cp/u_bfeed/U15542/Y (sky130_fd_sc_hd__inv_1)          0.05      23.87 f
  u_cp/u_bfeed/U18942/Y (sky130_fd_sc_hd__nand2_1)        0.06      23.94 r
  u_cp/u_bfeed/U20110/Y (sky130_fd_sc_hd__o21ai_2)        0.08      24.01 f
  u_cp/u_bfeed/U99125/Y (sky130_fd_sc_hd__a21oi_4)        0.14      24.15 r
  u_cp/u_bfeed/U91366/X (sky130_fd_sc_hd__buf_6)          0.12      24.27 r
  u_cp/u_bfeed/U99123/Y (sky130_fd_sc_hd__nor2_2)         0.03      24.31 f
  u_cp/u_bfeed/U93209/Y (sky130_fd_sc_hd__nor2_2)         0.12      24.42 r
  u_cp/u_bfeed/U155719/Y (sky130_fd_sc_hd__nand2_1)       0.08      24.50 f
  u_cp/u_bfeed/U20157/Y (sky130_fd_sc_hd__o21ai_1)        0.15      24.65 r
  u_cp/u_bfeed/U94215/Y (sky130_fd_sc_hd__a21oi_2)        0.05      24.70 f
  u_cp/u_bfeed/U94214/Y (sky130_fd_sc_hd__inv_2)          0.11      24.81 r
  u_cp/u_bfeed/U13725/Y (sky130_fd_sc_hd__inv_6)          0.05      24.86 f
  u_cp/u_bfeed/U9198/Y (sky130_fd_sc_hd__o21ai_1)         0.13      24.99 r
  u_cp/u_bfeed/U155819/Y (sky130_fd_sc_hd__xnor2_1)       0.09      25.08 f
  u_cp/u_bfeed/U14020/Y (sky130_fd_sc_hd__a21oi_2)        0.16      25.23 r
  u_cp/u_bfeed/U19706/X (sky130_fd_sc_hd__buf_2)          0.13      25.36 r
  u_cp/u_bfeed/U18429/X (sky130_fd_sc_hd__and2_1)         0.10      25.47 r
  u_cp/u_bfeed/U20111/X (sky130_fd_sc_hd__and2_4)         0.15      25.62 r
  u_cp/u_bfeed/U19739/Y (sky130_fd_sc_hd__nand2_4)        0.05      25.68 f
  u_cp/u_bfeed/U96735/Y (sky130_fd_sc_hd__nor2_4)         0.11      25.79 r
  u_cp/u_bfeed/U94167/Y (sky130_fd_sc_hd__nor2_4)         0.05      25.83 f
  u_cp/u_bfeed/U114150/Y (sky130_fd_sc_hd__a21oi_2)       0.09      25.93 r
  u_cp/u_bfeed/U121183/Y (sky130_fd_sc_hd__o21ai_1)       0.07      26.00 f
  u_cp/u_bfeed/U128887/Y (sky130_fd_sc_hd__a21oi_2)       0.15      26.15 r
  u_cp/u_bfeed/U129403/Y (sky130_fd_sc_hd__xnor2_1)       0.09      26.24 f
  u_cp/u_bfeed/U110807/Y (sky130_fd_sc_hd__o21ai_2)       0.16      26.40 r
  u_cp/u_bfeed/U98141/Y (sky130_fd_sc_hd__nand3_4)        0.12      26.52 f
  u_cp/u_bfeed/U21660/Y (sky130_fd_sc_hd__o21bai_4)       0.21      26.73 r
  u_cp/u_bfeed/U99311/Y (sky130_fd_sc_hd__inv_8)          0.10      26.83 f
  u_cp/u_bfeed/U121286/Y (sky130_fd_sc_hd__nand2_4)       0.07      26.91 r
  u_cp/u_bfeed/U19745/X (sky130_fd_sc_hd__o21a_4)         0.15      27.05 r
  u_cp/u_bfeed/U116403/Y (sky130_fd_sc_hd__inv_4)         0.05      27.11 f
  u_cp/u_bfeed/U156170/COUT (sky130_fd_sc_hd__fah_1)      0.35      27.45 f
  u_cp/u_bfeed/U130087/Y (sky130_fd_sc_hd__o21ai_2)       0.15      27.61 r
  u_cp/u_bfeed/U125261/Y (sky130_fd_sc_hd__nand2_2)       0.08      27.69 f
  u_cp/u_bfeed/U126252/Y (sky130_fd_sc_hd__o21ai_2)       0.06      27.75 r
  u_cp/u_bfeed/U130083/Y (sky130_fd_sc_hd__o21ai_2)       0.08      27.83 f
  u_cp/u_bfeed/U110483/Y (sky130_fd_sc_hd__xnor2_1)       0.13      27.96 f
  u_cp/u_bfeed/U126346/Y (sky130_fd_sc_hd__xnor2_1)       0.19      28.15 r
  u_cp/u_bfeed/U99316/Y (sky130_fd_sc_hd__nand2b_4)       0.17      28.32 r
  u_cp/u_bfeed/U25514/Y (sky130_fd_sc_hd__nand2_2)        0.06      28.38 f
  u_cp/u_bfeed/U131246/Y (sky130_fd_sc_hd__nor2_1)        0.12      28.50 r
  u_cp/u_bfeed/U130757/Y (sky130_fd_sc_hd__nand4_2)       0.13      28.63 f
  u_cp/u_bfeed/U100155/Y (sky130_fd_sc_hd__nand3_4)       0.12      28.75 r
  u_cp/u_bfeed/U100156/Y (sky130_fd_sc_hd__inv_8)         0.07      28.82 f
  u_cp/u_bfeed/U20762/Y (sky130_fd_sc_hd__inv_2)          0.07      28.89 r
  u_cp/u_bfeed/U83132/Y (sky130_fd_sc_hd__nand2_2)        0.04      28.93 f
  u_cp/u_bfeed/U25815/Y (sky130_fd_sc_hd__o21ai_2)        0.06      28.99 r
  u_cp/u_bfeed/U21515/Y (sky130_fd_sc_hd__nand4_2)        0.11      29.10 f
  u_cp/u_bfeed/U97031/Y (sky130_fd_sc_hd__inv_2)          0.10      29.20 r
  u_cp/u_bfeed/U28432/Y (sky130_fd_sc_hd__nand3_4)        0.10      29.30 f
  u_cp/u_bfeed/U97358/Y (sky130_fd_sc_hd__nand2_4)        0.14      29.44 r
  u_cp/u_bfeed/U22390/Y (sky130_fd_sc_hd__inv_6)          0.07      29.51 f
  u_cp/u_bfeed/U86336/Y (sky130_fd_sc_hd__nand2_4)        0.06      29.57 r
  u_cp/u_bfeed/U21881/Y (sky130_fd_sc_hd__o21ai_4)        0.07      29.64 f
  u_cp/u_bfeed/U86993/Y (sky130_fd_sc_hd__o21ai_4)        0.15      29.79 r
  u_cp/u_bfeed/U22301/Y (sky130_fd_sc_hd__o21ai_1)        0.10      29.88 f
  u_cp/u_bfeed/U93266/Y (sky130_fd_sc_hd__inv_2)          0.07      29.96 r
  u_cp/u_bfeed/U122817/Y (sky130_fd_sc_hd__o21ai_2)       0.06      30.02 f
  u_cp/u_bfeed/U115359/Y (sky130_fd_sc_hd__nand2b_4)      0.15      30.17 f
  u_cp/u_bfeed/U82212/Y (sky130_fd_sc_hd__a22oi_4)        0.13      30.30 r
  u_cp/u_bfeed/U26974/Y (sky130_fd_sc_hd__o21ai_2)        0.06      30.36 f
  u_cp/u_bfeed/U129816/Y (sky130_fd_sc_hd__nand2b_1)      0.06      30.42 r
  u_cp/u_bfeed/U126110/X (sky130_fd_sc_hd__and3_4)        0.18      30.59 r
  u_cp/u_bfeed/U23394/Y (sky130_fd_sc_hd__nand3_4)        0.16      30.76 f
  u_cp/u_bfeed/U23393/Y (sky130_fd_sc_hd__inv_2)          0.11      30.86 r
  u_cp/u_bfeed/U96871/Y (sky130_fd_sc_hd__nand2b_1)       0.05      30.91 f
  u_cp/u_bfeed/U96872/Y (sky130_fd_sc_hd__nand2_1)        0.06      30.98 r
  u_cp/u_bfeed/U22483/Y (sky130_fd_sc_hd__nand3_2)        0.10      31.07 f
  u_cp/u_bfeed/U101576/Y (sky130_fd_sc_hd__nand2_1)       0.10      31.17 r
  u_cp/u_bfeed/U83714/Y (sky130_fd_sc_hd__nand2_2)        0.10      31.27 f
  u_cp/u_bfeed/U81867/Y (sky130_fd_sc_hd__nand3_4)        0.14      31.41 r
  u_cp/u_bfeed/U21632/Y (sky130_fd_sc_hd__nand2_4)        0.08      31.49 f
  u_cp/u_bfeed/U21364/Y (sky130_fd_sc_hd__xnor2_4)        0.13      31.62 f
  u_cp/u_bfeed/U96062/Y (sky130_fd_sc_hd__nand2b_4)       0.10      31.73 r
  u_cp/u_bfeed/U92703/Y (sky130_fd_sc_hd__inv_2)          0.03      31.76 f
  u_cp/u_bfeed/U96061/Y (sky130_fd_sc_hd__nor2_1)         0.07      31.83 r
  u_cp/u_bfeed/U92202/X (sky130_fd_sc_hd__and2_4)         0.16      31.99 r
  u_cp/u_bfeed/U90539/Y (sky130_fd_sc_hd__nand3_2)        0.06      32.05 f
  u_cp/u_bfeed/U8433/Y (sky130_fd_sc_hd__o21ai_1)         0.14      32.19 r
  u_cp/u_bfeed/U19183/Y (sky130_fd_sc_hd__a21oi_2)        0.05      32.23 f
  u_cp/u_bfeed/U91193/Y (sky130_fd_sc_hd__nand4_2)        0.10      32.33 r
  u_cp/u_bfeed/U8363/Y (sky130_fd_sc_hd__nor2_1)          0.07      32.40 f
  u_cp/u_bfeed/U26947/Y (sky130_fd_sc_hd__o21ai_2)        0.15      32.56 r
  u_cp/u_bfeed/U25615/Y (sky130_fd_sc_hd__nand2_2)        0.06      32.62 f
  u_cp/u_bfeed/U90570/Y (sky130_fd_sc_hd__nor2_2)         0.15      32.77 r
  u_cp/u_bfeed/U125412/Y (sky130_fd_sc_hd__inv_2)         0.06      32.83 f
  u_cp/u_bfeed/U26502/Y (sky130_fd_sc_hd__nand2b_4)       0.07      32.90 r
  u_cp/u_bfeed/U99644/Y (sky130_fd_sc_hd__a21oi_2)        0.06      32.96 f
  u_cp/u_bfeed/U93208/Y (sky130_fd_sc_hd__o21ai_2)        0.12      33.08 r
  u_cp/u_bfeed/U156563/Y (sky130_fd_sc_hd__xnor2_1)       0.08      33.16 f
  u_cp/u_bfeed/U115610/Y (sky130_fd_sc_hd__o21ai_1)       0.11      33.27 r
  u_cp/u_bfeed/U19767/Y (sky130_fd_sc_hd__o21bai_2)       0.13      33.40 r
  u_cp/u_bfeed/U24173/Y (sky130_fd_sc_hd__nand3_2)        0.09      33.48 f
  u_cp/u_bfeed/U24172/Y (sky130_fd_sc_hd__inv_2)          0.06      33.54 r
  u_cp/u_bfeed/U13993/Y (sky130_fd_sc_hd__nand4_2)        0.07      33.61 f
  u_cp/u_bfeed/U21724/Y (sky130_fd_sc_hd__nor2_2)         0.12      33.74 r
  u_cp/u_bfeed/U119053/Y (sky130_fd_sc_hd__nand2_1)       0.05      33.79 f
  u_cp/u_bfeed/U122026/Y (sky130_fd_sc_hd__nand2_1)       0.06      33.85 r
  u_cp/u_bfeed/U93273/Y (sky130_fd_sc_hd__nand3_2)        0.07      33.92 f
  u_cp/u_bfeed/U95369/Y (sky130_fd_sc_hd__o21ai_4)        0.09      34.01 r
  u_cp/u_bfeed/U14673/Y (sky130_fd_sc_hd__nand2b_4)       0.19      34.19 r
  u_cp/u_bfeed/U20753/Y (sky130_fd_sc_hd__inv_2)          0.08      34.27 f
  u_cp/u_bfeed/U39742/Y (sky130_fd_sc_hd__nand2_1)        0.06      34.33 r
  u_cp/u_bfeed/U12945/Y (sky130_fd_sc_hd__nand4_1)        0.10      34.43 f
  u_cp/u_bfeed/U12944/Y (sky130_fd_sc_hd__nand2_1)        0.07      34.50 r
  u_cp/u_bfeed/U16492/Y (sky130_fd_sc_hd__nand2b_1)       0.05      34.54 f
  u_cp/u_bfeed/U70809/Y (sky130_fd_sc_hd__nor2_1)         0.12      34.66 r
  u_cp/u_bfeed/U90866/Y (sky130_fd_sc_hd__o21ai_2)        0.07      34.73 f
  u_cp/u_bfeed/U7988/Y (sky130_fd_sc_hd__nand2_2)         0.08      34.81 r
  u_cp/u_bfeed/U7968/Y (sky130_fd_sc_hd__inv_2)           0.07      34.88 f
  u_cp/u_bfeed/U126119/X (sky130_fd_sc_hd__buf_12)        0.15      35.03 f
  u_cp/u_bfeed/U13199/Y (sky130_fd_sc_hd__xnor2_4)        0.19      35.22 r
  u_cp/u_bfeed/U13813/Y (sky130_fd_sc_hd__xnor2_2)        0.14      35.36 r
  u_cp/u_bfeed/U121990/Y (sky130_fd_sc_hd__inv_2)         0.05      35.41 f
  u_cp/u_bfeed/U20118/Y (sky130_fd_sc_hd__xnor2_1)        0.17      35.58 r
  u_cp/u_bfeed/U87678/Y (sky130_fd_sc_hd__xnor2_1)        0.15      35.73 r
  u_cp/u_bfeed/U91373/Y (sky130_fd_sc_hd__inv_1)          0.05      35.78 f
  u_cp/u_bfeed/U45231/Y (sky130_fd_sc_hd__nand2_1)        0.06      35.85 r
  u_cp/u_bfeed/U45217/Y (sky130_fd_sc_hd__nand3_1)        0.06      35.91 f
  u_cp/u_bfeed/U14930/Y (sky130_fd_sc_hd__nand2b_1)       0.08      35.99 r
  u_cp/u_bfeed/U15860/Y (sky130_fd_sc_hd__nand2_1)        0.06      36.05 f
  u_cp/u_bfeed/U13718/Y (sky130_fd_sc_hd__nand3_2)        0.09      36.14 r
  u_cp/u_bfeed/U13845/Y (sky130_fd_sc_hd__nand2_4)        0.07      36.22 f
  u_cp/u_bfeed/U88424/Y (sky130_fd_sc_hd__nand2_4)        0.07      36.29 r
  u_cp/u_bfeed/U84102/X (sky130_fd_sc_hd__buf_6)          0.09      36.38 r
  u_cp/u_bfeed/U84699/Y (sky130_fd_sc_hd__inv_2)          0.02      36.40 f
  u_cp/u_bfeed/U18973/Y (sky130_fd_sc_hd__nand2_2)        0.04      36.45 r
  u_cp/u_bfeed/U18972/Y (sky130_fd_sc_hd__nand4_1)        0.06      36.51 f
  u_cp/u_bfeed/U33352/Y (sky130_fd_sc_hd__nand3_1)        0.08      36.59 r
  u_cp/u_bfeed/U36107/X (sky130_fd_sc_hd__xor2_1)         0.17      36.76 r
  u_cp/u_bfeed/U85411/Y (sky130_fd_sc_hd__nand2b_4)       0.16      36.92 r
  u_cp/u_bfeed/U21825/Y (sky130_fd_sc_hd__nand2_4)        0.06      36.98 f
  u_cp/u_bfeed/U82056/Y (sky130_fd_sc_hd__nand2_8)        0.15      37.13 r
  u_cp/u_bfeed/U31447/Y (sky130_fd_sc_hd__inv_12)         0.08      37.21 f
  u_cp/u_bfeed/U15051/Y (sky130_fd_sc_hd__xnor2_2)        0.14      37.35 f
  u_cp/u_bfeed/U85077/Y (sky130_fd_sc_hd__o22ai_2)        0.18      37.53 r
  u_cp/u_bfeed/U12579/X (sky130_fd_sc_hd__and2_1)         0.15      37.68 r
  u_cp/u_bfeed/U12578/Y (sky130_fd_sc_hd__nand2b_4)       0.11      37.79 r
  u_cp/u_bfeed/U163234/SUM (sky130_fd_sc_hd__fah_1)       0.42      38.21 r
  u_cp/u_bfeed/U88114/Y (sky130_fd_sc_hd__inv_2)          0.05      38.26 f
  u_cp/u_bfeed/U93487/Y (sky130_fd_sc_hd__o21ai_2)        0.15      38.41 r
  u_cp/u_bfeed/U93486/Y (sky130_fd_sc_hd__xnor2_1)        0.14      38.55 r
  u_cp/u_bfeed/U97493/Y (sky130_fd_sc_hd__xnor2_1)        0.15      38.70 r
  u_cp/u_bfeed/U86280/Y (sky130_fd_sc_hd__nand2b_4)       0.17      38.87 r
  u_cp/u_bfeed/U15784/Y (sky130_fd_sc_hd__nand2_4)        0.05      38.92 f
  u_cp/u_bfeed/U15783/Y (sky130_fd_sc_hd__nor2_4)         0.09      39.01 r
  u_cp/u_bfeed/U83781/Y (sky130_fd_sc_hd__nand2_2)        0.07      39.08 f
  u_cp/u_bfeed/U22391/Y (sky130_fd_sc_hd__nor2_2)         0.13      39.21 r
  u_cp/u_bfeed/U23251/Y (sky130_fd_sc_hd__nand3_2)        0.08      39.29 f
  u_cp/u_bfeed/U22907/Y (sky130_fd_sc_hd__nand3_2)        0.07      39.36 r
  u_cp/u_bfeed/U22906/Y (sky130_fd_sc_hd__xnor2_1)        0.12      39.48 r
  u_cp/u_bfeed/U163636/Y (sky130_fd_sc_hd__inv_2)         0.07      39.55 f
  u_cp/u_bfeed/U122114/Y (sky130_fd_sc_hd__inv_4)         0.09      39.64 r
  u_cp/u_bfeed/U24811/Y (sky130_fd_sc_hd__inv_4)          0.06      39.69 f
  u_cp/u_bfeed/U94299/Y (sky130_fd_sc_hd__o21ai_2)        0.11      39.81 r
  u_cp/u_bfeed/U131716/Y (sky130_fd_sc_hd__a21oi_2)       0.05      39.86 f
  u_cp/u_bfeed/U128357/Y (sky130_fd_sc_hd__nand2b_4)      0.08      39.94 r
  u_cp/u_bfeed/U83904/Y (sky130_fd_sc_hd__nand2_4)        0.08      40.02 f
  u_cp/u_bfeed/U16831/Y (sky130_fd_sc_hd__nand2_2)        0.07      40.09 r
  u_cp/u_bfeed/U18638/Y (sky130_fd_sc_hd__nand3_2)        0.06      40.15 f
  u_cp/u_bfeed/U98155/Y (sky130_fd_sc_hd__inv_2)          0.06      40.22 r
  u_cp/u_bfeed/U85878/Y (sky130_fd_sc_hd__nand3_2)        0.07      40.29 f
  u_cp/u_bfeed/U84985/Y (sky130_fd_sc_hd__nand3_4)        0.13      40.42 r
  u_cp/u_bfeed/U13307/Y (sky130_fd_sc_hd__inv_8)          0.07      40.50 f
  u_cp/u_bfeed/U17591/Y (sky130_fd_sc_hd__inv_12)         0.12      40.62 r
  u_cp/u_bfeed/U24709/Y (sky130_fd_sc_hd__nand4_1)        0.15      40.77 f
  u_cp/u_bfeed/U99108/Y (sky130_fd_sc_hd__nand2_4)        0.18      40.96 r
  u_cp/u_bfeed/U18862/Y (sky130_fd_sc_hd__nand2_8)        0.10      41.06 f
  u_cp/u_bfeed/U99128/Y (sky130_fd_sc_hd__nor2_8)         0.23      41.29 r
  u_cp/u_bfeed/U21596/Y (sky130_fd_sc_hd__nand2_2)        0.10      41.39 f
  u_cp/u_bfeed/U13064/Y (sky130_fd_sc_hd__nand4_4)        0.18      41.56 r
  u_cp/u_bfeed/U13063/Y (sky130_fd_sc_hd__inv_4)          0.06      41.63 f
  u_cp/u_bfeed/U18644/Y (sky130_fd_sc_hd__nor2_8)         0.10      41.73 r
  u_cp/u_bfeed/U118415/Y (sky130_fd_sc_hd__o21ai_2)       0.07      41.79 f
  u_cp/u_bfeed/U88772/Y (sky130_fd_sc_hd__a21oi_2)        0.12      41.91 r
  u_cp/u_bfeed/U91459/Y (sky130_fd_sc_hd__o21ai_2)        0.08      41.99 f
  u_cp/u_bfeed/U128629/Y (sky130_fd_sc_hd__inv_2)         0.13      42.12 r
  u_cp/u_bfeed/U164141/Y (sky130_fd_sc_hd__o21ai_2)       0.07      42.18 f
  u_cp/u_bfeed/U164142/Y (sky130_fd_sc_hd__xnor2_1)       0.13      42.31 f
  u_cp/u_bfeed/U124033/Y (sky130_fd_sc_hd__nand2_2)       0.07      42.38 r
  u_cp/u_bfeed/U18499/Y (sky130_fd_sc_hd__nand3_4)        0.07      42.46 f
  u_cp/u_bfeed/U18498/Y (sky130_fd_sc_hd__nor2_4)         0.14      42.60 r
  u_cp/u_bfeed/U92211/Y (sky130_fd_sc_hd__nand3_4)        0.10      42.70 f
  u_cp/u_bfeed/U118145/Y (sky130_fd_sc_hd__nor2_4)        0.13      42.83 r
  u_cp/u_bfeed/U118144/Y (sky130_fd_sc_hd__nand2_1)       0.06      42.89 f
  u_cp/u_bfeed/U127410/Y (sky130_fd_sc_hd__nand2_1)       0.05      42.94 r
  u_cp/u_bfeed/U127328/Y (sky130_fd_sc_hd__nand2b_1)      0.06      43.00 f
  u_cp/u_bfeed/U127808/Y (sky130_fd_sc_hd__nand2_2)       0.08      43.08 r
  u_cp/u_bfeed/U164280/Y (sky130_fd_sc_hd__nand2_2)       0.05      43.13 f
  u_cp/u_bfeed/U115596/X (sky130_fd_sc_hd__o21a_1)        0.20      43.32 f
  u_cp/u_bfeed/U127165/Y (sky130_fd_sc_hd__o21ai_2)       0.07      43.40 r
  u_cp/u_bfeed/U121854/Y (sky130_fd_sc_hd__a21oi_4)       0.06      43.46 f
  u_cp/u_bfeed/U125072/Y (sky130_fd_sc_hd__o21ai_2)       0.12      43.58 r
  u_cp/u_bfeed/U164287/Y (sky130_fd_sc_hd__xnor2_1)       0.12      43.70 r
  u_cp/u_bfeed/U96994/X (sky130_fd_sc_hd__a21o_1)         0.14      43.84 r
  u_cp/u_bfeed/U94290/Y (sky130_fd_sc_hd__nand4_2)        0.12      43.96 f
  u_cp/u_bfeed/U14162/X (sky130_fd_sc_hd__and2_4)         0.20      44.16 f
  u_cp/u_bfeed/U97727/Y (sky130_fd_sc_hd__inv_8)          0.10      44.26 r
  u_cp/u_bfeed/U18626/Y (sky130_fd_sc_hd__nor2_4)         0.04      44.30 f
  u_cp/u_bfeed/U89707/Y (sky130_fd_sc_hd__nor3_4)         0.27      44.57 r
  u_cp/u_bfeed/U89706/Y (sky130_fd_sc_hd__nor2_8)         0.12      44.69 f
  u_cp/u_bfeed/U89705/Y (sky130_fd_sc_hd__xnor2_4)        0.16      44.85 f
  u_cp/u_bfeed/U89704/Y (sky130_fd_sc_hd__o22ai_4)        0.11      44.97 r
  u_cp/u_bfeed/U164734/SUM (sky130_fd_sc_hd__fah_1)       0.28      45.25 r
  u_cp/u_bfeed/U164753/SUM (sky130_fd_sc_hd__fah_1)       0.27      45.52 f
  u_cp/u_bfeed/U164756/SUM (sky130_fd_sc_hd__fah_1)       0.32      45.84 f
  u_cp/u_bfeed/U124687/Y (sky130_fd_sc_hd__xnor2_1)       0.14      45.97 f
  u_cp/u_bfeed/U99093/Y (sky130_fd_sc_hd__xnor2_1)        0.20      46.17 r
  u_cp/u_bfeed/U15041/Y (sky130_fd_sc_hd__nor2_2)         0.05      46.22 f
  u_cp/u_bfeed/U118413/Y (sky130_fd_sc_hd__o21ai_1)       0.12      46.34 r
  u_cp/u_bfeed/U118412/Y (sky130_fd_sc_hd__a21oi_1)       0.06      46.40 f
  u_cp/u_bfeed/U128672/Y (sky130_fd_sc_hd__nand2b_1)      0.14      46.54 f
  u_cp/u_bfeed/U12334/Y (sky130_fd_sc_hd__nand3_2)        0.06      46.60 r
  u_cp/u_bfeed/U16486/Y (sky130_fd_sc_hd__nor2_2)         0.04      46.64 f
  u_cp/u_bfeed/U16485/Y (sky130_fd_sc_hd__o21ai_1)        0.12      46.76 r
  u_cp/u_bfeed/U15712/Y (sky130_fd_sc_hd__nand3_1)        0.09      46.86 f
  u_cp/u_bfeed/U88637/Y (sky130_fd_sc_hd__nand3_2)        0.10      46.95 r
  u_cp/u_bfeed/U88636/Y (sky130_fd_sc_hd__xnor2_2)        0.11      47.06 r
  u_cp/u_bfeed/U101749/Y (sky130_fd_sc_hd__inv_2)         0.08      47.15 f
  u_cp/u_bfeed/U101748/Y (sky130_fd_sc_hd__inv_8)         0.12      47.27 r
  u_cp/u_bfeed/U13266/Y (sky130_fd_sc_hd__inv_6)          0.06      47.33 f
  u_cp/u_bfeed/U13717/Y (sky130_fd_sc_hd__inv_8)          0.08      47.40 r
  u_cp/u_bfeed/U97273/Y (sky130_fd_sc_hd__o21ai_4)        0.06      47.46 f
  u_cp/u_bfeed/U22962/Y (sky130_fd_sc_hd__nand2_4)        0.08      47.54 r
  u_cp/u_bfeed/U97725/Y (sky130_fd_sc_hd__nand2_4)        0.07      47.61 f
  u_cp/u_bfeed/U4359/Y (sky130_fd_sc_hd__nor2_2)          0.15      47.76 r
  u_cp/u_bfeed/U96339/Y (sky130_fd_sc_hd__o21ai_4)        0.08      47.85 f
  u_cp/u_bfeed/U18659/Y (sky130_fd_sc_hd__a21oi_4)        0.17      48.02 r
  u_cp/u_bfeed/U18658/Y (sky130_fd_sc_hd__o21ai_1)        0.09      48.11 f
  u_cp/u_bfeed/U96338/Y (sky130_fd_sc_hd__xnor2_1)        0.12      48.23 f
  u_cp/u_bfeed/U115732/Y (sky130_fd_sc_hd__nand2_1)       0.07      48.30 r
  u_cp/u_bfeed/U18648/Y (sky130_fd_sc_hd__nand2_2)        0.07      48.37 f
  u_cp/u_bfeed/U18647/Y (sky130_fd_sc_hd__inv_2)          0.05      48.42 r
  u_cp/u_bfeed/U12202/Y (sky130_fd_sc_hd__nand3_2)        0.07      48.49 f
  u_cp/u_bfeed/U97241/Y (sky130_fd_sc_hd__inv_4)          0.10      48.59 r
  u_cp/u_bfeed/U97191/Y (sky130_fd_sc_hd__nand4_4)        0.13      48.72 f
  u_cp/u_bfeed/U165117/Y (sky130_fd_sc_hd__nand2b_1)      0.16      48.88 f
  u_cp/u_bfeed/U91926/Y (sky130_fd_sc_hd__a21boi_1)       0.13      49.01 f
  u_cp/u_bfeed/U93491/Y (sky130_fd_sc_hd__nand3_2)        0.10      49.11 r
  u_cp/u_bfeed/U90492/X (sky130_fd_sc_hd__buf_6)          0.12      49.23 r
  u_cp/u_bfeed/U103034/Y (sky130_fd_sc_hd__inv_2)         0.04      49.27 f
  u_cp/u_bfeed/U23583/Y (sky130_fd_sc_hd__nand2_4)        0.04      49.32 r
  u_cp/u_bfeed/U118521/Y (sky130_fd_sc_hd__o21ai_2)       0.05      49.37 f
  u_cp/u_bfeed/U25737/Y (sky130_fd_sc_hd__nand2_2)        0.06      49.43 r
  u_cp/u_bfeed/U12325/Y (sky130_fd_sc_hd__nand4_4)        0.13      49.56 f
  u_cp/u_bfeed/U20829/Y (sky130_fd_sc_hd__a21oi_4)        0.25      49.80 r
  u_cp/u_bfeed/U3721/Y (sky130_fd_sc_hd__o21ai_1)         0.10      49.90 f
  u_cp/u_bfeed/U165355/Y (sky130_fd_sc_hd__xnor2_1)       0.13      50.04 f
  u_cp/u_bfeed/U96997/Y (sky130_fd_sc_hd__nand2b_2)       0.08      50.12 r
  u_cp/u_bfeed/U26802/Y (sky130_fd_sc_hd__nand3_4)        0.09      50.22 f
  u_cp/u_bfeed/U50386/Y (sky130_fd_sc_hd__inv_2)          0.07      50.29 r
  u_cp/u_bfeed/U22943/Y (sky130_fd_sc_hd__nand2_2)        0.05      50.34 f
  u_cp/u_bfeed/U50350/Y (sky130_fd_sc_hd__inv_2)          0.07      50.41 r
  u_cp/u_bfeed/U26801/Y (sky130_fd_sc_hd__nand2_2)        0.05      50.46 f
  u_cp/u_bfeed/U124665/Y (sky130_fd_sc_hd__nor2_2)        0.10      50.56 r
  u_cp/u_bfeed/U13240/Y (sky130_fd_sc_hd__nand3_2)        0.09      50.66 f
  u_cp/u_bfeed/U13252/Y (sky130_fd_sc_hd__nand2_4)        0.11      50.76 r
  u_cp/u_bfeed/U15687/Y (sky130_fd_sc_hd__nor2_4)         0.05      50.81 f
  u_cp/u_bfeed/U25152/X (sky130_fd_sc_hd__clkbuf_1)       0.10      50.92 f
  u_cp/u_bfeed/U118044/Y (sky130_fd_sc_hd__o21ai_2)       0.13      51.05 r
  u_cp/u_bfeed/U93592/Y (sky130_fd_sc_hd__xnor2_1)        0.12      51.17 r
  u_cp/u_bfeed/U23149/X (sky130_fd_sc_hd__a21o_2)         0.15      51.32 r
  u_cp/u_bfeed/U26132/Y (sky130_fd_sc_hd__nand3_2)        0.09      51.41 f
  u_cp/u_bfeed/U93086/Y (sky130_fd_sc_hd__nor2_4)         0.10      51.51 r
  u_cp/u_bfeed/U13428/Y (sky130_fd_sc_hd__nand4_4)        0.10      51.61 f
  u_cp/u_bfeed/U84638/X (sky130_fd_sc_hd__and2_4)         0.23      51.85 f
  u_cp/u_bfeed/U3424/Y (sky130_fd_sc_hd__nand2_2)         0.09      51.94 r
  u_cp/u_bfeed/U84011/Y (sky130_fd_sc_hd__nand4_4)        0.09      52.03 f
  u_cp/u_bfeed/U131381/X (sky130_fd_sc_hd__buf_6)         0.17      52.20 f
  u_cp/u_bfeed/U12666/Y (sky130_fd_sc_hd__xnor2_4)        0.17      52.36 r
  u_cp/u_bfeed/U118529/Y (sky130_fd_sc_hd__o22ai_2)       0.10      52.47 f
  u_cp/u_bfeed/U123668/Y (sky130_fd_sc_hd__xnor2_1)       0.17      52.63 f
  u_cp/u_bfeed/U123667/Y (sky130_fd_sc_hd__xnor2_1)       0.20      52.83 r
  u_cp/u_bfeed/U166235/SUM (sky130_fd_sc_hd__fah_1)       0.33      53.16 r
  u_cp/u_bfeed/U125755/Y (sky130_fd_sc_hd__xnor2_1)       0.13      53.29 r
  u_cp/u_bfeed/U125754/Y (sky130_fd_sc_hd__xnor2_1)       0.15      53.44 r
  u_cp/u_bfeed/U166247/COUT (sky130_fd_sc_hd__fah_1)      0.39      53.84 r
  u_cp/u_bfeed/U12214/Y (sky130_fd_sc_hd__nor2_2)         0.06      53.90 f
  u_cp/u_bfeed/U22456/Y (sky130_fd_sc_hd__nor2_2)         0.13      54.03 r
  u_cp/u_bfeed/U32494/Y (sky130_fd_sc_hd__nand2_1)        0.08      54.11 f
  u_cp/u_bfeed/U22464/Y (sky130_fd_sc_hd__nor2_2)         0.11      54.21 r
  u_cp/u_bfeed/U12330/Y (sky130_fd_sc_hd__nand3_2)        0.10      54.32 f
  u_cp/u_bfeed/U22472/Y (sky130_fd_sc_hd__nand3_2)        0.10      54.42 r
  u_cp/u_bfeed/U12261/Y (sky130_fd_sc_hd__nand3_4)        0.10      54.51 f
  u_cp/u_bfeed/U12260/Y (sky130_fd_sc_hd__inv_6)          0.13      54.64 r
  u_cp/u_bfeed/U93092/Y (sky130_fd_sc_hd__inv_8)          0.07      54.72 f
  u_cp/u_bfeed/U12455/Y (sky130_fd_sc_hd__nor2_2)         0.07      54.79 r
  u_cp/u_bfeed/U30714/Y (sky130_fd_sc_hd__a21oi_1)        0.05      54.84 f
  u_cp/u_bfeed/U91362/X (sky130_fd_sc_hd__and2_4)         0.17      55.00 f
  u_cp/u_bfeed/U121998/Y (sky130_fd_sc_hd__a21oi_2)       0.12      55.12 r
  u_cp/u_bfeed/U25144/Y (sky130_fd_sc_hd__nand4_2)        0.09      55.21 f
  u_cp/u_bfeed/U26995/Y (sky130_fd_sc_hd__o21ai_2)        0.07      55.29 r
  u_cp/u_bfeed/U87600/Y (sky130_fd_sc_hd__inv_2)          0.06      55.35 f
  u_cp/u_bfeed/U93588/Y (sky130_fd_sc_hd__nand2_4)        0.11      55.46 r
  u_cp/u_bfeed/U93489/Y (sky130_fd_sc_hd__inv_2)          0.06      55.52 f
  u_cp/u_bfeed/U96704/Y (sky130_fd_sc_hd__nand2_4)        0.07      55.59 r
  u_cp/u_bfeed/U85461/Y (sky130_fd_sc_hd__nand2_8)        0.08      55.67 f
  u_cp/u_bfeed/U31556/Y (sky130_fd_sc_hd__inv_8)          0.08      55.75 r
  u_cp/u_bfeed/U85460/Y (sky130_fd_sc_hd__nand3_4)        0.09      55.84 f
  u_cp/u_bfeed/U97111/Y (sky130_fd_sc_hd__inv_8)          0.13      55.97 r
  u_cp/u_bfeed/U116275/Y (sky130_fd_sc_hd__nand3_2)       0.08      56.05 f
  u_cp/u_bfeed/U92285/Y (sky130_fd_sc_hd__nor2_2)         0.11      56.16 r
  u_cp/u_bfeed/U118702/X (sky130_fd_sc_hd__buf_6)         0.17      56.33 r
  u_cp/u_bfeed/U2320/Y (sky130_fd_sc_hd__nand2_1)         0.09      56.42 f
  u_cp/u_bfeed/U91686/Y (sky130_fd_sc_hd__nand4_4)        0.12      56.54 r
  u_cp/u_bfeed/U22425/X (sky130_fd_sc_hd__buf_6)          0.10      56.64 r
  u_cp/u_bfeed/U87394/Y (sky130_fd_sc_hd__nor2_2)         0.04      56.68 f
  u_cp/u_bfeed/U103171/Y (sky130_fd_sc_hd__nor2_1)        0.13      56.81 r
  u_cp/u_bfeed/U60776/Y (sky130_fd_sc_hd__nand2_1)        0.11      56.92 f
  u_cp/u_bfeed/U60774/Y (sky130_fd_sc_hd__o21ai_2)        0.15      57.07 r
  u_cp/u_bfeed/U123953/Y (sky130_fd_sc_hd__a21oi_2)       0.05      57.12 f
  u_cp/u_bfeed/U119627/X (sky130_fd_sc_hd__buf_6)         0.14      57.26 f
  u_cp/u_bfeed/U166800/Y (sky130_fd_sc_hd__o21ai_2)       0.11      57.38 r
  u_cp/u_bfeed/U166801/Y (sky130_fd_sc_hd__xnor2_1)       0.07      57.44 f
  u_cp/u_bfeed/U12253/Y (sky130_fd_sc_hd__nand2b_1)       0.10      57.55 r
  u_cp/u_bfeed/U85185/Y (sky130_fd_sc_hd__nand3_4)        0.10      57.65 f
  u_cp/u_bfeed/U85184/Y (sky130_fd_sc_hd__nor2_2)         0.10      57.75 r
  u_cp/u_bfeed/U23253/X (sky130_fd_sc_hd__buf_4)          0.13      57.88 r
  u_cp/u_bfeed/U23836/Y (sky130_fd_sc_hd__nand4_2)        0.09      57.97 f
  u_cp/u_bfeed/U23835/Y (sky130_fd_sc_hd__a21oi_2)        0.12      58.09 r
  u_cp/u_bfeed/U82920/Y (sky130_fd_sc_hd__nand2b_2)       0.13      58.22 r
  u_cp/u_bfeed/U108056/Y (sky130_fd_sc_hd__o22ai_2)       0.07      58.29 f
  u_cp/u_bfeed/U85073/Y (sky130_fd_sc_hd__o21ai_4)        0.19      58.49 r
  u_cp/u_bfeed/U84575/Y (sky130_fd_sc_hd__nand3_1)        0.09      58.57 f
  u_cp/u_bfeed/U116323/Y (sky130_fd_sc_hd__nand2_1)       0.08      58.66 r
  u_cp/u_bfeed/U126413/Y (sky130_fd_sc_hd__xnor2_1)       0.11      58.76 r
  u_cp/u_bfeed/U105418/Y (sky130_fd_sc_hd__nand2_1)       0.07      58.83 f
  u_cp/u_bfeed/U21521/Y (sky130_fd_sc_hd__nand3_2)        0.07      58.90 r
  u_cp/u_bfeed/U22438/Y (sky130_fd_sc_hd__nand4_2)        0.09      58.99 f
  u_cp/u_bfeed/U32315/Y (sky130_fd_sc_hd__inv_2)          0.11      59.11 r
  u_cp/u_bfeed/U23415/Y (sky130_fd_sc_hd__nand3_4)        0.13      59.23 f
  u_cp/u_bfeed/U26270/Y (sky130_fd_sc_hd__a22oi_2)        0.21      59.44 r
  u_cp/u_bfeed/U12264/Y (sky130_fd_sc_hd__nand2b_4)       0.08      59.53 f
  u_cp/u_bfeed/U1587/Y (sky130_fd_sc_hd__nand2_1)         0.10      59.63 r
  u_cp/u_bfeed/U92670/Y (sky130_fd_sc_hd__nand3_1)        0.08      59.70 f
  u_cp/u_bfeed/U130758/Y (sky130_fd_sc_hd__clkinv_1)      0.05      59.75 r
  u_cp/u_bfeed/U105412/Y (sky130_fd_sc_hd__nand4_1)       0.06      59.80 f
  u_cp/u_bfeed/U94212/Y (sky130_fd_sc_hd__nand2_1)        0.07      59.87 r
  u_cp/u_bfeed/U25531/Y (sky130_fd_sc_hd__nand3_2)        0.06      59.94 f
  u_cp/u_bfeed/U117531/X (sky130_fd_sc_hd__clkbuf_2)      0.12      60.06 f
  u_cp/u_bfeed/U121325/X (sky130_fd_sc_hd__buf_6)         0.13      60.18 f
  u_cp/u_bfeed/U167120/Y (sky130_fd_sc_hd__nand2_4)       0.05      60.23 r
  u_cp/u_bfeed/U30406/Y (sky130_fd_sc_hd__clkinv_1)       0.04      60.27 f
  u_cp/u_bfeed/U167121/Y (sky130_fd_sc_hd__nand2b_1)      0.14      60.41 f
  u_cp/u_bfeed/U116272/X (sky130_fd_sc_hd__a21o_1)        0.16      60.57 f
  u_cp/u_bfeed/U25749/Y (sky130_fd_sc_hd__nand2_1)        0.07      60.64 r
  u_cp/u_bfeed/U121319/Y (sky130_fd_sc_hd__nand3b_1)      0.07      60.71 f
  u_cp/u_bfeed/U118768/Y (sky130_fd_sc_hd__nand2_1)       0.07      60.78 r
  u_cp/u_bfeed/U118767/Y (sky130_fd_sc_hd__o21ai_2)       0.07      60.85 f
  u_cp/u_bfeed/U121789/Y (sky130_fd_sc_hd__o211ai_2)      0.15      61.00 r
  u_cp/u_bfeed/U84003/Y (sky130_fd_sc_hd__nand2_1)        0.06      61.05 f
  u_cp/u_bfeed/U14123/Y (sky130_fd_sc_hd__nand3_1)        0.06      61.11 r
  u_cp/u_bfeed/U59972/Y (sky130_fd_sc_hd__nand2_1)        0.06      61.17 f
  u_cp/u_bfeed/U92215/Y (sky130_fd_sc_hd__nand3_2)        0.06      61.23 r
  u_cp/u_bfeed/U12332/Y (sky130_fd_sc_hd__nand3_2)        0.06      61.30 f
  u_cp/u_bfeed/U15682/Y (sky130_fd_sc_hd__nand3_2)        0.06      61.36 r
  u_cp/u_bfeed/U26920/Y (sky130_fd_sc_hd__nand2_2)        0.07      61.43 f
  u_cp/u_bfeed/U27003/X (sky130_fd_sc_hd__clkbuf_1)       0.11      61.54 f
  u_cp/u_bfeed/U87663/Y (sky130_fd_sc_hd__nand2_1)        0.06      61.60 r
  u_cp/u_bfeed/U86171/X (sky130_fd_sc_hd__o21a_2)         0.14      61.74 r
  u_cp/u_bfeed/U92217/Y (sky130_fd_sc_hd__inv_2)          0.04      61.78 f
  u_cp/u_bfeed/U28485/Y (sky130_fd_sc_hd__nand4_4)        0.09      61.87 r
  u_cp/u_bfeed/U25141/Y (sky130_fd_sc_hd__nand2_4)        0.07      61.94 f
  u_cp/u_bfeed/U23574/Y (sky130_fd_sc_hd__inv_8)          0.08      62.02 r
  u_cp/u_bfeed/U25283/Y (sky130_fd_sc_hd__nand4_4)        0.11      62.13 f
  u_cp/u_bfeed/U16396/X (sky130_fd_sc_hd__buf_6)          0.16      62.29 f
  u_cp/u_bfeed/U18943/Y (sky130_fd_sc_hd__o22ai_4)        0.12      62.41 r
  u_cp/u_bfeed/U13741/Y (sky130_fd_sc_hd__nand2_4)        0.09      62.50 f
  u_cp/u_bfeed/U15253/Y (sky130_fd_sc_hd__nor2_4)         0.13      62.63 r
  u_cp/u_bfeed/U14898/Y (sky130_fd_sc_hd__nand2_4)        0.08      62.71 f
  u_cp/u_bfeed/U15267/Y (sky130_fd_sc_hd__nand2_4)        0.06      62.77 r
  u_cp/u_bfeed/U12331/Y (sky130_fd_sc_hd__inv_2)          0.04      62.81 f
  u_cp/u_bfeed/U84303/Y (sky130_fd_sc_hd__nand2_4)        0.06      62.87 r
  u_cp/u_bfeed/U17172/Y (sky130_fd_sc_hd__nand4_2)        0.13      63.00 f
  u_cp/u_bfeed/U26931/Y (sky130_fd_sc_hd__nand2_2)        0.10      63.10 r
  u_cp/u_bfeed/U26289/X (sky130_fd_sc_hd__buf_6)          0.10      63.20 r
  u_cp/u_bfeed/U1094/X (sky130_fd_sc_hd__clkbuf_1)        0.09      63.29 r
  u_cp/u_bfeed/U96608/Y (sky130_fd_sc_hd__nand2_2)        0.07      63.36 f
  u_cp/u_bfeed/U27603/Y (sky130_fd_sc_hd__xnor2_1)        0.18      63.55 r
  u_cp/u_bfeed/U30570/Y (sky130_fd_sc_hd__nand2b_1)       0.09      63.64 f
  u_cp/u_bfeed/U27004/Y (sky130_fd_sc_hd__clkinv_1)       0.05      63.68 r
  u_cp/u_bfeed/U12329/Y (sky130_fd_sc_hd__nand2b_1)       0.08      63.76 f
  u_cp/u_bfeed/U15826/Y (sky130_fd_sc_hd__o21ai_4)        0.19      63.95 r
  u_cp/u_bfeed/U12278/Y (sky130_fd_sc_hd__nand3_4)        0.11      64.06 f
  u_cp/u_bfeed/U12277/Y (sky130_fd_sc_hd__inv_4)          0.09      64.15 r
  u_cp/u_bfeed/U16017/X (sky130_fd_sc_hd__buf_12)         0.14      64.29 r
  u_cp/u_bfeed/U93477/Y (sky130_fd_sc_hd__nand2_4)        0.07      64.36 f
  u_cp/u_bfeed/U17218/Y (sky130_fd_sc_hd__nand2_4)        0.08      64.45 r
  u_cp/u_bfeed/U750/Y (sky130_fd_sc_hd__nand2_1)          0.10      64.55 f
  u_cp/u_bfeed/U101908/Y (sky130_fd_sc_hd__o21ai_2)       0.24      64.78 r
  u_cp/u_bfeed/U111631/Y (sky130_fd_sc_hd__nand2b_1)      0.07      64.86 f
  u_cp/u_bfeed/U111630/Y (sky130_fd_sc_hd__nand2_1)       0.06      64.92 r
  u_cp/u_bfeed/U129950/Y (sky130_fd_sc_hd__a21oi_1)       0.04      64.96 f
  u_cp/u_bfeed/U127750/Y (sky130_fd_sc_hd__a22oi_2)       0.16      65.12 r
  u_cp/u_bfeed/U15801/X (sky130_fd_sc_hd__o21a_4)         0.16      65.28 r
  u_cp/u_bfeed/U14579/Y (sky130_fd_sc_hd__nand2_2)        0.07      65.34 f
  u_cp/u_bfeed/U96749/Y (sky130_fd_sc_hd__nor2_4)         0.13      65.47 r
  u_cp/u_bfeed/U528/X (sky130_fd_sc_hd__buf_2)            0.15      65.62 r
  u_cp/u_bfeed/U510/Y (sky130_fd_sc_hd__nand2_1)          0.07      65.69 f
  u_cp/u_bfeed/U11454/Y (sky130_fd_sc_hd__inv_2)          0.05      65.74 r
  u_cp/u_bfeed/U121400/Y (sky130_fd_sc_hd__nand2_2)       0.06      65.80 f
  u_cp/u_bfeed/U23166/Y (sky130_fd_sc_hd__nor2_4)         0.10      65.90 r
  u_cp/u_bfeed/U23167/Y (sky130_fd_sc_hd__o21ai_2)        0.06      65.96 f
  u_cp/u_bfeed/U108190/Y (sky130_fd_sc_hd__a21oi_1)       0.10      66.07 r
  u_cp/u_bfeed/U119688/Y (sky130_fd_sc_hd__o21ai_1)       0.07      66.13 f
  u_cp/u_bfeed/U98198/Y (sky130_fd_sc_hd__a21oi_1)        0.14      66.27 r
  u_cp/u_bfeed/U17411/Y (sky130_fd_sc_hd__xnor2_1)        0.14      66.41 r
  u_cp/u_bfeed/U167532/Y (sky130_fd_sc_hd__nand2b_1)      0.13      66.54 r
  u_cp/u_bfeed/U23425/Y (sky130_fd_sc_hd__nand4_2)        0.12      66.67 f
  u_cp/u_bfeed/U23423/Y (sky130_fd_sc_hd__inv_4)          0.13      66.80 r
  u_cp/u_bfeed/U11455/Y (sky130_fd_sc_hd__inv_8)          0.06      66.86 f
  u_cp/u_bfeed/U94179/Y (sky130_fd_sc_hd__a21oi_4)        0.13      66.99 r
  u_cp/u_bfeed/U14064/X (sky130_fd_sc_hd__and3_4)         0.21      67.20 r
  u_cp/u_bfeed/U93615/Y (sky130_fd_sc_hd__nand4_4)        0.11      67.32 f
  u_cp/u_bfeed/U16195/Y (sky130_fd_sc_hd__nor2b_4)        0.18      67.49 f
  u_cp/u_bfeed/U307/X (sky130_fd_sc_hd__buf_2)            0.14      67.63 f
  u_cp/u_bfeed/U131039/Y (sky130_fd_sc_hd__nand3_1)       0.07      67.70 r
  u_cp/u_bfeed/U59190/Y (sky130_fd_sc_hd__nand3_1)        0.08      67.79 f
  u_cp/u_bfeed/U209957/Y (sky130_fd_sc_hd__inv_2)         0.10      67.89 r
  u_cp/u_bfeed/U41473/X (sky130_fd_sc_hd__buf_6)          0.15      68.03 r
  u_cp/u_bfeed/U212992/Y (sky130_fd_sc_hd__mux2i_1)       0.07      68.11 f
  u_cp/u_bfeed/row_reg[8][19]/D (sky130_fd_sc_hd__dfxtp_1)     0.00    68.11 f
  data arrival time                                                 68.11

  clock clk (rise edge)                                   1.00       1.00
  clock network delay (ideal)                             0.00       1.00
  u_cp/u_bfeed/row_reg[8][19]/CLK (sky130_fd_sc_hd__dfxtp_1)     0.00     1.00 r
  library setup time                                     -0.15       0.85
  data required time                                                 0.85
  --------------------------------------------------------------------------
  data required time                                                 0.85
  data arrival time                                                -68.11
  --------------------------------------------------------------------------
  slack (VIOLATED)                                                 -67.26


  Startpoint: u_cp/pos_base_reg[2]
              (rising edge-triggered flip-flop clocked by clk)
  Endpoint: u_cp/u_bfeed/row_reg[32][19]
            (rising edge-triggered flip-flop clocked by clk)
  Path Group: clk
  Path Type: max

  Point                                                   Incr       Path
  --------------------------------------------------------------------------
  clock clk (rise edge)                                   0.00       0.00
  clock network delay (ideal)                             0.00       0.00
  u_cp/pos_base_reg[2]/CLK (sky130_fd_sc_hd__dfxtp_4)     0.00 #     0.00 r
  u_cp/pos_base_reg[2]/Q (sky130_fd_sc_hd__dfxtp_4)       0.38       0.38 r
  u_cp/u_bfeed/pos_base[2] (kv_bfeed_MAX_N128)            0.00       0.38 r
  u_cp/u_bfeed/U85392/Y (sky130_fd_sc_hd__nand2_4)        0.07       0.45 f
  u_cp/u_bfeed/U13875/Y (sky130_fd_sc_hd__nand2_2)        0.06       0.52 r
  u_cp/u_bfeed/U18882/Y (sky130_fd_sc_hd__nand3_2)        0.05       0.57 f
  u_cp/u_bfeed/U18881/Y (sky130_fd_sc_hd__nand2_2)        0.07       0.64 r
  u_cp/u_bfeed/U24821/Y (sky130_fd_sc_hd__nand2_4)        0.06       0.70 f
  u_cp/u_bfeed/U24820/Y (sky130_fd_sc_hd__nand2_8)        0.09       0.80 r
  u_cp/u_bfeed/U81859/Y (sky130_fd_sc_hd__nand2_4)        0.06       0.86 f
  u_cp/u_bfeed/U79424/Y (sky130_fd_sc_hd__o21bai_2)       0.11       0.97 r
  u_cp/u_bfeed/U26533/Y (sky130_fd_sc_hd__nand2_2)        0.07       1.03 f
  u_cp/u_bfeed/U26532/X (sky130_fd_sc_hd__and2_4)         0.14       1.17 f
  u_cp/u_bfeed/U83281/Y (sky130_fd_sc_hd__nand4b_1)       0.08       1.25 r
  u_cp/u_bfeed/U22910/Y (sky130_fd_sc_hd__nand4_1)        0.09       1.34 f
  u_cp/u_bfeed/U83932/Y (sky130_fd_sc_hd__inv_2)          0.09       1.43 r
  u_cp/u_bfeed/U122113/Y (sky130_fd_sc_hd__inv_4)         0.05       1.48 f
  u_cp/u_bfeed/U28450/Y (sky130_fd_sc_hd__inv_12)         0.10       1.59 r
  u_cp/u_bfeed/U21360/Y (sky130_fd_sc_hd__nand2_8)        0.08       1.66 f
  u_cp/u_bfeed/U98384/Y (sky130_fd_sc_hd__nor2_2)         0.13       1.79 r
  u_cp/u_bfeed/U124855/X (sky130_fd_sc_hd__buf_6)         0.18       1.97 r
  u_cp/u_bfeed/U152820/Y (sky130_fd_sc_hd__o22ai_1)       0.10       2.07 f
  u_cp/u_bfeed/U152822/COUT (sky130_fd_sc_hd__fah_1)      0.39       2.45 f
  u_cp/u_bfeed/U78681/Y (sky130_fd_sc_hd__xnor2_1)        0.19       2.64 r
  u_cp/u_bfeed/U78619/Y (sky130_fd_sc_hd__xnor2_1)        0.15       2.79 r
  u_cp/u_bfeed/U152842/COUT (sky130_fd_sc_hd__fah_1)      0.39       3.19 r
  u_cp/u_bfeed/U25149/Y (sky130_fd_sc_hd__nand2_2)        0.06       3.25 f
  u_cp/u_bfeed/U25498/Y (sky130_fd_sc_hd__nand2_2)        0.06       3.31 r
  u_cp/u_bfeed/U25497/Y (sky130_fd_sc_hd__xnor2_1)        0.12       3.44 r
  u_cp/u_bfeed/U41223/Y (sky130_fd_sc_hd__xnor2_1)        0.17       3.60 r
  u_cp/u_bfeed/U47684/Y (sky130_fd_sc_hd__nor2_2)         0.06       3.67 f
  u_cp/u_bfeed/U11211/Y (sky130_fd_sc_hd__nor2_1)         0.12       3.79 r
  u_cp/u_bfeed/U85510/Y (sky130_fd_sc_hd__nand2_1)        0.07       3.86 f
  u_cp/u_bfeed/U127491/Y (sky130_fd_sc_hd__o21ai_1)       0.15       4.01 r
  u_cp/u_bfeed/U119605/Y (sky130_fd_sc_hd__a21oi_2)       0.05       4.07 f
  u_cp/u_bfeed/U119604/Y (sky130_fd_sc_hd__o21ai_2)       0.14       4.21 r
  u_cp/u_bfeed/U152889/Y (sky130_fd_sc_hd__xnor2_2)       0.15       4.36 r
  u_cp/u_bfeed/U129658/Y (sky130_fd_sc_hd__inv_2)         0.09       4.45 f
  u_cp/u_bfeed/U131845/Y (sky130_fd_sc_hd__nand2_8)       0.19       4.64 r
  u_cp/u_bfeed/U97112/Y (sky130_fd_sc_hd__nor2_4)         0.04       4.68 f
  u_cp/u_bfeed/U78103/Y (sky130_fd_sc_hd__inv_2)          0.06       4.74 r
  u_cp/u_bfeed/U20778/Y (sky130_fd_sc_hd__nand2_4)        0.08       4.82 f
  u_cp/u_bfeed/U152996/COUT (sky130_fd_sc_hd__fah_1)      0.33       5.16 f
  u_cp/u_bfeed/U152997/SUM (sky130_fd_sc_hd__fah_1)       0.33       5.48 r
  u_cp/u_bfeed/U124429/Y (sky130_fd_sc_hd__xnor2_1)       0.14       5.62 r
  u_cp/u_bfeed/U126048/Y (sky130_fd_sc_hd__xnor2_1)       0.13       5.75 r
  u_cp/u_bfeed/U153042/SUM (sky130_fd_sc_hd__fah_1)       0.28       6.03 f
  u_cp/u_bfeed/U125097/Y (sky130_fd_sc_hd__nand2b_4)      0.15       6.19 f
  u_cp/u_bfeed/U130884/Y (sky130_fd_sc_hd__nand2_2)       0.06       6.24 r
  u_cp/u_bfeed/U129756/Y (sky130_fd_sc_hd__inv_2)         0.04       6.28 f
  u_cp/u_bfeed/U124474/Y (sky130_fd_sc_hd__nand2_2)       0.05       6.32 r
  u_cp/u_bfeed/U125750/Y (sky130_fd_sc_hd__nand3_2)       0.07       6.39 f
  u_cp/u_bfeed/U153115/Y (sky130_fd_sc_hd__nand3_1)       0.06       6.45 r
  u_cp/u_bfeed/U123399/Y (sky130_fd_sc_hd__nand2_1)       0.06       6.51 f
  u_cp/u_bfeed/U153116/Y (sky130_fd_sc_hd__inv_2)         0.07       6.57 r
  u_cp/u_bfeed/U153117/Y (sky130_fd_sc_hd__nand2_4)       0.07       6.65 f
  u_cp/u_bfeed/U19389/Y (sky130_fd_sc_hd__inv_6)          0.10       6.75 r
  u_cp/u_bfeed/U99957/Y (sky130_fd_sc_hd__nand2_2)        0.05       6.80 f
  u_cp/u_bfeed/U21706/X (sky130_fd_sc_hd__o21a_4)         0.12       6.92 f
  u_cp/u_bfeed/U21705/Y (sky130_fd_sc_hd__nand2_4)        0.07       6.99 r
  u_cp/u_bfeed/U20758/Y (sky130_fd_sc_hd__inv_6)          0.06       7.04 f
  u_cp/u_bfeed/U77663/Y (sky130_fd_sc_hd__inv_4)          0.06       7.10 r
  u_cp/u_bfeed/U125901/Y (sky130_fd_sc_hd__nand2_4)       0.06       7.16 f
  u_cp/u_bfeed/U125900/Y (sky130_fd_sc_hd__xnor2_4)       0.19       7.35 r
  u_cp/u_bfeed/U25637/Y (sky130_fd_sc_hd__nand3_4)        0.13       7.48 f
  u_cp/u_bfeed/U25636/Y (sky130_fd_sc_hd__nor2_8)         0.14       7.63 r
  u_cp/u_bfeed/U153300/Y (sky130_fd_sc_hd__nand2_1)       0.08       7.70 f
  u_cp/u_bfeed/U17157/Y (sky130_fd_sc_hd__nand2_2)        0.07       7.77 r
  u_cp/u_bfeed/U93619/Y (sky130_fd_sc_hd__nand4_2)        0.12       7.89 f
  u_cp/u_bfeed/U94371/Y (sky130_fd_sc_hd__inv_4)          0.13       8.03 r
  u_cp/u_bfeed/U102105/Y (sky130_fd_sc_hd__inv_2)         0.05       8.07 f
  u_cp/u_bfeed/U25511/Y (sky130_fd_sc_hd__nand2_2)        0.05       8.12 r
  u_cp/u_bfeed/U25657/Y (sky130_fd_sc_hd__nand3_2)        0.07       8.19 f
  u_cp/u_bfeed/U19698/Y (sky130_fd_sc_hd__a21oi_4)        0.15       8.35 r
  u_cp/u_bfeed/U17111/Y (sky130_fd_sc_hd__nand2_2)        0.09       8.44 f
  u_cp/u_bfeed/U27016/Y (sky130_fd_sc_hd__o21ai_2)        0.14       8.58 r
  u_cp/u_bfeed/U127012/Y (sky130_fd_sc_hd__nand2_2)       0.08       8.66 f
  u_cp/u_bfeed/U87371/Y (sky130_fd_sc_hd__nand3_4)        0.14       8.80 r
  u_cp/u_bfeed/U17155/Y (sky130_fd_sc_hd__inv_6)          0.06       8.85 f
  u_cp/u_bfeed/U94522/Y (sky130_fd_sc_hd__nand2_4)        0.09       8.94 r
  u_cp/u_bfeed/U10714/Y (sky130_fd_sc_hd__inv_2)          0.05       9.00 f
  u_cp/u_bfeed/U20251/Y (sky130_fd_sc_hd__nand2_4)        0.05       9.05 r
  u_cp/u_bfeed/U32058/Y (sky130_fd_sc_hd__nand4_4)        0.09       9.14 f
  u_cp/u_bfeed/U83925/Y (sky130_fd_sc_hd__nand3_2)        0.09       9.23 r
  u_cp/u_bfeed/U97087/Y (sky130_fd_sc_hd__nand2_4)        0.09       9.32 f
  u_cp/u_bfeed/U153332/COUT (sky130_fd_sc_hd__fah_1)      0.35       9.67 f
  u_cp/u_bfeed/U131681/Y (sky130_fd_sc_hd__xnor2_1)       0.22       9.89 r
  u_cp/u_bfeed/U153334/SUM (sky130_fd_sc_hd__fah_1)       0.34      10.23 r
  u_cp/u_bfeed/U116726/Y (sky130_fd_sc_hd__inv_2)         0.05      10.28 f
  u_cp/u_bfeed/U16975/Y (sky130_fd_sc_hd__nand2b_4)       0.07      10.35 r
  u_cp/u_bfeed/U16227/Y (sky130_fd_sc_hd__nand3_4)        0.07      10.42 f
  u_cp/u_bfeed/U16226/Y (sky130_fd_sc_hd__nor2_4)         0.12      10.54 r
  u_cp/u_bfeed/U127274/Y (sky130_fd_sc_hd__nand4_1)       0.13      10.67 f
  u_cp/u_bfeed/U91144/Y (sky130_fd_sc_hd__nand2_4)        0.16      10.83 r
  u_cp/u_bfeed/U92739/Y (sky130_fd_sc_hd__nand2_2)        0.06      10.89 f
  u_cp/u_bfeed/U92568/Y (sky130_fd_sc_hd__o21ai_2)        0.07      10.96 r
  u_cp/u_bfeed/U91133/Y (sky130_fd_sc_hd__nand2_4)        0.08      11.04 f
  u_cp/u_bfeed/U99271/Y (sky130_fd_sc_hd__nand2_4)        0.07      11.11 r
  u_cp/u_bfeed/U99969/Y (sky130_fd_sc_hd__nand3_2)        0.06      11.17 f
  u_cp/u_bfeed/U16976/Y (sky130_fd_sc_hd__nand3_2)        0.06      11.23 r
  u_cp/u_bfeed/U21761/Y (sky130_fd_sc_hd__nand3_2)        0.07      11.30 f
  u_cp/u_bfeed/U93597/Y (sky130_fd_sc_hd__nand3_2)        0.10      11.40 r
  u_cp/u_bfeed/U94161/Y (sky130_fd_sc_hd__inv_4)          0.07      11.47 f
  u_cp/u_bfeed/U20856/Y (sky130_fd_sc_hd__nand2b_2)       0.21      11.68 f
  u_cp/u_bfeed/U90134/Y (sky130_fd_sc_hd__nand2_4)        0.13      11.81 r
  u_cp/u_bfeed/U23502/Y (sky130_fd_sc_hd__nand3_4)        0.14      11.95 f
  u_cp/u_bfeed/U23501/Y (sky130_fd_sc_hd__nor2_4)         0.20      12.15 r
  u_cp/u_bfeed/U20761/Y (sky130_fd_sc_hd__nand2_2)        0.05      12.20 f
  u_cp/u_bfeed/U16272/X (sky130_fd_sc_hd__o21a_2)         0.12      12.32 f
  u_cp/u_bfeed/U20745/Y (sky130_fd_sc_hd__nand4_4)        0.08      12.41 r
  u_cp/u_bfeed/U12101/Y (sky130_fd_sc_hd__nand2_1)        0.06      12.47 f
  u_cp/u_bfeed/U76316/Y (sky130_fd_sc_hd__o21ai_1)        0.15      12.62 r
  u_cp/u_bfeed/U127806/Y (sky130_fd_sc_hd__a21oi_2)       0.06      12.68 f
  u_cp/u_bfeed/U121259/Y (sky130_fd_sc_hd__o21ai_2)       0.19      12.87 r
  u_cp/u_bfeed/U121258/Y (sky130_fd_sc_hd__inv_2)         0.10      12.97 f
  u_cp/u_bfeed/U10444/Y (sky130_fd_sc_hd__o21ai_1)        0.15      13.11 r
  u_cp/u_bfeed/U153667/Y (sky130_fd_sc_hd__xnor2_1)       0.07      13.19 f
  u_cp/u_bfeed/U121315/Y (sky130_fd_sc_hd__nand2b_1)      0.06      13.25 r
  u_cp/u_bfeed/U92472/Y (sky130_fd_sc_hd__nand2_1)        0.05      13.30 f
  u_cp/u_bfeed/U90946/Y (sky130_fd_sc_hd__nor2_1)         0.09      13.39 r
  u_cp/u_bfeed/U119778/Y (sky130_fd_sc_hd__nand3_1)       0.09      13.47 f
  u_cp/u_bfeed/U131174/Y (sky130_fd_sc_hd__inv_2)         0.06      13.54 r
  u_cp/u_bfeed/U121685/Y (sky130_fd_sc_hd__nand2_2)       0.05      13.59 f
  u_cp/u_bfeed/U153746/Y (sky130_fd_sc_hd__nor2_2)        0.11      13.70 r
  u_cp/u_bfeed/U100438/Y (sky130_fd_sc_hd__nand3_1)       0.09      13.79 f
  u_cp/u_bfeed/U92771/Y (sky130_fd_sc_hd__nand2_1)        0.06      13.85 r
  u_cp/u_bfeed/U153773/Y (sky130_fd_sc_hd__nand4_1)       0.08      13.93 f
  u_cp/u_bfeed/U121192/Y (sky130_fd_sc_hd__nand2_1)       0.08      14.01 r
  u_cp/u_bfeed/U25485/Y (sky130_fd_sc_hd__nor2_2)         0.05      14.06 f
  u_cp/u_bfeed/U25484/Y (sky130_fd_sc_hd__o21ai_4)        0.13      14.19 r
  u_cp/u_bfeed/U119768/Y (sky130_fd_sc_hd__inv_2)         0.07      14.27 f
  u_cp/u_bfeed/U153802/Y (sky130_fd_sc_hd__o21ai_2)       0.12      14.38 r
  u_cp/u_bfeed/U131705/Y (sky130_fd_sc_hd__xnor2_1)       0.12      14.50 r
  u_cp/u_bfeed/U92763/Y (sky130_fd_sc_hd__nand2b_1)       0.08      14.58 f
  u_cp/u_bfeed/U92762/Y (sky130_fd_sc_hd__nand3_2)        0.07      14.64 r
  u_cp/u_bfeed/U86033/Y (sky130_fd_sc_hd__nand3_2)        0.06      14.70 f
  u_cp/u_bfeed/U91886/Y (sky130_fd_sc_hd__inv_2)          0.09      14.79 r
  u_cp/u_bfeed/U94571/Y (sky130_fd_sc_hd__nand3_4)        0.10      14.89 f
  u_cp/u_bfeed/U121154/Y (sky130_fd_sc_hd__nand2_2)       0.08      14.97 r
  u_cp/u_bfeed/U26469/Y (sky130_fd_sc_hd__nand3_2)        0.07      15.04 f
  u_cp/u_bfeed/U119408/Y (sky130_fd_sc_hd__inv_2)         0.06      15.10 r
  u_cp/u_bfeed/U127164/Y (sky130_fd_sc_hd__nand2_2)       0.05      15.14 f
  u_cp/u_bfeed/U88156/Y (sky130_fd_sc_hd__nand3_1)        0.07      15.21 r
  u_cp/u_bfeed/U119188/Y (sky130_fd_sc_hd__nand3_1)       0.06      15.28 f
  u_cp/u_bfeed/U119187/Y (sky130_fd_sc_hd__o21ai_1)       0.06      15.34 r
  u_cp/u_bfeed/U130082/Y (sky130_fd_sc_hd__nand4_1)       0.09      15.44 f
  u_cp/u_bfeed/U125899/Y (sky130_fd_sc_hd__nand2_2)       0.09      15.52 r
  u_cp/u_bfeed/U119693/Y (sky130_fd_sc_hd__inv_4)         0.07      15.59 f
  u_cp/u_bfeed/U100488/Y (sky130_fd_sc_hd__nand2_2)       0.08      15.68 r
  u_cp/u_bfeed/U126896/Y (sky130_fd_sc_hd__nand2_4)       0.08      15.76 f
  u_cp/u_bfeed/U24987/X (sky130_fd_sc_hd__buf_12)         0.14      15.90 f
  u_cp/u_bfeed/U119343/Y (sky130_fd_sc_hd__nand2_8)       0.06      15.96 r
  u_cp/u_bfeed/U56927/Y (sky130_fd_sc_hd__inv_4)          0.05      16.01 f
  u_cp/u_bfeed/U75555/Y (sky130_fd_sc_hd__nand2_1)        0.05      16.06 r
  u_cp/u_bfeed/U90537/Y (sky130_fd_sc_hd__nand4_1)        0.08      16.14 f
  u_cp/u_bfeed/U154323/Y (sky130_fd_sc_hd__inv_1)         0.08      16.22 r
  u_cp/u_bfeed/U154414/X (sky130_fd_sc_hd__o22a_1)        0.11      16.34 r
  u_cp/u_bfeed/U94077/X (sky130_fd_sc_hd__o21a_2)         0.16      16.49 r
  u_cp/u_bfeed/U13437/Y (sky130_fd_sc_hd__nand3_4)        0.09      16.58 f
  u_cp/u_bfeed/U115301/Y (sky130_fd_sc_hd__nor2_2)        0.12      16.70 r
  u_cp/u_bfeed/U28184/Y (sky130_fd_sc_hd__o21ai_2)        0.07      16.77 f
  u_cp/u_bfeed/U28183/Y (sky130_fd_sc_hd__a21oi_2)        0.14      16.91 r
  u_cp/u_bfeed/U15056/Y (sky130_fd_sc_hd__o21ai_2)        0.07      16.99 f
  u_cp/u_bfeed/U15055/X (sky130_fd_sc_hd__a21o_2)         0.23      17.22 f
  u_cp/u_bfeed/U20377/Y (sky130_fd_sc_hd__inv_4)          0.11      17.33 r
  u_cp/u_bfeed/U93002/Y (sky130_fd_sc_hd__o21ai_2)        0.06      17.40 f
  u_cp/u_bfeed/U154611/Y (sky130_fd_sc_hd__xnor2_1)       0.13      17.52 f
  u_cp/u_bfeed/U154781/Y (sky130_fd_sc_hd__o2bb2ai_1)     0.13      17.65 f
  u_cp/u_bfeed/U154782/Y (sky130_fd_sc_hd__a21oi_2)       0.17      17.82 r
  u_cp/u_bfeed/U100772/Y (sky130_fd_sc_hd__nand3_1)       0.09      17.91 f
  u_cp/u_bfeed/U99087/X (sky130_fd_sc_hd__o211a_1)        0.23      18.14 f
  u_cp/u_bfeed/U154803/Y (sky130_fd_sc_hd__o21ai_2)       0.07      18.22 r
  u_cp/u_bfeed/U154804/Y (sky130_fd_sc_hd__nor2_2)        0.07      18.29 f
  u_cp/u_bfeed/U20288/Y (sky130_fd_sc_hd__o21ai_4)        0.21      18.49 r
  u_cp/u_bfeed/U119013/Y (sky130_fd_sc_hd__xnor2_1)       0.13      18.63 r
  u_cp/u_bfeed/U88197/Y (sky130_fd_sc_hd__nand2_1)        0.06      18.69 f
  u_cp/u_bfeed/U129984/Y (sky130_fd_sc_hd__nand2_1)       0.06      18.75 r
  u_cp/u_bfeed/U129985/Y (sky130_fd_sc_hd__nand2_1)       0.05      18.79 f
  u_cp/u_bfeed/U75073/Y (sky130_fd_sc_hd__inv_1)          0.04      18.84 r
  u_cp/u_bfeed/U26919/Y (sky130_fd_sc_hd__nand4_1)        0.08      18.91 f
  u_cp/u_bfeed/U154830/Y (sky130_fd_sc_hd__clkinv_1)      0.07      18.99 r
  u_cp/u_bfeed/U95365/Y (sky130_fd_sc_hd__nand4_4)        0.10      19.09 f
  u_cp/u_bfeed/U24946/Y (sky130_fd_sc_hd__o21bai_2)       0.18      19.27 r
  u_cp/u_bfeed/U128736/Y (sky130_fd_sc_hd__inv_4)         0.08      19.35 f
  u_cp/u_bfeed/U127565/X (sky130_fd_sc_hd__o211a_2)       0.13      19.49 f
  u_cp/u_bfeed/U119012/Y (sky130_fd_sc_hd__o21bai_4)      0.19      19.68 f
  u_cp/u_bfeed/U132528/Y (sky130_fd_sc_hd__inv_2)         0.07      19.75 r
  u_cp/u_bfeed/U155113/Y (sky130_fd_sc_hd__mux2i_1)       0.20      19.95 r
  u_cp/u_bfeed/U128255/Y (sky130_fd_sc_hd__nand2b_4)      0.20      20.15 r
  u_cp/u_bfeed/U125921/Y (sky130_fd_sc_hd__nor2_4)        0.06      20.21 f
  u_cp/u_bfeed/U29030/Y (sky130_fd_sc_hd__nand2_1)        0.06      20.27 r
  u_cp/u_bfeed/U129754/Y (sky130_fd_sc_hd__o21ai_2)       0.05      20.33 f
  u_cp/u_bfeed/U155158/Y (sky130_fd_sc_hd__mux2i_1)       0.14      20.46 r
  u_cp/u_bfeed/U128261/Y (sky130_fd_sc_hd__nand3_2)       0.14      20.60 f
  u_cp/u_bfeed/U20757/X (sky130_fd_sc_hd__clkbuf_1)       0.13      20.73 f
  u_cp/u_bfeed/U124543/Y (sky130_fd_sc_hd__nand2_2)       0.07      20.80 r
  u_cp/u_bfeed/U128260/Y (sky130_fd_sc_hd__o21ai_2)       0.06      20.85 f
  u_cp/u_bfeed/U128259/Y (sky130_fd_sc_hd__a21oi_2)       0.12      20.97 r
  u_cp/u_bfeed/U127874/Y (sky130_fd_sc_hd__o21ai_2)       0.08      21.05 f
  u_cp/u_bfeed/U88737/X (sky130_fd_sc_hd__a21o_4)         0.23      21.28 f
  u_cp/u_bfeed/U88736/Y (sky130_fd_sc_hd__nand2b_2)       0.07      21.35 r
  u_cp/u_bfeed/U20427/Y (sky130_fd_sc_hd__nand2_2)        0.04      21.39 f
  u_cp/u_bfeed/U20426/Y (sky130_fd_sc_hd__xnor2_1)        0.12      21.52 f
  u_cp/u_bfeed/U132988/Y (sky130_fd_sc_hd__a22oi_2)       0.14      21.66 r
  u_cp/u_bfeed/U129083/Y (sky130_fd_sc_hd__nand2_2)       0.09      21.75 f
  u_cp/u_bfeed/U95024/Y (sky130_fd_sc_hd__nor2_4)         0.11      21.86 r
  u_cp/u_bfeed/U95023/Y (sky130_fd_sc_hd__nand2_2)        0.08      21.94 f
  u_cp/u_bfeed/U97105/Y (sky130_fd_sc_hd__inv_4)          0.09      22.02 r
  u_cp/u_bfeed/U23404/Y (sky130_fd_sc_hd__nand2_4)        0.06      22.08 f
  u_cp/u_bfeed/U121867/Y (sky130_fd_sc_hd__inv_4)         0.07      22.15 r
  u_cp/u_bfeed/U88157/Y (sky130_fd_sc_hd__nand2_2)        0.06      22.21 f
  u_cp/u_bfeed/U19690/Y (sky130_fd_sc_hd__nand3_4)        0.08      22.29 r
  u_cp/u_bfeed/U127657/Y (sky130_fd_sc_hd__nand2_4)       0.06      22.35 f
  u_cp/u_bfeed/U11597/Y (sky130_fd_sc_hd__o21ai_2)        0.15      22.50 r
  u_cp/u_bfeed/U93634/Y (sky130_fd_sc_hd__a21oi_4)        0.07      22.57 f
  u_cp/u_bfeed/U107600/Y (sky130_fd_sc_hd__o21ai_1)       0.16      22.72 r
  u_cp/u_bfeed/U155460/Y (sky130_fd_sc_hd__xnor2_1)       0.13      22.85 r
  u_cp/u_bfeed/U127490/Y (sky130_fd_sc_hd__nand2_1)       0.07      22.93 f
  u_cp/u_bfeed/U127878/Y (sky130_fd_sc_hd__nand2_1)       0.06      22.99 r
  u_cp/u_bfeed/U95061/X (sky130_fd_sc_hd__and2_4)         0.14      23.13 r
  u_cp/u_bfeed/U25778/Y (sky130_fd_sc_hd__nand3_4)        0.13      23.26 f
  u_cp/u_bfeed/U13728/Y (sky130_fd_sc_hd__inv_8)          0.12      23.38 r
  u_cp/u_bfeed/U21656/Y (sky130_fd_sc_hd__nand2_2)        0.05      23.43 f
  u_cp/u_bfeed/U118850/Y (sky130_fd_sc_hd__inv_2)         0.06      23.49 r
  u_cp/u_bfeed/U94268/Y (sky130_fd_sc_hd__nand2_1)        0.06      23.55 f
  u_cp/u_bfeed/U93300/Y (sky130_fd_sc_hd__a2bb2oi_2)      0.14      23.69 f
  u_cp/u_bfeed/U20202/Y (sky130_fd_sc_hd__o21ai_2)        0.14      23.83 r
  u_cp/u_bfeed/U15542/Y (sky130_fd_sc_hd__inv_1)          0.05      23.87 f
  u_cp/u_bfeed/U18942/Y (sky130_fd_sc_hd__nand2_1)        0.06      23.94 r
  u_cp/u_bfeed/U20110/Y (sky130_fd_sc_hd__o21ai_2)        0.08      24.01 f
  u_cp/u_bfeed/U99125/Y (sky130_fd_sc_hd__a21oi_4)        0.14      24.15 r
  u_cp/u_bfeed/U91366/X (sky130_fd_sc_hd__buf_6)          0.12      24.27 r
  u_cp/u_bfeed/U99123/Y (sky130_fd_sc_hd__nor2_2)         0.03      24.31 f
  u_cp/u_bfeed/U93209/Y (sky130_fd_sc_hd__nor2_2)         0.12      24.42 r
  u_cp/u_bfeed/U155719/Y (sky130_fd_sc_hd__nand2_1)       0.08      24.50 f
  u_cp/u_bfeed/U20157/Y (sky130_fd_sc_hd__o21ai_1)        0.15      24.65 r
  u_cp/u_bfeed/U94215/Y (sky130_fd_sc_hd__a21oi_2)        0.05      24.70 f
  u_cp/u_bfeed/U94214/Y (sky130_fd_sc_hd__inv_2)          0.11      24.81 r
  u_cp/u_bfeed/U13725/Y (sky130_fd_sc_hd__inv_6)          0.05      24.86 f
  u_cp/u_bfeed/U9198/Y (sky130_fd_sc_hd__o21ai_1)         0.13      24.99 r
  u_cp/u_bfeed/U155819/Y (sky130_fd_sc_hd__xnor2_1)       0.09      25.08 f
  u_cp/u_bfeed/U14020/Y (sky130_fd_sc_hd__a21oi_2)        0.16      25.23 r
  u_cp/u_bfeed/U19706/X (sky130_fd_sc_hd__buf_2)          0.13      25.36 r
  u_cp/u_bfeed/U18429/X (sky130_fd_sc_hd__and2_1)         0.10      25.47 r
  u_cp/u_bfeed/U20111/X (sky130_fd_sc_hd__and2_4)         0.15      25.62 r
  u_cp/u_bfeed/U19739/Y (sky130_fd_sc_hd__nand2_4)        0.05      25.68 f
  u_cp/u_bfeed/U96735/Y (sky130_fd_sc_hd__nor2_4)         0.11      25.79 r
  u_cp/u_bfeed/U94167/Y (sky130_fd_sc_hd__nor2_4)         0.05      25.83 f
  u_cp/u_bfeed/U114150/Y (sky130_fd_sc_hd__a21oi_2)       0.09      25.93 r
  u_cp/u_bfeed/U121183/Y (sky130_fd_sc_hd__o21ai_1)       0.07      26.00 f
  u_cp/u_bfeed/U128887/Y (sky130_fd_sc_hd__a21oi_2)       0.15      26.15 r
  u_cp/u_bfeed/U129403/Y (sky130_fd_sc_hd__xnor2_1)       0.09      26.24 f
  u_cp/u_bfeed/U110807/Y (sky130_fd_sc_hd__o21ai_2)       0.16      26.40 r
  u_cp/u_bfeed/U98141/Y (sky130_fd_sc_hd__nand3_4)        0.12      26.52 f
  u_cp/u_bfeed/U21660/Y (sky130_fd_sc_hd__o21bai_4)       0.21      26.73 r
  u_cp/u_bfeed/U99311/Y (sky130_fd_sc_hd__inv_8)          0.10      26.83 f
  u_cp/u_bfeed/U121286/Y (sky130_fd_sc_hd__nand2_4)       0.07      26.91 r
  u_cp/u_bfeed/U19745/X (sky130_fd_sc_hd__o21a_4)         0.15      27.05 r
  u_cp/u_bfeed/U116403/Y (sky130_fd_sc_hd__inv_4)         0.05      27.11 f
  u_cp/u_bfeed/U156170/COUT (sky130_fd_sc_hd__fah_1)      0.35      27.45 f
  u_cp/u_bfeed/U130087/Y (sky130_fd_sc_hd__o21ai_2)       0.15      27.61 r
  u_cp/u_bfeed/U125261/Y (sky130_fd_sc_hd__nand2_2)       0.08      27.69 f
  u_cp/u_bfeed/U126252/Y (sky130_fd_sc_hd__o21ai_2)       0.06      27.75 r
  u_cp/u_bfeed/U130083/Y (sky130_fd_sc_hd__o21ai_2)       0.08      27.83 f
  u_cp/u_bfeed/U110483/Y (sky130_fd_sc_hd__xnor2_1)       0.13      27.96 f
  u_cp/u_bfeed/U126346/Y (sky130_fd_sc_hd__xnor2_1)       0.19      28.15 r
  u_cp/u_bfeed/U99316/Y (sky130_fd_sc_hd__nand2b_4)       0.17      28.32 r
  u_cp/u_bfeed/U25514/Y (sky130_fd_sc_hd__nand2_2)        0.06      28.38 f
  u_cp/u_bfeed/U131246/Y (sky130_fd_sc_hd__nor2_1)        0.12      28.50 r
  u_cp/u_bfeed/U130757/Y (sky130_fd_sc_hd__nand4_2)       0.13      28.63 f
  u_cp/u_bfeed/U100155/Y (sky130_fd_sc_hd__nand3_4)       0.12      28.75 r
  u_cp/u_bfeed/U100156/Y (sky130_fd_sc_hd__inv_8)         0.07      28.82 f
  u_cp/u_bfeed/U20762/Y (sky130_fd_sc_hd__inv_2)          0.07      28.89 r
  u_cp/u_bfeed/U83132/Y (sky130_fd_sc_hd__nand2_2)        0.04      28.93 f
  u_cp/u_bfeed/U25815/Y (sky130_fd_sc_hd__o21ai_2)        0.06      28.99 r
  u_cp/u_bfeed/U21515/Y (sky130_fd_sc_hd__nand4_2)        0.11      29.10 f
  u_cp/u_bfeed/U97031/Y (sky130_fd_sc_hd__inv_2)          0.10      29.20 r
  u_cp/u_bfeed/U28432/Y (sky130_fd_sc_hd__nand3_4)        0.10      29.30 f
  u_cp/u_bfeed/U97358/Y (sky130_fd_sc_hd__nand2_4)        0.14      29.44 r
  u_cp/u_bfeed/U22390/Y (sky130_fd_sc_hd__inv_6)          0.07      29.51 f
  u_cp/u_bfeed/U86336/Y (sky130_fd_sc_hd__nand2_4)        0.06      29.57 r
  u_cp/u_bfeed/U21881/Y (sky130_fd_sc_hd__o21ai_4)        0.07      29.64 f
  u_cp/u_bfeed/U86993/Y (sky130_fd_sc_hd__o21ai_4)        0.15      29.79 r
  u_cp/u_bfeed/U22301/Y (sky130_fd_sc_hd__o21ai_1)        0.10      29.88 f
  u_cp/u_bfeed/U93266/Y (sky130_fd_sc_hd__inv_2)          0.07      29.96 r
  u_cp/u_bfeed/U122817/Y (sky130_fd_sc_hd__o21ai_2)       0.06      30.02 f
  u_cp/u_bfeed/U115359/Y (sky130_fd_sc_hd__nand2b_4)      0.15      30.17 f
  u_cp/u_bfeed/U82212/Y (sky130_fd_sc_hd__a22oi_4)        0.13      30.30 r
  u_cp/u_bfeed/U26974/Y (sky130_fd_sc_hd__o21ai_2)        0.06      30.36 f
  u_cp/u_bfeed/U129816/Y (sky130_fd_sc_hd__nand2b_1)      0.06      30.42 r
  u_cp/u_bfeed/U126110/X (sky130_fd_sc_hd__and3_4)        0.18      30.59 r
  u_cp/u_bfeed/U23394/Y (sky130_fd_sc_hd__nand3_4)        0.16      30.76 f
  u_cp/u_bfeed/U23393/Y (sky130_fd_sc_hd__inv_2)          0.11      30.86 r
  u_cp/u_bfeed/U96871/Y (sky130_fd_sc_hd__nand2b_1)       0.05      30.91 f
  u_cp/u_bfeed/U96872/Y (sky130_fd_sc_hd__nand2_1)        0.06      30.98 r
  u_cp/u_bfeed/U22483/Y (sky130_fd_sc_hd__nand3_2)        0.10      31.07 f
  u_cp/u_bfeed/U101576/Y (sky130_fd_sc_hd__nand2_1)       0.10      31.17 r
  u_cp/u_bfeed/U83714/Y (sky130_fd_sc_hd__nand2_2)        0.10      31.27 f
  u_cp/u_bfeed/U81867/Y (sky130_fd_sc_hd__nand3_4)        0.14      31.41 r
  u_cp/u_bfeed/U21632/Y (sky130_fd_sc_hd__nand2_4)        0.08      31.49 f
  u_cp/u_bfeed/U21364/Y (sky130_fd_sc_hd__xnor2_4)        0.13      31.62 f
  u_cp/u_bfeed/U96062/Y (sky130_fd_sc_hd__nand2b_4)       0.10      31.73 r
  u_cp/u_bfeed/U92703/Y (sky130_fd_sc_hd__inv_2)          0.03      31.76 f
  u_cp/u_bfeed/U96061/Y (sky130_fd_sc_hd__nor2_1)         0.07      31.83 r
  u_cp/u_bfeed/U92202/X (sky130_fd_sc_hd__and2_4)         0.16      31.99 r
  u_cp/u_bfeed/U90539/Y (sky130_fd_sc_hd__nand3_2)        0.06      32.05 f
  u_cp/u_bfeed/U8433/Y (sky130_fd_sc_hd__o21ai_1)         0.14      32.19 r
  u_cp/u_bfeed/U19183/Y (sky130_fd_sc_hd__a21oi_2)        0.05      32.23 f
  u_cp/u_bfeed/U91193/Y (sky130_fd_sc_hd__nand4_2)        0.10      32.33 r
  u_cp/u_bfeed/U8363/Y (sky130_fd_sc_hd__nor2_1)          0.07      32.40 f
  u_cp/u_bfeed/U26947/Y (sky130_fd_sc_hd__o21ai_2)        0.15      32.56 r
  u_cp/u_bfeed/U25615/Y (sky130_fd_sc_hd__nand2_2)        0.06      32.62 f
  u_cp/u_bfeed/U90570/Y (sky130_fd_sc_hd__nor2_2)         0.15      32.77 r
  u_cp/u_bfeed/U125412/Y (sky130_fd_sc_hd__inv_2)         0.06      32.83 f
  u_cp/u_bfeed/U26502/Y (sky130_fd_sc_hd__nand2b_4)       0.07      32.90 r
  u_cp/u_bfeed/U99644/Y (sky130_fd_sc_hd__a21oi_2)        0.06      32.96 f
  u_cp/u_bfeed/U93208/Y (sky130_fd_sc_hd__o21ai_2)        0.12      33.08 r
  u_cp/u_bfeed/U156563/Y (sky130_fd_sc_hd__xnor2_1)       0.08      33.16 f
  u_cp/u_bfeed/U115610/Y (sky130_fd_sc_hd__o21ai_1)       0.11      33.27 r
  u_cp/u_bfeed/U19767/Y (sky130_fd_sc_hd__o21bai_2)       0.13      33.40 r
  u_cp/u_bfeed/U24173/Y (sky130_fd_sc_hd__nand3_2)        0.09      33.48 f
  u_cp/u_bfeed/U24172/Y (sky130_fd_sc_hd__inv_2)          0.06      33.54 r
  u_cp/u_bfeed/U13993/Y (sky130_fd_sc_hd__nand4_2)        0.07      33.61 f
  u_cp/u_bfeed/U21724/Y (sky130_fd_sc_hd__nor2_2)         0.12      33.74 r
  u_cp/u_bfeed/U119053/Y (sky130_fd_sc_hd__nand2_1)       0.05      33.79 f
  u_cp/u_bfeed/U122026/Y (sky130_fd_sc_hd__nand2_1)       0.06      33.85 r
  u_cp/u_bfeed/U93273/Y (sky130_fd_sc_hd__nand3_2)        0.07      33.92 f
  u_cp/u_bfeed/U95369/Y (sky130_fd_sc_hd__o21ai_4)        0.09      34.01 r
  u_cp/u_bfeed/U14673/Y (sky130_fd_sc_hd__nand2b_4)       0.19      34.19 r
  u_cp/u_bfeed/U20753/Y (sky130_fd_sc_hd__inv_2)          0.08      34.27 f
  u_cp/u_bfeed/U39742/Y (sky130_fd_sc_hd__nand2_1)        0.06      34.33 r
  u_cp/u_bfeed/U12945/Y (sky130_fd_sc_hd__nand4_1)        0.10      34.43 f
  u_cp/u_bfeed/U12944/Y (sky130_fd_sc_hd__nand2_1)        0.07      34.50 r
  u_cp/u_bfeed/U16492/Y (sky130_fd_sc_hd__nand2b_1)       0.05      34.54 f
  u_cp/u_bfeed/U70809/Y (sky130_fd_sc_hd__nor2_1)         0.12      34.66 r
  u_cp/u_bfeed/U90866/Y (sky130_fd_sc_hd__o21ai_2)        0.07      34.73 f
  u_cp/u_bfeed/U7988/Y (sky130_fd_sc_hd__nand2_2)         0.08      34.81 r
  u_cp/u_bfeed/U7968/Y (sky130_fd_sc_hd__inv_2)           0.07      34.88 f
  u_cp/u_bfeed/U126119/X (sky130_fd_sc_hd__buf_12)        0.15      35.03 f
  u_cp/u_bfeed/U13199/Y (sky130_fd_sc_hd__xnor2_4)        0.19      35.22 r
  u_cp/u_bfeed/U13813/Y (sky130_fd_sc_hd__xnor2_2)        0.14      35.36 r
  u_cp/u_bfeed/U121990/Y (sky130_fd_sc_hd__inv_2)         0.05      35.41 f
  u_cp/u_bfeed/U20118/Y (sky130_fd_sc_hd__xnor2_1)        0.17      35.58 r
  u_cp/u_bfeed/U87678/Y (sky130_fd_sc_hd__xnor2_1)        0.15      35.73 r
  u_cp/u_bfeed/U91373/Y (sky130_fd_sc_hd__inv_1)          0.05      35.78 f
  u_cp/u_bfeed/U45231/Y (sky130_fd_sc_hd__nand2_1)        0.06      35.85 r
  u_cp/u_bfeed/U45217/Y (sky130_fd_sc_hd__nand3_1)        0.06      35.91 f
  u_cp/u_bfeed/U14930/Y (sky130_fd_sc_hd__nand2b_1)       0.08      35.99 r
  u_cp/u_bfeed/U15860/Y (sky130_fd_sc_hd__nand2_1)        0.06      36.05 f
  u_cp/u_bfeed/U13718/Y (sky130_fd_sc_hd__nand3_2)        0.09      36.14 r
  u_cp/u_bfeed/U13845/Y (sky130_fd_sc_hd__nand2_4)        0.07      36.22 f
  u_cp/u_bfeed/U88424/Y (sky130_fd_sc_hd__nand2_4)        0.07      36.29 r
  u_cp/u_bfeed/U84102/X (sky130_fd_sc_hd__buf_6)          0.09      36.38 r
  u_cp/u_bfeed/U84699/Y (sky130_fd_sc_hd__inv_2)          0.02      36.40 f
  u_cp/u_bfeed/U18973/Y (sky130_fd_sc_hd__nand2_2)        0.04      36.45 r
  u_cp/u_bfeed/U18972/Y (sky130_fd_sc_hd__nand4_1)        0.06      36.51 f
  u_cp/u_bfeed/U33352/Y (sky130_fd_sc_hd__nand3_1)        0.08      36.59 r
  u_cp/u_bfeed/U36107/X (sky130_fd_sc_hd__xor2_1)         0.17      36.76 r
  u_cp/u_bfeed/U85411/Y (sky130_fd_sc_hd__nand2b_4)       0.16      36.92 r
  u_cp/u_bfeed/U21825/Y (sky130_fd_sc_hd__nand2_4)        0.06      36.98 f
  u_cp/u_bfeed/U82056/Y (sky130_fd_sc_hd__nand2_8)        0.15      37.13 r
  u_cp/u_bfeed/U31447/Y (sky130_fd_sc_hd__inv_12)         0.08      37.21 f
  u_cp/u_bfeed/U15051/Y (sky130_fd_sc_hd__xnor2_2)        0.14      37.35 f
  u_cp/u_bfeed/U85077/Y (sky130_fd_sc_hd__o22ai_2)        0.18      37.53 r
  u_cp/u_bfeed/U12579/X (sky130_fd_sc_hd__and2_1)         0.15      37.68 r
  u_cp/u_bfeed/U12578/Y (sky130_fd_sc_hd__nand2b_4)       0.11      37.79 r
  u_cp/u_bfeed/U163234/SUM (sky130_fd_sc_hd__fah_1)       0.42      38.21 r
  u_cp/u_bfeed/U88114/Y (sky130_fd_sc_hd__inv_2)          0.05      38.26 f
  u_cp/u_bfeed/U93487/Y (sky130_fd_sc_hd__o21ai_2)        0.15      38.41 r
  u_cp/u_bfeed/U93486/Y (sky130_fd_sc_hd__xnor2_1)        0.14      38.55 r
  u_cp/u_bfeed/U97493/Y (sky130_fd_sc_hd__xnor2_1)        0.15      38.70 r
  u_cp/u_bfeed/U86280/Y (sky130_fd_sc_hd__nand2b_4)       0.17      38.87 r
  u_cp/u_bfeed/U15784/Y (sky130_fd_sc_hd__nand2_4)        0.05      38.92 f
  u_cp/u_bfeed/U15783/Y (sky130_fd_sc_hd__nor2_4)         0.09      39.01 r
  u_cp/u_bfeed/U83781/Y (sky130_fd_sc_hd__nand2_2)        0.07      39.08 f
  u_cp/u_bfeed/U22391/Y (sky130_fd_sc_hd__nor2_2)         0.13      39.21 r
  u_cp/u_bfeed/U23251/Y (sky130_fd_sc_hd__nand3_2)        0.08      39.29 f
  u_cp/u_bfeed/U22907/Y (sky130_fd_sc_hd__nand3_2)        0.07      39.36 r
  u_cp/u_bfeed/U22906/Y (sky130_fd_sc_hd__xnor2_1)        0.12      39.48 r
  u_cp/u_bfeed/U163636/Y (sky130_fd_sc_hd__inv_2)         0.07      39.55 f
  u_cp/u_bfeed/U122114/Y (sky130_fd_sc_hd__inv_4)         0.09      39.64 r
  u_cp/u_bfeed/U24811/Y (sky130_fd_sc_hd__inv_4)          0.06      39.69 f
  u_cp/u_bfeed/U94299/Y (sky130_fd_sc_hd__o21ai_2)        0.11      39.81 r
  u_cp/u_bfeed/U131716/Y (sky130_fd_sc_hd__a21oi_2)       0.05      39.86 f
  u_cp/u_bfeed/U128357/Y (sky130_fd_sc_hd__nand2b_4)      0.08      39.94 r
  u_cp/u_bfeed/U83904/Y (sky130_fd_sc_hd__nand2_4)        0.08      40.02 f
  u_cp/u_bfeed/U16831/Y (sky130_fd_sc_hd__nand2_2)        0.07      40.09 r
  u_cp/u_bfeed/U18638/Y (sky130_fd_sc_hd__nand3_2)        0.06      40.15 f
  u_cp/u_bfeed/U98155/Y (sky130_fd_sc_hd__inv_2)          0.06      40.22 r
  u_cp/u_bfeed/U85878/Y (sky130_fd_sc_hd__nand3_2)        0.07      40.29 f
  u_cp/u_bfeed/U84985/Y (sky130_fd_sc_hd__nand3_4)        0.13      40.42 r
  u_cp/u_bfeed/U13307/Y (sky130_fd_sc_hd__inv_8)          0.07      40.50 f
  u_cp/u_bfeed/U17591/Y (sky130_fd_sc_hd__inv_12)         0.12      40.62 r
  u_cp/u_bfeed/U24709/Y (sky130_fd_sc_hd__nand4_1)        0.15      40.77 f
  u_cp/u_bfeed/U99108/Y (sky130_fd_sc_hd__nand2_4)        0.18      40.96 r
  u_cp/u_bfeed/U18862/Y (sky130_fd_sc_hd__nand2_8)        0.10      41.06 f
  u_cp/u_bfeed/U99128/Y (sky130_fd_sc_hd__nor2_8)         0.23      41.29 r
  u_cp/u_bfeed/U21596/Y (sky130_fd_sc_hd__nand2_2)        0.10      41.39 f
  u_cp/u_bfeed/U13064/Y (sky130_fd_sc_hd__nand4_4)        0.18      41.56 r
  u_cp/u_bfeed/U13063/Y (sky130_fd_sc_hd__inv_4)          0.06      41.63 f
  u_cp/u_bfeed/U18644/Y (sky130_fd_sc_hd__nor2_8)         0.10      41.73 r
  u_cp/u_bfeed/U118415/Y (sky130_fd_sc_hd__o21ai_2)       0.07      41.79 f
  u_cp/u_bfeed/U88772/Y (sky130_fd_sc_hd__a21oi_2)        0.12      41.91 r
  u_cp/u_bfeed/U91459/Y (sky130_fd_sc_hd__o21ai_2)        0.08      41.99 f
  u_cp/u_bfeed/U128629/Y (sky130_fd_sc_hd__inv_2)         0.13      42.12 r
  u_cp/u_bfeed/U164141/Y (sky130_fd_sc_hd__o21ai_2)       0.07      42.18 f
  u_cp/u_bfeed/U164142/Y (sky130_fd_sc_hd__xnor2_1)       0.13      42.31 f
  u_cp/u_bfeed/U124033/Y (sky130_fd_sc_hd__nand2_2)       0.07      42.38 r
  u_cp/u_bfeed/U18499/Y (sky130_fd_sc_hd__nand3_4)        0.07      42.46 f
  u_cp/u_bfeed/U18498/Y (sky130_fd_sc_hd__nor2_4)         0.14      42.60 r
  u_cp/u_bfeed/U92211/Y (sky130_fd_sc_hd__nand3_4)        0.10      42.70 f
  u_cp/u_bfeed/U118145/Y (sky130_fd_sc_hd__nor2_4)        0.13      42.83 r
  u_cp/u_bfeed/U118144/Y (sky130_fd_sc_hd__nand2_1)       0.06      42.89 f
  u_cp/u_bfeed/U127410/Y (sky130_fd_sc_hd__nand2_1)       0.05      42.94 r
  u_cp/u_bfeed/U127328/Y (sky130_fd_sc_hd__nand2b_1)      0.06      43.00 f
  u_cp/u_bfeed/U127808/Y (sky130_fd_sc_hd__nand2_2)       0.08      43.08 r
  u_cp/u_bfeed/U164280/Y (sky130_fd_sc_hd__nand2_2)       0.05      43.13 f
  u_cp/u_bfeed/U115596/X (sky130_fd_sc_hd__o21a_1)        0.20      43.32 f
  u_cp/u_bfeed/U127165/Y (sky130_fd_sc_hd__o21ai_2)       0.07      43.40 r
  u_cp/u_bfeed/U121854/Y (sky130_fd_sc_hd__a21oi_4)       0.06      43.46 f
  u_cp/u_bfeed/U125072/Y (sky130_fd_sc_hd__o21ai_2)       0.12      43.58 r
  u_cp/u_bfeed/U164287/Y (sky130_fd_sc_hd__xnor2_1)       0.12      43.70 r
  u_cp/u_bfeed/U96994/X (sky130_fd_sc_hd__a21o_1)         0.14      43.84 r
  u_cp/u_bfeed/U94290/Y (sky130_fd_sc_hd__nand4_2)        0.12      43.96 f
  u_cp/u_bfeed/U14162/X (sky130_fd_sc_hd__and2_4)         0.20      44.16 f
  u_cp/u_bfeed/U97727/Y (sky130_fd_sc_hd__inv_8)          0.10      44.26 r
  u_cp/u_bfeed/U18626/Y (sky130_fd_sc_hd__nor2_4)         0.04      44.30 f
  u_cp/u_bfeed/U89707/Y (sky130_fd_sc_hd__nor3_4)         0.27      44.57 r
  u_cp/u_bfeed/U89706/Y (sky130_fd_sc_hd__nor2_8)         0.12      44.69 f
  u_cp/u_bfeed/U89705/Y (sky130_fd_sc_hd__xnor2_4)        0.16      44.85 f
  u_cp/u_bfeed/U89704/Y (sky130_fd_sc_hd__o22ai_4)        0.11      44.97 r
  u_cp/u_bfeed/U164734/SUM (sky130_fd_sc_hd__fah_1)       0.28      45.25 r
  u_cp/u_bfeed/U164753/SUM (sky130_fd_sc_hd__fah_1)       0.27      45.52 f
  u_cp/u_bfeed/U164756/SUM (sky130_fd_sc_hd__fah_1)       0.32      45.84 f
  u_cp/u_bfeed/U124687/Y (sky130_fd_sc_hd__xnor2_1)       0.14      45.97 f
  u_cp/u_bfeed/U99093/Y (sky130_fd_sc_hd__xnor2_1)        0.20      46.17 r
  u_cp/u_bfeed/U15041/Y (sky130_fd_sc_hd__nor2_2)         0.05      46.22 f
  u_cp/u_bfeed/U118413/Y (sky130_fd_sc_hd__o21ai_1)       0.12      46.34 r
  u_cp/u_bfeed/U118412/Y (sky130_fd_sc_hd__a21oi_1)       0.06      46.40 f
  u_cp/u_bfeed/U128672/Y (sky130_fd_sc_hd__nand2b_1)      0.14      46.54 f
  u_cp/u_bfeed/U12334/Y (sky130_fd_sc_hd__nand3_2)        0.06      46.60 r
  u_cp/u_bfeed/U16486/Y (sky130_fd_sc_hd__nor2_2)         0.04      46.64 f
  u_cp/u_bfeed/U16485/Y (sky130_fd_sc_hd__o21ai_1)        0.12      46.76 r
  u_cp/u_bfeed/U15712/Y (sky130_fd_sc_hd__nand3_1)        0.09      46.86 f
  u_cp/u_bfeed/U88637/Y (sky130_fd_sc_hd__nand3_2)        0.10      46.95 r
  u_cp/u_bfeed/U88636/Y (sky130_fd_sc_hd__xnor2_2)        0.11      47.06 r
  u_cp/u_bfeed/U101749/Y (sky130_fd_sc_hd__inv_2)         0.08      47.15 f
  u_cp/u_bfeed/U101748/Y (sky130_fd_sc_hd__inv_8)         0.12      47.27 r
  u_cp/u_bfeed/U13266/Y (sky130_fd_sc_hd__inv_6)          0.06      47.33 f
  u_cp/u_bfeed/U13717/Y (sky130_fd_sc_hd__inv_8)          0.08      47.40 r
  u_cp/u_bfeed/U97273/Y (sky130_fd_sc_hd__o21ai_4)        0.06      47.46 f
  u_cp/u_bfeed/U22962/Y (sky130_fd_sc_hd__nand2_4)        0.08      47.54 r
  u_cp/u_bfeed/U97725/Y (sky130_fd_sc_hd__nand2_4)        0.07      47.61 f
  u_cp/u_bfeed/U4359/Y (sky130_fd_sc_hd__nor2_2)          0.15      47.76 r
  u_cp/u_bfeed/U96339/Y (sky130_fd_sc_hd__o21ai_4)        0.08      47.85 f
  u_cp/u_bfeed/U18659/Y (sky130_fd_sc_hd__a21oi_4)        0.17      48.02 r
  u_cp/u_bfeed/U18658/Y (sky130_fd_sc_hd__o21ai_1)        0.09      48.11 f
  u_cp/u_bfeed/U96338/Y (sky130_fd_sc_hd__xnor2_1)        0.12      48.23 f
  u_cp/u_bfeed/U115732/Y (sky130_fd_sc_hd__nand2_1)       0.07      48.30 r
  u_cp/u_bfeed/U18648/Y (sky130_fd_sc_hd__nand2_2)        0.07      48.37 f
  u_cp/u_bfeed/U18647/Y (sky130_fd_sc_hd__inv_2)          0.05      48.42 r
  u_cp/u_bfeed/U12202/Y (sky130_fd_sc_hd__nand3_2)        0.07      48.49 f
  u_cp/u_bfeed/U97241/Y (sky130_fd_sc_hd__inv_4)          0.10      48.59 r
  u_cp/u_bfeed/U97191/Y (sky130_fd_sc_hd__nand4_4)        0.13      48.72 f
  u_cp/u_bfeed/U165117/Y (sky130_fd_sc_hd__nand2b_1)      0.16      48.88 f
  u_cp/u_bfeed/U91926/Y (sky130_fd_sc_hd__a21boi_1)       0.13      49.01 f
  u_cp/u_bfeed/U93491/Y (sky130_fd_sc_hd__nand3_2)        0.10      49.11 r
  u_cp/u_bfeed/U90492/X (sky130_fd_sc_hd__buf_6)          0.12      49.23 r
  u_cp/u_bfeed/U103034/Y (sky130_fd_sc_hd__inv_2)         0.04      49.27 f
  u_cp/u_bfeed/U23583/Y (sky130_fd_sc_hd__nand2_4)        0.04      49.32 r
  u_cp/u_bfeed/U118521/Y (sky130_fd_sc_hd__o21ai_2)       0.05      49.37 f
  u_cp/u_bfeed/U25737/Y (sky130_fd_sc_hd__nand2_2)        0.06      49.43 r
  u_cp/u_bfeed/U12325/Y (sky130_fd_sc_hd__nand4_4)        0.13      49.56 f
  u_cp/u_bfeed/U20829/Y (sky130_fd_sc_hd__a21oi_4)        0.25      49.80 r
  u_cp/u_bfeed/U3721/Y (sky130_fd_sc_hd__o21ai_1)         0.10      49.90 f
  u_cp/u_bfeed/U165355/Y (sky130_fd_sc_hd__xnor2_1)       0.13      50.04 f
  u_cp/u_bfeed/U96997/Y (sky130_fd_sc_hd__nand2b_2)       0.08      50.12 r
  u_cp/u_bfeed/U26802/Y (sky130_fd_sc_hd__nand3_4)        0.09      50.22 f
  u_cp/u_bfeed/U50386/Y (sky130_fd_sc_hd__inv_2)          0.07      50.29 r
  u_cp/u_bfeed/U22943/Y (sky130_fd_sc_hd__nand2_2)        0.05      50.34 f
  u_cp/u_bfeed/U50350/Y (sky130_fd_sc_hd__inv_2)          0.07      50.41 r
  u_cp/u_bfeed/U26801/Y (sky130_fd_sc_hd__nand2_2)        0.05      50.46 f
  u_cp/u_bfeed/U124665/Y (sky130_fd_sc_hd__nor2_2)        0.10      50.56 r
  u_cp/u_bfeed/U13240/Y (sky130_fd_sc_hd__nand3_2)        0.09      50.66 f
  u_cp/u_bfeed/U13252/Y (sky130_fd_sc_hd__nand2_4)        0.11      50.76 r
  u_cp/u_bfeed/U15687/Y (sky130_fd_sc_hd__nor2_4)         0.05      50.81 f
  u_cp/u_bfeed/U25152/X (sky130_fd_sc_hd__clkbuf_1)       0.10      50.92 f
  u_cp/u_bfeed/U118044/Y (sky130_fd_sc_hd__o21ai_2)       0.13      51.05 r
  u_cp/u_bfeed/U93592/Y (sky130_fd_sc_hd__xnor2_1)        0.12      51.17 r
  u_cp/u_bfeed/U23149/X (sky130_fd_sc_hd__a21o_2)         0.15      51.32 r
  u_cp/u_bfeed/U26132/Y (sky130_fd_sc_hd__nand3_2)        0.09      51.41 f
  u_cp/u_bfeed/U93086/Y (sky130_fd_sc_hd__nor2_4)         0.10      51.51 r
  u_cp/u_bfeed/U13428/Y (sky130_fd_sc_hd__nand4_4)        0.10      51.61 f
  u_cp/u_bfeed/U84638/X (sky130_fd_sc_hd__and2_4)         0.23      51.85 f
  u_cp/u_bfeed/U3424/Y (sky130_fd_sc_hd__nand2_2)         0.09      51.94 r
  u_cp/u_bfeed/U84011/Y (sky130_fd_sc_hd__nand4_4)        0.09      52.03 f
  u_cp/u_bfeed/U131381/X (sky130_fd_sc_hd__buf_6)         0.17      52.20 f
  u_cp/u_bfeed/U12666/Y (sky130_fd_sc_hd__xnor2_4)        0.17      52.36 r
  u_cp/u_bfeed/U118529/Y (sky130_fd_sc_hd__o22ai_2)       0.10      52.47 f
  u_cp/u_bfeed/U123668/Y (sky130_fd_sc_hd__xnor2_1)       0.17      52.63 f
  u_cp/u_bfeed/U123667/Y (sky130_fd_sc_hd__xnor2_1)       0.20      52.83 r
  u_cp/u_bfeed/U166235/SUM (sky130_fd_sc_hd__fah_1)       0.33      53.16 r
  u_cp/u_bfeed/U125755/Y (sky130_fd_sc_hd__xnor2_1)       0.13      53.29 r
  u_cp/u_bfeed/U125754/Y (sky130_fd_sc_hd__xnor2_1)       0.15      53.44 r
  u_cp/u_bfeed/U166247/COUT (sky130_fd_sc_hd__fah_1)      0.39      53.84 r
  u_cp/u_bfeed/U12214/Y (sky130_fd_sc_hd__nor2_2)         0.06      53.90 f
  u_cp/u_bfeed/U22456/Y (sky130_fd_sc_hd__nor2_2)         0.13      54.03 r
  u_cp/u_bfeed/U32494/Y (sky130_fd_sc_hd__nand2_1)        0.08      54.11 f
  u_cp/u_bfeed/U22464/Y (sky130_fd_sc_hd__nor2_2)         0.11      54.21 r
  u_cp/u_bfeed/U12330/Y (sky130_fd_sc_hd__nand3_2)        0.10      54.32 f
  u_cp/u_bfeed/U22472/Y (sky130_fd_sc_hd__nand3_2)        0.10      54.42 r
  u_cp/u_bfeed/U12261/Y (sky130_fd_sc_hd__nand3_4)        0.10      54.51 f
  u_cp/u_bfeed/U12260/Y (sky130_fd_sc_hd__inv_6)          0.13      54.64 r
  u_cp/u_bfeed/U93092/Y (sky130_fd_sc_hd__inv_8)          0.07      54.72 f
  u_cp/u_bfeed/U12455/Y (sky130_fd_sc_hd__nor2_2)         0.07      54.79 r
  u_cp/u_bfeed/U30714/Y (sky130_fd_sc_hd__a21oi_1)        0.05      54.84 f
  u_cp/u_bfeed/U91362/X (sky130_fd_sc_hd__and2_4)         0.17      55.00 f
  u_cp/u_bfeed/U121998/Y (sky130_fd_sc_hd__a21oi_2)       0.12      55.12 r
  u_cp/u_bfeed/U25144/Y (sky130_fd_sc_hd__nand4_2)        0.09      55.21 f
  u_cp/u_bfeed/U26995/Y (sky130_fd_sc_hd__o21ai_2)        0.07      55.29 r
  u_cp/u_bfeed/U87600/Y (sky130_fd_sc_hd__inv_2)          0.06      55.35 f
  u_cp/u_bfeed/U93588/Y (sky130_fd_sc_hd__nand2_4)        0.11      55.46 r
  u_cp/u_bfeed/U93489/Y (sky130_fd_sc_hd__inv_2)          0.06      55.52 f
  u_cp/u_bfeed/U96704/Y (sky130_fd_sc_hd__nand2_4)        0.07      55.59 r
  u_cp/u_bfeed/U85461/Y (sky130_fd_sc_hd__nand2_8)        0.08      55.67 f
  u_cp/u_bfeed/U31556/Y (sky130_fd_sc_hd__inv_8)          0.08      55.75 r
  u_cp/u_bfeed/U85460/Y (sky130_fd_sc_hd__nand3_4)        0.09      55.84 f
  u_cp/u_bfeed/U97111/Y (sky130_fd_sc_hd__inv_8)          0.13      55.97 r
  u_cp/u_bfeed/U116275/Y (sky130_fd_sc_hd__nand3_2)       0.08      56.05 f
  u_cp/u_bfeed/U92285/Y (sky130_fd_sc_hd__nor2_2)         0.11      56.16 r
  u_cp/u_bfeed/U118702/X (sky130_fd_sc_hd__buf_6)         0.17      56.33 r
  u_cp/u_bfeed/U2320/Y (sky130_fd_sc_hd__nand2_1)         0.09      56.42 f
  u_cp/u_bfeed/U91686/Y (sky130_fd_sc_hd__nand4_4)        0.12      56.54 r
  u_cp/u_bfeed/U22425/X (sky130_fd_sc_hd__buf_6)          0.10      56.64 r
  u_cp/u_bfeed/U87394/Y (sky130_fd_sc_hd__nor2_2)         0.04      56.68 f
  u_cp/u_bfeed/U103171/Y (sky130_fd_sc_hd__nor2_1)        0.13      56.81 r
  u_cp/u_bfeed/U60776/Y (sky130_fd_sc_hd__nand2_1)        0.11      56.92 f
  u_cp/u_bfeed/U60774/Y (sky130_fd_sc_hd__o21ai_2)        0.15      57.07 r
  u_cp/u_bfeed/U123953/Y (sky130_fd_sc_hd__a21oi_2)       0.05      57.12 f
  u_cp/u_bfeed/U119627/X (sky130_fd_sc_hd__buf_6)         0.14      57.26 f
  u_cp/u_bfeed/U166800/Y (sky130_fd_sc_hd__o21ai_2)       0.11      57.38 r
  u_cp/u_bfeed/U166801/Y (sky130_fd_sc_hd__xnor2_1)       0.07      57.44 f
  u_cp/u_bfeed/U12253/Y (sky130_fd_sc_hd__nand2b_1)       0.10      57.55 r
  u_cp/u_bfeed/U85185/Y (sky130_fd_sc_hd__nand3_4)        0.10      57.65 f
  u_cp/u_bfeed/U85184/Y (sky130_fd_sc_hd__nor2_2)         0.10      57.75 r
  u_cp/u_bfeed/U23253/X (sky130_fd_sc_hd__buf_4)          0.13      57.88 r
  u_cp/u_bfeed/U23836/Y (sky130_fd_sc_hd__nand4_2)        0.09      57.97 f
  u_cp/u_bfeed/U23835/Y (sky130_fd_sc_hd__a21oi_2)        0.12      58.09 r
  u_cp/u_bfeed/U82920/Y (sky130_fd_sc_hd__nand2b_2)       0.13      58.22 r
  u_cp/u_bfeed/U108056/Y (sky130_fd_sc_hd__o22ai_2)       0.07      58.29 f
  u_cp/u_bfeed/U85073/Y (sky130_fd_sc_hd__o21ai_4)        0.19      58.49 r
  u_cp/u_bfeed/U84575/Y (sky130_fd_sc_hd__nand3_1)        0.09      58.57 f
  u_cp/u_bfeed/U116323/Y (sky130_fd_sc_hd__nand2_1)       0.08      58.66 r
  u_cp/u_bfeed/U126413/Y (sky130_fd_sc_hd__xnor2_1)       0.11      58.76 r
  u_cp/u_bfeed/U105418/Y (sky130_fd_sc_hd__nand2_1)       0.07      58.83 f
  u_cp/u_bfeed/U21521/Y (sky130_fd_sc_hd__nand3_2)        0.07      58.90 r
  u_cp/u_bfeed/U22438/Y (sky130_fd_sc_hd__nand4_2)        0.09      58.99 f
  u_cp/u_bfeed/U32315/Y (sky130_fd_sc_hd__inv_2)          0.11      59.11 r
  u_cp/u_bfeed/U23415/Y (sky130_fd_sc_hd__nand3_4)        0.13      59.23 f
  u_cp/u_bfeed/U26270/Y (sky130_fd_sc_hd__a22oi_2)        0.21      59.44 r
  u_cp/u_bfeed/U12264/Y (sky130_fd_sc_hd__nand2b_4)       0.08      59.53 f
  u_cp/u_bfeed/U1587/Y (sky130_fd_sc_hd__nand2_1)         0.10      59.63 r
  u_cp/u_bfeed/U92670/Y (sky130_fd_sc_hd__nand3_1)        0.08      59.70 f
  u_cp/u_bfeed/U130758/Y (sky130_fd_sc_hd__clkinv_1)      0.05      59.75 r
  u_cp/u_bfeed/U105412/Y (sky130_fd_sc_hd__nand4_1)       0.06      59.80 f
  u_cp/u_bfeed/U94212/Y (sky130_fd_sc_hd__nand2_1)        0.07      59.87 r
  u_cp/u_bfeed/U25531/Y (sky130_fd_sc_hd__nand3_2)        0.06      59.94 f
  u_cp/u_bfeed/U117531/X (sky130_fd_sc_hd__clkbuf_2)      0.12      60.06 f
  u_cp/u_bfeed/U121325/X (sky130_fd_sc_hd__buf_6)         0.13      60.18 f
  u_cp/u_bfeed/U167120/Y (sky130_fd_sc_hd__nand2_4)       0.05      60.23 r
  u_cp/u_bfeed/U30406/Y (sky130_fd_sc_hd__clkinv_1)       0.04      60.27 f
  u_cp/u_bfeed/U167121/Y (sky130_fd_sc_hd__nand2b_1)      0.14      60.41 f
  u_cp/u_bfeed/U116272/X (sky130_fd_sc_hd__a21o_1)        0.16      60.57 f
  u_cp/u_bfeed/U25749/Y (sky130_fd_sc_hd__nand2_1)        0.07      60.64 r
  u_cp/u_bfeed/U121319/Y (sky130_fd_sc_hd__nand3b_1)      0.07      60.71 f
  u_cp/u_bfeed/U118768/Y (sky130_fd_sc_hd__nand2_1)       0.07      60.78 r
  u_cp/u_bfeed/U118767/Y (sky130_fd_sc_hd__o21ai_2)       0.07      60.85 f
  u_cp/u_bfeed/U121789/Y (sky130_fd_sc_hd__o211ai_2)      0.15      61.00 r
  u_cp/u_bfeed/U84003/Y (sky130_fd_sc_hd__nand2_1)        0.06      61.05 f
  u_cp/u_bfeed/U14123/Y (sky130_fd_sc_hd__nand3_1)        0.06      61.11 r
  u_cp/u_bfeed/U59972/Y (sky130_fd_sc_hd__nand2_1)        0.06      61.17 f
  u_cp/u_bfeed/U92215/Y (sky130_fd_sc_hd__nand3_2)        0.06      61.23 r
  u_cp/u_bfeed/U12332/Y (sky130_fd_sc_hd__nand3_2)        0.06      61.30 f
  u_cp/u_bfeed/U15682/Y (sky130_fd_sc_hd__nand3_2)        0.06      61.36 r
  u_cp/u_bfeed/U26920/Y (sky130_fd_sc_hd__nand2_2)        0.07      61.43 f
  u_cp/u_bfeed/U27003/X (sky130_fd_sc_hd__clkbuf_1)       0.11      61.54 f
  u_cp/u_bfeed/U87663/Y (sky130_fd_sc_hd__nand2_1)        0.06      61.60 r
  u_cp/u_bfeed/U86171/X (sky130_fd_sc_hd__o21a_2)         0.14      61.74 r
  u_cp/u_bfeed/U92217/Y (sky130_fd_sc_hd__inv_2)          0.04      61.78 f
  u_cp/u_bfeed/U28485/Y (sky130_fd_sc_hd__nand4_4)        0.09      61.87 r
  u_cp/u_bfeed/U25141/Y (sky130_fd_sc_hd__nand2_4)        0.07      61.94 f
  u_cp/u_bfeed/U23574/Y (sky130_fd_sc_hd__inv_8)          0.08      62.02 r
  u_cp/u_bfeed/U25283/Y (sky130_fd_sc_hd__nand4_4)        0.11      62.13 f
  u_cp/u_bfeed/U16396/X (sky130_fd_sc_hd__buf_6)          0.16      62.29 f
  u_cp/u_bfeed/U18943/Y (sky130_fd_sc_hd__o22ai_4)        0.12      62.41 r
  u_cp/u_bfeed/U13741/Y (sky130_fd_sc_hd__nand2_4)        0.09      62.50 f
  u_cp/u_bfeed/U15253/Y (sky130_fd_sc_hd__nor2_4)         0.13      62.63 r
  u_cp/u_bfeed/U14898/Y (sky130_fd_sc_hd__nand2_4)        0.08      62.71 f
  u_cp/u_bfeed/U15267/Y (sky130_fd_sc_hd__nand2_4)        0.06      62.77 r
  u_cp/u_bfeed/U12331/Y (sky130_fd_sc_hd__inv_2)          0.04      62.81 f
  u_cp/u_bfeed/U84303/Y (sky130_fd_sc_hd__nand2_4)        0.06      62.87 r
  u_cp/u_bfeed/U17172/Y (sky130_fd_sc_hd__nand4_2)        0.13      63.00 f
  u_cp/u_bfeed/U26931/Y (sky130_fd_sc_hd__nand2_2)        0.10      63.10 r
  u_cp/u_bfeed/U26289/X (sky130_fd_sc_hd__buf_6)          0.10      63.20 r
  u_cp/u_bfeed/U1094/X (sky130_fd_sc_hd__clkbuf_1)        0.09      63.29 r
  u_cp/u_bfeed/U96608/Y (sky130_fd_sc_hd__nand2_2)        0.07      63.36 f
  u_cp/u_bfeed/U27603/Y (sky130_fd_sc_hd__xnor2_1)        0.18      63.55 r
  u_cp/u_bfeed/U30570/Y (sky130_fd_sc_hd__nand2b_1)       0.09      63.64 f
  u_cp/u_bfeed/U27004/Y (sky130_fd_sc_hd__clkinv_1)       0.05      63.68 r
  u_cp/u_bfeed/U12329/Y (sky130_fd_sc_hd__nand2b_1)       0.08      63.76 f
  u_cp/u_bfeed/U15826/Y (sky130_fd_sc_hd__o21ai_4)        0.19      63.95 r
  u_cp/u_bfeed/U12278/Y (sky130_fd_sc_hd__nand3_4)        0.11      64.06 f
  u_cp/u_bfeed/U12277/Y (sky130_fd_sc_hd__inv_4)          0.09      64.15 r
  u_cp/u_bfeed/U16017/X (sky130_fd_sc_hd__buf_12)         0.14      64.29 r
  u_cp/u_bfeed/U93477/Y (sky130_fd_sc_hd__nand2_4)        0.07      64.36 f
  u_cp/u_bfeed/U17218/Y (sky130_fd_sc_hd__nand2_4)        0.08      64.45 r
  u_cp/u_bfeed/U750/Y (sky130_fd_sc_hd__nand2_1)          0.10      64.55 f
  u_cp/u_bfeed/U101908/Y (sky130_fd_sc_hd__o21ai_2)       0.24      64.78 r
  u_cp/u_bfeed/U111631/Y (sky130_fd_sc_hd__nand2b_1)      0.07      64.86 f
  u_cp/u_bfeed/U111630/Y (sky130_fd_sc_hd__nand2_1)       0.06      64.92 r
  u_cp/u_bfeed/U129950/Y (sky130_fd_sc_hd__a21oi_1)       0.04      64.96 f
  u_cp/u_bfeed/U127750/Y (sky130_fd_sc_hd__a22oi_2)       0.16      65.12 r
  u_cp/u_bfeed/U15801/X (sky130_fd_sc_hd__o21a_4)         0.16      65.28 r
  u_cp/u_bfeed/U14579/Y (sky130_fd_sc_hd__nand2_2)        0.07      65.34 f
  u_cp/u_bfeed/U96749/Y (sky130_fd_sc_hd__nor2_4)         0.13      65.47 r
  u_cp/u_bfeed/U528/X (sky130_fd_sc_hd__buf_2)            0.15      65.62 r
  u_cp/u_bfeed/U510/Y (sky130_fd_sc_hd__nand2_1)          0.07      65.69 f
  u_cp/u_bfeed/U11454/Y (sky130_fd_sc_hd__inv_2)          0.05      65.74 r
  u_cp/u_bfeed/U121400/Y (sky130_fd_sc_hd__nand2_2)       0.06      65.80 f
  u_cp/u_bfeed/U23166/Y (sky130_fd_sc_hd__nor2_4)         0.10      65.90 r
  u_cp/u_bfeed/U23167/Y (sky130_fd_sc_hd__o21ai_2)        0.06      65.96 f
  u_cp/u_bfeed/U108190/Y (sky130_fd_sc_hd__a21oi_1)       0.10      66.07 r
  u_cp/u_bfeed/U119688/Y (sky130_fd_sc_hd__o21ai_1)       0.07      66.13 f
  u_cp/u_bfeed/U98198/Y (sky130_fd_sc_hd__a21oi_1)        0.14      66.27 r
  u_cp/u_bfeed/U17411/Y (sky130_fd_sc_hd__xnor2_1)        0.14      66.41 r
  u_cp/u_bfeed/U167532/Y (sky130_fd_sc_hd__nand2b_1)      0.13      66.54 r
  u_cp/u_bfeed/U23425/Y (sky130_fd_sc_hd__nand4_2)        0.12      66.67 f
  u_cp/u_bfeed/U23423/Y (sky130_fd_sc_hd__inv_4)          0.13      66.80 r
  u_cp/u_bfeed/U11455/Y (sky130_fd_sc_hd__inv_8)          0.06      66.86 f
  u_cp/u_bfeed/U94179/Y (sky130_fd_sc_hd__a21oi_4)        0.13      66.99 r
  u_cp/u_bfeed/U14064/X (sky130_fd_sc_hd__and3_4)         0.21      67.20 r
  u_cp/u_bfeed/U93615/Y (sky130_fd_sc_hd__nand4_4)        0.11      67.32 f
  u_cp/u_bfeed/U16195/Y (sky130_fd_sc_hd__nor2b_4)        0.18      67.49 f
  u_cp/u_bfeed/U307/X (sky130_fd_sc_hd__buf_2)            0.14      67.63 f
  u_cp/u_bfeed/U131039/Y (sky130_fd_sc_hd__nand3_1)       0.07      67.70 r
  u_cp/u_bfeed/U59190/Y (sky130_fd_sc_hd__nand3_1)        0.08      67.79 f
  u_cp/u_bfeed/U209957/Y (sky130_fd_sc_hd__inv_2)         0.10      67.89 r
  u_cp/u_bfeed/U41473/X (sky130_fd_sc_hd__buf_6)          0.15      68.03 r
  u_cp/u_bfeed/U212336/Y (sky130_fd_sc_hd__mux2i_1)       0.07      68.11 f
  u_cp/u_bfeed/row_reg[32][19]/D (sky130_fd_sc_hd__dfxtp_1)     0.00    68.11 f
  data arrival time                                                 68.11

  clock clk (rise edge)                                   1.00       1.00
  clock network delay (ideal)                             0.00       1.00
  u_cp/u_bfeed/row_reg[32][19]/CLK (sky130_fd_sc_hd__dfxtp_1)     0.00     1.00 r
  library setup time                                     -0.15       0.85
  data required time                                                 0.85
  --------------------------------------------------------------------------
  data required time                                                 0.85
  data arrival time                                                -68.11
  --------------------------------------------------------------------------
  slack (VIOLATED)                                                 -67.26


  Startpoint: u_cp/pos_base_reg[2]
              (rising edge-triggered flip-flop clocked by clk)
  Endpoint: u_cp/u_bfeed/row_reg[102][29]
            (rising edge-triggered flip-flop clocked by clk)
  Path Group: clk
  Path Type: max

  Point                                                   Incr       Path
  --------------------------------------------------------------------------
  clock clk (rise edge)                                   0.00       0.00
  clock network delay (ideal)                             0.00       0.00
  u_cp/pos_base_reg[2]/CLK (sky130_fd_sc_hd__dfxtp_4)     0.00 #     0.00 r
  u_cp/pos_base_reg[2]/Q (sky130_fd_sc_hd__dfxtp_4)       0.38       0.38 r
  u_cp/u_bfeed/pos_base[2] (kv_bfeed_MAX_N128)            0.00       0.38 r
  u_cp/u_bfeed/U85392/Y (sky130_fd_sc_hd__nand2_4)        0.07       0.45 f
  u_cp/u_bfeed/U13875/Y (sky130_fd_sc_hd__nand2_2)        0.06       0.52 r
  u_cp/u_bfeed/U18882/Y (sky130_fd_sc_hd__nand3_2)        0.05       0.57 f
  u_cp/u_bfeed/U18881/Y (sky130_fd_sc_hd__nand2_2)        0.07       0.64 r
  u_cp/u_bfeed/U24821/Y (sky130_fd_sc_hd__nand2_4)        0.06       0.70 f
  u_cp/u_bfeed/U24820/Y (sky130_fd_sc_hd__nand2_8)        0.09       0.80 r
  u_cp/u_bfeed/U81859/Y (sky130_fd_sc_hd__nand2_4)        0.06       0.86 f
  u_cp/u_bfeed/U79424/Y (sky130_fd_sc_hd__o21bai_2)       0.11       0.97 r
  u_cp/u_bfeed/U26533/Y (sky130_fd_sc_hd__nand2_2)        0.07       1.03 f
  u_cp/u_bfeed/U26532/X (sky130_fd_sc_hd__and2_4)         0.14       1.17 f
  u_cp/u_bfeed/U83281/Y (sky130_fd_sc_hd__nand4b_1)       0.08       1.25 r
  u_cp/u_bfeed/U22910/Y (sky130_fd_sc_hd__nand4_1)        0.09       1.34 f
  u_cp/u_bfeed/U83932/Y (sky130_fd_sc_hd__inv_2)          0.09       1.43 r
  u_cp/u_bfeed/U122113/Y (sky130_fd_sc_hd__inv_4)         0.05       1.48 f
  u_cp/u_bfeed/U28450/Y (sky130_fd_sc_hd__inv_12)         0.10       1.59 r
  u_cp/u_bfeed/U21360/Y (sky130_fd_sc_hd__nand2_8)        0.08       1.66 f
  u_cp/u_bfeed/U98384/Y (sky130_fd_sc_hd__nor2_2)         0.13       1.79 r
  u_cp/u_bfeed/U124855/X (sky130_fd_sc_hd__buf_6)         0.18       1.97 r
  u_cp/u_bfeed/U152820/Y (sky130_fd_sc_hd__o22ai_1)       0.10       2.07 f
  u_cp/u_bfeed/U152822/COUT (sky130_fd_sc_hd__fah_1)      0.39       2.45 f
  u_cp/u_bfeed/U78681/Y (sky130_fd_sc_hd__xnor2_1)        0.19       2.64 r
  u_cp/u_bfeed/U78619/Y (sky130_fd_sc_hd__xnor2_1)        0.15       2.79 r
  u_cp/u_bfeed/U152842/COUT (sky130_fd_sc_hd__fah_1)      0.39       3.19 r
  u_cp/u_bfeed/U25149/Y (sky130_fd_sc_hd__nand2_2)        0.06       3.25 f
  u_cp/u_bfeed/U25498/Y (sky130_fd_sc_hd__nand2_2)        0.06       3.31 r
  u_cp/u_bfeed/U25497/Y (sky130_fd_sc_hd__xnor2_1)        0.12       3.44 r
  u_cp/u_bfeed/U41223/Y (sky130_fd_sc_hd__xnor2_1)        0.17       3.60 r
  u_cp/u_bfeed/U47684/Y (sky130_fd_sc_hd__nor2_2)         0.06       3.67 f
  u_cp/u_bfeed/U11211/Y (sky130_fd_sc_hd__nor2_1)         0.12       3.79 r
  u_cp/u_bfeed/U85510/Y (sky130_fd_sc_hd__nand2_1)        0.07       3.86 f
  u_cp/u_bfeed/U127491/Y (sky130_fd_sc_hd__o21ai_1)       0.15       4.01 r
  u_cp/u_bfeed/U119605/Y (sky130_fd_sc_hd__a21oi_2)       0.05       4.07 f
  u_cp/u_bfeed/U119604/Y (sky130_fd_sc_hd__o21ai_2)       0.14       4.21 r
  u_cp/u_bfeed/U152889/Y (sky130_fd_sc_hd__xnor2_2)       0.15       4.36 r
  u_cp/u_bfeed/U129658/Y (sky130_fd_sc_hd__inv_2)         0.09       4.45 f
  u_cp/u_bfeed/U131845/Y (sky130_fd_sc_hd__nand2_8)       0.19       4.64 r
  u_cp/u_bfeed/U97112/Y (sky130_fd_sc_hd__nor2_4)         0.04       4.68 f
  u_cp/u_bfeed/U78103/Y (sky130_fd_sc_hd__inv_2)          0.06       4.74 r
  u_cp/u_bfeed/U20778/Y (sky130_fd_sc_hd__nand2_4)        0.08       4.82 f
  u_cp/u_bfeed/U152996/COUT (sky130_fd_sc_hd__fah_1)      0.33       5.16 f
  u_cp/u_bfeed/U152997/SUM (sky130_fd_sc_hd__fah_1)       0.33       5.48 r
  u_cp/u_bfeed/U124429/Y (sky130_fd_sc_hd__xnor2_1)       0.14       5.62 r
  u_cp/u_bfeed/U126048/Y (sky130_fd_sc_hd__xnor2_1)       0.13       5.75 r
  u_cp/u_bfeed/U153042/SUM (sky130_fd_sc_hd__fah_1)       0.28       6.03 f
  u_cp/u_bfeed/U125097/Y (sky130_fd_sc_hd__nand2b_4)      0.15       6.19 f
  u_cp/u_bfeed/U130884/Y (sky130_fd_sc_hd__nand2_2)       0.06       6.24 r
  u_cp/u_bfeed/U129756/Y (sky130_fd_sc_hd__inv_2)         0.04       6.28 f
  u_cp/u_bfeed/U124474/Y (sky130_fd_sc_hd__nand2_2)       0.05       6.32 r
  u_cp/u_bfeed/U125750/Y (sky130_fd_sc_hd__nand3_2)       0.07       6.39 f
  u_cp/u_bfeed/U153115/Y (sky130_fd_sc_hd__nand3_1)       0.06       6.45 r
  u_cp/u_bfeed/U123399/Y (sky130_fd_sc_hd__nand2_1)       0.06       6.51 f
  u_cp/u_bfeed/U153116/Y (sky130_fd_sc_hd__inv_2)         0.07       6.57 r
  u_cp/u_bfeed/U153117/Y (sky130_fd_sc_hd__nand2_4)       0.07       6.65 f
  u_cp/u_bfeed/U19389/Y (sky130_fd_sc_hd__inv_6)          0.10       6.75 r
  u_cp/u_bfeed/U99957/Y (sky130_fd_sc_hd__nand2_2)        0.05       6.80 f
  u_cp/u_bfeed/U21706/X (sky130_fd_sc_hd__o21a_4)         0.12       6.92 f
  u_cp/u_bfeed/U21705/Y (sky130_fd_sc_hd__nand2_4)        0.07       6.99 r
  u_cp/u_bfeed/U20758/Y (sky130_fd_sc_hd__inv_6)          0.06       7.04 f
  u_cp/u_bfeed/U77663/Y (sky130_fd_sc_hd__inv_4)          0.06       7.10 r
  u_cp/u_bfeed/U125901/Y (sky130_fd_sc_hd__nand2_4)       0.06       7.16 f
  u_cp/u_bfeed/U125900/Y (sky130_fd_sc_hd__xnor2_4)       0.19       7.35 r
  u_cp/u_bfeed/U25637/Y (sky130_fd_sc_hd__nand3_4)        0.13       7.48 f
  u_cp/u_bfeed/U25636/Y (sky130_fd_sc_hd__nor2_8)         0.14       7.63 r
  u_cp/u_bfeed/U153300/Y (sky130_fd_sc_hd__nand2_1)       0.08       7.70 f
  u_cp/u_bfeed/U17157/Y (sky130_fd_sc_hd__nand2_2)        0.07       7.77 r
  u_cp/u_bfeed/U93619/Y (sky130_fd_sc_hd__nand4_2)        0.12       7.89 f
  u_cp/u_bfeed/U94371/Y (sky130_fd_sc_hd__inv_4)          0.13       8.03 r
  u_cp/u_bfeed/U102105/Y (sky130_fd_sc_hd__inv_2)         0.05       8.07 f
  u_cp/u_bfeed/U25511/Y (sky130_fd_sc_hd__nand2_2)        0.05       8.12 r
  u_cp/u_bfeed/U25657/Y (sky130_fd_sc_hd__nand3_2)        0.07       8.19 f
  u_cp/u_bfeed/U19698/Y (sky130_fd_sc_hd__a21oi_4)        0.15       8.35 r
  u_cp/u_bfeed/U17111/Y (sky130_fd_sc_hd__nand2_2)        0.09       8.44 f
  u_cp/u_bfeed/U27016/Y (sky130_fd_sc_hd__o21ai_2)        0.14       8.58 r
  u_cp/u_bfeed/U127012/Y (sky130_fd_sc_hd__nand2_2)       0.08       8.66 f
  u_cp/u_bfeed/U87371/Y (sky130_fd_sc_hd__nand3_4)        0.14       8.80 r
  u_cp/u_bfeed/U17155/Y (sky130_fd_sc_hd__inv_6)          0.06       8.85 f
  u_cp/u_bfeed/U94522/Y (sky130_fd_sc_hd__nand2_4)        0.09       8.94 r
  u_cp/u_bfeed/U10714/Y (sky130_fd_sc_hd__inv_2)          0.05       9.00 f
  u_cp/u_bfeed/U20251/Y (sky130_fd_sc_hd__nand2_4)        0.05       9.05 r
  u_cp/u_bfeed/U32058/Y (sky130_fd_sc_hd__nand4_4)        0.09       9.14 f
  u_cp/u_bfeed/U83925/Y (sky130_fd_sc_hd__nand3_2)        0.09       9.23 r
  u_cp/u_bfeed/U97087/Y (sky130_fd_sc_hd__nand2_4)        0.09       9.32 f
  u_cp/u_bfeed/U153332/COUT (sky130_fd_sc_hd__fah_1)      0.35       9.67 f
  u_cp/u_bfeed/U131681/Y (sky130_fd_sc_hd__xnor2_1)       0.22       9.89 r
  u_cp/u_bfeed/U153334/SUM (sky130_fd_sc_hd__fah_1)       0.34      10.23 r
  u_cp/u_bfeed/U116726/Y (sky130_fd_sc_hd__inv_2)         0.05      10.28 f
  u_cp/u_bfeed/U16975/Y (sky130_fd_sc_hd__nand2b_4)       0.07      10.35 r
  u_cp/u_bfeed/U16227/Y (sky130_fd_sc_hd__nand3_4)        0.07      10.42 f
  u_cp/u_bfeed/U16226/Y (sky130_fd_sc_hd__nor2_4)         0.12      10.54 r
  u_cp/u_bfeed/U127274/Y (sky130_fd_sc_hd__nand4_1)       0.13      10.67 f
  u_cp/u_bfeed/U91144/Y (sky130_fd_sc_hd__nand2_4)        0.16      10.83 r
  u_cp/u_bfeed/U92739/Y (sky130_fd_sc_hd__nand2_2)        0.06      10.89 f
  u_cp/u_bfeed/U92568/Y (sky130_fd_sc_hd__o21ai_2)        0.07      10.96 r
  u_cp/u_bfeed/U91133/Y (sky130_fd_sc_hd__nand2_4)        0.08      11.04 f
  u_cp/u_bfeed/U99271/Y (sky130_fd_sc_hd__nand2_4)        0.07      11.11 r
  u_cp/u_bfeed/U99969/Y (sky130_fd_sc_hd__nand3_2)        0.06      11.17 f
  u_cp/u_bfeed/U16976/Y (sky130_fd_sc_hd__nand3_2)        0.06      11.23 r
  u_cp/u_bfeed/U21761/Y (sky130_fd_sc_hd__nand3_2)        0.07      11.30 f
  u_cp/u_bfeed/U93597/Y (sky130_fd_sc_hd__nand3_2)        0.10      11.40 r
  u_cp/u_bfeed/U94161/Y (sky130_fd_sc_hd__inv_4)          0.07      11.47 f
  u_cp/u_bfeed/U20856/Y (sky130_fd_sc_hd__nand2b_2)       0.21      11.68 f
  u_cp/u_bfeed/U90134/Y (sky130_fd_sc_hd__nand2_4)        0.13      11.81 r
  u_cp/u_bfeed/U23502/Y (sky130_fd_sc_hd__nand3_4)        0.14      11.95 f
  u_cp/u_bfeed/U23501/Y (sky130_fd_sc_hd__nor2_4)         0.20      12.15 r
  u_cp/u_bfeed/U20761/Y (sky130_fd_sc_hd__nand2_2)        0.05      12.20 f
  u_cp/u_bfeed/U16272/X (sky130_fd_sc_hd__o21a_2)         0.12      12.32 f
  u_cp/u_bfeed/U20745/Y (sky130_fd_sc_hd__nand4_4)        0.08      12.41 r
  u_cp/u_bfeed/U12101/Y (sky130_fd_sc_hd__nand2_1)        0.06      12.47 f
  u_cp/u_bfeed/U76316/Y (sky130_fd_sc_hd__o21ai_1)        0.15      12.62 r
  u_cp/u_bfeed/U127806/Y (sky130_fd_sc_hd__a21oi_2)       0.06      12.68 f
  u_cp/u_bfeed/U121259/Y (sky130_fd_sc_hd__o21ai_2)       0.19      12.87 r
  u_cp/u_bfeed/U121258/Y (sky130_fd_sc_hd__inv_2)         0.10      12.97 f
  u_cp/u_bfeed/U10444/Y (sky130_fd_sc_hd__o21ai_1)        0.15      13.11 r
  u_cp/u_bfeed/U153667/Y (sky130_fd_sc_hd__xnor2_1)       0.07      13.19 f
  u_cp/u_bfeed/U121315/Y (sky130_fd_sc_hd__nand2b_1)      0.06      13.25 r
  u_cp/u_bfeed/U92472/Y (sky130_fd_sc_hd__nand2_1)        0.05      13.30 f
  u_cp/u_bfeed/U90946/Y (sky130_fd_sc_hd__nor2_1)         0.09      13.39 r
  u_cp/u_bfeed/U119778/Y (sky130_fd_sc_hd__nand3_1)       0.09      13.47 f
  u_cp/u_bfeed/U131174/Y (sky130_fd_sc_hd__inv_2)         0.06      13.54 r
  u_cp/u_bfeed/U121685/Y (sky130_fd_sc_hd__nand2_2)       0.05      13.59 f
  u_cp/u_bfeed/U153746/Y (sky130_fd_sc_hd__nor2_2)        0.11      13.70 r
  u_cp/u_bfeed/U100438/Y (sky130_fd_sc_hd__nand3_1)       0.09      13.79 f
  u_cp/u_bfeed/U92771/Y (sky130_fd_sc_hd__nand2_1)        0.06      13.85 r
  u_cp/u_bfeed/U153773/Y (sky130_fd_sc_hd__nand4_1)       0.08      13.93 f
  u_cp/u_bfeed/U121192/Y (sky130_fd_sc_hd__nand2_1)       0.08      14.01 r
  u_cp/u_bfeed/U25485/Y (sky130_fd_sc_hd__nor2_2)         0.05      14.06 f
  u_cp/u_bfeed/U25484/Y (sky130_fd_sc_hd__o21ai_4)        0.13      14.19 r
  u_cp/u_bfeed/U119768/Y (sky130_fd_sc_hd__inv_2)         0.07      14.27 f
  u_cp/u_bfeed/U153802/Y (sky130_fd_sc_hd__o21ai_2)       0.12      14.38 r
  u_cp/u_bfeed/U131705/Y (sky130_fd_sc_hd__xnor2_1)       0.12      14.50 r
  u_cp/u_bfeed/U92763/Y (sky130_fd_sc_hd__nand2b_1)       0.08      14.58 f
  u_cp/u_bfeed/U92762/Y (sky130_fd_sc_hd__nand3_2)        0.07      14.64 r
  u_cp/u_bfeed/U86033/Y (sky130_fd_sc_hd__nand3_2)        0.06      14.70 f
  u_cp/u_bfeed/U91886/Y (sky130_fd_sc_hd__inv_2)          0.09      14.79 r
  u_cp/u_bfeed/U94571/Y (sky130_fd_sc_hd__nand3_4)        0.10      14.89 f
  u_cp/u_bfeed/U121154/Y (sky130_fd_sc_hd__nand2_2)       0.08      14.97 r
  u_cp/u_bfeed/U26469/Y (sky130_fd_sc_hd__nand3_2)        0.07      15.04 f
  u_cp/u_bfeed/U119408/Y (sky130_fd_sc_hd__inv_2)         0.06      15.10 r
  u_cp/u_bfeed/U127164/Y (sky130_fd_sc_hd__nand2_2)       0.05      15.14 f
  u_cp/u_bfeed/U88156/Y (sky130_fd_sc_hd__nand3_1)        0.07      15.21 r
  u_cp/u_bfeed/U119188/Y (sky130_fd_sc_hd__nand3_1)       0.06      15.28 f
  u_cp/u_bfeed/U119187/Y (sky130_fd_sc_hd__o21ai_1)       0.06      15.34 r
  u_cp/u_bfeed/U130082/Y (sky130_fd_sc_hd__nand4_1)       0.09      15.44 f
  u_cp/u_bfeed/U125899/Y (sky130_fd_sc_hd__nand2_2)       0.09      15.52 r
  u_cp/u_bfeed/U119693/Y (sky130_fd_sc_hd__inv_4)         0.07      15.59 f
  u_cp/u_bfeed/U100488/Y (sky130_fd_sc_hd__nand2_2)       0.08      15.68 r
  u_cp/u_bfeed/U126896/Y (sky130_fd_sc_hd__nand2_4)       0.08      15.76 f
  u_cp/u_bfeed/U24987/X (sky130_fd_sc_hd__buf_12)         0.14      15.90 f
  u_cp/u_bfeed/U119343/Y (sky130_fd_sc_hd__nand2_8)       0.06      15.96 r
  u_cp/u_bfeed/U56927/Y (sky130_fd_sc_hd__inv_4)          0.05      16.01 f
  u_cp/u_bfeed/U75555/Y (sky130_fd_sc_hd__nand2_1)        0.05      16.06 r
  u_cp/u_bfeed/U90537/Y (sky130_fd_sc_hd__nand4_1)        0.08      16.14 f
  u_cp/u_bfeed/U154323/Y (sky130_fd_sc_hd__inv_1)         0.08      16.22 r
  u_cp/u_bfeed/U154414/X (sky130_fd_sc_hd__o22a_1)        0.11      16.34 r
  u_cp/u_bfeed/U94077/X (sky130_fd_sc_hd__o21a_2)         0.16      16.49 r
  u_cp/u_bfeed/U13437/Y (sky130_fd_sc_hd__nand3_4)        0.09      16.58 f
  u_cp/u_bfeed/U115301/Y (sky130_fd_sc_hd__nor2_2)        0.12      16.70 r
  u_cp/u_bfeed/U28184/Y (sky130_fd_sc_hd__o21ai_2)        0.07      16.77 f
  u_cp/u_bfeed/U28183/Y (sky130_fd_sc_hd__a21oi_2)        0.14      16.91 r
  u_cp/u_bfeed/U15056/Y (sky130_fd_sc_hd__o21ai_2)        0.07      16.99 f
  u_cp/u_bfeed/U15055/X (sky130_fd_sc_hd__a21o_2)         0.23      17.22 f
  u_cp/u_bfeed/U20377/Y (sky130_fd_sc_hd__inv_4)          0.11      17.33 r
  u_cp/u_bfeed/U93002/Y (sky130_fd_sc_hd__o21ai_2)        0.06      17.40 f
  u_cp/u_bfeed/U154611/Y (sky130_fd_sc_hd__xnor2_1)       0.13      17.52 f
  u_cp/u_bfeed/U154781/Y (sky130_fd_sc_hd__o2bb2ai_1)     0.13      17.65 f
  u_cp/u_bfeed/U154782/Y (sky130_fd_sc_hd__a21oi_2)       0.17      17.82 r
  u_cp/u_bfeed/U100772/Y (sky130_fd_sc_hd__nand3_1)       0.09      17.91 f
  u_cp/u_bfeed/U99087/X (sky130_fd_sc_hd__o211a_1)        0.23      18.14 f
  u_cp/u_bfeed/U154803/Y (sky130_fd_sc_hd__o21ai_2)       0.07      18.22 r
  u_cp/u_bfeed/U154804/Y (sky130_fd_sc_hd__nor2_2)        0.07      18.29 f
  u_cp/u_bfeed/U20288/Y (sky130_fd_sc_hd__o21ai_4)        0.21      18.49 r
  u_cp/u_bfeed/U119013/Y (sky130_fd_sc_hd__xnor2_1)       0.13      18.63 r
  u_cp/u_bfeed/U88197/Y (sky130_fd_sc_hd__nand2_1)        0.06      18.69 f
  u_cp/u_bfeed/U129984/Y (sky130_fd_sc_hd__nand2_1)       0.06      18.75 r
  u_cp/u_bfeed/U129985/Y (sky130_fd_sc_hd__nand2_1)       0.05      18.79 f
  u_cp/u_bfeed/U75073/Y (sky130_fd_sc_hd__inv_1)          0.04      18.84 r
  u_cp/u_bfeed/U26919/Y (sky130_fd_sc_hd__nand4_1)        0.08      18.91 f
  u_cp/u_bfeed/U154830/Y (sky130_fd_sc_hd__clkinv_1)      0.07      18.99 r
  u_cp/u_bfeed/U95365/Y (sky130_fd_sc_hd__nand4_4)        0.10      19.09 f
  u_cp/u_bfeed/U24946/Y (sky130_fd_sc_hd__o21bai_2)       0.18      19.27 r
  u_cp/u_bfeed/U128736/Y (sky130_fd_sc_hd__inv_4)         0.08      19.35 f
  u_cp/u_bfeed/U127565/X (sky130_fd_sc_hd__o211a_2)       0.13      19.49 f
  u_cp/u_bfeed/U119012/Y (sky130_fd_sc_hd__o21bai_4)      0.19      19.68 f
  u_cp/u_bfeed/U132528/Y (sky130_fd_sc_hd__inv_2)         0.07      19.75 r
  u_cp/u_bfeed/U155113/Y (sky130_fd_sc_hd__mux2i_1)       0.20      19.95 r
  u_cp/u_bfeed/U128255/Y (sky130_fd_sc_hd__nand2b_4)      0.20      20.15 r
  u_cp/u_bfeed/U125921/Y (sky130_fd_sc_hd__nor2_4)        0.06      20.21 f
  u_cp/u_bfeed/U29030/Y (sky130_fd_sc_hd__nand2_1)        0.06      20.27 r
  u_cp/u_bfeed/U129754/Y (sky130_fd_sc_hd__o21ai_2)       0.05      20.33 f
  u_cp/u_bfeed/U155158/Y (sky130_fd_sc_hd__mux2i_1)       0.14      20.46 r
  u_cp/u_bfeed/U128261/Y (sky130_fd_sc_hd__nand3_2)       0.14      20.60 f
  u_cp/u_bfeed/U20757/X (sky130_fd_sc_hd__clkbuf_1)       0.13      20.73 f
  u_cp/u_bfeed/U124543/Y (sky130_fd_sc_hd__nand2_2)       0.07      20.80 r
  u_cp/u_bfeed/U128260/Y (sky130_fd_sc_hd__o21ai_2)       0.06      20.85 f
  u_cp/u_bfeed/U128259/Y (sky130_fd_sc_hd__a21oi_2)       0.12      20.97 r
  u_cp/u_bfeed/U127874/Y (sky130_fd_sc_hd__o21ai_2)       0.08      21.05 f
  u_cp/u_bfeed/U88737/X (sky130_fd_sc_hd__a21o_4)         0.23      21.28 f
  u_cp/u_bfeed/U88736/Y (sky130_fd_sc_hd__nand2b_2)       0.07      21.35 r
  u_cp/u_bfeed/U20427/Y (sky130_fd_sc_hd__nand2_2)        0.04      21.39 f
  u_cp/u_bfeed/U20426/Y (sky130_fd_sc_hd__xnor2_1)        0.12      21.52 f
  u_cp/u_bfeed/U132988/Y (sky130_fd_sc_hd__a22oi_2)       0.14      21.66 r
  u_cp/u_bfeed/U129083/Y (sky130_fd_sc_hd__nand2_2)       0.09      21.75 f
  u_cp/u_bfeed/U95024/Y (sky130_fd_sc_hd__nor2_4)         0.11      21.86 r
  u_cp/u_bfeed/U95023/Y (sky130_fd_sc_hd__nand2_2)        0.08      21.94 f
  u_cp/u_bfeed/U97105/Y (sky130_fd_sc_hd__inv_4)          0.09      22.02 r
  u_cp/u_bfeed/U23404/Y (sky130_fd_sc_hd__nand2_4)        0.06      22.08 f
  u_cp/u_bfeed/U121867/Y (sky130_fd_sc_hd__inv_4)         0.07      22.15 r
  u_cp/u_bfeed/U88157/Y (sky130_fd_sc_hd__nand2_2)        0.06      22.21 f
  u_cp/u_bfeed/U19690/Y (sky130_fd_sc_hd__nand3_4)        0.08      22.29 r
  u_cp/u_bfeed/U127657/Y (sky130_fd_sc_hd__nand2_4)       0.06      22.35 f
  u_cp/u_bfeed/U11597/Y (sky130_fd_sc_hd__o21ai_2)        0.15      22.50 r
  u_cp/u_bfeed/U93634/Y (sky130_fd_sc_hd__a21oi_4)        0.07      22.57 f
  u_cp/u_bfeed/U107600/Y (sky130_fd_sc_hd__o21ai_1)       0.16      22.72 r
  u_cp/u_bfeed/U155460/Y (sky130_fd_sc_hd__xnor2_1)       0.13      22.85 r
  u_cp/u_bfeed/U127490/Y (sky130_fd_sc_hd__nand2_1)       0.07      22.93 f
  u_cp/u_bfeed/U127878/Y (sky130_fd_sc_hd__nand2_1)       0.06      22.99 r
  u_cp/u_bfeed/U95061/X (sky130_fd_sc_hd__and2_4)         0.14      23.13 r
  u_cp/u_bfeed/U25778/Y (sky130_fd_sc_hd__nand3_4)        0.13      23.26 f
  u_cp/u_bfeed/U13728/Y (sky130_fd_sc_hd__inv_8)          0.12      23.38 r
  u_cp/u_bfeed/U21656/Y (sky130_fd_sc_hd__nand2_2)        0.05      23.43 f
  u_cp/u_bfeed/U118850/Y (sky130_fd_sc_hd__inv_2)         0.06      23.49 r
  u_cp/u_bfeed/U94268/Y (sky130_fd_sc_hd__nand2_1)        0.06      23.55 f
  u_cp/u_bfeed/U93300/Y (sky130_fd_sc_hd__a2bb2oi_2)      0.14      23.69 f
  u_cp/u_bfeed/U20202/Y (sky130_fd_sc_hd__o21ai_2)        0.14      23.83 r
  u_cp/u_bfeed/U15542/Y (sky130_fd_sc_hd__inv_1)          0.05      23.87 f
  u_cp/u_bfeed/U18942/Y (sky130_fd_sc_hd__nand2_1)        0.06      23.94 r
  u_cp/u_bfeed/U20110/Y (sky130_fd_sc_hd__o21ai_2)        0.08      24.01 f
  u_cp/u_bfeed/U99125/Y (sky130_fd_sc_hd__a21oi_4)        0.14      24.15 r
  u_cp/u_bfeed/U91366/X (sky130_fd_sc_hd__buf_6)          0.12      24.27 r
  u_cp/u_bfeed/U99123/Y (sky130_fd_sc_hd__nor2_2)         0.03      24.31 f
  u_cp/u_bfeed/U93209/Y (sky130_fd_sc_hd__nor2_2)         0.12      24.42 r
  u_cp/u_bfeed/U155719/Y (sky130_fd_sc_hd__nand2_1)       0.08      24.50 f
  u_cp/u_bfeed/U20157/Y (sky130_fd_sc_hd__o21ai_1)        0.15      24.65 r
  u_cp/u_bfeed/U94215/Y (sky130_fd_sc_hd__a21oi_2)        0.05      24.70 f
  u_cp/u_bfeed/U94214/Y (sky130_fd_sc_hd__inv_2)          0.11      24.81 r
  u_cp/u_bfeed/U13725/Y (sky130_fd_sc_hd__inv_6)          0.05      24.86 f
  u_cp/u_bfeed/U9198/Y (sky130_fd_sc_hd__o21ai_1)         0.13      24.99 r
  u_cp/u_bfeed/U155819/Y (sky130_fd_sc_hd__xnor2_1)       0.09      25.08 f
  u_cp/u_bfeed/U14020/Y (sky130_fd_sc_hd__a21oi_2)        0.16      25.23 r
  u_cp/u_bfeed/U19706/X (sky130_fd_sc_hd__buf_2)          0.13      25.36 r
  u_cp/u_bfeed/U18429/X (sky130_fd_sc_hd__and2_1)         0.10      25.47 r
  u_cp/u_bfeed/U20111/X (sky130_fd_sc_hd__and2_4)         0.15      25.62 r
  u_cp/u_bfeed/U19739/Y (sky130_fd_sc_hd__nand2_4)        0.05      25.68 f
  u_cp/u_bfeed/U96735/Y (sky130_fd_sc_hd__nor2_4)         0.11      25.79 r
  u_cp/u_bfeed/U94167/Y (sky130_fd_sc_hd__nor2_4)         0.05      25.83 f
  u_cp/u_bfeed/U114150/Y (sky130_fd_sc_hd__a21oi_2)       0.09      25.93 r
  u_cp/u_bfeed/U121183/Y (sky130_fd_sc_hd__o21ai_1)       0.07      26.00 f
  u_cp/u_bfeed/U128887/Y (sky130_fd_sc_hd__a21oi_2)       0.15      26.15 r
  u_cp/u_bfeed/U129403/Y (sky130_fd_sc_hd__xnor2_1)       0.09      26.24 f
  u_cp/u_bfeed/U110807/Y (sky130_fd_sc_hd__o21ai_2)       0.16      26.40 r
  u_cp/u_bfeed/U98141/Y (sky130_fd_sc_hd__nand3_4)        0.12      26.52 f
  u_cp/u_bfeed/U21660/Y (sky130_fd_sc_hd__o21bai_4)       0.21      26.73 r
  u_cp/u_bfeed/U99311/Y (sky130_fd_sc_hd__inv_8)          0.10      26.83 f
  u_cp/u_bfeed/U121286/Y (sky130_fd_sc_hd__nand2_4)       0.07      26.91 r
  u_cp/u_bfeed/U19745/X (sky130_fd_sc_hd__o21a_4)         0.15      27.05 r
  u_cp/u_bfeed/U116403/Y (sky130_fd_sc_hd__inv_4)         0.05      27.11 f
  u_cp/u_bfeed/U156170/COUT (sky130_fd_sc_hd__fah_1)      0.35      27.45 f
  u_cp/u_bfeed/U130087/Y (sky130_fd_sc_hd__o21ai_2)       0.15      27.61 r
  u_cp/u_bfeed/U125261/Y (sky130_fd_sc_hd__nand2_2)       0.08      27.69 f
  u_cp/u_bfeed/U126252/Y (sky130_fd_sc_hd__o21ai_2)       0.06      27.75 r
  u_cp/u_bfeed/U130083/Y (sky130_fd_sc_hd__o21ai_2)       0.08      27.83 f
  u_cp/u_bfeed/U110483/Y (sky130_fd_sc_hd__xnor2_1)       0.13      27.96 f
  u_cp/u_bfeed/U126346/Y (sky130_fd_sc_hd__xnor2_1)       0.19      28.15 r
  u_cp/u_bfeed/U99316/Y (sky130_fd_sc_hd__nand2b_4)       0.17      28.32 r
  u_cp/u_bfeed/U25514/Y (sky130_fd_sc_hd__nand2_2)        0.06      28.38 f
  u_cp/u_bfeed/U131246/Y (sky130_fd_sc_hd__nor2_1)        0.12      28.50 r
  u_cp/u_bfeed/U130757/Y (sky130_fd_sc_hd__nand4_2)       0.13      28.63 f
  u_cp/u_bfeed/U100155/Y (sky130_fd_sc_hd__nand3_4)       0.12      28.75 r
  u_cp/u_bfeed/U100156/Y (sky130_fd_sc_hd__inv_8)         0.07      28.82 f
  u_cp/u_bfeed/U20762/Y (sky130_fd_sc_hd__inv_2)          0.07      28.89 r
  u_cp/u_bfeed/U83132/Y (sky130_fd_sc_hd__nand2_2)        0.04      28.93 f
  u_cp/u_bfeed/U25815/Y (sky130_fd_sc_hd__o21ai_2)        0.06      28.99 r
  u_cp/u_bfeed/U21515/Y (sky130_fd_sc_hd__nand4_2)        0.11      29.10 f
  u_cp/u_bfeed/U97031/Y (sky130_fd_sc_hd__inv_2)          0.10      29.20 r
  u_cp/u_bfeed/U28432/Y (sky130_fd_sc_hd__nand3_4)        0.10      29.30 f
  u_cp/u_bfeed/U97358/Y (sky130_fd_sc_hd__nand2_4)        0.14      29.44 r
  u_cp/u_bfeed/U22390/Y (sky130_fd_sc_hd__inv_6)          0.07      29.51 f
  u_cp/u_bfeed/U86336/Y (sky130_fd_sc_hd__nand2_4)        0.06      29.57 r
  u_cp/u_bfeed/U21881/Y (sky130_fd_sc_hd__o21ai_4)        0.07      29.64 f
  u_cp/u_bfeed/U86993/Y (sky130_fd_sc_hd__o21ai_4)        0.15      29.79 r
  u_cp/u_bfeed/U22301/Y (sky130_fd_sc_hd__o21ai_1)        0.10      29.88 f
  u_cp/u_bfeed/U93266/Y (sky130_fd_sc_hd__inv_2)          0.07      29.96 r
  u_cp/u_bfeed/U122817/Y (sky130_fd_sc_hd__o21ai_2)       0.06      30.02 f
  u_cp/u_bfeed/U115359/Y (sky130_fd_sc_hd__nand2b_4)      0.15      30.17 f
  u_cp/u_bfeed/U82212/Y (sky130_fd_sc_hd__a22oi_4)        0.13      30.30 r
  u_cp/u_bfeed/U26974/Y (sky130_fd_sc_hd__o21ai_2)        0.06      30.36 f
  u_cp/u_bfeed/U129816/Y (sky130_fd_sc_hd__nand2b_1)      0.06      30.42 r
  u_cp/u_bfeed/U126110/X (sky130_fd_sc_hd__and3_4)        0.18      30.59 r
  u_cp/u_bfeed/U23394/Y (sky130_fd_sc_hd__nand3_4)        0.16      30.76 f
  u_cp/u_bfeed/U23393/Y (sky130_fd_sc_hd__inv_2)          0.11      30.86 r
  u_cp/u_bfeed/U96871/Y (sky130_fd_sc_hd__nand2b_1)       0.05      30.91 f
  u_cp/u_bfeed/U96872/Y (sky130_fd_sc_hd__nand2_1)        0.06      30.98 r
  u_cp/u_bfeed/U22483/Y (sky130_fd_sc_hd__nand3_2)        0.10      31.07 f
  u_cp/u_bfeed/U101576/Y (sky130_fd_sc_hd__nand2_1)       0.10      31.17 r
  u_cp/u_bfeed/U83714/Y (sky130_fd_sc_hd__nand2_2)        0.10      31.27 f
  u_cp/u_bfeed/U81867/Y (sky130_fd_sc_hd__nand3_4)        0.14      31.41 r
  u_cp/u_bfeed/U21632/Y (sky130_fd_sc_hd__nand2_4)        0.08      31.49 f
  u_cp/u_bfeed/U21364/Y (sky130_fd_sc_hd__xnor2_4)        0.13      31.62 f
  u_cp/u_bfeed/U96062/Y (sky130_fd_sc_hd__nand2b_4)       0.10      31.73 r
  u_cp/u_bfeed/U92703/Y (sky130_fd_sc_hd__inv_2)          0.03      31.76 f
  u_cp/u_bfeed/U96061/Y (sky130_fd_sc_hd__nor2_1)         0.07      31.83 r
  u_cp/u_bfeed/U92202/X (sky130_fd_sc_hd__and2_4)         0.16      31.99 r
  u_cp/u_bfeed/U90539/Y (sky130_fd_sc_hd__nand3_2)        0.06      32.05 f
  u_cp/u_bfeed/U8433/Y (sky130_fd_sc_hd__o21ai_1)         0.14      32.19 r
  u_cp/u_bfeed/U19183/Y (sky130_fd_sc_hd__a21oi_2)        0.05      32.23 f
  u_cp/u_bfeed/U91193/Y (sky130_fd_sc_hd__nand4_2)        0.10      32.33 r
  u_cp/u_bfeed/U8363/Y (sky130_fd_sc_hd__nor2_1)          0.07      32.40 f
  u_cp/u_bfeed/U26947/Y (sky130_fd_sc_hd__o21ai_2)        0.15      32.56 r
  u_cp/u_bfeed/U25615/Y (sky130_fd_sc_hd__nand2_2)        0.06      32.62 f
  u_cp/u_bfeed/U90570/Y (sky130_fd_sc_hd__nor2_2)         0.15      32.77 r
  u_cp/u_bfeed/U125412/Y (sky130_fd_sc_hd__inv_2)         0.06      32.83 f
  u_cp/u_bfeed/U26502/Y (sky130_fd_sc_hd__nand2b_4)       0.07      32.90 r
  u_cp/u_bfeed/U99644/Y (sky130_fd_sc_hd__a21oi_2)        0.06      32.96 f
  u_cp/u_bfeed/U93208/Y (sky130_fd_sc_hd__o21ai_2)        0.12      33.08 r
  u_cp/u_bfeed/U156563/Y (sky130_fd_sc_hd__xnor2_1)       0.08      33.16 f
  u_cp/u_bfeed/U115610/Y (sky130_fd_sc_hd__o21ai_1)       0.11      33.27 r
  u_cp/u_bfeed/U19767/Y (sky130_fd_sc_hd__o21bai_2)       0.13      33.40 r
  u_cp/u_bfeed/U24173/Y (sky130_fd_sc_hd__nand3_2)        0.09      33.48 f
  u_cp/u_bfeed/U24172/Y (sky130_fd_sc_hd__inv_2)          0.06      33.54 r
  u_cp/u_bfeed/U13993/Y (sky130_fd_sc_hd__nand4_2)        0.07      33.61 f
  u_cp/u_bfeed/U21724/Y (sky130_fd_sc_hd__nor2_2)         0.12      33.74 r
  u_cp/u_bfeed/U119053/Y (sky130_fd_sc_hd__nand2_1)       0.05      33.79 f
  u_cp/u_bfeed/U122026/Y (sky130_fd_sc_hd__nand2_1)       0.06      33.85 r
  u_cp/u_bfeed/U93273/Y (sky130_fd_sc_hd__nand3_2)        0.07      33.92 f
  u_cp/u_bfeed/U95369/Y (sky130_fd_sc_hd__o21ai_4)        0.09      34.01 r
  u_cp/u_bfeed/U14673/Y (sky130_fd_sc_hd__nand2b_4)       0.19      34.19 r
  u_cp/u_bfeed/U20753/Y (sky130_fd_sc_hd__inv_2)          0.08      34.27 f
  u_cp/u_bfeed/U39742/Y (sky130_fd_sc_hd__nand2_1)        0.06      34.33 r
  u_cp/u_bfeed/U12945/Y (sky130_fd_sc_hd__nand4_1)        0.10      34.43 f
  u_cp/u_bfeed/U12944/Y (sky130_fd_sc_hd__nand2_1)        0.07      34.50 r
  u_cp/u_bfeed/U16492/Y (sky130_fd_sc_hd__nand2b_1)       0.05      34.54 f
  u_cp/u_bfeed/U70809/Y (sky130_fd_sc_hd__nor2_1)         0.12      34.66 r
  u_cp/u_bfeed/U90866/Y (sky130_fd_sc_hd__o21ai_2)        0.07      34.73 f
  u_cp/u_bfeed/U7988/Y (sky130_fd_sc_hd__nand2_2)         0.08      34.81 r
  u_cp/u_bfeed/U7968/Y (sky130_fd_sc_hd__inv_2)           0.07      34.88 f
  u_cp/u_bfeed/U126119/X (sky130_fd_sc_hd__buf_12)        0.15      35.03 f
  u_cp/u_bfeed/U13199/Y (sky130_fd_sc_hd__xnor2_4)        0.19      35.22 r
  u_cp/u_bfeed/U13813/Y (sky130_fd_sc_hd__xnor2_2)        0.14      35.36 r
  u_cp/u_bfeed/U121990/Y (sky130_fd_sc_hd__inv_2)         0.05      35.41 f
  u_cp/u_bfeed/U20118/Y (sky130_fd_sc_hd__xnor2_1)        0.17      35.58 r
  u_cp/u_bfeed/U87678/Y (sky130_fd_sc_hd__xnor2_1)        0.15      35.73 r
  u_cp/u_bfeed/U91373/Y (sky130_fd_sc_hd__inv_1)          0.05      35.78 f
  u_cp/u_bfeed/U45231/Y (sky130_fd_sc_hd__nand2_1)        0.06      35.85 r
  u_cp/u_bfeed/U45217/Y (sky130_fd_sc_hd__nand3_1)        0.06      35.91 f
  u_cp/u_bfeed/U14930/Y (sky130_fd_sc_hd__nand2b_1)       0.08      35.99 r
  u_cp/u_bfeed/U15860/Y (sky130_fd_sc_hd__nand2_1)        0.06      36.05 f
  u_cp/u_bfeed/U13718/Y (sky130_fd_sc_hd__nand3_2)        0.09      36.14 r
  u_cp/u_bfeed/U13845/Y (sky130_fd_sc_hd__nand2_4)        0.07      36.22 f
  u_cp/u_bfeed/U88424/Y (sky130_fd_sc_hd__nand2_4)        0.07      36.29 r
  u_cp/u_bfeed/U84102/X (sky130_fd_sc_hd__buf_6)          0.09      36.38 r
  u_cp/u_bfeed/U84699/Y (sky130_fd_sc_hd__inv_2)          0.02      36.40 f
  u_cp/u_bfeed/U18973/Y (sky130_fd_sc_hd__nand2_2)        0.04      36.45 r
  u_cp/u_bfeed/U18972/Y (sky130_fd_sc_hd__nand4_1)        0.06      36.51 f
  u_cp/u_bfeed/U33352/Y (sky130_fd_sc_hd__nand3_1)        0.08      36.59 r
  u_cp/u_bfeed/U36107/X (sky130_fd_sc_hd__xor2_1)         0.17      36.76 r
  u_cp/u_bfeed/U85411/Y (sky130_fd_sc_hd__nand2b_4)       0.16      36.92 r
  u_cp/u_bfeed/U21825/Y (sky130_fd_sc_hd__nand2_4)        0.06      36.98 f
  u_cp/u_bfeed/U82056/Y (sky130_fd_sc_hd__nand2_8)        0.15      37.13 r
  u_cp/u_bfeed/U31447/Y (sky130_fd_sc_hd__inv_12)         0.08      37.21 f
  u_cp/u_bfeed/U15051/Y (sky130_fd_sc_hd__xnor2_2)        0.14      37.35 f
  u_cp/u_bfeed/U85077/Y (sky130_fd_sc_hd__o22ai_2)        0.18      37.53 r
  u_cp/u_bfeed/U12579/X (sky130_fd_sc_hd__and2_1)         0.15      37.68 r
  u_cp/u_bfeed/U12578/Y (sky130_fd_sc_hd__nand2b_4)       0.11      37.79 r
  u_cp/u_bfeed/U163234/SUM (sky130_fd_sc_hd__fah_1)       0.42      38.21 r
  u_cp/u_bfeed/U88114/Y (sky130_fd_sc_hd__inv_2)          0.05      38.26 f
  u_cp/u_bfeed/U93487/Y (sky130_fd_sc_hd__o21ai_2)        0.15      38.41 r
  u_cp/u_bfeed/U93486/Y (sky130_fd_sc_hd__xnor2_1)        0.14      38.55 r
  u_cp/u_bfeed/U97493/Y (sky130_fd_sc_hd__xnor2_1)        0.15      38.70 r
  u_cp/u_bfeed/U86280/Y (sky130_fd_sc_hd__nand2b_4)       0.17      38.87 r
  u_cp/u_bfeed/U15784/Y (sky130_fd_sc_hd__nand2_4)        0.05      38.92 f
  u_cp/u_bfeed/U15783/Y (sky130_fd_sc_hd__nor2_4)         0.09      39.01 r
  u_cp/u_bfeed/U83781/Y (sky130_fd_sc_hd__nand2_2)        0.07      39.08 f
  u_cp/u_bfeed/U22391/Y (sky130_fd_sc_hd__nor2_2)         0.13      39.21 r
  u_cp/u_bfeed/U23251/Y (sky130_fd_sc_hd__nand3_2)        0.08      39.29 f
  u_cp/u_bfeed/U22907/Y (sky130_fd_sc_hd__nand3_2)        0.07      39.36 r
  u_cp/u_bfeed/U22906/Y (sky130_fd_sc_hd__xnor2_1)        0.12      39.48 r
  u_cp/u_bfeed/U163636/Y (sky130_fd_sc_hd__inv_2)         0.07      39.55 f
  u_cp/u_bfeed/U122114/Y (sky130_fd_sc_hd__inv_4)         0.09      39.64 r
  u_cp/u_bfeed/U24811/Y (sky130_fd_sc_hd__inv_4)          0.06      39.69 f
  u_cp/u_bfeed/U94299/Y (sky130_fd_sc_hd__o21ai_2)        0.11      39.81 r
  u_cp/u_bfeed/U131716/Y (sky130_fd_sc_hd__a21oi_2)       0.05      39.86 f
  u_cp/u_bfeed/U128357/Y (sky130_fd_sc_hd__nand2b_4)      0.08      39.94 r
  u_cp/u_bfeed/U83904/Y (sky130_fd_sc_hd__nand2_4)        0.08      40.02 f
  u_cp/u_bfeed/U16831/Y (sky130_fd_sc_hd__nand2_2)        0.07      40.09 r
  u_cp/u_bfeed/U18638/Y (sky130_fd_sc_hd__nand3_2)        0.06      40.15 f
  u_cp/u_bfeed/U98155/Y (sky130_fd_sc_hd__inv_2)          0.06      40.22 r
  u_cp/u_bfeed/U85878/Y (sky130_fd_sc_hd__nand3_2)        0.07      40.29 f
  u_cp/u_bfeed/U84985/Y (sky130_fd_sc_hd__nand3_4)        0.13      40.42 r
  u_cp/u_bfeed/U13307/Y (sky130_fd_sc_hd__inv_8)          0.07      40.50 f
  u_cp/u_bfeed/U17591/Y (sky130_fd_sc_hd__inv_12)         0.12      40.62 r
  u_cp/u_bfeed/U24709/Y (sky130_fd_sc_hd__nand4_1)        0.15      40.77 f
  u_cp/u_bfeed/U99108/Y (sky130_fd_sc_hd__nand2_4)        0.18      40.96 r
  u_cp/u_bfeed/U18862/Y (sky130_fd_sc_hd__nand2_8)        0.10      41.06 f
  u_cp/u_bfeed/U99128/Y (sky130_fd_sc_hd__nor2_8)         0.23      41.29 r
  u_cp/u_bfeed/U21596/Y (sky130_fd_sc_hd__nand2_2)        0.10      41.39 f
  u_cp/u_bfeed/U13064/Y (sky130_fd_sc_hd__nand4_4)        0.18      41.56 r
  u_cp/u_bfeed/U13063/Y (sky130_fd_sc_hd__inv_4)          0.06      41.63 f
  u_cp/u_bfeed/U18644/Y (sky130_fd_sc_hd__nor2_8)         0.10      41.73 r
  u_cp/u_bfeed/U118415/Y (sky130_fd_sc_hd__o21ai_2)       0.07      41.79 f
  u_cp/u_bfeed/U88772/Y (sky130_fd_sc_hd__a21oi_2)        0.12      41.91 r
  u_cp/u_bfeed/U91459/Y (sky130_fd_sc_hd__o21ai_2)        0.08      41.99 f
  u_cp/u_bfeed/U128629/Y (sky130_fd_sc_hd__inv_2)         0.13      42.12 r
  u_cp/u_bfeed/U164141/Y (sky130_fd_sc_hd__o21ai_2)       0.07      42.18 f
  u_cp/u_bfeed/U164142/Y (sky130_fd_sc_hd__xnor2_1)       0.13      42.31 f
  u_cp/u_bfeed/U124033/Y (sky130_fd_sc_hd__nand2_2)       0.07      42.38 r
  u_cp/u_bfeed/U18499/Y (sky130_fd_sc_hd__nand3_4)        0.07      42.46 f
  u_cp/u_bfeed/U18498/Y (sky130_fd_sc_hd__nor2_4)         0.14      42.60 r
  u_cp/u_bfeed/U92211/Y (sky130_fd_sc_hd__nand3_4)        0.10      42.70 f
  u_cp/u_bfeed/U118145/Y (sky130_fd_sc_hd__nor2_4)        0.13      42.83 r
  u_cp/u_bfeed/U118144/Y (sky130_fd_sc_hd__nand2_1)       0.06      42.89 f
  u_cp/u_bfeed/U127410/Y (sky130_fd_sc_hd__nand2_1)       0.05      42.94 r
  u_cp/u_bfeed/U127328/Y (sky130_fd_sc_hd__nand2b_1)      0.06      43.00 f
  u_cp/u_bfeed/U127808/Y (sky130_fd_sc_hd__nand2_2)       0.08      43.08 r
  u_cp/u_bfeed/U164280/Y (sky130_fd_sc_hd__nand2_2)       0.05      43.13 f
  u_cp/u_bfeed/U115596/X (sky130_fd_sc_hd__o21a_1)        0.20      43.32 f
  u_cp/u_bfeed/U127165/Y (sky130_fd_sc_hd__o21ai_2)       0.07      43.40 r
  u_cp/u_bfeed/U121854/Y (sky130_fd_sc_hd__a21oi_4)       0.06      43.46 f
  u_cp/u_bfeed/U125072/Y (sky130_fd_sc_hd__o21ai_2)       0.12      43.58 r
  u_cp/u_bfeed/U164287/Y (sky130_fd_sc_hd__xnor2_1)       0.12      43.70 r
  u_cp/u_bfeed/U96994/X (sky130_fd_sc_hd__a21o_1)         0.14      43.84 r
  u_cp/u_bfeed/U94290/Y (sky130_fd_sc_hd__nand4_2)        0.12      43.96 f
  u_cp/u_bfeed/U14162/X (sky130_fd_sc_hd__and2_4)         0.20      44.16 f
  u_cp/u_bfeed/U97727/Y (sky130_fd_sc_hd__inv_8)          0.10      44.26 r
  u_cp/u_bfeed/U18626/Y (sky130_fd_sc_hd__nor2_4)         0.04      44.30 f
  u_cp/u_bfeed/U89707/Y (sky130_fd_sc_hd__nor3_4)         0.27      44.57 r
  u_cp/u_bfeed/U89706/Y (sky130_fd_sc_hd__nor2_8)         0.12      44.69 f
  u_cp/u_bfeed/U89705/Y (sky130_fd_sc_hd__xnor2_4)        0.16      44.85 f
  u_cp/u_bfeed/U89704/Y (sky130_fd_sc_hd__o22ai_4)        0.11      44.97 r
  u_cp/u_bfeed/U164734/SUM (sky130_fd_sc_hd__fah_1)       0.28      45.25 r
  u_cp/u_bfeed/U164753/SUM (sky130_fd_sc_hd__fah_1)       0.27      45.52 f
  u_cp/u_bfeed/U164756/SUM (sky130_fd_sc_hd__fah_1)       0.32      45.84 f
  u_cp/u_bfeed/U124687/Y (sky130_fd_sc_hd__xnor2_1)       0.14      45.97 f
  u_cp/u_bfeed/U99093/Y (sky130_fd_sc_hd__xnor2_1)        0.20      46.17 r
  u_cp/u_bfeed/U15041/Y (sky130_fd_sc_hd__nor2_2)         0.05      46.22 f
  u_cp/u_bfeed/U118413/Y (sky130_fd_sc_hd__o21ai_1)       0.12      46.34 r
  u_cp/u_bfeed/U118412/Y (sky130_fd_sc_hd__a21oi_1)       0.06      46.40 f
  u_cp/u_bfeed/U128672/Y (sky130_fd_sc_hd__nand2b_1)      0.14      46.54 f
  u_cp/u_bfeed/U12334/Y (sky130_fd_sc_hd__nand3_2)        0.06      46.60 r
  u_cp/u_bfeed/U16486/Y (sky130_fd_sc_hd__nor2_2)         0.04      46.64 f
  u_cp/u_bfeed/U16485/Y (sky130_fd_sc_hd__o21ai_1)        0.12      46.76 r
  u_cp/u_bfeed/U15712/Y (sky130_fd_sc_hd__nand3_1)        0.09      46.86 f
  u_cp/u_bfeed/U88637/Y (sky130_fd_sc_hd__nand3_2)        0.10      46.95 r
  u_cp/u_bfeed/U88636/Y (sky130_fd_sc_hd__xnor2_2)        0.11      47.06 r
  u_cp/u_bfeed/U101749/Y (sky130_fd_sc_hd__inv_2)         0.08      47.15 f
  u_cp/u_bfeed/U101748/Y (sky130_fd_sc_hd__inv_8)         0.12      47.27 r
  u_cp/u_bfeed/U13266/Y (sky130_fd_sc_hd__inv_6)          0.06      47.33 f
  u_cp/u_bfeed/U13717/Y (sky130_fd_sc_hd__inv_8)          0.08      47.40 r
  u_cp/u_bfeed/U97273/Y (sky130_fd_sc_hd__o21ai_4)        0.06      47.46 f
  u_cp/u_bfeed/U22962/Y (sky130_fd_sc_hd__nand2_4)        0.08      47.54 r
  u_cp/u_bfeed/U97725/Y (sky130_fd_sc_hd__nand2_4)        0.07      47.61 f
  u_cp/u_bfeed/U4359/Y (sky130_fd_sc_hd__nor2_2)          0.15      47.76 r
  u_cp/u_bfeed/U96339/Y (sky130_fd_sc_hd__o21ai_4)        0.08      47.85 f
  u_cp/u_bfeed/U18659/Y (sky130_fd_sc_hd__a21oi_4)        0.17      48.02 r
  u_cp/u_bfeed/U18658/Y (sky130_fd_sc_hd__o21ai_1)        0.09      48.11 f
  u_cp/u_bfeed/U96338/Y (sky130_fd_sc_hd__xnor2_1)        0.12      48.23 f
  u_cp/u_bfeed/U115732/Y (sky130_fd_sc_hd__nand2_1)       0.07      48.30 r
  u_cp/u_bfeed/U18648/Y (sky130_fd_sc_hd__nand2_2)        0.07      48.37 f
  u_cp/u_bfeed/U18647/Y (sky130_fd_sc_hd__inv_2)          0.05      48.42 r
  u_cp/u_bfeed/U12202/Y (sky130_fd_sc_hd__nand3_2)        0.07      48.49 f
  u_cp/u_bfeed/U97241/Y (sky130_fd_sc_hd__inv_4)          0.10      48.59 r
  u_cp/u_bfeed/U97191/Y (sky130_fd_sc_hd__nand4_4)        0.13      48.72 f
  u_cp/u_bfeed/U165117/Y (sky130_fd_sc_hd__nand2b_1)      0.16      48.88 f
  u_cp/u_bfeed/U91926/Y (sky130_fd_sc_hd__a21boi_1)       0.13      49.01 f
  u_cp/u_bfeed/U93491/Y (sky130_fd_sc_hd__nand3_2)        0.10      49.11 r
  u_cp/u_bfeed/U90492/X (sky130_fd_sc_hd__buf_6)          0.12      49.23 r
  u_cp/u_bfeed/U103034/Y (sky130_fd_sc_hd__inv_2)         0.04      49.27 f
  u_cp/u_bfeed/U23583/Y (sky130_fd_sc_hd__nand2_4)        0.04      49.32 r
  u_cp/u_bfeed/U118521/Y (sky130_fd_sc_hd__o21ai_2)       0.05      49.37 f
  u_cp/u_bfeed/U25737/Y (sky130_fd_sc_hd__nand2_2)        0.06      49.43 r
  u_cp/u_bfeed/U12325/Y (sky130_fd_sc_hd__nand4_4)        0.13      49.56 f
  u_cp/u_bfeed/U20829/Y (sky130_fd_sc_hd__a21oi_4)        0.25      49.80 r
  u_cp/u_bfeed/U3721/Y (sky130_fd_sc_hd__o21ai_1)         0.10      49.90 f
  u_cp/u_bfeed/U165355/Y (sky130_fd_sc_hd__xnor2_1)       0.13      50.04 f
  u_cp/u_bfeed/U96997/Y (sky130_fd_sc_hd__nand2b_2)       0.08      50.12 r
  u_cp/u_bfeed/U26802/Y (sky130_fd_sc_hd__nand3_4)        0.09      50.22 f
  u_cp/u_bfeed/U50386/Y (sky130_fd_sc_hd__inv_2)          0.07      50.29 r
  u_cp/u_bfeed/U22943/Y (sky130_fd_sc_hd__nand2_2)        0.05      50.34 f
  u_cp/u_bfeed/U50350/Y (sky130_fd_sc_hd__inv_2)          0.07      50.41 r
  u_cp/u_bfeed/U26801/Y (sky130_fd_sc_hd__nand2_2)        0.05      50.46 f
  u_cp/u_bfeed/U124665/Y (sky130_fd_sc_hd__nor2_2)        0.10      50.56 r
  u_cp/u_bfeed/U13240/Y (sky130_fd_sc_hd__nand3_2)        0.09      50.66 f
  u_cp/u_bfeed/U13252/Y (sky130_fd_sc_hd__nand2_4)        0.11      50.76 r
  u_cp/u_bfeed/U15687/Y (sky130_fd_sc_hd__nor2_4)         0.05      50.81 f
  u_cp/u_bfeed/U25152/X (sky130_fd_sc_hd__clkbuf_1)       0.10      50.92 f
  u_cp/u_bfeed/U118044/Y (sky130_fd_sc_hd__o21ai_2)       0.13      51.05 r
  u_cp/u_bfeed/U93592/Y (sky130_fd_sc_hd__xnor2_1)        0.12      51.17 r
  u_cp/u_bfeed/U23149/X (sky130_fd_sc_hd__a21o_2)         0.15      51.32 r
  u_cp/u_bfeed/U26132/Y (sky130_fd_sc_hd__nand3_2)        0.09      51.41 f
  u_cp/u_bfeed/U93086/Y (sky130_fd_sc_hd__nor2_4)         0.10      51.51 r
  u_cp/u_bfeed/U13428/Y (sky130_fd_sc_hd__nand4_4)        0.10      51.61 f
  u_cp/u_bfeed/U84638/X (sky130_fd_sc_hd__and2_4)         0.23      51.85 f
  u_cp/u_bfeed/U3424/Y (sky130_fd_sc_hd__nand2_2)         0.09      51.94 r
  u_cp/u_bfeed/U84011/Y (sky130_fd_sc_hd__nand4_4)        0.09      52.03 f
  u_cp/u_bfeed/U131381/X (sky130_fd_sc_hd__buf_6)         0.17      52.20 f
  u_cp/u_bfeed/U12666/Y (sky130_fd_sc_hd__xnor2_4)        0.17      52.36 r
  u_cp/u_bfeed/U118529/Y (sky130_fd_sc_hd__o22ai_2)       0.10      52.47 f
  u_cp/u_bfeed/U123668/Y (sky130_fd_sc_hd__xnor2_1)       0.17      52.63 f
  u_cp/u_bfeed/U123667/Y (sky130_fd_sc_hd__xnor2_1)       0.20      52.83 r
  u_cp/u_bfeed/U166235/SUM (sky130_fd_sc_hd__fah_1)       0.33      53.16 r
  u_cp/u_bfeed/U125755/Y (sky130_fd_sc_hd__xnor2_1)       0.13      53.29 r
  u_cp/u_bfeed/U125754/Y (sky130_fd_sc_hd__xnor2_1)       0.15      53.44 r
  u_cp/u_bfeed/U166247/COUT (sky130_fd_sc_hd__fah_1)      0.39      53.84 r
  u_cp/u_bfeed/U12214/Y (sky130_fd_sc_hd__nor2_2)         0.06      53.90 f
  u_cp/u_bfeed/U22456/Y (sky130_fd_sc_hd__nor2_2)         0.13      54.03 r
  u_cp/u_bfeed/U32494/Y (sky130_fd_sc_hd__nand2_1)        0.08      54.11 f
  u_cp/u_bfeed/U22464/Y (sky130_fd_sc_hd__nor2_2)         0.11      54.21 r
  u_cp/u_bfeed/U12330/Y (sky130_fd_sc_hd__nand3_2)        0.10      54.32 f
  u_cp/u_bfeed/U22472/Y (sky130_fd_sc_hd__nand3_2)        0.10      54.42 r
  u_cp/u_bfeed/U12261/Y (sky130_fd_sc_hd__nand3_4)        0.10      54.51 f
  u_cp/u_bfeed/U12260/Y (sky130_fd_sc_hd__inv_6)          0.13      54.64 r
  u_cp/u_bfeed/U93092/Y (sky130_fd_sc_hd__inv_8)          0.07      54.72 f
  u_cp/u_bfeed/U12455/Y (sky130_fd_sc_hd__nor2_2)         0.07      54.79 r
  u_cp/u_bfeed/U30714/Y (sky130_fd_sc_hd__a21oi_1)        0.05      54.84 f
  u_cp/u_bfeed/U91362/X (sky130_fd_sc_hd__and2_4)         0.17      55.00 f
  u_cp/u_bfeed/U121998/Y (sky130_fd_sc_hd__a21oi_2)       0.12      55.12 r
  u_cp/u_bfeed/U25144/Y (sky130_fd_sc_hd__nand4_2)        0.09      55.21 f
  u_cp/u_bfeed/U26995/Y (sky130_fd_sc_hd__o21ai_2)        0.07      55.29 r
  u_cp/u_bfeed/U87600/Y (sky130_fd_sc_hd__inv_2)          0.06      55.35 f
  u_cp/u_bfeed/U93588/Y (sky130_fd_sc_hd__nand2_4)        0.11      55.46 r
  u_cp/u_bfeed/U93489/Y (sky130_fd_sc_hd__inv_2)          0.06      55.52 f
  u_cp/u_bfeed/U96704/Y (sky130_fd_sc_hd__nand2_4)        0.07      55.59 r
  u_cp/u_bfeed/U85461/Y (sky130_fd_sc_hd__nand2_8)        0.08      55.67 f
  u_cp/u_bfeed/U31556/Y (sky130_fd_sc_hd__inv_8)          0.08      55.75 r
  u_cp/u_bfeed/U85460/Y (sky130_fd_sc_hd__nand3_4)        0.09      55.84 f
  u_cp/u_bfeed/U97111/Y (sky130_fd_sc_hd__inv_8)          0.13      55.97 r
  u_cp/u_bfeed/U116275/Y (sky130_fd_sc_hd__nand3_2)       0.08      56.05 f
  u_cp/u_bfeed/U92285/Y (sky130_fd_sc_hd__nor2_2)         0.11      56.16 r
  u_cp/u_bfeed/U118702/X (sky130_fd_sc_hd__buf_6)         0.17      56.33 r
  u_cp/u_bfeed/U2320/Y (sky130_fd_sc_hd__nand2_1)         0.09      56.42 f
  u_cp/u_bfeed/U91686/Y (sky130_fd_sc_hd__nand4_4)        0.12      56.54 r
  u_cp/u_bfeed/U22425/X (sky130_fd_sc_hd__buf_6)          0.10      56.64 r
  u_cp/u_bfeed/U87394/Y (sky130_fd_sc_hd__nor2_2)         0.04      56.68 f
  u_cp/u_bfeed/U103171/Y (sky130_fd_sc_hd__nor2_1)        0.13      56.81 r
  u_cp/u_bfeed/U60776/Y (sky130_fd_sc_hd__nand2_1)        0.11      56.92 f
  u_cp/u_bfeed/U60774/Y (sky130_fd_sc_hd__o21ai_2)        0.15      57.07 r
  u_cp/u_bfeed/U123953/Y (sky130_fd_sc_hd__a21oi_2)       0.05      57.12 f
  u_cp/u_bfeed/U119627/X (sky130_fd_sc_hd__buf_6)         0.14      57.26 f
  u_cp/u_bfeed/U166800/Y (sky130_fd_sc_hd__o21ai_2)       0.11      57.38 r
  u_cp/u_bfeed/U166801/Y (sky130_fd_sc_hd__xnor2_1)       0.07      57.44 f
  u_cp/u_bfeed/U12253/Y (sky130_fd_sc_hd__nand2b_1)       0.10      57.55 r
  u_cp/u_bfeed/U85185/Y (sky130_fd_sc_hd__nand3_4)        0.10      57.65 f
  u_cp/u_bfeed/U85184/Y (sky130_fd_sc_hd__nor2_2)         0.10      57.75 r
  u_cp/u_bfeed/U23253/X (sky130_fd_sc_hd__buf_4)          0.13      57.88 r
  u_cp/u_bfeed/U23836/Y (sky130_fd_sc_hd__nand4_2)        0.09      57.97 f
  u_cp/u_bfeed/U23835/Y (sky130_fd_sc_hd__a21oi_2)        0.12      58.09 r
  u_cp/u_bfeed/U82920/Y (sky130_fd_sc_hd__nand2b_2)       0.13      58.22 r
  u_cp/u_bfeed/U108056/Y (sky130_fd_sc_hd__o22ai_2)       0.07      58.29 f
  u_cp/u_bfeed/U85073/Y (sky130_fd_sc_hd__o21ai_4)        0.19      58.49 r
  u_cp/u_bfeed/U84575/Y (sky130_fd_sc_hd__nand3_1)        0.09      58.57 f
  u_cp/u_bfeed/U116323/Y (sky130_fd_sc_hd__nand2_1)       0.08      58.66 r
  u_cp/u_bfeed/U126413/Y (sky130_fd_sc_hd__xnor2_1)       0.11      58.76 r
  u_cp/u_bfeed/U105418/Y (sky130_fd_sc_hd__nand2_1)       0.07      58.83 f
  u_cp/u_bfeed/U21521/Y (sky130_fd_sc_hd__nand3_2)        0.07      58.90 r
  u_cp/u_bfeed/U22438/Y (sky130_fd_sc_hd__nand4_2)        0.09      58.99 f
  u_cp/u_bfeed/U32315/Y (sky130_fd_sc_hd__inv_2)          0.11      59.11 r
  u_cp/u_bfeed/U23415/Y (sky130_fd_sc_hd__nand3_4)        0.13      59.23 f
  u_cp/u_bfeed/U26270/Y (sky130_fd_sc_hd__a22oi_2)        0.21      59.44 r
  u_cp/u_bfeed/U12264/Y (sky130_fd_sc_hd__nand2b_4)       0.08      59.53 f
  u_cp/u_bfeed/U1587/Y (sky130_fd_sc_hd__nand2_1)         0.10      59.63 r
  u_cp/u_bfeed/U92670/Y (sky130_fd_sc_hd__nand3_1)        0.08      59.70 f
  u_cp/u_bfeed/U130758/Y (sky130_fd_sc_hd__clkinv_1)      0.05      59.75 r
  u_cp/u_bfeed/U105412/Y (sky130_fd_sc_hd__nand4_1)       0.06      59.80 f
  u_cp/u_bfeed/U94212/Y (sky130_fd_sc_hd__nand2_1)        0.07      59.87 r
  u_cp/u_bfeed/U25531/Y (sky130_fd_sc_hd__nand3_2)        0.06      59.94 f
  u_cp/u_bfeed/U117531/X (sky130_fd_sc_hd__clkbuf_2)      0.12      60.06 f
  u_cp/u_bfeed/U121325/X (sky130_fd_sc_hd__buf_6)         0.13      60.18 f
  u_cp/u_bfeed/U167120/Y (sky130_fd_sc_hd__nand2_4)       0.05      60.23 r
  u_cp/u_bfeed/U30406/Y (sky130_fd_sc_hd__clkinv_1)       0.04      60.27 f
  u_cp/u_bfeed/U167121/Y (sky130_fd_sc_hd__nand2b_1)      0.14      60.41 f
  u_cp/u_bfeed/U116272/X (sky130_fd_sc_hd__a21o_1)        0.16      60.57 f
  u_cp/u_bfeed/U25749/Y (sky130_fd_sc_hd__nand2_1)        0.07      60.64 r
  u_cp/u_bfeed/U121319/Y (sky130_fd_sc_hd__nand3b_1)      0.07      60.71 f
  u_cp/u_bfeed/U118768/Y (sky130_fd_sc_hd__nand2_1)       0.07      60.78 r
  u_cp/u_bfeed/U118767/Y (sky130_fd_sc_hd__o21ai_2)       0.07      60.85 f
  u_cp/u_bfeed/U121789/Y (sky130_fd_sc_hd__o211ai_2)      0.15      61.00 r
  u_cp/u_bfeed/U84003/Y (sky130_fd_sc_hd__nand2_1)        0.06      61.05 f
  u_cp/u_bfeed/U14123/Y (sky130_fd_sc_hd__nand3_1)        0.06      61.11 r
  u_cp/u_bfeed/U59972/Y (sky130_fd_sc_hd__nand2_1)        0.06      61.17 f
  u_cp/u_bfeed/U92215/Y (sky130_fd_sc_hd__nand3_2)        0.06      61.23 r
  u_cp/u_bfeed/U12332/Y (sky130_fd_sc_hd__nand3_2)        0.06      61.30 f
  u_cp/u_bfeed/U15682/Y (sky130_fd_sc_hd__nand3_2)        0.06      61.36 r
  u_cp/u_bfeed/U26920/Y (sky130_fd_sc_hd__nand2_2)        0.07      61.43 f
  u_cp/u_bfeed/U27003/X (sky130_fd_sc_hd__clkbuf_1)       0.11      61.54 f
  u_cp/u_bfeed/U87663/Y (sky130_fd_sc_hd__nand2_1)        0.06      61.60 r
  u_cp/u_bfeed/U86171/X (sky130_fd_sc_hd__o21a_2)         0.14      61.74 r
  u_cp/u_bfeed/U92217/Y (sky130_fd_sc_hd__inv_2)          0.04      61.78 f
  u_cp/u_bfeed/U28485/Y (sky130_fd_sc_hd__nand4_4)        0.09      61.87 r
  u_cp/u_bfeed/U25141/Y (sky130_fd_sc_hd__nand2_4)        0.07      61.94 f
  u_cp/u_bfeed/U23574/Y (sky130_fd_sc_hd__inv_8)          0.08      62.02 r
  u_cp/u_bfeed/U25283/Y (sky130_fd_sc_hd__nand4_4)        0.11      62.13 f
  u_cp/u_bfeed/U16396/X (sky130_fd_sc_hd__buf_6)          0.16      62.29 f
  u_cp/u_bfeed/U18943/Y (sky130_fd_sc_hd__o22ai_4)        0.12      62.41 r
  u_cp/u_bfeed/U13741/Y (sky130_fd_sc_hd__nand2_4)        0.09      62.50 f
  u_cp/u_bfeed/U15253/Y (sky130_fd_sc_hd__nor2_4)         0.13      62.63 r
  u_cp/u_bfeed/U14898/Y (sky130_fd_sc_hd__nand2_4)        0.08      62.71 f
  u_cp/u_bfeed/U15267/Y (sky130_fd_sc_hd__nand2_4)        0.06      62.77 r
  u_cp/u_bfeed/U12331/Y (sky130_fd_sc_hd__inv_2)          0.04      62.81 f
  u_cp/u_bfeed/U84303/Y (sky130_fd_sc_hd__nand2_4)        0.06      62.87 r
  u_cp/u_bfeed/U17172/Y (sky130_fd_sc_hd__nand4_2)        0.13      63.00 f
  u_cp/u_bfeed/U26931/Y (sky130_fd_sc_hd__nand2_2)        0.10      63.10 r
  u_cp/u_bfeed/U26289/X (sky130_fd_sc_hd__buf_6)          0.10      63.20 r
  u_cp/u_bfeed/U1094/X (sky130_fd_sc_hd__clkbuf_1)        0.09      63.29 r
  u_cp/u_bfeed/U96608/Y (sky130_fd_sc_hd__nand2_2)        0.07      63.36 f
  u_cp/u_bfeed/U27603/Y (sky130_fd_sc_hd__xnor2_1)        0.18      63.55 r
  u_cp/u_bfeed/U30570/Y (sky130_fd_sc_hd__nand2b_1)       0.09      63.64 f
  u_cp/u_bfeed/U27004/Y (sky130_fd_sc_hd__clkinv_1)       0.05      63.68 r
  u_cp/u_bfeed/U12329/Y (sky130_fd_sc_hd__nand2b_1)       0.08      63.76 f
  u_cp/u_bfeed/U15826/Y (sky130_fd_sc_hd__o21ai_4)        0.19      63.95 r
  u_cp/u_bfeed/U12278/Y (sky130_fd_sc_hd__nand3_4)        0.11      64.06 f
  u_cp/u_bfeed/U12277/Y (sky130_fd_sc_hd__inv_4)          0.09      64.15 r
  u_cp/u_bfeed/U16017/X (sky130_fd_sc_hd__buf_12)         0.14      64.29 r
  u_cp/u_bfeed/U93477/Y (sky130_fd_sc_hd__nand2_4)        0.07      64.36 f
  u_cp/u_bfeed/U17218/Y (sky130_fd_sc_hd__nand2_4)        0.08      64.45 r
  u_cp/u_bfeed/U750/Y (sky130_fd_sc_hd__nand2_1)          0.10      64.55 f
  u_cp/u_bfeed/U101908/Y (sky130_fd_sc_hd__o21ai_2)       0.24      64.78 r
  u_cp/u_bfeed/U111631/Y (sky130_fd_sc_hd__nand2b_1)      0.07      64.86 f
  u_cp/u_bfeed/U111630/Y (sky130_fd_sc_hd__nand2_1)       0.06      64.92 r
  u_cp/u_bfeed/U129950/Y (sky130_fd_sc_hd__a21oi_1)       0.04      64.96 f
  u_cp/u_bfeed/U127750/Y (sky130_fd_sc_hd__a22oi_2)       0.16      65.12 r
  u_cp/u_bfeed/U15801/X (sky130_fd_sc_hd__o21a_4)         0.16      65.28 r
  u_cp/u_bfeed/U14579/Y (sky130_fd_sc_hd__nand2_2)        0.07      65.34 f
  u_cp/u_bfeed/U96749/Y (sky130_fd_sc_hd__nor2_4)         0.13      65.47 r
  u_cp/u_bfeed/U528/X (sky130_fd_sc_hd__buf_2)            0.15      65.62 r
  u_cp/u_bfeed/U510/Y (sky130_fd_sc_hd__nand2_1)          0.07      65.69 f
  u_cp/u_bfeed/U11454/Y (sky130_fd_sc_hd__inv_2)          0.05      65.74 r
  u_cp/u_bfeed/U121400/Y (sky130_fd_sc_hd__nand2_2)       0.06      65.80 f
  u_cp/u_bfeed/U23166/Y (sky130_fd_sc_hd__nor2_4)         0.10      65.90 r
  u_cp/u_bfeed/U23167/Y (sky130_fd_sc_hd__o21ai_2)        0.06      65.96 f
  u_cp/u_bfeed/U108190/Y (sky130_fd_sc_hd__a21oi_1)       0.10      66.07 r
  u_cp/u_bfeed/U119688/Y (sky130_fd_sc_hd__o21ai_1)       0.07      66.13 f
  u_cp/u_bfeed/U98198/Y (sky130_fd_sc_hd__a21oi_1)        0.14      66.27 r
  u_cp/u_bfeed/U17411/Y (sky130_fd_sc_hd__xnor2_1)        0.14      66.41 r
  u_cp/u_bfeed/U167532/Y (sky130_fd_sc_hd__nand2b_1)      0.13      66.54 r
  u_cp/u_bfeed/U23425/Y (sky130_fd_sc_hd__nand4_2)        0.12      66.67 f
  u_cp/u_bfeed/U23423/Y (sky130_fd_sc_hd__inv_4)          0.13      66.80 r
  u_cp/u_bfeed/U11455/Y (sky130_fd_sc_hd__inv_8)          0.06      66.86 f
  u_cp/u_bfeed/U364/Y (sky130_fd_sc_hd__o21ai_1)          0.07      66.93 r
  u_cp/u_bfeed/U17429/Y (sky130_fd_sc_hd__nand2_1)        0.07      66.99 f
  u_cp/u_bfeed/U21630/Y (sky130_fd_sc_hd__nor3_2)         0.16      67.15 r
  u_cp/u_bfeed/U17177/Y (sky130_fd_sc_hd__nand3_2)        0.13      67.28 f
  u_cp/u_bfeed/U20888/Y (sky130_fd_sc_hd__nand4b_1)       0.10      67.38 r
  u_cp/u_bfeed/U125408/Y (sky130_fd_sc_hd__nor2_1)        0.05      67.43 f
  u_cp/u_bfeed/U116257/Y (sky130_fd_sc_hd__nand3_2)       0.07      67.50 r
  u_cp/u_bfeed/U83295/Y (sky130_fd_sc_hd__nand2_4)        0.09      67.59 f
  u_cp/u_bfeed/U301/Y (sky130_fd_sc_hd__inv_2)            0.10      67.69 r
  u_cp/u_bfeed/U15034/Y (sky130_fd_sc_hd__nand3_4)        0.10      67.79 f
  u_cp/u_bfeed/U15033/Y (sky130_fd_sc_hd__inv_8)          0.10      67.89 r
  u_cp/u_bfeed/U86428/Y (sky130_fd_sc_hd__inv_8)          0.07      67.96 f
  u_cp/u_bfeed/U88445/Y (sky130_fd_sc_hd__a21oi_2)        0.10      68.07 r
  u_cp/u_bfeed/U210462/Y (sky130_fd_sc_hd__o21ai_1)       0.06      68.13 f
  u_cp/u_bfeed/row_reg[102][29]/D (sky130_fd_sc_hd__dfxtp_1)     0.00    68.13 f
  data arrival time                                                 68.13

  clock clk (rise edge)                                   1.00       1.00
  clock network delay (ideal)                             0.00       1.00
  u_cp/u_bfeed/row_reg[102][29]/CLK (sky130_fd_sc_hd__dfxtp_1)     0.00     1.00 r
  library setup time                                     -0.12       0.88
  data required time                                                 0.88
  --------------------------------------------------------------------------
  data required time                                                 0.88
  data arrival time                                                -68.13
  --------------------------------------------------------------------------
  slack (VIOLATED)                                                 -67.25


  Startpoint: u_cp/pos_base_reg[2]
              (rising edge-triggered flip-flop clocked by clk)
  Endpoint: u_cp/u_bfeed/row_reg[8][26]
            (rising edge-triggered flip-flop clocked by clk)
  Path Group: clk
  Path Type: max

  Point                                                   Incr       Path
  --------------------------------------------------------------------------
  clock clk (rise edge)                                   0.00       0.00
  clock network delay (ideal)                             0.00       0.00
  u_cp/pos_base_reg[2]/CLK (sky130_fd_sc_hd__dfxtp_4)     0.00 #     0.00 r
  u_cp/pos_base_reg[2]/Q (sky130_fd_sc_hd__dfxtp_4)       0.38       0.38 r
  u_cp/u_bfeed/pos_base[2] (kv_bfeed_MAX_N128)            0.00       0.38 r
  u_cp/u_bfeed/U85392/Y (sky130_fd_sc_hd__nand2_4)        0.07       0.45 f
  u_cp/u_bfeed/U13875/Y (sky130_fd_sc_hd__nand2_2)        0.06       0.52 r
  u_cp/u_bfeed/U18882/Y (sky130_fd_sc_hd__nand3_2)        0.05       0.57 f
  u_cp/u_bfeed/U18881/Y (sky130_fd_sc_hd__nand2_2)        0.07       0.64 r
  u_cp/u_bfeed/U24821/Y (sky130_fd_sc_hd__nand2_4)        0.06       0.70 f
  u_cp/u_bfeed/U24820/Y (sky130_fd_sc_hd__nand2_8)        0.09       0.80 r
  u_cp/u_bfeed/U81859/Y (sky130_fd_sc_hd__nand2_4)        0.06       0.86 f
  u_cp/u_bfeed/U79424/Y (sky130_fd_sc_hd__o21bai_2)       0.11       0.97 r
  u_cp/u_bfeed/U26533/Y (sky130_fd_sc_hd__nand2_2)        0.07       1.03 f
  u_cp/u_bfeed/U26532/X (sky130_fd_sc_hd__and2_4)         0.14       1.17 f
  u_cp/u_bfeed/U83281/Y (sky130_fd_sc_hd__nand4b_1)       0.08       1.25 r
  u_cp/u_bfeed/U22910/Y (sky130_fd_sc_hd__nand4_1)        0.09       1.34 f
  u_cp/u_bfeed/U83932/Y (sky130_fd_sc_hd__inv_2)          0.09       1.43 r
  u_cp/u_bfeed/U122113/Y (sky130_fd_sc_hd__inv_4)         0.05       1.48 f
  u_cp/u_bfeed/U28450/Y (sky130_fd_sc_hd__inv_12)         0.10       1.59 r
  u_cp/u_bfeed/U21360/Y (sky130_fd_sc_hd__nand2_8)        0.08       1.66 f
  u_cp/u_bfeed/U98384/Y (sky130_fd_sc_hd__nor2_2)         0.13       1.79 r
  u_cp/u_bfeed/U124855/X (sky130_fd_sc_hd__buf_6)         0.18       1.97 r
  u_cp/u_bfeed/U152820/Y (sky130_fd_sc_hd__o22ai_1)       0.10       2.07 f
  u_cp/u_bfeed/U152822/COUT (sky130_fd_sc_hd__fah_1)      0.39       2.45 f
  u_cp/u_bfeed/U78681/Y (sky130_fd_sc_hd__xnor2_1)        0.19       2.64 r
  u_cp/u_bfeed/U78619/Y (sky130_fd_sc_hd__xnor2_1)        0.15       2.79 r
  u_cp/u_bfeed/U152842/COUT (sky130_fd_sc_hd__fah_1)      0.39       3.19 r
  u_cp/u_bfeed/U25149/Y (sky130_fd_sc_hd__nand2_2)        0.06       3.25 f
  u_cp/u_bfeed/U25498/Y (sky130_fd_sc_hd__nand2_2)        0.06       3.31 r
  u_cp/u_bfeed/U25497/Y (sky130_fd_sc_hd__xnor2_1)        0.12       3.44 r
  u_cp/u_bfeed/U41223/Y (sky130_fd_sc_hd__xnor2_1)        0.17       3.60 r
  u_cp/u_bfeed/U47684/Y (sky130_fd_sc_hd__nor2_2)         0.06       3.67 f
  u_cp/u_bfeed/U11211/Y (sky130_fd_sc_hd__nor2_1)         0.12       3.79 r
  u_cp/u_bfeed/U85510/Y (sky130_fd_sc_hd__nand2_1)        0.07       3.86 f
  u_cp/u_bfeed/U127491/Y (sky130_fd_sc_hd__o21ai_1)       0.15       4.01 r
  u_cp/u_bfeed/U119605/Y (sky130_fd_sc_hd__a21oi_2)       0.05       4.07 f
  u_cp/u_bfeed/U119604/Y (sky130_fd_sc_hd__o21ai_2)       0.14       4.21 r
  u_cp/u_bfeed/U152889/Y (sky130_fd_sc_hd__xnor2_2)       0.15       4.36 r
  u_cp/u_bfeed/U129658/Y (sky130_fd_sc_hd__inv_2)         0.09       4.45 f
  u_cp/u_bfeed/U131845/Y (sky130_fd_sc_hd__nand2_8)       0.19       4.64 r
  u_cp/u_bfeed/U97112/Y (sky130_fd_sc_hd__nor2_4)         0.04       4.68 f
  u_cp/u_bfeed/U78103/Y (sky130_fd_sc_hd__inv_2)          0.06       4.74 r
  u_cp/u_bfeed/U20778/Y (sky130_fd_sc_hd__nand2_4)        0.08       4.82 f
  u_cp/u_bfeed/U152996/COUT (sky130_fd_sc_hd__fah_1)      0.33       5.16 f
  u_cp/u_bfeed/U152997/SUM (sky130_fd_sc_hd__fah_1)       0.33       5.48 r
  u_cp/u_bfeed/U124429/Y (sky130_fd_sc_hd__xnor2_1)       0.14       5.62 r
  u_cp/u_bfeed/U126048/Y (sky130_fd_sc_hd__xnor2_1)       0.13       5.75 r
  u_cp/u_bfeed/U153042/SUM (sky130_fd_sc_hd__fah_1)       0.28       6.03 f
  u_cp/u_bfeed/U125097/Y (sky130_fd_sc_hd__nand2b_4)      0.15       6.19 f
  u_cp/u_bfeed/U130884/Y (sky130_fd_sc_hd__nand2_2)       0.06       6.24 r
  u_cp/u_bfeed/U129756/Y (sky130_fd_sc_hd__inv_2)         0.04       6.28 f
  u_cp/u_bfeed/U124474/Y (sky130_fd_sc_hd__nand2_2)       0.05       6.32 r
  u_cp/u_bfeed/U125750/Y (sky130_fd_sc_hd__nand3_2)       0.07       6.39 f
  u_cp/u_bfeed/U153115/Y (sky130_fd_sc_hd__nand3_1)       0.06       6.45 r
  u_cp/u_bfeed/U123399/Y (sky130_fd_sc_hd__nand2_1)       0.06       6.51 f
  u_cp/u_bfeed/U153116/Y (sky130_fd_sc_hd__inv_2)         0.07       6.57 r
  u_cp/u_bfeed/U153117/Y (sky130_fd_sc_hd__nand2_4)       0.07       6.65 f
  u_cp/u_bfeed/U19389/Y (sky130_fd_sc_hd__inv_6)          0.10       6.75 r
  u_cp/u_bfeed/U99957/Y (sky130_fd_sc_hd__nand2_2)        0.05       6.80 f
  u_cp/u_bfeed/U21706/X (sky130_fd_sc_hd__o21a_4)         0.12       6.92 f
  u_cp/u_bfeed/U21705/Y (sky130_fd_sc_hd__nand2_4)        0.07       6.99 r
  u_cp/u_bfeed/U20758/Y (sky130_fd_sc_hd__inv_6)          0.06       7.04 f
  u_cp/u_bfeed/U77663/Y (sky130_fd_sc_hd__inv_4)          0.06       7.10 r
  u_cp/u_bfeed/U125901/Y (sky130_fd_sc_hd__nand2_4)       0.06       7.16 f
  u_cp/u_bfeed/U125900/Y (sky130_fd_sc_hd__xnor2_4)       0.19       7.35 r
  u_cp/u_bfeed/U25637/Y (sky130_fd_sc_hd__nand3_4)        0.13       7.48 f
  u_cp/u_bfeed/U25636/Y (sky130_fd_sc_hd__nor2_8)         0.14       7.63 r
  u_cp/u_bfeed/U153300/Y (sky130_fd_sc_hd__nand2_1)       0.08       7.70 f
  u_cp/u_bfeed/U17157/Y (sky130_fd_sc_hd__nand2_2)        0.07       7.77 r
  u_cp/u_bfeed/U93619/Y (sky130_fd_sc_hd__nand4_2)        0.12       7.89 f
  u_cp/u_bfeed/U94371/Y (sky130_fd_sc_hd__inv_4)          0.13       8.03 r
  u_cp/u_bfeed/U102105/Y (sky130_fd_sc_hd__inv_2)         0.05       8.07 f
  u_cp/u_bfeed/U25511/Y (sky130_fd_sc_hd__nand2_2)        0.05       8.12 r
  u_cp/u_bfeed/U25657/Y (sky130_fd_sc_hd__nand3_2)        0.07       8.19 f
  u_cp/u_bfeed/U19698/Y (sky130_fd_sc_hd__a21oi_4)        0.15       8.35 r
  u_cp/u_bfeed/U17111/Y (sky130_fd_sc_hd__nand2_2)        0.09       8.44 f
  u_cp/u_bfeed/U27016/Y (sky130_fd_sc_hd__o21ai_2)        0.14       8.58 r
  u_cp/u_bfeed/U127012/Y (sky130_fd_sc_hd__nand2_2)       0.08       8.66 f
  u_cp/u_bfeed/U87371/Y (sky130_fd_sc_hd__nand3_4)        0.14       8.80 r
  u_cp/u_bfeed/U17155/Y (sky130_fd_sc_hd__inv_6)          0.06       8.85 f
  u_cp/u_bfeed/U94522/Y (sky130_fd_sc_hd__nand2_4)        0.09       8.94 r
  u_cp/u_bfeed/U10714/Y (sky130_fd_sc_hd__inv_2)          0.05       9.00 f
  u_cp/u_bfeed/U20251/Y (sky130_fd_sc_hd__nand2_4)        0.05       9.05 r
  u_cp/u_bfeed/U32058/Y (sky130_fd_sc_hd__nand4_4)        0.09       9.14 f
  u_cp/u_bfeed/U83925/Y (sky130_fd_sc_hd__nand3_2)        0.09       9.23 r
  u_cp/u_bfeed/U97087/Y (sky130_fd_sc_hd__nand2_4)        0.09       9.32 f
  u_cp/u_bfeed/U153332/COUT (sky130_fd_sc_hd__fah_1)      0.35       9.67 f
  u_cp/u_bfeed/U131681/Y (sky130_fd_sc_hd__xnor2_1)       0.22       9.89 r
  u_cp/u_bfeed/U153334/SUM (sky130_fd_sc_hd__fah_1)       0.34      10.23 r
  u_cp/u_bfeed/U116726/Y (sky130_fd_sc_hd__inv_2)         0.05      10.28 f
  u_cp/u_bfeed/U16975/Y (sky130_fd_sc_hd__nand2b_4)       0.07      10.35 r
  u_cp/u_bfeed/U16227/Y (sky130_fd_sc_hd__nand3_4)        0.07      10.42 f
  u_cp/u_bfeed/U16226/Y (sky130_fd_sc_hd__nor2_4)         0.12      10.54 r
  u_cp/u_bfeed/U127274/Y (sky130_fd_sc_hd__nand4_1)       0.13      10.67 f
  u_cp/u_bfeed/U91144/Y (sky130_fd_sc_hd__nand2_4)        0.16      10.83 r
  u_cp/u_bfeed/U92739/Y (sky130_fd_sc_hd__nand2_2)        0.06      10.89 f
  u_cp/u_bfeed/U92568/Y (sky130_fd_sc_hd__o21ai_2)        0.07      10.96 r
  u_cp/u_bfeed/U91133/Y (sky130_fd_sc_hd__nand2_4)        0.08      11.04 f
  u_cp/u_bfeed/U99271/Y (sky130_fd_sc_hd__nand2_4)        0.07      11.11 r
  u_cp/u_bfeed/U99969/Y (sky130_fd_sc_hd__nand3_2)        0.06      11.17 f
  u_cp/u_bfeed/U16976/Y (sky130_fd_sc_hd__nand3_2)        0.06      11.23 r
  u_cp/u_bfeed/U21761/Y (sky130_fd_sc_hd__nand3_2)        0.07      11.30 f
  u_cp/u_bfeed/U93597/Y (sky130_fd_sc_hd__nand3_2)        0.10      11.40 r
  u_cp/u_bfeed/U94161/Y (sky130_fd_sc_hd__inv_4)          0.07      11.47 f
  u_cp/u_bfeed/U20856/Y (sky130_fd_sc_hd__nand2b_2)       0.21      11.68 f
  u_cp/u_bfeed/U90134/Y (sky130_fd_sc_hd__nand2_4)        0.13      11.81 r
  u_cp/u_bfeed/U23502/Y (sky130_fd_sc_hd__nand3_4)        0.14      11.95 f
  u_cp/u_bfeed/U23501/Y (sky130_fd_sc_hd__nor2_4)         0.20      12.15 r
  u_cp/u_bfeed/U20761/Y (sky130_fd_sc_hd__nand2_2)        0.05      12.20 f
  u_cp/u_bfeed/U16272/X (sky130_fd_sc_hd__o21a_2)         0.12      12.32 f
  u_cp/u_bfeed/U20745/Y (sky130_fd_sc_hd__nand4_4)        0.08      12.41 r
  u_cp/u_bfeed/U12101/Y (sky130_fd_sc_hd__nand2_1)        0.06      12.47 f
  u_cp/u_bfeed/U76316/Y (sky130_fd_sc_hd__o21ai_1)        0.15      12.62 r
  u_cp/u_bfeed/U127806/Y (sky130_fd_sc_hd__a21oi_2)       0.06      12.68 f
  u_cp/u_bfeed/U121259/Y (sky130_fd_sc_hd__o21ai_2)       0.19      12.87 r
  u_cp/u_bfeed/U121258/Y (sky130_fd_sc_hd__inv_2)         0.10      12.97 f
  u_cp/u_bfeed/U10444/Y (sky130_fd_sc_hd__o21ai_1)        0.15      13.11 r
  u_cp/u_bfeed/U153667/Y (sky130_fd_sc_hd__xnor2_1)       0.07      13.19 f
  u_cp/u_bfeed/U121315/Y (sky130_fd_sc_hd__nand2b_1)      0.06      13.25 r
  u_cp/u_bfeed/U92472/Y (sky130_fd_sc_hd__nand2_1)        0.05      13.30 f
  u_cp/u_bfeed/U90946/Y (sky130_fd_sc_hd__nor2_1)         0.09      13.39 r
  u_cp/u_bfeed/U119778/Y (sky130_fd_sc_hd__nand3_1)       0.09      13.47 f
  u_cp/u_bfeed/U131174/Y (sky130_fd_sc_hd__inv_2)         0.06      13.54 r
  u_cp/u_bfeed/U121685/Y (sky130_fd_sc_hd__nand2_2)       0.05      13.59 f
  u_cp/u_bfeed/U153746/Y (sky130_fd_sc_hd__nor2_2)        0.11      13.70 r
  u_cp/u_bfeed/U100438/Y (sky130_fd_sc_hd__nand3_1)       0.09      13.79 f
  u_cp/u_bfeed/U92771/Y (sky130_fd_sc_hd__nand2_1)        0.06      13.85 r
  u_cp/u_bfeed/U153773/Y (sky130_fd_sc_hd__nand4_1)       0.08      13.93 f
  u_cp/u_bfeed/U121192/Y (sky130_fd_sc_hd__nand2_1)       0.08      14.01 r
  u_cp/u_bfeed/U25485/Y (sky130_fd_sc_hd__nor2_2)         0.05      14.06 f
  u_cp/u_bfeed/U25484/Y (sky130_fd_sc_hd__o21ai_4)        0.13      14.19 r
  u_cp/u_bfeed/U119768/Y (sky130_fd_sc_hd__inv_2)         0.07      14.27 f
  u_cp/u_bfeed/U153802/Y (sky130_fd_sc_hd__o21ai_2)       0.12      14.38 r
  u_cp/u_bfeed/U131705/Y (sky130_fd_sc_hd__xnor2_1)       0.12      14.50 r
  u_cp/u_bfeed/U92763/Y (sky130_fd_sc_hd__nand2b_1)       0.08      14.58 f
  u_cp/u_bfeed/U92762/Y (sky130_fd_sc_hd__nand3_2)        0.07      14.64 r
  u_cp/u_bfeed/U86033/Y (sky130_fd_sc_hd__nand3_2)        0.06      14.70 f
  u_cp/u_bfeed/U91886/Y (sky130_fd_sc_hd__inv_2)          0.09      14.79 r
  u_cp/u_bfeed/U94571/Y (sky130_fd_sc_hd__nand3_4)        0.10      14.89 f
  u_cp/u_bfeed/U121154/Y (sky130_fd_sc_hd__nand2_2)       0.08      14.97 r
  u_cp/u_bfeed/U26469/Y (sky130_fd_sc_hd__nand3_2)        0.07      15.04 f
  u_cp/u_bfeed/U119408/Y (sky130_fd_sc_hd__inv_2)         0.06      15.10 r
  u_cp/u_bfeed/U127164/Y (sky130_fd_sc_hd__nand2_2)       0.05      15.14 f
  u_cp/u_bfeed/U88156/Y (sky130_fd_sc_hd__nand3_1)        0.07      15.21 r
  u_cp/u_bfeed/U119188/Y (sky130_fd_sc_hd__nand3_1)       0.06      15.28 f
  u_cp/u_bfeed/U119187/Y (sky130_fd_sc_hd__o21ai_1)       0.06      15.34 r
  u_cp/u_bfeed/U130082/Y (sky130_fd_sc_hd__nand4_1)       0.09      15.44 f
  u_cp/u_bfeed/U125899/Y (sky130_fd_sc_hd__nand2_2)       0.09      15.52 r
  u_cp/u_bfeed/U119693/Y (sky130_fd_sc_hd__inv_4)         0.07      15.59 f
  u_cp/u_bfeed/U100488/Y (sky130_fd_sc_hd__nand2_2)       0.08      15.68 r
  u_cp/u_bfeed/U126896/Y (sky130_fd_sc_hd__nand2_4)       0.08      15.76 f
  u_cp/u_bfeed/U24987/X (sky130_fd_sc_hd__buf_12)         0.14      15.90 f
  u_cp/u_bfeed/U119343/Y (sky130_fd_sc_hd__nand2_8)       0.06      15.96 r
  u_cp/u_bfeed/U56927/Y (sky130_fd_sc_hd__inv_4)          0.05      16.01 f
  u_cp/u_bfeed/U75555/Y (sky130_fd_sc_hd__nand2_1)        0.05      16.06 r
  u_cp/u_bfeed/U90537/Y (sky130_fd_sc_hd__nand4_1)        0.08      16.14 f
  u_cp/u_bfeed/U154323/Y (sky130_fd_sc_hd__inv_1)         0.08      16.22 r
  u_cp/u_bfeed/U154414/X (sky130_fd_sc_hd__o22a_1)        0.11      16.34 r
  u_cp/u_bfeed/U94077/X (sky130_fd_sc_hd__o21a_2)         0.16      16.49 r
  u_cp/u_bfeed/U13437/Y (sky130_fd_sc_hd__nand3_4)        0.09      16.58 f
  u_cp/u_bfeed/U115301/Y (sky130_fd_sc_hd__nor2_2)        0.12      16.70 r
  u_cp/u_bfeed/U28184/Y (sky130_fd_sc_hd__o21ai_2)        0.07      16.77 f
  u_cp/u_bfeed/U28183/Y (sky130_fd_sc_hd__a21oi_2)        0.14      16.91 r
  u_cp/u_bfeed/U15056/Y (sky130_fd_sc_hd__o21ai_2)        0.07      16.99 f
  u_cp/u_bfeed/U15055/X (sky130_fd_sc_hd__a21o_2)         0.23      17.22 f
  u_cp/u_bfeed/U20377/Y (sky130_fd_sc_hd__inv_4)          0.11      17.33 r
  u_cp/u_bfeed/U93002/Y (sky130_fd_sc_hd__o21ai_2)        0.06      17.40 f
  u_cp/u_bfeed/U154611/Y (sky130_fd_sc_hd__xnor2_1)       0.13      17.52 f
  u_cp/u_bfeed/U154781/Y (sky130_fd_sc_hd__o2bb2ai_1)     0.13      17.65 f
  u_cp/u_bfeed/U154782/Y (sky130_fd_sc_hd__a21oi_2)       0.17      17.82 r
  u_cp/u_bfeed/U100772/Y (sky130_fd_sc_hd__nand3_1)       0.09      17.91 f
  u_cp/u_bfeed/U99087/X (sky130_fd_sc_hd__o211a_1)        0.23      18.14 f
  u_cp/u_bfeed/U154803/Y (sky130_fd_sc_hd__o21ai_2)       0.07      18.22 r
  u_cp/u_bfeed/U154804/Y (sky130_fd_sc_hd__nor2_2)        0.07      18.29 f
  u_cp/u_bfeed/U20288/Y (sky130_fd_sc_hd__o21ai_4)        0.21      18.49 r
  u_cp/u_bfeed/U119013/Y (sky130_fd_sc_hd__xnor2_1)       0.13      18.63 r
  u_cp/u_bfeed/U88197/Y (sky130_fd_sc_hd__nand2_1)        0.06      18.69 f
  u_cp/u_bfeed/U129984/Y (sky130_fd_sc_hd__nand2_1)       0.06      18.75 r
  u_cp/u_bfeed/U129985/Y (sky130_fd_sc_hd__nand2_1)       0.05      18.79 f
  u_cp/u_bfeed/U75073/Y (sky130_fd_sc_hd__inv_1)          0.04      18.84 r
  u_cp/u_bfeed/U26919/Y (sky130_fd_sc_hd__nand4_1)        0.08      18.91 f
  u_cp/u_bfeed/U154830/Y (sky130_fd_sc_hd__clkinv_1)      0.07      18.99 r
  u_cp/u_bfeed/U95365/Y (sky130_fd_sc_hd__nand4_4)        0.10      19.09 f
  u_cp/u_bfeed/U24946/Y (sky130_fd_sc_hd__o21bai_2)       0.18      19.27 r
  u_cp/u_bfeed/U128736/Y (sky130_fd_sc_hd__inv_4)         0.08      19.35 f
  u_cp/u_bfeed/U127565/X (sky130_fd_sc_hd__o211a_2)       0.13      19.49 f
  u_cp/u_bfeed/U119012/Y (sky130_fd_sc_hd__o21bai_4)      0.19      19.68 f
  u_cp/u_bfeed/U132528/Y (sky130_fd_sc_hd__inv_2)         0.07      19.75 r
  u_cp/u_bfeed/U155113/Y (sky130_fd_sc_hd__mux2i_1)       0.20      19.95 r
  u_cp/u_bfeed/U128255/Y (sky130_fd_sc_hd__nand2b_4)      0.20      20.15 r
  u_cp/u_bfeed/U125921/Y (sky130_fd_sc_hd__nor2_4)        0.06      20.21 f
  u_cp/u_bfeed/U29030/Y (sky130_fd_sc_hd__nand2_1)        0.06      20.27 r
  u_cp/u_bfeed/U129754/Y (sky130_fd_sc_hd__o21ai_2)       0.05      20.33 f
  u_cp/u_bfeed/U155158/Y (sky130_fd_sc_hd__mux2i_1)       0.14      20.46 r
  u_cp/u_bfeed/U128261/Y (sky130_fd_sc_hd__nand3_2)       0.14      20.60 f
  u_cp/u_bfeed/U20757/X (sky130_fd_sc_hd__clkbuf_1)       0.13      20.73 f
  u_cp/u_bfeed/U124543/Y (sky130_fd_sc_hd__nand2_2)       0.07      20.80 r
  u_cp/u_bfeed/U128260/Y (sky130_fd_sc_hd__o21ai_2)       0.06      20.85 f
  u_cp/u_bfeed/U128259/Y (sky130_fd_sc_hd__a21oi_2)       0.12      20.97 r
  u_cp/u_bfeed/U127874/Y (sky130_fd_sc_hd__o21ai_2)       0.08      21.05 f
  u_cp/u_bfeed/U88737/X (sky130_fd_sc_hd__a21o_4)         0.23      21.28 f
  u_cp/u_bfeed/U88736/Y (sky130_fd_sc_hd__nand2b_2)       0.07      21.35 r
  u_cp/u_bfeed/U20427/Y (sky130_fd_sc_hd__nand2_2)        0.04      21.39 f
  u_cp/u_bfeed/U20426/Y (sky130_fd_sc_hd__xnor2_1)        0.12      21.52 f
  u_cp/u_bfeed/U132988/Y (sky130_fd_sc_hd__a22oi_2)       0.14      21.66 r
  u_cp/u_bfeed/U129083/Y (sky130_fd_sc_hd__nand2_2)       0.09      21.75 f
  u_cp/u_bfeed/U95024/Y (sky130_fd_sc_hd__nor2_4)         0.11      21.86 r
  u_cp/u_bfeed/U95023/Y (sky130_fd_sc_hd__nand2_2)        0.08      21.94 f
  u_cp/u_bfeed/U97105/Y (sky130_fd_sc_hd__inv_4)          0.09      22.02 r
  u_cp/u_bfeed/U23404/Y (sky130_fd_sc_hd__nand2_4)        0.06      22.08 f
  u_cp/u_bfeed/U121867/Y (sky130_fd_sc_hd__inv_4)         0.07      22.15 r
  u_cp/u_bfeed/U88157/Y (sky130_fd_sc_hd__nand2_2)        0.06      22.21 f
  u_cp/u_bfeed/U19690/Y (sky130_fd_sc_hd__nand3_4)        0.08      22.29 r
  u_cp/u_bfeed/U127657/Y (sky130_fd_sc_hd__nand2_4)       0.06      22.35 f
  u_cp/u_bfeed/U11597/Y (sky130_fd_sc_hd__o21ai_2)        0.15      22.50 r
  u_cp/u_bfeed/U93634/Y (sky130_fd_sc_hd__a21oi_4)        0.07      22.57 f
  u_cp/u_bfeed/U107600/Y (sky130_fd_sc_hd__o21ai_1)       0.16      22.72 r
  u_cp/u_bfeed/U155460/Y (sky130_fd_sc_hd__xnor2_1)       0.13      22.85 r
  u_cp/u_bfeed/U127490/Y (sky130_fd_sc_hd__nand2_1)       0.07      22.93 f
  u_cp/u_bfeed/U127878/Y (sky130_fd_sc_hd__nand2_1)       0.06      22.99 r
  u_cp/u_bfeed/U95061/X (sky130_fd_sc_hd__and2_4)         0.14      23.13 r
  u_cp/u_bfeed/U25778/Y (sky130_fd_sc_hd__nand3_4)        0.13      23.26 f
  u_cp/u_bfeed/U13728/Y (sky130_fd_sc_hd__inv_8)          0.12      23.38 r
  u_cp/u_bfeed/U21656/Y (sky130_fd_sc_hd__nand2_2)        0.05      23.43 f
  u_cp/u_bfeed/U118850/Y (sky130_fd_sc_hd__inv_2)         0.06      23.49 r
  u_cp/u_bfeed/U94268/Y (sky130_fd_sc_hd__nand2_1)        0.06      23.55 f
  u_cp/u_bfeed/U93300/Y (sky130_fd_sc_hd__a2bb2oi_2)      0.14      23.69 f
  u_cp/u_bfeed/U20202/Y (sky130_fd_sc_hd__o21ai_2)        0.14      23.83 r
  u_cp/u_bfeed/U15542/Y (sky130_fd_sc_hd__inv_1)          0.05      23.87 f
  u_cp/u_bfeed/U18942/Y (sky130_fd_sc_hd__nand2_1)        0.06      23.94 r
  u_cp/u_bfeed/U20110/Y (sky130_fd_sc_hd__o21ai_2)        0.08      24.01 f
  u_cp/u_bfeed/U99125/Y (sky130_fd_sc_hd__a21oi_4)        0.14      24.15 r
  u_cp/u_bfeed/U91366/X (sky130_fd_sc_hd__buf_6)          0.12      24.27 r
  u_cp/u_bfeed/U99123/Y (sky130_fd_sc_hd__nor2_2)         0.03      24.31 f
  u_cp/u_bfeed/U93209/Y (sky130_fd_sc_hd__nor2_2)         0.12      24.42 r
  u_cp/u_bfeed/U155719/Y (sky130_fd_sc_hd__nand2_1)       0.08      24.50 f
  u_cp/u_bfeed/U20157/Y (sky130_fd_sc_hd__o21ai_1)        0.15      24.65 r
  u_cp/u_bfeed/U94215/Y (sky130_fd_sc_hd__a21oi_2)        0.05      24.70 f
  u_cp/u_bfeed/U94214/Y (sky130_fd_sc_hd__inv_2)          0.11      24.81 r
  u_cp/u_bfeed/U13725/Y (sky130_fd_sc_hd__inv_6)          0.05      24.86 f
  u_cp/u_bfeed/U9198/Y (sky130_fd_sc_hd__o21ai_1)         0.13      24.99 r
  u_cp/u_bfeed/U155819/Y (sky130_fd_sc_hd__xnor2_1)       0.09      25.08 f
  u_cp/u_bfeed/U14020/Y (sky130_fd_sc_hd__a21oi_2)        0.16      25.23 r
  u_cp/u_bfeed/U19706/X (sky130_fd_sc_hd__buf_2)          0.13      25.36 r
  u_cp/u_bfeed/U18429/X (sky130_fd_sc_hd__and2_1)         0.10      25.47 r
  u_cp/u_bfeed/U20111/X (sky130_fd_sc_hd__and2_4)         0.15      25.62 r
  u_cp/u_bfeed/U19739/Y (sky130_fd_sc_hd__nand2_4)        0.05      25.68 f
  u_cp/u_bfeed/U96735/Y (sky130_fd_sc_hd__nor2_4)         0.11      25.79 r
  u_cp/u_bfeed/U94167/Y (sky130_fd_sc_hd__nor2_4)         0.05      25.83 f
  u_cp/u_bfeed/U114150/Y (sky130_fd_sc_hd__a21oi_2)       0.09      25.93 r
  u_cp/u_bfeed/U121183/Y (sky130_fd_sc_hd__o21ai_1)       0.07      26.00 f
  u_cp/u_bfeed/U128887/Y (sky130_fd_sc_hd__a21oi_2)       0.15      26.15 r
  u_cp/u_bfeed/U129403/Y (sky130_fd_sc_hd__xnor2_1)       0.09      26.24 f
  u_cp/u_bfeed/U110807/Y (sky130_fd_sc_hd__o21ai_2)       0.16      26.40 r
  u_cp/u_bfeed/U98141/Y (sky130_fd_sc_hd__nand3_4)        0.12      26.52 f
  u_cp/u_bfeed/U21660/Y (sky130_fd_sc_hd__o21bai_4)       0.21      26.73 r
  u_cp/u_bfeed/U99311/Y (sky130_fd_sc_hd__inv_8)          0.10      26.83 f
  u_cp/u_bfeed/U121286/Y (sky130_fd_sc_hd__nand2_4)       0.07      26.91 r
  u_cp/u_bfeed/U19745/X (sky130_fd_sc_hd__o21a_4)         0.15      27.05 r
  u_cp/u_bfeed/U116403/Y (sky130_fd_sc_hd__inv_4)         0.05      27.11 f
  u_cp/u_bfeed/U156170/COUT (sky130_fd_sc_hd__fah_1)      0.35      27.45 f
  u_cp/u_bfeed/U130087/Y (sky130_fd_sc_hd__o21ai_2)       0.15      27.61 r
  u_cp/u_bfeed/U125261/Y (sky130_fd_sc_hd__nand2_2)       0.08      27.69 f
  u_cp/u_bfeed/U126252/Y (sky130_fd_sc_hd__o21ai_2)       0.06      27.75 r
  u_cp/u_bfeed/U130083/Y (sky130_fd_sc_hd__o21ai_2)       0.08      27.83 f
  u_cp/u_bfeed/U110483/Y (sky130_fd_sc_hd__xnor2_1)       0.13      27.96 f
  u_cp/u_bfeed/U126346/Y (sky130_fd_sc_hd__xnor2_1)       0.19      28.15 r
  u_cp/u_bfeed/U99316/Y (sky130_fd_sc_hd__nand2b_4)       0.17      28.32 r
  u_cp/u_bfeed/U25514/Y (sky130_fd_sc_hd__nand2_2)        0.06      28.38 f
  u_cp/u_bfeed/U131246/Y (sky130_fd_sc_hd__nor2_1)        0.12      28.50 r
  u_cp/u_bfeed/U130757/Y (sky130_fd_sc_hd__nand4_2)       0.13      28.63 f
  u_cp/u_bfeed/U100155/Y (sky130_fd_sc_hd__nand3_4)       0.12      28.75 r
  u_cp/u_bfeed/U100156/Y (sky130_fd_sc_hd__inv_8)         0.07      28.82 f
  u_cp/u_bfeed/U20762/Y (sky130_fd_sc_hd__inv_2)          0.07      28.89 r
  u_cp/u_bfeed/U83132/Y (sky130_fd_sc_hd__nand2_2)        0.04      28.93 f
  u_cp/u_bfeed/U25815/Y (sky130_fd_sc_hd__o21ai_2)        0.06      28.99 r
  u_cp/u_bfeed/U21515/Y (sky130_fd_sc_hd__nand4_2)        0.11      29.10 f
  u_cp/u_bfeed/U97031/Y (sky130_fd_sc_hd__inv_2)          0.10      29.20 r
  u_cp/u_bfeed/U28432/Y (sky130_fd_sc_hd__nand3_4)        0.10      29.30 f
  u_cp/u_bfeed/U97358/Y (sky130_fd_sc_hd__nand2_4)        0.14      29.44 r
  u_cp/u_bfeed/U22390/Y (sky130_fd_sc_hd__inv_6)          0.07      29.51 f
  u_cp/u_bfeed/U86336/Y (sky130_fd_sc_hd__nand2_4)        0.06      29.57 r
  u_cp/u_bfeed/U21881/Y (sky130_fd_sc_hd__o21ai_4)        0.07      29.64 f
  u_cp/u_bfeed/U86993/Y (sky130_fd_sc_hd__o21ai_4)        0.15      29.79 r
  u_cp/u_bfeed/U22301/Y (sky130_fd_sc_hd__o21ai_1)        0.10      29.88 f
  u_cp/u_bfeed/U93266/Y (sky130_fd_sc_hd__inv_2)          0.07      29.96 r
  u_cp/u_bfeed/U122817/Y (sky130_fd_sc_hd__o21ai_2)       0.06      30.02 f
  u_cp/u_bfeed/U115359/Y (sky130_fd_sc_hd__nand2b_4)      0.15      30.17 f
  u_cp/u_bfeed/U82212/Y (sky130_fd_sc_hd__a22oi_4)        0.13      30.30 r
  u_cp/u_bfeed/U26974/Y (sky130_fd_sc_hd__o21ai_2)        0.06      30.36 f
  u_cp/u_bfeed/U129816/Y (sky130_fd_sc_hd__nand2b_1)      0.06      30.42 r
  u_cp/u_bfeed/U126110/X (sky130_fd_sc_hd__and3_4)        0.18      30.59 r
  u_cp/u_bfeed/U23394/Y (sky130_fd_sc_hd__nand3_4)        0.16      30.76 f
  u_cp/u_bfeed/U23393/Y (sky130_fd_sc_hd__inv_2)          0.11      30.86 r
  u_cp/u_bfeed/U96871/Y (sky130_fd_sc_hd__nand2b_1)       0.05      30.91 f
  u_cp/u_bfeed/U96872/Y (sky130_fd_sc_hd__nand2_1)        0.06      30.98 r
  u_cp/u_bfeed/U22483/Y (sky130_fd_sc_hd__nand3_2)        0.10      31.07 f
  u_cp/u_bfeed/U101576/Y (sky130_fd_sc_hd__nand2_1)       0.10      31.17 r
  u_cp/u_bfeed/U83714/Y (sky130_fd_sc_hd__nand2_2)        0.10      31.27 f
  u_cp/u_bfeed/U81867/Y (sky130_fd_sc_hd__nand3_4)        0.14      31.41 r
  u_cp/u_bfeed/U21632/Y (sky130_fd_sc_hd__nand2_4)        0.08      31.49 f
  u_cp/u_bfeed/U21364/Y (sky130_fd_sc_hd__xnor2_4)        0.13      31.62 f
  u_cp/u_bfeed/U96062/Y (sky130_fd_sc_hd__nand2b_4)       0.10      31.73 r
  u_cp/u_bfeed/U92703/Y (sky130_fd_sc_hd__inv_2)          0.03      31.76 f
  u_cp/u_bfeed/U96061/Y (sky130_fd_sc_hd__nor2_1)         0.07      31.83 r
  u_cp/u_bfeed/U92202/X (sky130_fd_sc_hd__and2_4)         0.16      31.99 r
  u_cp/u_bfeed/U90539/Y (sky130_fd_sc_hd__nand3_2)        0.06      32.05 f
  u_cp/u_bfeed/U8433/Y (sky130_fd_sc_hd__o21ai_1)         0.14      32.19 r
  u_cp/u_bfeed/U19183/Y (sky130_fd_sc_hd__a21oi_2)        0.05      32.23 f
  u_cp/u_bfeed/U91193/Y (sky130_fd_sc_hd__nand4_2)        0.10      32.33 r
  u_cp/u_bfeed/U8363/Y (sky130_fd_sc_hd__nor2_1)          0.07      32.40 f
  u_cp/u_bfeed/U26947/Y (sky130_fd_sc_hd__o21ai_2)        0.15      32.56 r
  u_cp/u_bfeed/U25615/Y (sky130_fd_sc_hd__nand2_2)        0.06      32.62 f
  u_cp/u_bfeed/U90570/Y (sky130_fd_sc_hd__nor2_2)         0.15      32.77 r
  u_cp/u_bfeed/U125412/Y (sky130_fd_sc_hd__inv_2)         0.06      32.83 f
  u_cp/u_bfeed/U26502/Y (sky130_fd_sc_hd__nand2b_4)       0.07      32.90 r
  u_cp/u_bfeed/U99644/Y (sky130_fd_sc_hd__a21oi_2)        0.06      32.96 f
  u_cp/u_bfeed/U93208/Y (sky130_fd_sc_hd__o21ai_2)        0.12      33.08 r
  u_cp/u_bfeed/U156563/Y (sky130_fd_sc_hd__xnor2_1)       0.08      33.16 f
  u_cp/u_bfeed/U115610/Y (sky130_fd_sc_hd__o21ai_1)       0.11      33.27 r
  u_cp/u_bfeed/U19767/Y (sky130_fd_sc_hd__o21bai_2)       0.13      33.40 r
  u_cp/u_bfeed/U24173/Y (sky130_fd_sc_hd__nand3_2)        0.09      33.48 f
  u_cp/u_bfeed/U24172/Y (sky130_fd_sc_hd__inv_2)          0.06      33.54 r
  u_cp/u_bfeed/U13993/Y (sky130_fd_sc_hd__nand4_2)        0.07      33.61 f
  u_cp/u_bfeed/U21724/Y (sky130_fd_sc_hd__nor2_2)         0.12      33.74 r
  u_cp/u_bfeed/U119053/Y (sky130_fd_sc_hd__nand2_1)       0.05      33.79 f
  u_cp/u_bfeed/U122026/Y (sky130_fd_sc_hd__nand2_1)       0.06      33.85 r
  u_cp/u_bfeed/U93273/Y (sky130_fd_sc_hd__nand3_2)        0.07      33.92 f
  u_cp/u_bfeed/U95369/Y (sky130_fd_sc_hd__o21ai_4)        0.09      34.01 r
  u_cp/u_bfeed/U14673/Y (sky130_fd_sc_hd__nand2b_4)       0.19      34.19 r
  u_cp/u_bfeed/U20753/Y (sky130_fd_sc_hd__inv_2)          0.08      34.27 f
  u_cp/u_bfeed/U39742/Y (sky130_fd_sc_hd__nand2_1)        0.06      34.33 r
  u_cp/u_bfeed/U12945/Y (sky130_fd_sc_hd__nand4_1)        0.10      34.43 f
  u_cp/u_bfeed/U12944/Y (sky130_fd_sc_hd__nand2_1)        0.07      34.50 r
  u_cp/u_bfeed/U16492/Y (sky130_fd_sc_hd__nand2b_1)       0.05      34.54 f
  u_cp/u_bfeed/U70809/Y (sky130_fd_sc_hd__nor2_1)         0.12      34.66 r
  u_cp/u_bfeed/U90866/Y (sky130_fd_sc_hd__o21ai_2)        0.07      34.73 f
  u_cp/u_bfeed/U7988/Y (sky130_fd_sc_hd__nand2_2)         0.08      34.81 r
  u_cp/u_bfeed/U7968/Y (sky130_fd_sc_hd__inv_2)           0.07      34.88 f
  u_cp/u_bfeed/U126119/X (sky130_fd_sc_hd__buf_12)        0.15      35.03 f
  u_cp/u_bfeed/U13199/Y (sky130_fd_sc_hd__xnor2_4)        0.19      35.22 r
  u_cp/u_bfeed/U13813/Y (sky130_fd_sc_hd__xnor2_2)        0.14      35.36 r
  u_cp/u_bfeed/U121990/Y (sky130_fd_sc_hd__inv_2)         0.05      35.41 f
  u_cp/u_bfeed/U20118/Y (sky130_fd_sc_hd__xnor2_1)        0.17      35.58 r
  u_cp/u_bfeed/U87678/Y (sky130_fd_sc_hd__xnor2_1)        0.15      35.73 r
  u_cp/u_bfeed/U91373/Y (sky130_fd_sc_hd__inv_1)          0.05      35.78 f
  u_cp/u_bfeed/U45231/Y (sky130_fd_sc_hd__nand2_1)        0.06      35.85 r
  u_cp/u_bfeed/U45217/Y (sky130_fd_sc_hd__nand3_1)        0.06      35.91 f
  u_cp/u_bfeed/U14930/Y (sky130_fd_sc_hd__nand2b_1)       0.08      35.99 r
  u_cp/u_bfeed/U15860/Y (sky130_fd_sc_hd__nand2_1)        0.06      36.05 f
  u_cp/u_bfeed/U13718/Y (sky130_fd_sc_hd__nand3_2)        0.09      36.14 r
  u_cp/u_bfeed/U13845/Y (sky130_fd_sc_hd__nand2_4)        0.07      36.22 f
  u_cp/u_bfeed/U88424/Y (sky130_fd_sc_hd__nand2_4)        0.07      36.29 r
  u_cp/u_bfeed/U84102/X (sky130_fd_sc_hd__buf_6)          0.09      36.38 r
  u_cp/u_bfeed/U84699/Y (sky130_fd_sc_hd__inv_2)          0.02      36.40 f
  u_cp/u_bfeed/U18973/Y (sky130_fd_sc_hd__nand2_2)        0.04      36.45 r
  u_cp/u_bfeed/U18972/Y (sky130_fd_sc_hd__nand4_1)        0.06      36.51 f
  u_cp/u_bfeed/U33352/Y (sky130_fd_sc_hd__nand3_1)        0.08      36.59 r
  u_cp/u_bfeed/U36107/X (sky130_fd_sc_hd__xor2_1)         0.17      36.76 r
  u_cp/u_bfeed/U85411/Y (sky130_fd_sc_hd__nand2b_4)       0.16      36.92 r
  u_cp/u_bfeed/U21825/Y (sky130_fd_sc_hd__nand2_4)        0.06      36.98 f
  u_cp/u_bfeed/U82056/Y (sky130_fd_sc_hd__nand2_8)        0.15      37.13 r
  u_cp/u_bfeed/U31447/Y (sky130_fd_sc_hd__inv_12)         0.08      37.21 f
  u_cp/u_bfeed/U15051/Y (sky130_fd_sc_hd__xnor2_2)        0.14      37.35 f
  u_cp/u_bfeed/U85077/Y (sky130_fd_sc_hd__o22ai_2)        0.18      37.53 r
  u_cp/u_bfeed/U12579/X (sky130_fd_sc_hd__and2_1)         0.15      37.68 r
  u_cp/u_bfeed/U12578/Y (sky130_fd_sc_hd__nand2b_4)       0.11      37.79 r
  u_cp/u_bfeed/U163234/SUM (sky130_fd_sc_hd__fah_1)       0.42      38.21 r
  u_cp/u_bfeed/U88114/Y (sky130_fd_sc_hd__inv_2)          0.05      38.26 f
  u_cp/u_bfeed/U93487/Y (sky130_fd_sc_hd__o21ai_2)        0.15      38.41 r
  u_cp/u_bfeed/U93486/Y (sky130_fd_sc_hd__xnor2_1)        0.14      38.55 r
  u_cp/u_bfeed/U97493/Y (sky130_fd_sc_hd__xnor2_1)        0.15      38.70 r
  u_cp/u_bfeed/U86280/Y (sky130_fd_sc_hd__nand2b_4)       0.17      38.87 r
  u_cp/u_bfeed/U15784/Y (sky130_fd_sc_hd__nand2_4)        0.05      38.92 f
  u_cp/u_bfeed/U15783/Y (sky130_fd_sc_hd__nor2_4)         0.09      39.01 r
  u_cp/u_bfeed/U83781/Y (sky130_fd_sc_hd__nand2_2)        0.07      39.08 f
  u_cp/u_bfeed/U22391/Y (sky130_fd_sc_hd__nor2_2)         0.13      39.21 r
  u_cp/u_bfeed/U23251/Y (sky130_fd_sc_hd__nand3_2)        0.08      39.29 f
  u_cp/u_bfeed/U22907/Y (sky130_fd_sc_hd__nand3_2)        0.07      39.36 r
  u_cp/u_bfeed/U22906/Y (sky130_fd_sc_hd__xnor2_1)        0.12      39.48 r
  u_cp/u_bfeed/U163636/Y (sky130_fd_sc_hd__inv_2)         0.07      39.55 f
  u_cp/u_bfeed/U122114/Y (sky130_fd_sc_hd__inv_4)         0.09      39.64 r
  u_cp/u_bfeed/U24811/Y (sky130_fd_sc_hd__inv_4)          0.06      39.69 f
  u_cp/u_bfeed/U94299/Y (sky130_fd_sc_hd__o21ai_2)        0.11      39.81 r
  u_cp/u_bfeed/U131716/Y (sky130_fd_sc_hd__a21oi_2)       0.05      39.86 f
  u_cp/u_bfeed/U128357/Y (sky130_fd_sc_hd__nand2b_4)      0.08      39.94 r
  u_cp/u_bfeed/U83904/Y (sky130_fd_sc_hd__nand2_4)        0.08      40.02 f
  u_cp/u_bfeed/U16831/Y (sky130_fd_sc_hd__nand2_2)        0.07      40.09 r
  u_cp/u_bfeed/U18638/Y (sky130_fd_sc_hd__nand3_2)        0.06      40.15 f
  u_cp/u_bfeed/U98155/Y (sky130_fd_sc_hd__inv_2)          0.06      40.22 r
  u_cp/u_bfeed/U85878/Y (sky130_fd_sc_hd__nand3_2)        0.07      40.29 f
  u_cp/u_bfeed/U84985/Y (sky130_fd_sc_hd__nand3_4)        0.13      40.42 r
  u_cp/u_bfeed/U13307/Y (sky130_fd_sc_hd__inv_8)          0.07      40.50 f
  u_cp/u_bfeed/U17591/Y (sky130_fd_sc_hd__inv_12)         0.12      40.62 r
  u_cp/u_bfeed/U24709/Y (sky130_fd_sc_hd__nand4_1)        0.15      40.77 f
  u_cp/u_bfeed/U99108/Y (sky130_fd_sc_hd__nand2_4)        0.18      40.96 r
  u_cp/u_bfeed/U18862/Y (sky130_fd_sc_hd__nand2_8)        0.10      41.06 f
  u_cp/u_bfeed/U99128/Y (sky130_fd_sc_hd__nor2_8)         0.23      41.29 r
  u_cp/u_bfeed/U21596/Y (sky130_fd_sc_hd__nand2_2)        0.10      41.39 f
  u_cp/u_bfeed/U13064/Y (sky130_fd_sc_hd__nand4_4)        0.18      41.56 r
  u_cp/u_bfeed/U13063/Y (sky130_fd_sc_hd__inv_4)          0.06      41.63 f
  u_cp/u_bfeed/U18644/Y (sky130_fd_sc_hd__nor2_8)         0.10      41.73 r
  u_cp/u_bfeed/U118415/Y (sky130_fd_sc_hd__o21ai_2)       0.07      41.79 f
  u_cp/u_bfeed/U88772/Y (sky130_fd_sc_hd__a21oi_2)        0.12      41.91 r
  u_cp/u_bfeed/U91459/Y (sky130_fd_sc_hd__o21ai_2)        0.08      41.99 f
  u_cp/u_bfeed/U128629/Y (sky130_fd_sc_hd__inv_2)         0.13      42.12 r
  u_cp/u_bfeed/U164141/Y (sky130_fd_sc_hd__o21ai_2)       0.07      42.18 f
  u_cp/u_bfeed/U164142/Y (sky130_fd_sc_hd__xnor2_1)       0.13      42.31 f
  u_cp/u_bfeed/U124033/Y (sky130_fd_sc_hd__nand2_2)       0.07      42.38 r
  u_cp/u_bfeed/U18499/Y (sky130_fd_sc_hd__nand3_4)        0.07      42.46 f
  u_cp/u_bfeed/U18498/Y (sky130_fd_sc_hd__nor2_4)         0.14      42.60 r
  u_cp/u_bfeed/U92211/Y (sky130_fd_sc_hd__nand3_4)        0.10      42.70 f
  u_cp/u_bfeed/U118145/Y (sky130_fd_sc_hd__nor2_4)        0.13      42.83 r
  u_cp/u_bfeed/U118144/Y (sky130_fd_sc_hd__nand2_1)       0.06      42.89 f
  u_cp/u_bfeed/U127410/Y (sky130_fd_sc_hd__nand2_1)       0.05      42.94 r
  u_cp/u_bfeed/U127328/Y (sky130_fd_sc_hd__nand2b_1)      0.06      43.00 f
  u_cp/u_bfeed/U127808/Y (sky130_fd_sc_hd__nand2_2)       0.08      43.08 r
  u_cp/u_bfeed/U164280/Y (sky130_fd_sc_hd__nand2_2)       0.05      43.13 f
  u_cp/u_bfeed/U115596/X (sky130_fd_sc_hd__o21a_1)        0.20      43.32 f
  u_cp/u_bfeed/U127165/Y (sky130_fd_sc_hd__o21ai_2)       0.07      43.40 r
  u_cp/u_bfeed/U121854/Y (sky130_fd_sc_hd__a21oi_4)       0.06      43.46 f
  u_cp/u_bfeed/U125072/Y (sky130_fd_sc_hd__o21ai_2)       0.12      43.58 r
  u_cp/u_bfeed/U164287/Y (sky130_fd_sc_hd__xnor2_1)       0.12      43.70 r
  u_cp/u_bfeed/U96994/X (sky130_fd_sc_hd__a21o_1)         0.14      43.84 r
  u_cp/u_bfeed/U94290/Y (sky130_fd_sc_hd__nand4_2)        0.12      43.96 f
  u_cp/u_bfeed/U14162/X (sky130_fd_sc_hd__and2_4)         0.20      44.16 f
  u_cp/u_bfeed/U97727/Y (sky130_fd_sc_hd__inv_8)          0.10      44.26 r
  u_cp/u_bfeed/U18626/Y (sky130_fd_sc_hd__nor2_4)         0.04      44.30 f
  u_cp/u_bfeed/U89707/Y (sky130_fd_sc_hd__nor3_4)         0.27      44.57 r
  u_cp/u_bfeed/U89706/Y (sky130_fd_sc_hd__nor2_8)         0.12      44.69 f
  u_cp/u_bfeed/U89705/Y (sky130_fd_sc_hd__xnor2_4)        0.16      44.85 f
  u_cp/u_bfeed/U89704/Y (sky130_fd_sc_hd__o22ai_4)        0.11      44.97 r
  u_cp/u_bfeed/U164734/SUM (sky130_fd_sc_hd__fah_1)       0.28      45.25 r
  u_cp/u_bfeed/U164753/SUM (sky130_fd_sc_hd__fah_1)       0.27      45.52 f
  u_cp/u_bfeed/U164756/SUM (sky130_fd_sc_hd__fah_1)       0.32      45.84 f
  u_cp/u_bfeed/U124687/Y (sky130_fd_sc_hd__xnor2_1)       0.14      45.97 f
  u_cp/u_bfeed/U99093/Y (sky130_fd_sc_hd__xnor2_1)        0.20      46.17 r
  u_cp/u_bfeed/U15041/Y (sky130_fd_sc_hd__nor2_2)         0.05      46.22 f
  u_cp/u_bfeed/U118413/Y (sky130_fd_sc_hd__o21ai_1)       0.12      46.34 r
  u_cp/u_bfeed/U118412/Y (sky130_fd_sc_hd__a21oi_1)       0.06      46.40 f
  u_cp/u_bfeed/U128672/Y (sky130_fd_sc_hd__nand2b_1)      0.14      46.54 f
  u_cp/u_bfeed/U12334/Y (sky130_fd_sc_hd__nand3_2)        0.06      46.60 r
  u_cp/u_bfeed/U16486/Y (sky130_fd_sc_hd__nor2_2)         0.04      46.64 f
  u_cp/u_bfeed/U16485/Y (sky130_fd_sc_hd__o21ai_1)        0.12      46.76 r
  u_cp/u_bfeed/U15712/Y (sky130_fd_sc_hd__nand3_1)        0.09      46.86 f
  u_cp/u_bfeed/U88637/Y (sky130_fd_sc_hd__nand3_2)        0.10      46.95 r
  u_cp/u_bfeed/U88636/Y (sky130_fd_sc_hd__xnor2_2)        0.11      47.06 r
  u_cp/u_bfeed/U101749/Y (sky130_fd_sc_hd__inv_2)         0.08      47.15 f
  u_cp/u_bfeed/U101748/Y (sky130_fd_sc_hd__inv_8)         0.12      47.27 r
  u_cp/u_bfeed/U13266/Y (sky130_fd_sc_hd__inv_6)          0.06      47.33 f
  u_cp/u_bfeed/U13717/Y (sky130_fd_sc_hd__inv_8)          0.08      47.40 r
  u_cp/u_bfeed/U97273/Y (sky130_fd_sc_hd__o21ai_4)        0.06      47.46 f
  u_cp/u_bfeed/U22962/Y (sky130_fd_sc_hd__nand2_4)        0.08      47.54 r
  u_cp/u_bfeed/U97725/Y (sky130_fd_sc_hd__nand2_4)        0.07      47.61 f
  u_cp/u_bfeed/U4359/Y (sky130_fd_sc_hd__nor2_2)          0.15      47.76 r
  u_cp/u_bfeed/U96339/Y (sky130_fd_sc_hd__o21ai_4)        0.08      47.85 f
  u_cp/u_bfeed/U18659/Y (sky130_fd_sc_hd__a21oi_4)        0.17      48.02 r
  u_cp/u_bfeed/U18658/Y (sky130_fd_sc_hd__o21ai_1)        0.09      48.11 f
  u_cp/u_bfeed/U96338/Y (sky130_fd_sc_hd__xnor2_1)        0.12      48.23 f
  u_cp/u_bfeed/U115732/Y (sky130_fd_sc_hd__nand2_1)       0.07      48.30 r
  u_cp/u_bfeed/U18648/Y (sky130_fd_sc_hd__nand2_2)        0.07      48.37 f
  u_cp/u_bfeed/U18647/Y (sky130_fd_sc_hd__inv_2)          0.05      48.42 r
  u_cp/u_bfeed/U12202/Y (sky130_fd_sc_hd__nand3_2)        0.07      48.49 f
  u_cp/u_bfeed/U97241/Y (sky130_fd_sc_hd__inv_4)          0.10      48.59 r
  u_cp/u_bfeed/U97191/Y (sky130_fd_sc_hd__nand4_4)        0.13      48.72 f
  u_cp/u_bfeed/U165117/Y (sky130_fd_sc_hd__nand2b_1)      0.16      48.88 f
  u_cp/u_bfeed/U91926/Y (sky130_fd_sc_hd__a21boi_1)       0.13      49.01 f
  u_cp/u_bfeed/U93491/Y (sky130_fd_sc_hd__nand3_2)        0.10      49.11 r
  u_cp/u_bfeed/U90492/X (sky130_fd_sc_hd__buf_6)          0.12      49.23 r
  u_cp/u_bfeed/U103034/Y (sky130_fd_sc_hd__inv_2)         0.04      49.27 f
  u_cp/u_bfeed/U23583/Y (sky130_fd_sc_hd__nand2_4)        0.04      49.32 r
  u_cp/u_bfeed/U118521/Y (sky130_fd_sc_hd__o21ai_2)       0.05      49.37 f
  u_cp/u_bfeed/U25737/Y (sky130_fd_sc_hd__nand2_2)        0.06      49.43 r
  u_cp/u_bfeed/U12325/Y (sky130_fd_sc_hd__nand4_4)        0.13      49.56 f
  u_cp/u_bfeed/U20829/Y (sky130_fd_sc_hd__a21oi_4)        0.25      49.80 r
  u_cp/u_bfeed/U3721/Y (sky130_fd_sc_hd__o21ai_1)         0.10      49.90 f
  u_cp/u_bfeed/U165355/Y (sky130_fd_sc_hd__xnor2_1)       0.13      50.04 f
  u_cp/u_bfeed/U96997/Y (sky130_fd_sc_hd__nand2b_2)       0.08      50.12 r
  u_cp/u_bfeed/U26802/Y (sky130_fd_sc_hd__nand3_4)        0.09      50.22 f
  u_cp/u_bfeed/U50386/Y (sky130_fd_sc_hd__inv_2)          0.07      50.29 r
  u_cp/u_bfeed/U22943/Y (sky130_fd_sc_hd__nand2_2)        0.05      50.34 f
  u_cp/u_bfeed/U50350/Y (sky130_fd_sc_hd__inv_2)          0.07      50.41 r
  u_cp/u_bfeed/U26801/Y (sky130_fd_sc_hd__nand2_2)        0.05      50.46 f
  u_cp/u_bfeed/U124665/Y (sky130_fd_sc_hd__nor2_2)        0.10      50.56 r
  u_cp/u_bfeed/U13240/Y (sky130_fd_sc_hd__nand3_2)        0.09      50.66 f
  u_cp/u_bfeed/U13252/Y (sky130_fd_sc_hd__nand2_4)        0.11      50.76 r
  u_cp/u_bfeed/U15687/Y (sky130_fd_sc_hd__nor2_4)         0.05      50.81 f
  u_cp/u_bfeed/U25152/X (sky130_fd_sc_hd__clkbuf_1)       0.10      50.92 f
  u_cp/u_bfeed/U118044/Y (sky130_fd_sc_hd__o21ai_2)       0.13      51.05 r
  u_cp/u_bfeed/U93592/Y (sky130_fd_sc_hd__xnor2_1)        0.12      51.17 r
  u_cp/u_bfeed/U23149/X (sky130_fd_sc_hd__a21o_2)         0.15      51.32 r
  u_cp/u_bfeed/U26132/Y (sky130_fd_sc_hd__nand3_2)        0.09      51.41 f
  u_cp/u_bfeed/U93086/Y (sky130_fd_sc_hd__nor2_4)         0.10      51.51 r
  u_cp/u_bfeed/U13428/Y (sky130_fd_sc_hd__nand4_4)        0.10      51.61 f
  u_cp/u_bfeed/U84638/X (sky130_fd_sc_hd__and2_4)         0.23      51.85 f
  u_cp/u_bfeed/U3424/Y (sky130_fd_sc_hd__nand2_2)         0.09      51.94 r
  u_cp/u_bfeed/U84011/Y (sky130_fd_sc_hd__nand4_4)        0.09      52.03 f
  u_cp/u_bfeed/U131381/X (sky130_fd_sc_hd__buf_6)         0.17      52.20 f
  u_cp/u_bfeed/U12666/Y (sky130_fd_sc_hd__xnor2_4)        0.17      52.36 r
  u_cp/u_bfeed/U118529/Y (sky130_fd_sc_hd__o22ai_2)       0.10      52.47 f
  u_cp/u_bfeed/U123668/Y (sky130_fd_sc_hd__xnor2_1)       0.17      52.63 f
  u_cp/u_bfeed/U123667/Y (sky130_fd_sc_hd__xnor2_1)       0.20      52.83 r
  u_cp/u_bfeed/U166235/SUM (sky130_fd_sc_hd__fah_1)       0.33      53.16 r
  u_cp/u_bfeed/U125755/Y (sky130_fd_sc_hd__xnor2_1)       0.13      53.29 r
  u_cp/u_bfeed/U125754/Y (sky130_fd_sc_hd__xnor2_1)       0.15      53.44 r
  u_cp/u_bfeed/U166247/COUT (sky130_fd_sc_hd__fah_1)      0.39      53.84 r
  u_cp/u_bfeed/U12214/Y (sky130_fd_sc_hd__nor2_2)         0.06      53.90 f
  u_cp/u_bfeed/U22456/Y (sky130_fd_sc_hd__nor2_2)         0.13      54.03 r
  u_cp/u_bfeed/U32494/Y (sky130_fd_sc_hd__nand2_1)        0.08      54.11 f
  u_cp/u_bfeed/U22464/Y (sky130_fd_sc_hd__nor2_2)         0.11      54.21 r
  u_cp/u_bfeed/U12330/Y (sky130_fd_sc_hd__nand3_2)        0.10      54.32 f
  u_cp/u_bfeed/U22472/Y (sky130_fd_sc_hd__nand3_2)        0.10      54.42 r
  u_cp/u_bfeed/U12261/Y (sky130_fd_sc_hd__nand3_4)        0.10      54.51 f
  u_cp/u_bfeed/U12260/Y (sky130_fd_sc_hd__inv_6)          0.13      54.64 r
  u_cp/u_bfeed/U93092/Y (sky130_fd_sc_hd__inv_8)          0.07      54.72 f
  u_cp/u_bfeed/U12455/Y (sky130_fd_sc_hd__nor2_2)         0.07      54.79 r
  u_cp/u_bfeed/U30714/Y (sky130_fd_sc_hd__a21oi_1)        0.05      54.84 f
  u_cp/u_bfeed/U91362/X (sky130_fd_sc_hd__and2_4)         0.17      55.00 f
  u_cp/u_bfeed/U121998/Y (sky130_fd_sc_hd__a21oi_2)       0.12      55.12 r
  u_cp/u_bfeed/U25144/Y (sky130_fd_sc_hd__nand4_2)        0.09      55.21 f
  u_cp/u_bfeed/U26995/Y (sky130_fd_sc_hd__o21ai_2)        0.07      55.29 r
  u_cp/u_bfeed/U87600/Y (sky130_fd_sc_hd__inv_2)          0.06      55.35 f
  u_cp/u_bfeed/U93588/Y (sky130_fd_sc_hd__nand2_4)        0.11      55.46 r
  u_cp/u_bfeed/U93489/Y (sky130_fd_sc_hd__inv_2)          0.06      55.52 f
  u_cp/u_bfeed/U96704/Y (sky130_fd_sc_hd__nand2_4)        0.07      55.59 r
  u_cp/u_bfeed/U85461/Y (sky130_fd_sc_hd__nand2_8)        0.08      55.67 f
  u_cp/u_bfeed/U31556/Y (sky130_fd_sc_hd__inv_8)          0.08      55.75 r
  u_cp/u_bfeed/U85460/Y (sky130_fd_sc_hd__nand3_4)        0.09      55.84 f
  u_cp/u_bfeed/U97111/Y (sky130_fd_sc_hd__inv_8)          0.13      55.97 r
  u_cp/u_bfeed/U116275/Y (sky130_fd_sc_hd__nand3_2)       0.08      56.05 f
  u_cp/u_bfeed/U92285/Y (sky130_fd_sc_hd__nor2_2)         0.11      56.16 r
  u_cp/u_bfeed/U118702/X (sky130_fd_sc_hd__buf_6)         0.17      56.33 r
  u_cp/u_bfeed/U2320/Y (sky130_fd_sc_hd__nand2_1)         0.09      56.42 f
  u_cp/u_bfeed/U91686/Y (sky130_fd_sc_hd__nand4_4)        0.12      56.54 r
  u_cp/u_bfeed/U22425/X (sky130_fd_sc_hd__buf_6)          0.10      56.64 r
  u_cp/u_bfeed/U87394/Y (sky130_fd_sc_hd__nor2_2)         0.04      56.68 f
  u_cp/u_bfeed/U103171/Y (sky130_fd_sc_hd__nor2_1)        0.13      56.81 r
  u_cp/u_bfeed/U60776/Y (sky130_fd_sc_hd__nand2_1)        0.11      56.92 f
  u_cp/u_bfeed/U60774/Y (sky130_fd_sc_hd__o21ai_2)        0.15      57.07 r
  u_cp/u_bfeed/U123953/Y (sky130_fd_sc_hd__a21oi_2)       0.05      57.12 f
  u_cp/u_bfeed/U119627/X (sky130_fd_sc_hd__buf_6)         0.14      57.26 f
  u_cp/u_bfeed/U166800/Y (sky130_fd_sc_hd__o21ai_2)       0.11      57.38 r
  u_cp/u_bfeed/U166801/Y (sky130_fd_sc_hd__xnor2_1)       0.07      57.44 f
  u_cp/u_bfeed/U12253/Y (sky130_fd_sc_hd__nand2b_1)       0.10      57.55 r
  u_cp/u_bfeed/U85185/Y (sky130_fd_sc_hd__nand3_4)        0.10      57.65 f
  u_cp/u_bfeed/U85184/Y (sky130_fd_sc_hd__nor2_2)         0.10      57.75 r
  u_cp/u_bfeed/U23253/X (sky130_fd_sc_hd__buf_4)          0.13      57.88 r
  u_cp/u_bfeed/U23836/Y (sky130_fd_sc_hd__nand4_2)        0.09      57.97 f
  u_cp/u_bfeed/U23835/Y (sky130_fd_sc_hd__a21oi_2)        0.12      58.09 r
  u_cp/u_bfeed/U82920/Y (sky130_fd_sc_hd__nand2b_2)       0.13      58.22 r
  u_cp/u_bfeed/U108056/Y (sky130_fd_sc_hd__o22ai_2)       0.07      58.29 f
  u_cp/u_bfeed/U85073/Y (sky130_fd_sc_hd__o21ai_4)        0.19      58.49 r
  u_cp/u_bfeed/U84575/Y (sky130_fd_sc_hd__nand3_1)        0.09      58.57 f
  u_cp/u_bfeed/U116323/Y (sky130_fd_sc_hd__nand2_1)       0.08      58.66 r
  u_cp/u_bfeed/U126413/Y (sky130_fd_sc_hd__xnor2_1)       0.11      58.76 r
  u_cp/u_bfeed/U105418/Y (sky130_fd_sc_hd__nand2_1)       0.07      58.83 f
  u_cp/u_bfeed/U21521/Y (sky130_fd_sc_hd__nand3_2)        0.07      58.90 r
  u_cp/u_bfeed/U22438/Y (sky130_fd_sc_hd__nand4_2)        0.09      58.99 f
  u_cp/u_bfeed/U32315/Y (sky130_fd_sc_hd__inv_2)          0.11      59.11 r
  u_cp/u_bfeed/U23415/Y (sky130_fd_sc_hd__nand3_4)        0.13      59.23 f
  u_cp/u_bfeed/U26270/Y (sky130_fd_sc_hd__a22oi_2)        0.21      59.44 r
  u_cp/u_bfeed/U12264/Y (sky130_fd_sc_hd__nand2b_4)       0.08      59.53 f
  u_cp/u_bfeed/U1587/Y (sky130_fd_sc_hd__nand2_1)         0.10      59.63 r
  u_cp/u_bfeed/U92670/Y (sky130_fd_sc_hd__nand3_1)        0.08      59.70 f
  u_cp/u_bfeed/U130758/Y (sky130_fd_sc_hd__clkinv_1)      0.05      59.75 r
  u_cp/u_bfeed/U105412/Y (sky130_fd_sc_hd__nand4_1)       0.06      59.80 f
  u_cp/u_bfeed/U94212/Y (sky130_fd_sc_hd__nand2_1)        0.07      59.87 r
  u_cp/u_bfeed/U25531/Y (sky130_fd_sc_hd__nand3_2)        0.06      59.94 f
  u_cp/u_bfeed/U117531/X (sky130_fd_sc_hd__clkbuf_2)      0.12      60.06 f
  u_cp/u_bfeed/U121325/X (sky130_fd_sc_hd__buf_6)         0.13      60.18 f
  u_cp/u_bfeed/U167120/Y (sky130_fd_sc_hd__nand2_4)       0.05      60.23 r
  u_cp/u_bfeed/U30406/Y (sky130_fd_sc_hd__clkinv_1)       0.04      60.27 f
  u_cp/u_bfeed/U167121/Y (sky130_fd_sc_hd__nand2b_1)      0.14      60.41 f
  u_cp/u_bfeed/U116272/X (sky130_fd_sc_hd__a21o_1)        0.16      60.57 f
  u_cp/u_bfeed/U25749/Y (sky130_fd_sc_hd__nand2_1)        0.07      60.64 r
  u_cp/u_bfeed/U121319/Y (sky130_fd_sc_hd__nand3b_1)      0.07      60.71 f
  u_cp/u_bfeed/U118768/Y (sky130_fd_sc_hd__nand2_1)       0.07      60.78 r
  u_cp/u_bfeed/U118767/Y (sky130_fd_sc_hd__o21ai_2)       0.07      60.85 f
  u_cp/u_bfeed/U121789/Y (sky130_fd_sc_hd__o211ai_2)      0.15      61.00 r
  u_cp/u_bfeed/U84003/Y (sky130_fd_sc_hd__nand2_1)        0.06      61.05 f
  u_cp/u_bfeed/U14123/Y (sky130_fd_sc_hd__nand3_1)        0.06      61.11 r
  u_cp/u_bfeed/U59972/Y (sky130_fd_sc_hd__nand2_1)        0.06      61.17 f
  u_cp/u_bfeed/U92215/Y (sky130_fd_sc_hd__nand3_2)        0.06      61.23 r
  u_cp/u_bfeed/U12332/Y (sky130_fd_sc_hd__nand3_2)        0.06      61.30 f
  u_cp/u_bfeed/U15682/Y (sky130_fd_sc_hd__nand3_2)        0.06      61.36 r
  u_cp/u_bfeed/U26920/Y (sky130_fd_sc_hd__nand2_2)        0.07      61.43 f
  u_cp/u_bfeed/U27003/X (sky130_fd_sc_hd__clkbuf_1)       0.11      61.54 f
  u_cp/u_bfeed/U87663/Y (sky130_fd_sc_hd__nand2_1)        0.06      61.60 r
  u_cp/u_bfeed/U86171/X (sky130_fd_sc_hd__o21a_2)         0.14      61.74 r
  u_cp/u_bfeed/U92217/Y (sky130_fd_sc_hd__inv_2)          0.04      61.78 f
  u_cp/u_bfeed/U28485/Y (sky130_fd_sc_hd__nand4_4)        0.09      61.87 r
  u_cp/u_bfeed/U25141/Y (sky130_fd_sc_hd__nand2_4)        0.07      61.94 f
  u_cp/u_bfeed/U23574/Y (sky130_fd_sc_hd__inv_8)          0.08      62.02 r
  u_cp/u_bfeed/U25283/Y (sky130_fd_sc_hd__nand4_4)        0.11      62.13 f
  u_cp/u_bfeed/U16396/X (sky130_fd_sc_hd__buf_6)          0.16      62.29 f
  u_cp/u_bfeed/U18943/Y (sky130_fd_sc_hd__o22ai_4)        0.12      62.41 r
  u_cp/u_bfeed/U13741/Y (sky130_fd_sc_hd__nand2_4)        0.09      62.50 f
  u_cp/u_bfeed/U15253/Y (sky130_fd_sc_hd__nor2_4)         0.13      62.63 r
  u_cp/u_bfeed/U14898/Y (sky130_fd_sc_hd__nand2_4)        0.08      62.71 f
  u_cp/u_bfeed/U15267/Y (sky130_fd_sc_hd__nand2_4)        0.06      62.77 r
  u_cp/u_bfeed/U12331/Y (sky130_fd_sc_hd__inv_2)          0.04      62.81 f
  u_cp/u_bfeed/U84303/Y (sky130_fd_sc_hd__nand2_4)        0.06      62.87 r
  u_cp/u_bfeed/U17172/Y (sky130_fd_sc_hd__nand4_2)        0.13      63.00 f
  u_cp/u_bfeed/U26931/Y (sky130_fd_sc_hd__nand2_2)        0.10      63.10 r
  u_cp/u_bfeed/U26289/X (sky130_fd_sc_hd__buf_6)          0.10      63.20 r
  u_cp/u_bfeed/U1094/X (sky130_fd_sc_hd__clkbuf_1)        0.09      63.29 r
  u_cp/u_bfeed/U96608/Y (sky130_fd_sc_hd__nand2_2)        0.07      63.36 f
  u_cp/u_bfeed/U27603/Y (sky130_fd_sc_hd__xnor2_1)        0.18      63.55 r
  u_cp/u_bfeed/U30570/Y (sky130_fd_sc_hd__nand2b_1)       0.09      63.64 f
  u_cp/u_bfeed/U27004/Y (sky130_fd_sc_hd__clkinv_1)       0.05      63.68 r
  u_cp/u_bfeed/U12329/Y (sky130_fd_sc_hd__nand2b_1)       0.08      63.76 f
  u_cp/u_bfeed/U15826/Y (sky130_fd_sc_hd__o21ai_4)        0.19      63.95 r
  u_cp/u_bfeed/U12278/Y (sky130_fd_sc_hd__nand3_4)        0.11      64.06 f
  u_cp/u_bfeed/U12277/Y (sky130_fd_sc_hd__inv_4)          0.09      64.15 r
  u_cp/u_bfeed/U16017/X (sky130_fd_sc_hd__buf_12)         0.14      64.29 r
  u_cp/u_bfeed/U93477/Y (sky130_fd_sc_hd__nand2_4)        0.07      64.36 f
  u_cp/u_bfeed/U17218/Y (sky130_fd_sc_hd__nand2_4)        0.08      64.45 r
  u_cp/u_bfeed/U750/Y (sky130_fd_sc_hd__nand2_1)          0.10      64.55 f
  u_cp/u_bfeed/U101908/Y (sky130_fd_sc_hd__o21ai_2)       0.24      64.78 r
  u_cp/u_bfeed/U111631/Y (sky130_fd_sc_hd__nand2b_1)      0.07      64.86 f
  u_cp/u_bfeed/U111630/Y (sky130_fd_sc_hd__nand2_1)       0.06      64.92 r
  u_cp/u_bfeed/U129950/Y (sky130_fd_sc_hd__a21oi_1)       0.04      64.96 f
  u_cp/u_bfeed/U127750/Y (sky130_fd_sc_hd__a22oi_2)       0.16      65.12 r
  u_cp/u_bfeed/U15801/X (sky130_fd_sc_hd__o21a_4)         0.16      65.28 r
  u_cp/u_bfeed/U14579/Y (sky130_fd_sc_hd__nand2_2)        0.07      65.34 f
  u_cp/u_bfeed/U96749/Y (sky130_fd_sc_hd__nor2_4)         0.13      65.47 r
  u_cp/u_bfeed/U528/X (sky130_fd_sc_hd__buf_2)            0.15      65.62 r
  u_cp/u_bfeed/U510/Y (sky130_fd_sc_hd__nand2_1)          0.07      65.69 f
  u_cp/u_bfeed/U11454/Y (sky130_fd_sc_hd__inv_2)          0.05      65.74 r
  u_cp/u_bfeed/U121400/Y (sky130_fd_sc_hd__nand2_2)       0.06      65.80 f
  u_cp/u_bfeed/U23166/Y (sky130_fd_sc_hd__nor2_4)         0.10      65.90 r
  u_cp/u_bfeed/U23167/Y (sky130_fd_sc_hd__o21ai_2)        0.06      65.96 f
  u_cp/u_bfeed/U108190/Y (sky130_fd_sc_hd__a21oi_1)       0.10      66.07 r
  u_cp/u_bfeed/U119688/Y (sky130_fd_sc_hd__o21ai_1)       0.07      66.13 f
  u_cp/u_bfeed/U98198/Y (sky130_fd_sc_hd__a21oi_1)        0.14      66.27 r
  u_cp/u_bfeed/U17411/Y (sky130_fd_sc_hd__xnor2_1)        0.14      66.41 r
  u_cp/u_bfeed/U167532/Y (sky130_fd_sc_hd__nand2b_1)      0.13      66.54 r
  u_cp/u_bfeed/U23425/Y (sky130_fd_sc_hd__nand4_2)        0.12      66.67 f
  u_cp/u_bfeed/U23423/Y (sky130_fd_sc_hd__inv_4)          0.13      66.80 r
  u_cp/u_bfeed/U11455/Y (sky130_fd_sc_hd__inv_8)          0.06      66.86 f
  u_cp/u_bfeed/U364/Y (sky130_fd_sc_hd__o21ai_1)          0.07      66.93 r
  u_cp/u_bfeed/U17429/Y (sky130_fd_sc_hd__nand2_1)        0.07      66.99 f
  u_cp/u_bfeed/U21630/Y (sky130_fd_sc_hd__nor3_2)         0.16      67.15 r
  u_cp/u_bfeed/U17177/Y (sky130_fd_sc_hd__nand3_2)        0.13      67.28 f
  u_cp/u_bfeed/U20888/Y (sky130_fd_sc_hd__nand4b_1)       0.10      67.38 r
  u_cp/u_bfeed/U125408/Y (sky130_fd_sc_hd__nor2_1)        0.05      67.43 f
  u_cp/u_bfeed/U116257/Y (sky130_fd_sc_hd__nand3_2)       0.07      67.50 r
  u_cp/u_bfeed/U83295/Y (sky130_fd_sc_hd__nand2_4)        0.09      67.59 f
  u_cp/u_bfeed/U11809/Y (sky130_fd_sc_hd__inv_6)          0.11      67.69 r
  u_cp/u_bfeed/U118229/Y (sky130_fd_sc_hd__nand4_1)       0.11      67.80 f
  u_cp/u_bfeed/U21832/Y (sky130_fd_sc_hd__inv_2)          0.08      67.89 r
  u_cp/u_bfeed/U126287/X (sky130_fd_sc_hd__buf_6)         0.14      68.03 r
  u_cp/u_bfeed/U213000/Y (sky130_fd_sc_hd__mux2i_1)       0.07      68.10 f
  u_cp/u_bfeed/row_reg[8][26]/D (sky130_fd_sc_hd__dfxtp_1)     0.00    68.10 f
  data arrival time                                                 68.10

  clock clk (rise edge)                                   1.00       1.00
  clock network delay (ideal)                             0.00       1.00
  u_cp/u_bfeed/row_reg[8][26]/CLK (sky130_fd_sc_hd__dfxtp_1)     0.00     1.00 r
  library setup time                                     -0.15       0.85
  data required time                                                 0.85
  --------------------------------------------------------------------------
  data required time                                                 0.85
  data arrival time                                                -68.10
  --------------------------------------------------------------------------
  slack (VIOLATED)                                                 -67.25


  Startpoint: u_cp/pos_base_reg[2]
              (rising edge-triggered flip-flop clocked by clk)
  Endpoint: u_cp/u_bfeed/row_reg[8][16]
            (rising edge-triggered flip-flop clocked by clk)
  Path Group: clk
  Path Type: max

  Point                                                   Incr       Path
  --------------------------------------------------------------------------
  clock clk (rise edge)                                   0.00       0.00
  clock network delay (ideal)                             0.00       0.00
  u_cp/pos_base_reg[2]/CLK (sky130_fd_sc_hd__dfxtp_4)     0.00 #     0.00 r
  u_cp/pos_base_reg[2]/Q (sky130_fd_sc_hd__dfxtp_4)       0.38       0.38 r
  u_cp/u_bfeed/pos_base[2] (kv_bfeed_MAX_N128)            0.00       0.38 r
  u_cp/u_bfeed/U85392/Y (sky130_fd_sc_hd__nand2_4)        0.07       0.45 f
  u_cp/u_bfeed/U13875/Y (sky130_fd_sc_hd__nand2_2)        0.06       0.52 r
  u_cp/u_bfeed/U18882/Y (sky130_fd_sc_hd__nand3_2)        0.05       0.57 f
  u_cp/u_bfeed/U18881/Y (sky130_fd_sc_hd__nand2_2)        0.07       0.64 r
  u_cp/u_bfeed/U24821/Y (sky130_fd_sc_hd__nand2_4)        0.06       0.70 f
  u_cp/u_bfeed/U24820/Y (sky130_fd_sc_hd__nand2_8)        0.09       0.80 r
  u_cp/u_bfeed/U81859/Y (sky130_fd_sc_hd__nand2_4)        0.06       0.86 f
  u_cp/u_bfeed/U79424/Y (sky130_fd_sc_hd__o21bai_2)       0.11       0.97 r
  u_cp/u_bfeed/U26533/Y (sky130_fd_sc_hd__nand2_2)        0.07       1.03 f
  u_cp/u_bfeed/U26532/X (sky130_fd_sc_hd__and2_4)         0.14       1.17 f
  u_cp/u_bfeed/U83281/Y (sky130_fd_sc_hd__nand4b_1)       0.08       1.25 r
  u_cp/u_bfeed/U22910/Y (sky130_fd_sc_hd__nand4_1)        0.09       1.34 f
  u_cp/u_bfeed/U83932/Y (sky130_fd_sc_hd__inv_2)          0.09       1.43 r
  u_cp/u_bfeed/U122113/Y (sky130_fd_sc_hd__inv_4)         0.05       1.48 f
  u_cp/u_bfeed/U28450/Y (sky130_fd_sc_hd__inv_12)         0.10       1.59 r
  u_cp/u_bfeed/U21360/Y (sky130_fd_sc_hd__nand2_8)        0.08       1.66 f
  u_cp/u_bfeed/U98384/Y (sky130_fd_sc_hd__nor2_2)         0.13       1.79 r
  u_cp/u_bfeed/U124855/X (sky130_fd_sc_hd__buf_6)         0.18       1.97 r
  u_cp/u_bfeed/U152820/Y (sky130_fd_sc_hd__o22ai_1)       0.10       2.07 f
  u_cp/u_bfeed/U152822/COUT (sky130_fd_sc_hd__fah_1)      0.39       2.45 f
  u_cp/u_bfeed/U78681/Y (sky130_fd_sc_hd__xnor2_1)        0.19       2.64 r
  u_cp/u_bfeed/U78619/Y (sky130_fd_sc_hd__xnor2_1)        0.15       2.79 r
  u_cp/u_bfeed/U152842/COUT (sky130_fd_sc_hd__fah_1)      0.39       3.19 r
  u_cp/u_bfeed/U25149/Y (sky130_fd_sc_hd__nand2_2)        0.06       3.25 f
  u_cp/u_bfeed/U25498/Y (sky130_fd_sc_hd__nand2_2)        0.06       3.31 r
  u_cp/u_bfeed/U25497/Y (sky130_fd_sc_hd__xnor2_1)        0.12       3.44 r
  u_cp/u_bfeed/U41223/Y (sky130_fd_sc_hd__xnor2_1)        0.17       3.60 r
  u_cp/u_bfeed/U47684/Y (sky130_fd_sc_hd__nor2_2)         0.06       3.67 f
  u_cp/u_bfeed/U11211/Y (sky130_fd_sc_hd__nor2_1)         0.12       3.79 r
  u_cp/u_bfeed/U85510/Y (sky130_fd_sc_hd__nand2_1)        0.07       3.86 f
  u_cp/u_bfeed/U127491/Y (sky130_fd_sc_hd__o21ai_1)       0.15       4.01 r
  u_cp/u_bfeed/U119605/Y (sky130_fd_sc_hd__a21oi_2)       0.05       4.07 f
  u_cp/u_bfeed/U119604/Y (sky130_fd_sc_hd__o21ai_2)       0.14       4.21 r
  u_cp/u_bfeed/U152889/Y (sky130_fd_sc_hd__xnor2_2)       0.15       4.36 r
  u_cp/u_bfeed/U129658/Y (sky130_fd_sc_hd__inv_2)         0.09       4.45 f
  u_cp/u_bfeed/U131845/Y (sky130_fd_sc_hd__nand2_8)       0.19       4.64 r
  u_cp/u_bfeed/U97112/Y (sky130_fd_sc_hd__nor2_4)         0.04       4.68 f
  u_cp/u_bfeed/U78103/Y (sky130_fd_sc_hd__inv_2)          0.06       4.74 r
  u_cp/u_bfeed/U20778/Y (sky130_fd_sc_hd__nand2_4)        0.08       4.82 f
  u_cp/u_bfeed/U152996/COUT (sky130_fd_sc_hd__fah_1)      0.33       5.16 f
  u_cp/u_bfeed/U152997/SUM (sky130_fd_sc_hd__fah_1)       0.33       5.48 r
  u_cp/u_bfeed/U124429/Y (sky130_fd_sc_hd__xnor2_1)       0.14       5.62 r
  u_cp/u_bfeed/U126048/Y (sky130_fd_sc_hd__xnor2_1)       0.13       5.75 r
  u_cp/u_bfeed/U153042/SUM (sky130_fd_sc_hd__fah_1)       0.28       6.03 f
  u_cp/u_bfeed/U125097/Y (sky130_fd_sc_hd__nand2b_4)      0.15       6.19 f
  u_cp/u_bfeed/U130884/Y (sky130_fd_sc_hd__nand2_2)       0.06       6.24 r
  u_cp/u_bfeed/U129756/Y (sky130_fd_sc_hd__inv_2)         0.04       6.28 f
  u_cp/u_bfeed/U124474/Y (sky130_fd_sc_hd__nand2_2)       0.05       6.32 r
  u_cp/u_bfeed/U125750/Y (sky130_fd_sc_hd__nand3_2)       0.07       6.39 f
  u_cp/u_bfeed/U153115/Y (sky130_fd_sc_hd__nand3_1)       0.06       6.45 r
  u_cp/u_bfeed/U123399/Y (sky130_fd_sc_hd__nand2_1)       0.06       6.51 f
  u_cp/u_bfeed/U153116/Y (sky130_fd_sc_hd__inv_2)         0.07       6.57 r
  u_cp/u_bfeed/U153117/Y (sky130_fd_sc_hd__nand2_4)       0.07       6.65 f
  u_cp/u_bfeed/U19389/Y (sky130_fd_sc_hd__inv_6)          0.10       6.75 r
  u_cp/u_bfeed/U99957/Y (sky130_fd_sc_hd__nand2_2)        0.05       6.80 f
  u_cp/u_bfeed/U21706/X (sky130_fd_sc_hd__o21a_4)         0.12       6.92 f
  u_cp/u_bfeed/U21705/Y (sky130_fd_sc_hd__nand2_4)        0.07       6.99 r
  u_cp/u_bfeed/U20758/Y (sky130_fd_sc_hd__inv_6)          0.06       7.04 f
  u_cp/u_bfeed/U77663/Y (sky130_fd_sc_hd__inv_4)          0.06       7.10 r
  u_cp/u_bfeed/U125901/Y (sky130_fd_sc_hd__nand2_4)       0.06       7.16 f
  u_cp/u_bfeed/U125900/Y (sky130_fd_sc_hd__xnor2_4)       0.19       7.35 r
  u_cp/u_bfeed/U25637/Y (sky130_fd_sc_hd__nand3_4)        0.13       7.48 f
  u_cp/u_bfeed/U25636/Y (sky130_fd_sc_hd__nor2_8)         0.14       7.63 r
  u_cp/u_bfeed/U153300/Y (sky130_fd_sc_hd__nand2_1)       0.08       7.70 f
  u_cp/u_bfeed/U17157/Y (sky130_fd_sc_hd__nand2_2)        0.07       7.77 r
  u_cp/u_bfeed/U93619/Y (sky130_fd_sc_hd__nand4_2)        0.12       7.89 f
  u_cp/u_bfeed/U94371/Y (sky130_fd_sc_hd__inv_4)          0.13       8.03 r
  u_cp/u_bfeed/U102105/Y (sky130_fd_sc_hd__inv_2)         0.05       8.07 f
  u_cp/u_bfeed/U25511/Y (sky130_fd_sc_hd__nand2_2)        0.05       8.12 r
  u_cp/u_bfeed/U25657/Y (sky130_fd_sc_hd__nand3_2)        0.07       8.19 f
  u_cp/u_bfeed/U19698/Y (sky130_fd_sc_hd__a21oi_4)        0.15       8.35 r
  u_cp/u_bfeed/U17111/Y (sky130_fd_sc_hd__nand2_2)        0.09       8.44 f
  u_cp/u_bfeed/U27016/Y (sky130_fd_sc_hd__o21ai_2)        0.14       8.58 r
  u_cp/u_bfeed/U127012/Y (sky130_fd_sc_hd__nand2_2)       0.08       8.66 f
  u_cp/u_bfeed/U87371/Y (sky130_fd_sc_hd__nand3_4)        0.14       8.80 r
  u_cp/u_bfeed/U17155/Y (sky130_fd_sc_hd__inv_6)          0.06       8.85 f
  u_cp/u_bfeed/U94522/Y (sky130_fd_sc_hd__nand2_4)        0.09       8.94 r
  u_cp/u_bfeed/U10714/Y (sky130_fd_sc_hd__inv_2)          0.05       9.00 f
  u_cp/u_bfeed/U20251/Y (sky130_fd_sc_hd__nand2_4)        0.05       9.05 r
  u_cp/u_bfeed/U32058/Y (sky130_fd_sc_hd__nand4_4)        0.09       9.14 f
  u_cp/u_bfeed/U83925/Y (sky130_fd_sc_hd__nand3_2)        0.09       9.23 r
  u_cp/u_bfeed/U97087/Y (sky130_fd_sc_hd__nand2_4)        0.09       9.32 f
  u_cp/u_bfeed/U153332/COUT (sky130_fd_sc_hd__fah_1)      0.35       9.67 f
  u_cp/u_bfeed/U131681/Y (sky130_fd_sc_hd__xnor2_1)       0.22       9.89 r
  u_cp/u_bfeed/U153334/SUM (sky130_fd_sc_hd__fah_1)       0.34      10.23 r
  u_cp/u_bfeed/U116726/Y (sky130_fd_sc_hd__inv_2)         0.05      10.28 f
  u_cp/u_bfeed/U16975/Y (sky130_fd_sc_hd__nand2b_4)       0.07      10.35 r
  u_cp/u_bfeed/U16227/Y (sky130_fd_sc_hd__nand3_4)        0.07      10.42 f
  u_cp/u_bfeed/U16226/Y (sky130_fd_sc_hd__nor2_4)         0.12      10.54 r
  u_cp/u_bfeed/U127274/Y (sky130_fd_sc_hd__nand4_1)       0.13      10.67 f
  u_cp/u_bfeed/U91144/Y (sky130_fd_sc_hd__nand2_4)        0.16      10.83 r
  u_cp/u_bfeed/U92739/Y (sky130_fd_sc_hd__nand2_2)        0.06      10.89 f
  u_cp/u_bfeed/U92568/Y (sky130_fd_sc_hd__o21ai_2)        0.07      10.96 r
  u_cp/u_bfeed/U91133/Y (sky130_fd_sc_hd__nand2_4)        0.08      11.04 f
  u_cp/u_bfeed/U99271/Y (sky130_fd_sc_hd__nand2_4)        0.07      11.11 r
  u_cp/u_bfeed/U99969/Y (sky130_fd_sc_hd__nand3_2)        0.06      11.17 f
  u_cp/u_bfeed/U16976/Y (sky130_fd_sc_hd__nand3_2)        0.06      11.23 r
  u_cp/u_bfeed/U21761/Y (sky130_fd_sc_hd__nand3_2)        0.07      11.30 f
  u_cp/u_bfeed/U93597/Y (sky130_fd_sc_hd__nand3_2)        0.10      11.40 r
  u_cp/u_bfeed/U94161/Y (sky130_fd_sc_hd__inv_4)          0.07      11.47 f
  u_cp/u_bfeed/U20856/Y (sky130_fd_sc_hd__nand2b_2)       0.21      11.68 f
  u_cp/u_bfeed/U90134/Y (sky130_fd_sc_hd__nand2_4)        0.13      11.81 r
  u_cp/u_bfeed/U23502/Y (sky130_fd_sc_hd__nand3_4)        0.14      11.95 f
  u_cp/u_bfeed/U23501/Y (sky130_fd_sc_hd__nor2_4)         0.20      12.15 r
  u_cp/u_bfeed/U20761/Y (sky130_fd_sc_hd__nand2_2)        0.05      12.20 f
  u_cp/u_bfeed/U16272/X (sky130_fd_sc_hd__o21a_2)         0.12      12.32 f
  u_cp/u_bfeed/U20745/Y (sky130_fd_sc_hd__nand4_4)        0.08      12.41 r
  u_cp/u_bfeed/U12101/Y (sky130_fd_sc_hd__nand2_1)        0.06      12.47 f
  u_cp/u_bfeed/U76316/Y (sky130_fd_sc_hd__o21ai_1)        0.15      12.62 r
  u_cp/u_bfeed/U127806/Y (sky130_fd_sc_hd__a21oi_2)       0.06      12.68 f
  u_cp/u_bfeed/U121259/Y (sky130_fd_sc_hd__o21ai_2)       0.19      12.87 r
  u_cp/u_bfeed/U121258/Y (sky130_fd_sc_hd__inv_2)         0.10      12.97 f
  u_cp/u_bfeed/U10444/Y (sky130_fd_sc_hd__o21ai_1)        0.15      13.11 r
  u_cp/u_bfeed/U153667/Y (sky130_fd_sc_hd__xnor2_1)       0.07      13.19 f
  u_cp/u_bfeed/U121315/Y (sky130_fd_sc_hd__nand2b_1)      0.06      13.25 r
  u_cp/u_bfeed/U92472/Y (sky130_fd_sc_hd__nand2_1)        0.05      13.30 f
  u_cp/u_bfeed/U90946/Y (sky130_fd_sc_hd__nor2_1)         0.09      13.39 r
  u_cp/u_bfeed/U119778/Y (sky130_fd_sc_hd__nand3_1)       0.09      13.47 f
  u_cp/u_bfeed/U131174/Y (sky130_fd_sc_hd__inv_2)         0.06      13.54 r
  u_cp/u_bfeed/U121685/Y (sky130_fd_sc_hd__nand2_2)       0.05      13.59 f
  u_cp/u_bfeed/U153746/Y (sky130_fd_sc_hd__nor2_2)        0.11      13.70 r
  u_cp/u_bfeed/U100438/Y (sky130_fd_sc_hd__nand3_1)       0.09      13.79 f
  u_cp/u_bfeed/U92771/Y (sky130_fd_sc_hd__nand2_1)        0.06      13.85 r
  u_cp/u_bfeed/U153773/Y (sky130_fd_sc_hd__nand4_1)       0.08      13.93 f
  u_cp/u_bfeed/U121192/Y (sky130_fd_sc_hd__nand2_1)       0.08      14.01 r
  u_cp/u_bfeed/U25485/Y (sky130_fd_sc_hd__nor2_2)         0.05      14.06 f
  u_cp/u_bfeed/U25484/Y (sky130_fd_sc_hd__o21ai_4)        0.13      14.19 r
  u_cp/u_bfeed/U119768/Y (sky130_fd_sc_hd__inv_2)         0.07      14.27 f
  u_cp/u_bfeed/U153802/Y (sky130_fd_sc_hd__o21ai_2)       0.12      14.38 r
  u_cp/u_bfeed/U131705/Y (sky130_fd_sc_hd__xnor2_1)       0.12      14.50 r
  u_cp/u_bfeed/U92763/Y (sky130_fd_sc_hd__nand2b_1)       0.08      14.58 f
  u_cp/u_bfeed/U92762/Y (sky130_fd_sc_hd__nand3_2)        0.07      14.64 r
  u_cp/u_bfeed/U86033/Y (sky130_fd_sc_hd__nand3_2)        0.06      14.70 f
  u_cp/u_bfeed/U91886/Y (sky130_fd_sc_hd__inv_2)          0.09      14.79 r
  u_cp/u_bfeed/U94571/Y (sky130_fd_sc_hd__nand3_4)        0.10      14.89 f
  u_cp/u_bfeed/U121154/Y (sky130_fd_sc_hd__nand2_2)       0.08      14.97 r
  u_cp/u_bfeed/U26469/Y (sky130_fd_sc_hd__nand3_2)        0.07      15.04 f
  u_cp/u_bfeed/U119408/Y (sky130_fd_sc_hd__inv_2)         0.06      15.10 r
  u_cp/u_bfeed/U127164/Y (sky130_fd_sc_hd__nand2_2)       0.05      15.14 f
  u_cp/u_bfeed/U88156/Y (sky130_fd_sc_hd__nand3_1)        0.07      15.21 r
  u_cp/u_bfeed/U119188/Y (sky130_fd_sc_hd__nand3_1)       0.06      15.28 f
  u_cp/u_bfeed/U119187/Y (sky130_fd_sc_hd__o21ai_1)       0.06      15.34 r
  u_cp/u_bfeed/U130082/Y (sky130_fd_sc_hd__nand4_1)       0.09      15.44 f
  u_cp/u_bfeed/U125899/Y (sky130_fd_sc_hd__nand2_2)       0.09      15.52 r
  u_cp/u_bfeed/U119693/Y (sky130_fd_sc_hd__inv_4)         0.07      15.59 f
  u_cp/u_bfeed/U100488/Y (sky130_fd_sc_hd__nand2_2)       0.08      15.68 r
  u_cp/u_bfeed/U126896/Y (sky130_fd_sc_hd__nand2_4)       0.08      15.76 f
  u_cp/u_bfeed/U24987/X (sky130_fd_sc_hd__buf_12)         0.14      15.90 f
  u_cp/u_bfeed/U119343/Y (sky130_fd_sc_hd__nand2_8)       0.06      15.96 r
  u_cp/u_bfeed/U56927/Y (sky130_fd_sc_hd__inv_4)          0.05      16.01 f
  u_cp/u_bfeed/U75555/Y (sky130_fd_sc_hd__nand2_1)        0.05      16.06 r
  u_cp/u_bfeed/U90537/Y (sky130_fd_sc_hd__nand4_1)        0.08      16.14 f
  u_cp/u_bfeed/U154323/Y (sky130_fd_sc_hd__inv_1)         0.08      16.22 r
  u_cp/u_bfeed/U154414/X (sky130_fd_sc_hd__o22a_1)        0.11      16.34 r
  u_cp/u_bfeed/U94077/X (sky130_fd_sc_hd__o21a_2)         0.16      16.49 r
  u_cp/u_bfeed/U13437/Y (sky130_fd_sc_hd__nand3_4)        0.09      16.58 f
  u_cp/u_bfeed/U115301/Y (sky130_fd_sc_hd__nor2_2)        0.12      16.70 r
  u_cp/u_bfeed/U28184/Y (sky130_fd_sc_hd__o21ai_2)        0.07      16.77 f
  u_cp/u_bfeed/U28183/Y (sky130_fd_sc_hd__a21oi_2)        0.14      16.91 r
  u_cp/u_bfeed/U15056/Y (sky130_fd_sc_hd__o21ai_2)        0.07      16.99 f
  u_cp/u_bfeed/U15055/X (sky130_fd_sc_hd__a21o_2)         0.23      17.22 f
  u_cp/u_bfeed/U20377/Y (sky130_fd_sc_hd__inv_4)          0.11      17.33 r
  u_cp/u_bfeed/U93002/Y (sky130_fd_sc_hd__o21ai_2)        0.06      17.40 f
  u_cp/u_bfeed/U154611/Y (sky130_fd_sc_hd__xnor2_1)       0.13      17.52 f
  u_cp/u_bfeed/U154781/Y (sky130_fd_sc_hd__o2bb2ai_1)     0.13      17.65 f
  u_cp/u_bfeed/U154782/Y (sky130_fd_sc_hd__a21oi_2)       0.17      17.82 r
  u_cp/u_bfeed/U100772/Y (sky130_fd_sc_hd__nand3_1)       0.09      17.91 f
  u_cp/u_bfeed/U99087/X (sky130_fd_sc_hd__o211a_1)        0.23      18.14 f
  u_cp/u_bfeed/U154803/Y (sky130_fd_sc_hd__o21ai_2)       0.07      18.22 r
  u_cp/u_bfeed/U154804/Y (sky130_fd_sc_hd__nor2_2)        0.07      18.29 f
  u_cp/u_bfeed/U20288/Y (sky130_fd_sc_hd__o21ai_4)        0.21      18.49 r
  u_cp/u_bfeed/U119013/Y (sky130_fd_sc_hd__xnor2_1)       0.13      18.63 r
  u_cp/u_bfeed/U88197/Y (sky130_fd_sc_hd__nand2_1)        0.06      18.69 f
  u_cp/u_bfeed/U129984/Y (sky130_fd_sc_hd__nand2_1)       0.06      18.75 r
  u_cp/u_bfeed/U129985/Y (sky130_fd_sc_hd__nand2_1)       0.05      18.79 f
  u_cp/u_bfeed/U75073/Y (sky130_fd_sc_hd__inv_1)          0.04      18.84 r
  u_cp/u_bfeed/U26919/Y (sky130_fd_sc_hd__nand4_1)        0.08      18.91 f
  u_cp/u_bfeed/U154830/Y (sky130_fd_sc_hd__clkinv_1)      0.07      18.99 r
  u_cp/u_bfeed/U95365/Y (sky130_fd_sc_hd__nand4_4)        0.10      19.09 f
  u_cp/u_bfeed/U24946/Y (sky130_fd_sc_hd__o21bai_2)       0.18      19.27 r
  u_cp/u_bfeed/U128736/Y (sky130_fd_sc_hd__inv_4)         0.08      19.35 f
  u_cp/u_bfeed/U127565/X (sky130_fd_sc_hd__o211a_2)       0.13      19.49 f
  u_cp/u_bfeed/U119012/Y (sky130_fd_sc_hd__o21bai_4)      0.19      19.68 f
  u_cp/u_bfeed/U132528/Y (sky130_fd_sc_hd__inv_2)         0.07      19.75 r
  u_cp/u_bfeed/U155113/Y (sky130_fd_sc_hd__mux2i_1)       0.20      19.95 r
  u_cp/u_bfeed/U128255/Y (sky130_fd_sc_hd__nand2b_4)      0.20      20.15 r
  u_cp/u_bfeed/U125921/Y (sky130_fd_sc_hd__nor2_4)        0.06      20.21 f
  u_cp/u_bfeed/U29030/Y (sky130_fd_sc_hd__nand2_1)        0.06      20.27 r
  u_cp/u_bfeed/U129754/Y (sky130_fd_sc_hd__o21ai_2)       0.05      20.33 f
  u_cp/u_bfeed/U155158/Y (sky130_fd_sc_hd__mux2i_1)       0.14      20.46 r
  u_cp/u_bfeed/U128261/Y (sky130_fd_sc_hd__nand3_2)       0.14      20.60 f
  u_cp/u_bfeed/U20757/X (sky130_fd_sc_hd__clkbuf_1)       0.13      20.73 f
  u_cp/u_bfeed/U124543/Y (sky130_fd_sc_hd__nand2_2)       0.07      20.80 r
  u_cp/u_bfeed/U128260/Y (sky130_fd_sc_hd__o21ai_2)       0.06      20.85 f
  u_cp/u_bfeed/U128259/Y (sky130_fd_sc_hd__a21oi_2)       0.12      20.97 r
  u_cp/u_bfeed/U127874/Y (sky130_fd_sc_hd__o21ai_2)       0.08      21.05 f
  u_cp/u_bfeed/U88737/X (sky130_fd_sc_hd__a21o_4)         0.23      21.28 f
  u_cp/u_bfeed/U88736/Y (sky130_fd_sc_hd__nand2b_2)       0.07      21.35 r
  u_cp/u_bfeed/U20427/Y (sky130_fd_sc_hd__nand2_2)        0.04      21.39 f
  u_cp/u_bfeed/U20426/Y (sky130_fd_sc_hd__xnor2_1)        0.12      21.52 f
  u_cp/u_bfeed/U132988/Y (sky130_fd_sc_hd__a22oi_2)       0.14      21.66 r
  u_cp/u_bfeed/U129083/Y (sky130_fd_sc_hd__nand2_2)       0.09      21.75 f
  u_cp/u_bfeed/U95024/Y (sky130_fd_sc_hd__nor2_4)         0.11      21.86 r
  u_cp/u_bfeed/U95023/Y (sky130_fd_sc_hd__nand2_2)        0.08      21.94 f
  u_cp/u_bfeed/U97105/Y (sky130_fd_sc_hd__inv_4)          0.09      22.02 r
  u_cp/u_bfeed/U23404/Y (sky130_fd_sc_hd__nand2_4)        0.06      22.08 f
  u_cp/u_bfeed/U121867/Y (sky130_fd_sc_hd__inv_4)         0.07      22.15 r
  u_cp/u_bfeed/U88157/Y (sky130_fd_sc_hd__nand2_2)        0.06      22.21 f
  u_cp/u_bfeed/U19690/Y (sky130_fd_sc_hd__nand3_4)        0.08      22.29 r
  u_cp/u_bfeed/U127657/Y (sky130_fd_sc_hd__nand2_4)       0.06      22.35 f
  u_cp/u_bfeed/U11597/Y (sky130_fd_sc_hd__o21ai_2)        0.15      22.50 r
  u_cp/u_bfeed/U93634/Y (sky130_fd_sc_hd__a21oi_4)        0.07      22.57 f
  u_cp/u_bfeed/U107600/Y (sky130_fd_sc_hd__o21ai_1)       0.16      22.72 r
  u_cp/u_bfeed/U155460/Y (sky130_fd_sc_hd__xnor2_1)       0.13      22.85 r
  u_cp/u_bfeed/U127490/Y (sky130_fd_sc_hd__nand2_1)       0.07      22.93 f
  u_cp/u_bfeed/U127878/Y (sky130_fd_sc_hd__nand2_1)       0.06      22.99 r
  u_cp/u_bfeed/U95061/X (sky130_fd_sc_hd__and2_4)         0.14      23.13 r
  u_cp/u_bfeed/U25778/Y (sky130_fd_sc_hd__nand3_4)        0.13      23.26 f
  u_cp/u_bfeed/U13728/Y (sky130_fd_sc_hd__inv_8)          0.12      23.38 r
  u_cp/u_bfeed/U21656/Y (sky130_fd_sc_hd__nand2_2)        0.05      23.43 f
  u_cp/u_bfeed/U118850/Y (sky130_fd_sc_hd__inv_2)         0.06      23.49 r
  u_cp/u_bfeed/U94268/Y (sky130_fd_sc_hd__nand2_1)        0.06      23.55 f
  u_cp/u_bfeed/U93300/Y (sky130_fd_sc_hd__a2bb2oi_2)      0.14      23.69 f
  u_cp/u_bfeed/U20202/Y (sky130_fd_sc_hd__o21ai_2)        0.14      23.83 r
  u_cp/u_bfeed/U15542/Y (sky130_fd_sc_hd__inv_1)          0.05      23.87 f
  u_cp/u_bfeed/U18942/Y (sky130_fd_sc_hd__nand2_1)        0.06      23.94 r
  u_cp/u_bfeed/U20110/Y (sky130_fd_sc_hd__o21ai_2)        0.08      24.01 f
  u_cp/u_bfeed/U99125/Y (sky130_fd_sc_hd__a21oi_4)        0.14      24.15 r
  u_cp/u_bfeed/U91366/X (sky130_fd_sc_hd__buf_6)          0.12      24.27 r
  u_cp/u_bfeed/U99123/Y (sky130_fd_sc_hd__nor2_2)         0.03      24.31 f
  u_cp/u_bfeed/U93209/Y (sky130_fd_sc_hd__nor2_2)         0.12      24.42 r
  u_cp/u_bfeed/U155719/Y (sky130_fd_sc_hd__nand2_1)       0.08      24.50 f
  u_cp/u_bfeed/U20157/Y (sky130_fd_sc_hd__o21ai_1)        0.15      24.65 r
  u_cp/u_bfeed/U94215/Y (sky130_fd_sc_hd__a21oi_2)        0.05      24.70 f
  u_cp/u_bfeed/U94214/Y (sky130_fd_sc_hd__inv_2)          0.11      24.81 r
  u_cp/u_bfeed/U13725/Y (sky130_fd_sc_hd__inv_6)          0.05      24.86 f
  u_cp/u_bfeed/U9198/Y (sky130_fd_sc_hd__o21ai_1)         0.13      24.99 r
  u_cp/u_bfeed/U155819/Y (sky130_fd_sc_hd__xnor2_1)       0.09      25.08 f
  u_cp/u_bfeed/U14020/Y (sky130_fd_sc_hd__a21oi_2)        0.16      25.23 r
  u_cp/u_bfeed/U19706/X (sky130_fd_sc_hd__buf_2)          0.13      25.36 r
  u_cp/u_bfeed/U18429/X (sky130_fd_sc_hd__and2_1)         0.10      25.47 r
  u_cp/u_bfeed/U20111/X (sky130_fd_sc_hd__and2_4)         0.15      25.62 r
  u_cp/u_bfeed/U19739/Y (sky130_fd_sc_hd__nand2_4)        0.05      25.68 f
  u_cp/u_bfeed/U96735/Y (sky130_fd_sc_hd__nor2_4)         0.11      25.79 r
  u_cp/u_bfeed/U94167/Y (sky130_fd_sc_hd__nor2_4)         0.05      25.83 f
  u_cp/u_bfeed/U114150/Y (sky130_fd_sc_hd__a21oi_2)       0.09      25.93 r
  u_cp/u_bfeed/U121183/Y (sky130_fd_sc_hd__o21ai_1)       0.07      26.00 f
  u_cp/u_bfeed/U128887/Y (sky130_fd_sc_hd__a21oi_2)       0.15      26.15 r
  u_cp/u_bfeed/U129403/Y (sky130_fd_sc_hd__xnor2_1)       0.09      26.24 f
  u_cp/u_bfeed/U110807/Y (sky130_fd_sc_hd__o21ai_2)       0.16      26.40 r
  u_cp/u_bfeed/U98141/Y (sky130_fd_sc_hd__nand3_4)        0.12      26.52 f
  u_cp/u_bfeed/U21660/Y (sky130_fd_sc_hd__o21bai_4)       0.21      26.73 r
  u_cp/u_bfeed/U99311/Y (sky130_fd_sc_hd__inv_8)          0.10      26.83 f
  u_cp/u_bfeed/U121286/Y (sky130_fd_sc_hd__nand2_4)       0.07      26.91 r
  u_cp/u_bfeed/U19745/X (sky130_fd_sc_hd__o21a_4)         0.15      27.05 r
  u_cp/u_bfeed/U116403/Y (sky130_fd_sc_hd__inv_4)         0.05      27.11 f
  u_cp/u_bfeed/U156170/COUT (sky130_fd_sc_hd__fah_1)      0.35      27.45 f
  u_cp/u_bfeed/U130087/Y (sky130_fd_sc_hd__o21ai_2)       0.15      27.61 r
  u_cp/u_bfeed/U125261/Y (sky130_fd_sc_hd__nand2_2)       0.08      27.69 f
  u_cp/u_bfeed/U126252/Y (sky130_fd_sc_hd__o21ai_2)       0.06      27.75 r
  u_cp/u_bfeed/U130083/Y (sky130_fd_sc_hd__o21ai_2)       0.08      27.83 f
  u_cp/u_bfeed/U110483/Y (sky130_fd_sc_hd__xnor2_1)       0.13      27.96 f
  u_cp/u_bfeed/U126346/Y (sky130_fd_sc_hd__xnor2_1)       0.19      28.15 r
  u_cp/u_bfeed/U99316/Y (sky130_fd_sc_hd__nand2b_4)       0.17      28.32 r
  u_cp/u_bfeed/U25514/Y (sky130_fd_sc_hd__nand2_2)        0.06      28.38 f
  u_cp/u_bfeed/U131246/Y (sky130_fd_sc_hd__nor2_1)        0.12      28.50 r
  u_cp/u_bfeed/U130757/Y (sky130_fd_sc_hd__nand4_2)       0.13      28.63 f
  u_cp/u_bfeed/U100155/Y (sky130_fd_sc_hd__nand3_4)       0.12      28.75 r
  u_cp/u_bfeed/U100156/Y (sky130_fd_sc_hd__inv_8)         0.07      28.82 f
  u_cp/u_bfeed/U20762/Y (sky130_fd_sc_hd__inv_2)          0.07      28.89 r
  u_cp/u_bfeed/U83132/Y (sky130_fd_sc_hd__nand2_2)        0.04      28.93 f
  u_cp/u_bfeed/U25815/Y (sky130_fd_sc_hd__o21ai_2)        0.06      28.99 r
  u_cp/u_bfeed/U21515/Y (sky130_fd_sc_hd__nand4_2)        0.11      29.10 f
  u_cp/u_bfeed/U97031/Y (sky130_fd_sc_hd__inv_2)          0.10      29.20 r
  u_cp/u_bfeed/U28432/Y (sky130_fd_sc_hd__nand3_4)        0.10      29.30 f
  u_cp/u_bfeed/U97358/Y (sky130_fd_sc_hd__nand2_4)        0.14      29.44 r
  u_cp/u_bfeed/U22390/Y (sky130_fd_sc_hd__inv_6)          0.07      29.51 f
  u_cp/u_bfeed/U86336/Y (sky130_fd_sc_hd__nand2_4)        0.06      29.57 r
  u_cp/u_bfeed/U21881/Y (sky130_fd_sc_hd__o21ai_4)        0.07      29.64 f
  u_cp/u_bfeed/U86993/Y (sky130_fd_sc_hd__o21ai_4)        0.15      29.79 r
  u_cp/u_bfeed/U22301/Y (sky130_fd_sc_hd__o21ai_1)        0.10      29.88 f
  u_cp/u_bfeed/U93266/Y (sky130_fd_sc_hd__inv_2)          0.07      29.96 r
  u_cp/u_bfeed/U122817/Y (sky130_fd_sc_hd__o21ai_2)       0.06      30.02 f
  u_cp/u_bfeed/U115359/Y (sky130_fd_sc_hd__nand2b_4)      0.15      30.17 f
  u_cp/u_bfeed/U82212/Y (sky130_fd_sc_hd__a22oi_4)        0.13      30.30 r
  u_cp/u_bfeed/U26974/Y (sky130_fd_sc_hd__o21ai_2)        0.06      30.36 f
  u_cp/u_bfeed/U129816/Y (sky130_fd_sc_hd__nand2b_1)      0.06      30.42 r
  u_cp/u_bfeed/U126110/X (sky130_fd_sc_hd__and3_4)        0.18      30.59 r
  u_cp/u_bfeed/U23394/Y (sky130_fd_sc_hd__nand3_4)        0.16      30.76 f
  u_cp/u_bfeed/U23393/Y (sky130_fd_sc_hd__inv_2)          0.11      30.86 r
  u_cp/u_bfeed/U96871/Y (sky130_fd_sc_hd__nand2b_1)       0.05      30.91 f
  u_cp/u_bfeed/U96872/Y (sky130_fd_sc_hd__nand2_1)        0.06      30.98 r
  u_cp/u_bfeed/U22483/Y (sky130_fd_sc_hd__nand3_2)        0.10      31.07 f
  u_cp/u_bfeed/U101576/Y (sky130_fd_sc_hd__nand2_1)       0.10      31.17 r
  u_cp/u_bfeed/U83714/Y (sky130_fd_sc_hd__nand2_2)        0.10      31.27 f
  u_cp/u_bfeed/U81867/Y (sky130_fd_sc_hd__nand3_4)        0.14      31.41 r
  u_cp/u_bfeed/U21632/Y (sky130_fd_sc_hd__nand2_4)        0.08      31.49 f
  u_cp/u_bfeed/U21364/Y (sky130_fd_sc_hd__xnor2_4)        0.13      31.62 f
  u_cp/u_bfeed/U96062/Y (sky130_fd_sc_hd__nand2b_4)       0.10      31.73 r
  u_cp/u_bfeed/U92703/Y (sky130_fd_sc_hd__inv_2)          0.03      31.76 f
  u_cp/u_bfeed/U96061/Y (sky130_fd_sc_hd__nor2_1)         0.07      31.83 r
  u_cp/u_bfeed/U92202/X (sky130_fd_sc_hd__and2_4)         0.16      31.99 r
  u_cp/u_bfeed/U90539/Y (sky130_fd_sc_hd__nand3_2)        0.06      32.05 f
  u_cp/u_bfeed/U8433/Y (sky130_fd_sc_hd__o21ai_1)         0.14      32.19 r
  u_cp/u_bfeed/U19183/Y (sky130_fd_sc_hd__a21oi_2)        0.05      32.23 f
  u_cp/u_bfeed/U91193/Y (sky130_fd_sc_hd__nand4_2)        0.10      32.33 r
  u_cp/u_bfeed/U8363/Y (sky130_fd_sc_hd__nor2_1)          0.07      32.40 f
  u_cp/u_bfeed/U26947/Y (sky130_fd_sc_hd__o21ai_2)        0.15      32.56 r
  u_cp/u_bfeed/U25615/Y (sky130_fd_sc_hd__nand2_2)        0.06      32.62 f
  u_cp/u_bfeed/U90570/Y (sky130_fd_sc_hd__nor2_2)         0.15      32.77 r
  u_cp/u_bfeed/U125412/Y (sky130_fd_sc_hd__inv_2)         0.06      32.83 f
  u_cp/u_bfeed/U26502/Y (sky130_fd_sc_hd__nand2b_4)       0.07      32.90 r
  u_cp/u_bfeed/U99644/Y (sky130_fd_sc_hd__a21oi_2)        0.06      32.96 f
  u_cp/u_bfeed/U93208/Y (sky130_fd_sc_hd__o21ai_2)        0.12      33.08 r
  u_cp/u_bfeed/U156563/Y (sky130_fd_sc_hd__xnor2_1)       0.08      33.16 f
  u_cp/u_bfeed/U115610/Y (sky130_fd_sc_hd__o21ai_1)       0.11      33.27 r
  u_cp/u_bfeed/U19767/Y (sky130_fd_sc_hd__o21bai_2)       0.13      33.40 r
  u_cp/u_bfeed/U24173/Y (sky130_fd_sc_hd__nand3_2)        0.09      33.48 f
  u_cp/u_bfeed/U24172/Y (sky130_fd_sc_hd__inv_2)          0.06      33.54 r
  u_cp/u_bfeed/U13993/Y (sky130_fd_sc_hd__nand4_2)        0.07      33.61 f
  u_cp/u_bfeed/U21724/Y (sky130_fd_sc_hd__nor2_2)         0.12      33.74 r
  u_cp/u_bfeed/U119053/Y (sky130_fd_sc_hd__nand2_1)       0.05      33.79 f
  u_cp/u_bfeed/U122026/Y (sky130_fd_sc_hd__nand2_1)       0.06      33.85 r
  u_cp/u_bfeed/U93273/Y (sky130_fd_sc_hd__nand3_2)        0.07      33.92 f
  u_cp/u_bfeed/U95369/Y (sky130_fd_sc_hd__o21ai_4)        0.09      34.01 r
  u_cp/u_bfeed/U14673/Y (sky130_fd_sc_hd__nand2b_4)       0.19      34.19 r
  u_cp/u_bfeed/U20753/Y (sky130_fd_sc_hd__inv_2)          0.08      34.27 f
  u_cp/u_bfeed/U39742/Y (sky130_fd_sc_hd__nand2_1)        0.06      34.33 r
  u_cp/u_bfeed/U12945/Y (sky130_fd_sc_hd__nand4_1)        0.10      34.43 f
  u_cp/u_bfeed/U12944/Y (sky130_fd_sc_hd__nand2_1)        0.07      34.50 r
  u_cp/u_bfeed/U16492/Y (sky130_fd_sc_hd__nand2b_1)       0.05      34.54 f
  u_cp/u_bfeed/U70809/Y (sky130_fd_sc_hd__nor2_1)         0.12      34.66 r
  u_cp/u_bfeed/U90866/Y (sky130_fd_sc_hd__o21ai_2)        0.07      34.73 f
  u_cp/u_bfeed/U7988/Y (sky130_fd_sc_hd__nand2_2)         0.08      34.81 r
  u_cp/u_bfeed/U7968/Y (sky130_fd_sc_hd__inv_2)           0.07      34.88 f
  u_cp/u_bfeed/U126119/X (sky130_fd_sc_hd__buf_12)        0.15      35.03 f
  u_cp/u_bfeed/U13199/Y (sky130_fd_sc_hd__xnor2_4)        0.19      35.22 r
  u_cp/u_bfeed/U13813/Y (sky130_fd_sc_hd__xnor2_2)        0.14      35.36 r
  u_cp/u_bfeed/U121990/Y (sky130_fd_sc_hd__inv_2)         0.05      35.41 f
  u_cp/u_bfeed/U20118/Y (sky130_fd_sc_hd__xnor2_1)        0.17      35.58 r
  u_cp/u_bfeed/U87678/Y (sky130_fd_sc_hd__xnor2_1)        0.15      35.73 r
  u_cp/u_bfeed/U91373/Y (sky130_fd_sc_hd__inv_1)          0.05      35.78 f
  u_cp/u_bfeed/U45231/Y (sky130_fd_sc_hd__nand2_1)        0.06      35.85 r
  u_cp/u_bfeed/U45217/Y (sky130_fd_sc_hd__nand3_1)        0.06      35.91 f
  u_cp/u_bfeed/U14930/Y (sky130_fd_sc_hd__nand2b_1)       0.08      35.99 r
  u_cp/u_bfeed/U15860/Y (sky130_fd_sc_hd__nand2_1)        0.06      36.05 f
  u_cp/u_bfeed/U13718/Y (sky130_fd_sc_hd__nand3_2)        0.09      36.14 r
  u_cp/u_bfeed/U13845/Y (sky130_fd_sc_hd__nand2_4)        0.07      36.22 f
  u_cp/u_bfeed/U88424/Y (sky130_fd_sc_hd__nand2_4)        0.07      36.29 r
  u_cp/u_bfeed/U84102/X (sky130_fd_sc_hd__buf_6)          0.09      36.38 r
  u_cp/u_bfeed/U84699/Y (sky130_fd_sc_hd__inv_2)          0.02      36.40 f
  u_cp/u_bfeed/U18973/Y (sky130_fd_sc_hd__nand2_2)        0.04      36.45 r
  u_cp/u_bfeed/U18972/Y (sky130_fd_sc_hd__nand4_1)        0.06      36.51 f
  u_cp/u_bfeed/U33352/Y (sky130_fd_sc_hd__nand3_1)        0.08      36.59 r
  u_cp/u_bfeed/U36107/X (sky130_fd_sc_hd__xor2_1)         0.17      36.76 r
  u_cp/u_bfeed/U85411/Y (sky130_fd_sc_hd__nand2b_4)       0.16      36.92 r
  u_cp/u_bfeed/U21825/Y (sky130_fd_sc_hd__nand2_4)        0.06      36.98 f
  u_cp/u_bfeed/U82056/Y (sky130_fd_sc_hd__nand2_8)        0.15      37.13 r
  u_cp/u_bfeed/U31447/Y (sky130_fd_sc_hd__inv_12)         0.08      37.21 f
  u_cp/u_bfeed/U15051/Y (sky130_fd_sc_hd__xnor2_2)        0.14      37.35 f
  u_cp/u_bfeed/U85077/Y (sky130_fd_sc_hd__o22ai_2)        0.18      37.53 r
  u_cp/u_bfeed/U12579/X (sky130_fd_sc_hd__and2_1)         0.15      37.68 r
  u_cp/u_bfeed/U12578/Y (sky130_fd_sc_hd__nand2b_4)       0.11      37.79 r
  u_cp/u_bfeed/U163234/SUM (sky130_fd_sc_hd__fah_1)       0.42      38.21 r
  u_cp/u_bfeed/U88114/Y (sky130_fd_sc_hd__inv_2)          0.05      38.26 f
  u_cp/u_bfeed/U93487/Y (sky130_fd_sc_hd__o21ai_2)        0.15      38.41 r
  u_cp/u_bfeed/U93486/Y (sky130_fd_sc_hd__xnor2_1)        0.14      38.55 r
  u_cp/u_bfeed/U97493/Y (sky130_fd_sc_hd__xnor2_1)        0.15      38.70 r
  u_cp/u_bfeed/U86280/Y (sky130_fd_sc_hd__nand2b_4)       0.17      38.87 r
  u_cp/u_bfeed/U15784/Y (sky130_fd_sc_hd__nand2_4)        0.05      38.92 f
  u_cp/u_bfeed/U15783/Y (sky130_fd_sc_hd__nor2_4)         0.09      39.01 r
  u_cp/u_bfeed/U83781/Y (sky130_fd_sc_hd__nand2_2)        0.07      39.08 f
  u_cp/u_bfeed/U22391/Y (sky130_fd_sc_hd__nor2_2)         0.13      39.21 r
  u_cp/u_bfeed/U23251/Y (sky130_fd_sc_hd__nand3_2)        0.08      39.29 f
  u_cp/u_bfeed/U22907/Y (sky130_fd_sc_hd__nand3_2)        0.07      39.36 r
  u_cp/u_bfeed/U22906/Y (sky130_fd_sc_hd__xnor2_1)        0.12      39.48 r
  u_cp/u_bfeed/U163636/Y (sky130_fd_sc_hd__inv_2)         0.07      39.55 f
  u_cp/u_bfeed/U122114/Y (sky130_fd_sc_hd__inv_4)         0.09      39.64 r
  u_cp/u_bfeed/U24811/Y (sky130_fd_sc_hd__inv_4)          0.06      39.69 f
  u_cp/u_bfeed/U94299/Y (sky130_fd_sc_hd__o21ai_2)        0.11      39.81 r
  u_cp/u_bfeed/U131716/Y (sky130_fd_sc_hd__a21oi_2)       0.05      39.86 f
  u_cp/u_bfeed/U128357/Y (sky130_fd_sc_hd__nand2b_4)      0.08      39.94 r
  u_cp/u_bfeed/U83904/Y (sky130_fd_sc_hd__nand2_4)        0.08      40.02 f
  u_cp/u_bfeed/U16831/Y (sky130_fd_sc_hd__nand2_2)        0.07      40.09 r
  u_cp/u_bfeed/U18638/Y (sky130_fd_sc_hd__nand3_2)        0.06      40.15 f
  u_cp/u_bfeed/U98155/Y (sky130_fd_sc_hd__inv_2)          0.06      40.22 r
  u_cp/u_bfeed/U85878/Y (sky130_fd_sc_hd__nand3_2)        0.07      40.29 f
  u_cp/u_bfeed/U84985/Y (sky130_fd_sc_hd__nand3_4)        0.13      40.42 r
  u_cp/u_bfeed/U13307/Y (sky130_fd_sc_hd__inv_8)          0.07      40.50 f
  u_cp/u_bfeed/U17591/Y (sky130_fd_sc_hd__inv_12)         0.12      40.62 r
  u_cp/u_bfeed/U24709/Y (sky130_fd_sc_hd__nand4_1)        0.15      40.77 f
  u_cp/u_bfeed/U99108/Y (sky130_fd_sc_hd__nand2_4)        0.18      40.96 r
  u_cp/u_bfeed/U18862/Y (sky130_fd_sc_hd__nand2_8)        0.10      41.06 f
  u_cp/u_bfeed/U99128/Y (sky130_fd_sc_hd__nor2_8)         0.23      41.29 r
  u_cp/u_bfeed/U21596/Y (sky130_fd_sc_hd__nand2_2)        0.10      41.39 f
  u_cp/u_bfeed/U13064/Y (sky130_fd_sc_hd__nand4_4)        0.18      41.56 r
  u_cp/u_bfeed/U13063/Y (sky130_fd_sc_hd__inv_4)          0.06      41.63 f
  u_cp/u_bfeed/U18644/Y (sky130_fd_sc_hd__nor2_8)         0.10      41.73 r
  u_cp/u_bfeed/U118415/Y (sky130_fd_sc_hd__o21ai_2)       0.07      41.79 f
  u_cp/u_bfeed/U88772/Y (sky130_fd_sc_hd__a21oi_2)        0.12      41.91 r
  u_cp/u_bfeed/U91459/Y (sky130_fd_sc_hd__o21ai_2)        0.08      41.99 f
  u_cp/u_bfeed/U128629/Y (sky130_fd_sc_hd__inv_2)         0.13      42.12 r
  u_cp/u_bfeed/U164141/Y (sky130_fd_sc_hd__o21ai_2)       0.07      42.18 f
  u_cp/u_bfeed/U164142/Y (sky130_fd_sc_hd__xnor2_1)       0.13      42.31 f
  u_cp/u_bfeed/U124033/Y (sky130_fd_sc_hd__nand2_2)       0.07      42.38 r
  u_cp/u_bfeed/U18499/Y (sky130_fd_sc_hd__nand3_4)        0.07      42.46 f
  u_cp/u_bfeed/U18498/Y (sky130_fd_sc_hd__nor2_4)         0.14      42.60 r
  u_cp/u_bfeed/U92211/Y (sky130_fd_sc_hd__nand3_4)        0.10      42.70 f
  u_cp/u_bfeed/U118145/Y (sky130_fd_sc_hd__nor2_4)        0.13      42.83 r
  u_cp/u_bfeed/U118144/Y (sky130_fd_sc_hd__nand2_1)       0.06      42.89 f
  u_cp/u_bfeed/U127410/Y (sky130_fd_sc_hd__nand2_1)       0.05      42.94 r
  u_cp/u_bfeed/U127328/Y (sky130_fd_sc_hd__nand2b_1)      0.06      43.00 f
  u_cp/u_bfeed/U127808/Y (sky130_fd_sc_hd__nand2_2)       0.08      43.08 r
  u_cp/u_bfeed/U164280/Y (sky130_fd_sc_hd__nand2_2)       0.05      43.13 f
  u_cp/u_bfeed/U115596/X (sky130_fd_sc_hd__o21a_1)        0.20      43.32 f
  u_cp/u_bfeed/U127165/Y (sky130_fd_sc_hd__o21ai_2)       0.07      43.40 r
  u_cp/u_bfeed/U121854/Y (sky130_fd_sc_hd__a21oi_4)       0.06      43.46 f
  u_cp/u_bfeed/U125072/Y (sky130_fd_sc_hd__o21ai_2)       0.12      43.58 r
  u_cp/u_bfeed/U164287/Y (sky130_fd_sc_hd__xnor2_1)       0.12      43.70 r
  u_cp/u_bfeed/U96994/X (sky130_fd_sc_hd__a21o_1)         0.14      43.84 r
  u_cp/u_bfeed/U94290/Y (sky130_fd_sc_hd__nand4_2)        0.12      43.96 f
  u_cp/u_bfeed/U14162/X (sky130_fd_sc_hd__and2_4)         0.20      44.16 f
  u_cp/u_bfeed/U97727/Y (sky130_fd_sc_hd__inv_8)          0.10      44.26 r
  u_cp/u_bfeed/U18626/Y (sky130_fd_sc_hd__nor2_4)         0.04      44.30 f
  u_cp/u_bfeed/U89707/Y (sky130_fd_sc_hd__nor3_4)         0.27      44.57 r
  u_cp/u_bfeed/U89706/Y (sky130_fd_sc_hd__nor2_8)         0.12      44.69 f
  u_cp/u_bfeed/U89705/Y (sky130_fd_sc_hd__xnor2_4)        0.16      44.85 f
  u_cp/u_bfeed/U89704/Y (sky130_fd_sc_hd__o22ai_4)        0.11      44.97 r
  u_cp/u_bfeed/U164734/SUM (sky130_fd_sc_hd__fah_1)       0.28      45.25 r
  u_cp/u_bfeed/U164753/SUM (sky130_fd_sc_hd__fah_1)       0.27      45.52 f
  u_cp/u_bfeed/U164756/SUM (sky130_fd_sc_hd__fah_1)       0.32      45.84 f
  u_cp/u_bfeed/U124687/Y (sky130_fd_sc_hd__xnor2_1)       0.14      45.97 f
  u_cp/u_bfeed/U99093/Y (sky130_fd_sc_hd__xnor2_1)        0.20      46.17 r
  u_cp/u_bfeed/U15041/Y (sky130_fd_sc_hd__nor2_2)         0.05      46.22 f
  u_cp/u_bfeed/U118413/Y (sky130_fd_sc_hd__o21ai_1)       0.12      46.34 r
  u_cp/u_bfeed/U118412/Y (sky130_fd_sc_hd__a21oi_1)       0.06      46.40 f
  u_cp/u_bfeed/U128672/Y (sky130_fd_sc_hd__nand2b_1)      0.14      46.54 f
  u_cp/u_bfeed/U12334/Y (sky130_fd_sc_hd__nand3_2)        0.06      46.60 r
  u_cp/u_bfeed/U16486/Y (sky130_fd_sc_hd__nor2_2)         0.04      46.64 f
  u_cp/u_bfeed/U16485/Y (sky130_fd_sc_hd__o21ai_1)        0.12      46.76 r
  u_cp/u_bfeed/U15712/Y (sky130_fd_sc_hd__nand3_1)        0.09      46.86 f
  u_cp/u_bfeed/U88637/Y (sky130_fd_sc_hd__nand3_2)        0.10      46.95 r
  u_cp/u_bfeed/U88636/Y (sky130_fd_sc_hd__xnor2_2)        0.11      47.06 r
  u_cp/u_bfeed/U101749/Y (sky130_fd_sc_hd__inv_2)         0.08      47.15 f
  u_cp/u_bfeed/U101748/Y (sky130_fd_sc_hd__inv_8)         0.12      47.27 r
  u_cp/u_bfeed/U13266/Y (sky130_fd_sc_hd__inv_6)          0.06      47.33 f
  u_cp/u_bfeed/U13717/Y (sky130_fd_sc_hd__inv_8)          0.08      47.40 r
  u_cp/u_bfeed/U97273/Y (sky130_fd_sc_hd__o21ai_4)        0.06      47.46 f
  u_cp/u_bfeed/U22962/Y (sky130_fd_sc_hd__nand2_4)        0.08      47.54 r
  u_cp/u_bfeed/U97725/Y (sky130_fd_sc_hd__nand2_4)        0.07      47.61 f
  u_cp/u_bfeed/U4359/Y (sky130_fd_sc_hd__nor2_2)          0.15      47.76 r
  u_cp/u_bfeed/U96339/Y (sky130_fd_sc_hd__o21ai_4)        0.08      47.85 f
  u_cp/u_bfeed/U18659/Y (sky130_fd_sc_hd__a21oi_4)        0.17      48.02 r
  u_cp/u_bfeed/U18658/Y (sky130_fd_sc_hd__o21ai_1)        0.09      48.11 f
  u_cp/u_bfeed/U96338/Y (sky130_fd_sc_hd__xnor2_1)        0.12      48.23 f
  u_cp/u_bfeed/U115732/Y (sky130_fd_sc_hd__nand2_1)       0.07      48.30 r
  u_cp/u_bfeed/U18648/Y (sky130_fd_sc_hd__nand2_2)        0.07      48.37 f
  u_cp/u_bfeed/U18647/Y (sky130_fd_sc_hd__inv_2)          0.05      48.42 r
  u_cp/u_bfeed/U12202/Y (sky130_fd_sc_hd__nand3_2)        0.07      48.49 f
  u_cp/u_bfeed/U97241/Y (sky130_fd_sc_hd__inv_4)          0.10      48.59 r
  u_cp/u_bfeed/U97191/Y (sky130_fd_sc_hd__nand4_4)        0.13      48.72 f
  u_cp/u_bfeed/U165117/Y (sky130_fd_sc_hd__nand2b_1)      0.16      48.88 f
  u_cp/u_bfeed/U91926/Y (sky130_fd_sc_hd__a21boi_1)       0.13      49.01 f
  u_cp/u_bfeed/U93491/Y (sky130_fd_sc_hd__nand3_2)        0.10      49.11 r
  u_cp/u_bfeed/U90492/X (sky130_fd_sc_hd__buf_6)          0.12      49.23 r
  u_cp/u_bfeed/U103034/Y (sky130_fd_sc_hd__inv_2)         0.04      49.27 f
  u_cp/u_bfeed/U23583/Y (sky130_fd_sc_hd__nand2_4)        0.04      49.32 r
  u_cp/u_bfeed/U118521/Y (sky130_fd_sc_hd__o21ai_2)       0.05      49.37 f
  u_cp/u_bfeed/U25737/Y (sky130_fd_sc_hd__nand2_2)        0.06      49.43 r
  u_cp/u_bfeed/U12325/Y (sky130_fd_sc_hd__nand4_4)        0.13      49.56 f
  u_cp/u_bfeed/U20829/Y (sky130_fd_sc_hd__a21oi_4)        0.25      49.80 r
  u_cp/u_bfeed/U3721/Y (sky130_fd_sc_hd__o21ai_1)         0.10      49.90 f
  u_cp/u_bfeed/U165355/Y (sky130_fd_sc_hd__xnor2_1)       0.13      50.04 f
  u_cp/u_bfeed/U96997/Y (sky130_fd_sc_hd__nand2b_2)       0.08      50.12 r
  u_cp/u_bfeed/U26802/Y (sky130_fd_sc_hd__nand3_4)        0.09      50.22 f
  u_cp/u_bfeed/U50386/Y (sky130_fd_sc_hd__inv_2)          0.07      50.29 r
  u_cp/u_bfeed/U22943/Y (sky130_fd_sc_hd__nand2_2)        0.05      50.34 f
  u_cp/u_bfeed/U50350/Y (sky130_fd_sc_hd__inv_2)          0.07      50.41 r
  u_cp/u_bfeed/U26801/Y (sky130_fd_sc_hd__nand2_2)        0.05      50.46 f
  u_cp/u_bfeed/U124665/Y (sky130_fd_sc_hd__nor2_2)        0.10      50.56 r
  u_cp/u_bfeed/U13240/Y (sky130_fd_sc_hd__nand3_2)        0.09      50.66 f
  u_cp/u_bfeed/U13252/Y (sky130_fd_sc_hd__nand2_4)        0.11      50.76 r
  u_cp/u_bfeed/U15687/Y (sky130_fd_sc_hd__nor2_4)         0.05      50.81 f
  u_cp/u_bfeed/U25152/X (sky130_fd_sc_hd__clkbuf_1)       0.10      50.92 f
  u_cp/u_bfeed/U118044/Y (sky130_fd_sc_hd__o21ai_2)       0.13      51.05 r
  u_cp/u_bfeed/U93592/Y (sky130_fd_sc_hd__xnor2_1)        0.12      51.17 r
  u_cp/u_bfeed/U23149/X (sky130_fd_sc_hd__a21o_2)         0.15      51.32 r
  u_cp/u_bfeed/U26132/Y (sky130_fd_sc_hd__nand3_2)        0.09      51.41 f
  u_cp/u_bfeed/U93086/Y (sky130_fd_sc_hd__nor2_4)         0.10      51.51 r
  u_cp/u_bfeed/U13428/Y (sky130_fd_sc_hd__nand4_4)        0.10      51.61 f
  u_cp/u_bfeed/U84638/X (sky130_fd_sc_hd__and2_4)         0.23      51.85 f
  u_cp/u_bfeed/U3424/Y (sky130_fd_sc_hd__nand2_2)         0.09      51.94 r
  u_cp/u_bfeed/U84011/Y (sky130_fd_sc_hd__nand4_4)        0.09      52.03 f
  u_cp/u_bfeed/U131381/X (sky130_fd_sc_hd__buf_6)         0.17      52.20 f
  u_cp/u_bfeed/U12666/Y (sky130_fd_sc_hd__xnor2_4)        0.17      52.36 r
  u_cp/u_bfeed/U118529/Y (sky130_fd_sc_hd__o22ai_2)       0.10      52.47 f
  u_cp/u_bfeed/U123668/Y (sky130_fd_sc_hd__xnor2_1)       0.17      52.63 f
  u_cp/u_bfeed/U123667/Y (sky130_fd_sc_hd__xnor2_1)       0.20      52.83 r
  u_cp/u_bfeed/U166235/SUM (sky130_fd_sc_hd__fah_1)       0.33      53.16 r
  u_cp/u_bfeed/U125755/Y (sky130_fd_sc_hd__xnor2_1)       0.13      53.29 r
  u_cp/u_bfeed/U125754/Y (sky130_fd_sc_hd__xnor2_1)       0.15      53.44 r
  u_cp/u_bfeed/U166247/COUT (sky130_fd_sc_hd__fah_1)      0.39      53.84 r
  u_cp/u_bfeed/U12214/Y (sky130_fd_sc_hd__nor2_2)         0.06      53.90 f
  u_cp/u_bfeed/U22456/Y (sky130_fd_sc_hd__nor2_2)         0.13      54.03 r
  u_cp/u_bfeed/U32494/Y (sky130_fd_sc_hd__nand2_1)        0.08      54.11 f
  u_cp/u_bfeed/U22464/Y (sky130_fd_sc_hd__nor2_2)         0.11      54.21 r
  u_cp/u_bfeed/U12330/Y (sky130_fd_sc_hd__nand3_2)        0.10      54.32 f
  u_cp/u_bfeed/U22472/Y (sky130_fd_sc_hd__nand3_2)        0.10      54.42 r
  u_cp/u_bfeed/U12261/Y (sky130_fd_sc_hd__nand3_4)        0.10      54.51 f
  u_cp/u_bfeed/U12260/Y (sky130_fd_sc_hd__inv_6)          0.13      54.64 r
  u_cp/u_bfeed/U93092/Y (sky130_fd_sc_hd__inv_8)          0.07      54.72 f
  u_cp/u_bfeed/U12455/Y (sky130_fd_sc_hd__nor2_2)         0.07      54.79 r
  u_cp/u_bfeed/U30714/Y (sky130_fd_sc_hd__a21oi_1)        0.05      54.84 f
  u_cp/u_bfeed/U91362/X (sky130_fd_sc_hd__and2_4)         0.17      55.00 f
  u_cp/u_bfeed/U121998/Y (sky130_fd_sc_hd__a21oi_2)       0.12      55.12 r
  u_cp/u_bfeed/U25144/Y (sky130_fd_sc_hd__nand4_2)        0.09      55.21 f
  u_cp/u_bfeed/U26995/Y (sky130_fd_sc_hd__o21ai_2)        0.07      55.29 r
  u_cp/u_bfeed/U87600/Y (sky130_fd_sc_hd__inv_2)          0.06      55.35 f
  u_cp/u_bfeed/U93588/Y (sky130_fd_sc_hd__nand2_4)        0.11      55.46 r
  u_cp/u_bfeed/U93489/Y (sky130_fd_sc_hd__inv_2)          0.06      55.52 f
  u_cp/u_bfeed/U96704/Y (sky130_fd_sc_hd__nand2_4)        0.07      55.59 r
  u_cp/u_bfeed/U85461/Y (sky130_fd_sc_hd__nand2_8)        0.08      55.67 f
  u_cp/u_bfeed/U31556/Y (sky130_fd_sc_hd__inv_8)          0.08      55.75 r
  u_cp/u_bfeed/U85460/Y (sky130_fd_sc_hd__nand3_4)        0.09      55.84 f
  u_cp/u_bfeed/U97111/Y (sky130_fd_sc_hd__inv_8)          0.13      55.97 r
  u_cp/u_bfeed/U116275/Y (sky130_fd_sc_hd__nand3_2)       0.08      56.05 f
  u_cp/u_bfeed/U92285/Y (sky130_fd_sc_hd__nor2_2)         0.11      56.16 r
  u_cp/u_bfeed/U118702/X (sky130_fd_sc_hd__buf_6)         0.17      56.33 r
  u_cp/u_bfeed/U2320/Y (sky130_fd_sc_hd__nand2_1)         0.09      56.42 f
  u_cp/u_bfeed/U91686/Y (sky130_fd_sc_hd__nand4_4)        0.12      56.54 r
  u_cp/u_bfeed/U22425/X (sky130_fd_sc_hd__buf_6)          0.10      56.64 r
  u_cp/u_bfeed/U87394/Y (sky130_fd_sc_hd__nor2_2)         0.04      56.68 f
  u_cp/u_bfeed/U103171/Y (sky130_fd_sc_hd__nor2_1)        0.13      56.81 r
  u_cp/u_bfeed/U60776/Y (sky130_fd_sc_hd__nand2_1)        0.11      56.92 f
  u_cp/u_bfeed/U60774/Y (sky130_fd_sc_hd__o21ai_2)        0.15      57.07 r
  u_cp/u_bfeed/U123953/Y (sky130_fd_sc_hd__a21oi_2)       0.05      57.12 f
  u_cp/u_bfeed/U119627/X (sky130_fd_sc_hd__buf_6)         0.14      57.26 f
  u_cp/u_bfeed/U166800/Y (sky130_fd_sc_hd__o21ai_2)       0.11      57.38 r
  u_cp/u_bfeed/U166801/Y (sky130_fd_sc_hd__xnor2_1)       0.07      57.44 f
  u_cp/u_bfeed/U12253/Y (sky130_fd_sc_hd__nand2b_1)       0.10      57.55 r
  u_cp/u_bfeed/U85185/Y (sky130_fd_sc_hd__nand3_4)        0.10      57.65 f
  u_cp/u_bfeed/U85184/Y (sky130_fd_sc_hd__nor2_2)         0.10      57.75 r
  u_cp/u_bfeed/U23253/X (sky130_fd_sc_hd__buf_4)          0.13      57.88 r
  u_cp/u_bfeed/U23836/Y (sky130_fd_sc_hd__nand4_2)        0.09      57.97 f
  u_cp/u_bfeed/U23835/Y (sky130_fd_sc_hd__a21oi_2)        0.12      58.09 r
  u_cp/u_bfeed/U82920/Y (sky130_fd_sc_hd__nand2b_2)       0.13      58.22 r
  u_cp/u_bfeed/U108056/Y (sky130_fd_sc_hd__o22ai_2)       0.07      58.29 f
  u_cp/u_bfeed/U85073/Y (sky130_fd_sc_hd__o21ai_4)        0.19      58.49 r
  u_cp/u_bfeed/U84575/Y (sky130_fd_sc_hd__nand3_1)        0.09      58.57 f
  u_cp/u_bfeed/U116323/Y (sky130_fd_sc_hd__nand2_1)       0.08      58.66 r
  u_cp/u_bfeed/U126413/Y (sky130_fd_sc_hd__xnor2_1)       0.11      58.76 r
  u_cp/u_bfeed/U105418/Y (sky130_fd_sc_hd__nand2_1)       0.07      58.83 f
  u_cp/u_bfeed/U21521/Y (sky130_fd_sc_hd__nand3_2)        0.07      58.90 r
  u_cp/u_bfeed/U22438/Y (sky130_fd_sc_hd__nand4_2)        0.09      58.99 f
  u_cp/u_bfeed/U32315/Y (sky130_fd_sc_hd__inv_2)          0.11      59.11 r
  u_cp/u_bfeed/U23415/Y (sky130_fd_sc_hd__nand3_4)        0.13      59.23 f
  u_cp/u_bfeed/U26270/Y (sky130_fd_sc_hd__a22oi_2)        0.21      59.44 r
  u_cp/u_bfeed/U12264/Y (sky130_fd_sc_hd__nand2b_4)       0.08      59.53 f
  u_cp/u_bfeed/U1587/Y (sky130_fd_sc_hd__nand2_1)         0.10      59.63 r
  u_cp/u_bfeed/U92670/Y (sky130_fd_sc_hd__nand3_1)        0.08      59.70 f
  u_cp/u_bfeed/U130758/Y (sky130_fd_sc_hd__clkinv_1)      0.05      59.75 r
  u_cp/u_bfeed/U105412/Y (sky130_fd_sc_hd__nand4_1)       0.06      59.80 f
  u_cp/u_bfeed/U94212/Y (sky130_fd_sc_hd__nand2_1)        0.07      59.87 r
  u_cp/u_bfeed/U25531/Y (sky130_fd_sc_hd__nand3_2)        0.06      59.94 f
  u_cp/u_bfeed/U117531/X (sky130_fd_sc_hd__clkbuf_2)      0.12      60.06 f
  u_cp/u_bfeed/U121325/X (sky130_fd_sc_hd__buf_6)         0.13      60.18 f
  u_cp/u_bfeed/U167120/Y (sky130_fd_sc_hd__nand2_4)       0.05      60.23 r
  u_cp/u_bfeed/U30406/Y (sky130_fd_sc_hd__clkinv_1)       0.04      60.27 f
  u_cp/u_bfeed/U167121/Y (sky130_fd_sc_hd__nand2b_1)      0.14      60.41 f
  u_cp/u_bfeed/U116272/X (sky130_fd_sc_hd__a21o_1)        0.16      60.57 f
  u_cp/u_bfeed/U25749/Y (sky130_fd_sc_hd__nand2_1)        0.07      60.64 r
  u_cp/u_bfeed/U121319/Y (sky130_fd_sc_hd__nand3b_1)      0.07      60.71 f
  u_cp/u_bfeed/U118768/Y (sky130_fd_sc_hd__nand2_1)       0.07      60.78 r
  u_cp/u_bfeed/U118767/Y (sky130_fd_sc_hd__o21ai_2)       0.07      60.85 f
  u_cp/u_bfeed/U121789/Y (sky130_fd_sc_hd__o211ai_2)      0.15      61.00 r
  u_cp/u_bfeed/U84003/Y (sky130_fd_sc_hd__nand2_1)        0.06      61.05 f
  u_cp/u_bfeed/U14123/Y (sky130_fd_sc_hd__nand3_1)        0.06      61.11 r
  u_cp/u_bfeed/U59972/Y (sky130_fd_sc_hd__nand2_1)        0.06      61.17 f
  u_cp/u_bfeed/U92215/Y (sky130_fd_sc_hd__nand3_2)        0.06      61.23 r
  u_cp/u_bfeed/U12332/Y (sky130_fd_sc_hd__nand3_2)        0.06      61.30 f
  u_cp/u_bfeed/U15682/Y (sky130_fd_sc_hd__nand3_2)        0.06      61.36 r
  u_cp/u_bfeed/U26920/Y (sky130_fd_sc_hd__nand2_2)        0.07      61.43 f
  u_cp/u_bfeed/U27003/X (sky130_fd_sc_hd__clkbuf_1)       0.11      61.54 f
  u_cp/u_bfeed/U87663/Y (sky130_fd_sc_hd__nand2_1)        0.06      61.60 r
  u_cp/u_bfeed/U86171/X (sky130_fd_sc_hd__o21a_2)         0.14      61.74 r
  u_cp/u_bfeed/U92217/Y (sky130_fd_sc_hd__inv_2)          0.04      61.78 f
  u_cp/u_bfeed/U28485/Y (sky130_fd_sc_hd__nand4_4)        0.09      61.87 r
  u_cp/u_bfeed/U25141/Y (sky130_fd_sc_hd__nand2_4)        0.07      61.94 f
  u_cp/u_bfeed/U23574/Y (sky130_fd_sc_hd__inv_8)          0.08      62.02 r
  u_cp/u_bfeed/U25283/Y (sky130_fd_sc_hd__nand4_4)        0.11      62.13 f
  u_cp/u_bfeed/U16396/X (sky130_fd_sc_hd__buf_6)          0.16      62.29 f
  u_cp/u_bfeed/U18943/Y (sky130_fd_sc_hd__o22ai_4)        0.12      62.41 r
  u_cp/u_bfeed/U13741/Y (sky130_fd_sc_hd__nand2_4)        0.09      62.50 f
  u_cp/u_bfeed/U15253/Y (sky130_fd_sc_hd__nor2_4)         0.13      62.63 r
  u_cp/u_bfeed/U14898/Y (sky130_fd_sc_hd__nand2_4)        0.08      62.71 f
  u_cp/u_bfeed/U15267/Y (sky130_fd_sc_hd__nand2_4)        0.06      62.77 r
  u_cp/u_bfeed/U12331/Y (sky130_fd_sc_hd__inv_2)          0.04      62.81 f
  u_cp/u_bfeed/U84303/Y (sky130_fd_sc_hd__nand2_4)        0.06      62.87 r
  u_cp/u_bfeed/U17172/Y (sky130_fd_sc_hd__nand4_2)        0.13      63.00 f
  u_cp/u_bfeed/U26931/Y (sky130_fd_sc_hd__nand2_2)        0.10      63.10 r
  u_cp/u_bfeed/U26289/X (sky130_fd_sc_hd__buf_6)          0.10      63.20 r
  u_cp/u_bfeed/U1094/X (sky130_fd_sc_hd__clkbuf_1)        0.09      63.29 r
  u_cp/u_bfeed/U96608/Y (sky130_fd_sc_hd__nand2_2)        0.07      63.36 f
  u_cp/u_bfeed/U27603/Y (sky130_fd_sc_hd__xnor2_1)        0.18      63.55 r
  u_cp/u_bfeed/U30570/Y (sky130_fd_sc_hd__nand2b_1)       0.09      63.64 f
  u_cp/u_bfeed/U27004/Y (sky130_fd_sc_hd__clkinv_1)       0.05      63.68 r
  u_cp/u_bfeed/U12329/Y (sky130_fd_sc_hd__nand2b_1)       0.08      63.76 f
  u_cp/u_bfeed/U15826/Y (sky130_fd_sc_hd__o21ai_4)        0.19      63.95 r
  u_cp/u_bfeed/U12278/Y (sky130_fd_sc_hd__nand3_4)        0.11      64.06 f
  u_cp/u_bfeed/U12277/Y (sky130_fd_sc_hd__inv_4)          0.09      64.15 r
  u_cp/u_bfeed/U16017/X (sky130_fd_sc_hd__buf_12)         0.14      64.29 r
  u_cp/u_bfeed/U93477/Y (sky130_fd_sc_hd__nand2_4)        0.07      64.36 f
  u_cp/u_bfeed/U17218/Y (sky130_fd_sc_hd__nand2_4)        0.08      64.45 r
  u_cp/u_bfeed/U750/Y (sky130_fd_sc_hd__nand2_1)          0.10      64.55 f
  u_cp/u_bfeed/U101908/Y (sky130_fd_sc_hd__o21ai_2)       0.24      64.78 r
  u_cp/u_bfeed/U111631/Y (sky130_fd_sc_hd__nand2b_1)      0.07      64.86 f
  u_cp/u_bfeed/U111630/Y (sky130_fd_sc_hd__nand2_1)       0.06      64.92 r
  u_cp/u_bfeed/U129950/Y (sky130_fd_sc_hd__a21oi_1)       0.04      64.96 f
  u_cp/u_bfeed/U127750/Y (sky130_fd_sc_hd__a22oi_2)       0.16      65.12 r
  u_cp/u_bfeed/U15801/X (sky130_fd_sc_hd__o21a_4)         0.16      65.28 r
  u_cp/u_bfeed/U14579/Y (sky130_fd_sc_hd__nand2_2)        0.07      65.34 f
  u_cp/u_bfeed/U96749/Y (sky130_fd_sc_hd__nor2_4)         0.13      65.47 r
  u_cp/u_bfeed/U528/X (sky130_fd_sc_hd__buf_2)            0.15      65.62 r
  u_cp/u_bfeed/U510/Y (sky130_fd_sc_hd__nand2_1)          0.07      65.69 f
  u_cp/u_bfeed/U11454/Y (sky130_fd_sc_hd__inv_2)          0.05      65.74 r
  u_cp/u_bfeed/U121400/Y (sky130_fd_sc_hd__nand2_2)       0.06      65.80 f
  u_cp/u_bfeed/U23166/Y (sky130_fd_sc_hd__nor2_4)         0.10      65.90 r
  u_cp/u_bfeed/U23167/Y (sky130_fd_sc_hd__o21ai_2)        0.06      65.96 f
  u_cp/u_bfeed/U108190/Y (sky130_fd_sc_hd__a21oi_1)       0.10      66.07 r
  u_cp/u_bfeed/U119688/Y (sky130_fd_sc_hd__o21ai_1)       0.07      66.13 f
  u_cp/u_bfeed/U98198/Y (sky130_fd_sc_hd__a21oi_1)        0.14      66.27 r
  u_cp/u_bfeed/U17411/Y (sky130_fd_sc_hd__xnor2_1)        0.14      66.41 r
  u_cp/u_bfeed/U167532/Y (sky130_fd_sc_hd__nand2b_1)      0.13      66.54 r
  u_cp/u_bfeed/U23425/Y (sky130_fd_sc_hd__nand4_2)        0.12      66.67 f
  u_cp/u_bfeed/U23423/Y (sky130_fd_sc_hd__inv_4)          0.13      66.80 r
  u_cp/u_bfeed/U11455/Y (sky130_fd_sc_hd__inv_8)          0.06      66.86 f
  u_cp/u_bfeed/U28472/X (sky130_fd_sc_hd__buf_6)          0.11      66.97 f
  u_cp/u_bfeed/U93005/Y (sky130_fd_sc_hd__o211ai_2)       0.05      67.02 r
  u_cp/u_bfeed/U88751/Y (sky130_fd_sc_hd__nand4_2)        0.12      67.14 f
  u_cp/u_bfeed/U99571/X (sky130_fd_sc_hd__clkbuf_2)       0.14      67.29 f
  u_cp/u_bfeed/U11819/Y (sky130_fd_sc_hd__nand2_2)        0.11      67.40 r
  u_cp/u_bfeed/U12076/Y (sky130_fd_sc_hd__nand3_1)        0.08      67.48 f
  u_cp/u_bfeed/U24849/Y (sky130_fd_sc_hd__inv_1)          0.05      67.53 r
  u_cp/u_bfeed/U41489/Y (sky130_fd_sc_hd__nand3_1)        0.05      67.58 f
  u_cp/u_bfeed/U41488/Y (sky130_fd_sc_hd__nand2_1)        0.08      67.66 r
  u_cp/u_bfeed/U131773/Y (sky130_fd_sc_hd__nand2b_1)      0.06      67.72 f
  u_cp/u_bfeed/U59186/Y (sky130_fd_sc_hd__nor2_1)         0.09      67.81 r
  u_cp/u_bfeed/U24818/Y (sky130_fd_sc_hd__inv_1)          0.08      67.89 f
  u_cp/u_bfeed/U41464/Y (sky130_fd_sc_hd__inv_2)          0.13      68.02 r
  u_cp/u_bfeed/U212990/Y (sky130_fd_sc_hd__mux2i_1)       0.08      68.10 f
  u_cp/u_bfeed/row_reg[8][16]/D (sky130_fd_sc_hd__dfxtp_1)     0.00    68.10 f
  data arrival time                                                 68.10

  clock clk (rise edge)                                   1.00       1.00
  clock network delay (ideal)                             0.00       1.00
  u_cp/u_bfeed/row_reg[8][16]/CLK (sky130_fd_sc_hd__dfxtp_1)     0.00     1.00 r
  library setup time                                     -0.15       0.85
  data required time                                                 0.85
  --------------------------------------------------------------------------
  data required time                                                 0.85
  data arrival time                                                -68.10
  --------------------------------------------------------------------------
  slack (VIOLATED)                                                 -67.25


  Startpoint: u_cp/pos_base_reg[2]
              (rising edge-triggered flip-flop clocked by clk)
  Endpoint: u_cp/u_bfeed/row_reg[32][26]
            (rising edge-triggered flip-flop clocked by clk)
  Path Group: clk
  Path Type: max

  Point                                                   Incr       Path
  --------------------------------------------------------------------------
  clock clk (rise edge)                                   0.00       0.00
  clock network delay (ideal)                             0.00       0.00
  u_cp/pos_base_reg[2]/CLK (sky130_fd_sc_hd__dfxtp_4)     0.00 #     0.00 r
  u_cp/pos_base_reg[2]/Q (sky130_fd_sc_hd__dfxtp_4)       0.38       0.38 r
  u_cp/u_bfeed/pos_base[2] (kv_bfeed_MAX_N128)            0.00       0.38 r
  u_cp/u_bfeed/U85392/Y (sky130_fd_sc_hd__nand2_4)        0.07       0.45 f
  u_cp/u_bfeed/U13875/Y (sky130_fd_sc_hd__nand2_2)        0.06       0.52 r
  u_cp/u_bfeed/U18882/Y (sky130_fd_sc_hd__nand3_2)        0.05       0.57 f
  u_cp/u_bfeed/U18881/Y (sky130_fd_sc_hd__nand2_2)        0.07       0.64 r
  u_cp/u_bfeed/U24821/Y (sky130_fd_sc_hd__nand2_4)        0.06       0.70 f
  u_cp/u_bfeed/U24820/Y (sky130_fd_sc_hd__nand2_8)        0.09       0.80 r
  u_cp/u_bfeed/U81859/Y (sky130_fd_sc_hd__nand2_4)        0.06       0.86 f
  u_cp/u_bfeed/U79424/Y (sky130_fd_sc_hd__o21bai_2)       0.11       0.97 r
  u_cp/u_bfeed/U26533/Y (sky130_fd_sc_hd__nand2_2)        0.07       1.03 f
  u_cp/u_bfeed/U26532/X (sky130_fd_sc_hd__and2_4)         0.14       1.17 f
  u_cp/u_bfeed/U83281/Y (sky130_fd_sc_hd__nand4b_1)       0.08       1.25 r
  u_cp/u_bfeed/U22910/Y (sky130_fd_sc_hd__nand4_1)        0.09       1.34 f
  u_cp/u_bfeed/U83932/Y (sky130_fd_sc_hd__inv_2)          0.09       1.43 r
  u_cp/u_bfeed/U122113/Y (sky130_fd_sc_hd__inv_4)         0.05       1.48 f
  u_cp/u_bfeed/U28450/Y (sky130_fd_sc_hd__inv_12)         0.10       1.59 r
  u_cp/u_bfeed/U21360/Y (sky130_fd_sc_hd__nand2_8)        0.08       1.66 f
  u_cp/u_bfeed/U98384/Y (sky130_fd_sc_hd__nor2_2)         0.13       1.79 r
  u_cp/u_bfeed/U124855/X (sky130_fd_sc_hd__buf_6)         0.18       1.97 r
  u_cp/u_bfeed/U152820/Y (sky130_fd_sc_hd__o22ai_1)       0.10       2.07 f
  u_cp/u_bfeed/U152822/COUT (sky130_fd_sc_hd__fah_1)      0.39       2.45 f
  u_cp/u_bfeed/U78681/Y (sky130_fd_sc_hd__xnor2_1)        0.19       2.64 r
  u_cp/u_bfeed/U78619/Y (sky130_fd_sc_hd__xnor2_1)        0.15       2.79 r
  u_cp/u_bfeed/U152842/COUT (sky130_fd_sc_hd__fah_1)      0.39       3.19 r
  u_cp/u_bfeed/U25149/Y (sky130_fd_sc_hd__nand2_2)        0.06       3.25 f
  u_cp/u_bfeed/U25498/Y (sky130_fd_sc_hd__nand2_2)        0.06       3.31 r
  u_cp/u_bfeed/U25497/Y (sky130_fd_sc_hd__xnor2_1)        0.12       3.44 r
  u_cp/u_bfeed/U41223/Y (sky130_fd_sc_hd__xnor2_1)        0.17       3.60 r
  u_cp/u_bfeed/U47684/Y (sky130_fd_sc_hd__nor2_2)         0.06       3.67 f
  u_cp/u_bfeed/U11211/Y (sky130_fd_sc_hd__nor2_1)         0.12       3.79 r
  u_cp/u_bfeed/U85510/Y (sky130_fd_sc_hd__nand2_1)        0.07       3.86 f
  u_cp/u_bfeed/U127491/Y (sky130_fd_sc_hd__o21ai_1)       0.15       4.01 r
  u_cp/u_bfeed/U119605/Y (sky130_fd_sc_hd__a21oi_2)       0.05       4.07 f
  u_cp/u_bfeed/U119604/Y (sky130_fd_sc_hd__o21ai_2)       0.14       4.21 r
  u_cp/u_bfeed/U152889/Y (sky130_fd_sc_hd__xnor2_2)       0.15       4.36 r
  u_cp/u_bfeed/U129658/Y (sky130_fd_sc_hd__inv_2)         0.09       4.45 f
  u_cp/u_bfeed/U131845/Y (sky130_fd_sc_hd__nand2_8)       0.19       4.64 r
  u_cp/u_bfeed/U97112/Y (sky130_fd_sc_hd__nor2_4)         0.04       4.68 f
  u_cp/u_bfeed/U78103/Y (sky130_fd_sc_hd__inv_2)          0.06       4.74 r
  u_cp/u_bfeed/U20778/Y (sky130_fd_sc_hd__nand2_4)        0.08       4.82 f
  u_cp/u_bfeed/U152996/COUT (sky130_fd_sc_hd__fah_1)      0.33       5.16 f
  u_cp/u_bfeed/U152997/SUM (sky130_fd_sc_hd__fah_1)       0.33       5.48 r
  u_cp/u_bfeed/U124429/Y (sky130_fd_sc_hd__xnor2_1)       0.14       5.62 r
  u_cp/u_bfeed/U126048/Y (sky130_fd_sc_hd__xnor2_1)       0.13       5.75 r
  u_cp/u_bfeed/U153042/SUM (sky130_fd_sc_hd__fah_1)       0.28       6.03 f
  u_cp/u_bfeed/U125097/Y (sky130_fd_sc_hd__nand2b_4)      0.15       6.19 f
  u_cp/u_bfeed/U130884/Y (sky130_fd_sc_hd__nand2_2)       0.06       6.24 r
  u_cp/u_bfeed/U129756/Y (sky130_fd_sc_hd__inv_2)         0.04       6.28 f
  u_cp/u_bfeed/U124474/Y (sky130_fd_sc_hd__nand2_2)       0.05       6.32 r
  u_cp/u_bfeed/U125750/Y (sky130_fd_sc_hd__nand3_2)       0.07       6.39 f
  u_cp/u_bfeed/U153115/Y (sky130_fd_sc_hd__nand3_1)       0.06       6.45 r
  u_cp/u_bfeed/U123399/Y (sky130_fd_sc_hd__nand2_1)       0.06       6.51 f
  u_cp/u_bfeed/U153116/Y (sky130_fd_sc_hd__inv_2)         0.07       6.57 r
  u_cp/u_bfeed/U153117/Y (sky130_fd_sc_hd__nand2_4)       0.07       6.65 f
  u_cp/u_bfeed/U19389/Y (sky130_fd_sc_hd__inv_6)          0.10       6.75 r
  u_cp/u_bfeed/U99957/Y (sky130_fd_sc_hd__nand2_2)        0.05       6.80 f
  u_cp/u_bfeed/U21706/X (sky130_fd_sc_hd__o21a_4)         0.12       6.92 f
  u_cp/u_bfeed/U21705/Y (sky130_fd_sc_hd__nand2_4)        0.07       6.99 r
  u_cp/u_bfeed/U20758/Y (sky130_fd_sc_hd__inv_6)          0.06       7.04 f
  u_cp/u_bfeed/U77663/Y (sky130_fd_sc_hd__inv_4)          0.06       7.10 r
  u_cp/u_bfeed/U125901/Y (sky130_fd_sc_hd__nand2_4)       0.06       7.16 f
  u_cp/u_bfeed/U125900/Y (sky130_fd_sc_hd__xnor2_4)       0.19       7.35 r
  u_cp/u_bfeed/U25637/Y (sky130_fd_sc_hd__nand3_4)        0.13       7.48 f
  u_cp/u_bfeed/U25636/Y (sky130_fd_sc_hd__nor2_8)         0.14       7.63 r
  u_cp/u_bfeed/U153300/Y (sky130_fd_sc_hd__nand2_1)       0.08       7.70 f
  u_cp/u_bfeed/U17157/Y (sky130_fd_sc_hd__nand2_2)        0.07       7.77 r
  u_cp/u_bfeed/U93619/Y (sky130_fd_sc_hd__nand4_2)        0.12       7.89 f
  u_cp/u_bfeed/U94371/Y (sky130_fd_sc_hd__inv_4)          0.13       8.03 r
  u_cp/u_bfeed/U102105/Y (sky130_fd_sc_hd__inv_2)         0.05       8.07 f
  u_cp/u_bfeed/U25511/Y (sky130_fd_sc_hd__nand2_2)        0.05       8.12 r
  u_cp/u_bfeed/U25657/Y (sky130_fd_sc_hd__nand3_2)        0.07       8.19 f
  u_cp/u_bfeed/U19698/Y (sky130_fd_sc_hd__a21oi_4)        0.15       8.35 r
  u_cp/u_bfeed/U17111/Y (sky130_fd_sc_hd__nand2_2)        0.09       8.44 f
  u_cp/u_bfeed/U27016/Y (sky130_fd_sc_hd__o21ai_2)        0.14       8.58 r
  u_cp/u_bfeed/U127012/Y (sky130_fd_sc_hd__nand2_2)       0.08       8.66 f
  u_cp/u_bfeed/U87371/Y (sky130_fd_sc_hd__nand3_4)        0.14       8.80 r
  u_cp/u_bfeed/U17155/Y (sky130_fd_sc_hd__inv_6)          0.06       8.85 f
  u_cp/u_bfeed/U94522/Y (sky130_fd_sc_hd__nand2_4)        0.09       8.94 r
  u_cp/u_bfeed/U10714/Y (sky130_fd_sc_hd__inv_2)          0.05       9.00 f
  u_cp/u_bfeed/U20251/Y (sky130_fd_sc_hd__nand2_4)        0.05       9.05 r
  u_cp/u_bfeed/U32058/Y (sky130_fd_sc_hd__nand4_4)        0.09       9.14 f
  u_cp/u_bfeed/U83925/Y (sky130_fd_sc_hd__nand3_2)        0.09       9.23 r
  u_cp/u_bfeed/U97087/Y (sky130_fd_sc_hd__nand2_4)        0.09       9.32 f
  u_cp/u_bfeed/U153332/COUT (sky130_fd_sc_hd__fah_1)      0.35       9.67 f
  u_cp/u_bfeed/U131681/Y (sky130_fd_sc_hd__xnor2_1)       0.22       9.89 r
  u_cp/u_bfeed/U153334/SUM (sky130_fd_sc_hd__fah_1)       0.34      10.23 r
  u_cp/u_bfeed/U116726/Y (sky130_fd_sc_hd__inv_2)         0.05      10.28 f
  u_cp/u_bfeed/U16975/Y (sky130_fd_sc_hd__nand2b_4)       0.07      10.35 r
  u_cp/u_bfeed/U16227/Y (sky130_fd_sc_hd__nand3_4)        0.07      10.42 f
  u_cp/u_bfeed/U16226/Y (sky130_fd_sc_hd__nor2_4)         0.12      10.54 r
  u_cp/u_bfeed/U127274/Y (sky130_fd_sc_hd__nand4_1)       0.13      10.67 f
  u_cp/u_bfeed/U91144/Y (sky130_fd_sc_hd__nand2_4)        0.16      10.83 r
  u_cp/u_bfeed/U92739/Y (sky130_fd_sc_hd__nand2_2)        0.06      10.89 f
  u_cp/u_bfeed/U92568/Y (sky130_fd_sc_hd__o21ai_2)        0.07      10.96 r
  u_cp/u_bfeed/U91133/Y (sky130_fd_sc_hd__nand2_4)        0.08      11.04 f
  u_cp/u_bfeed/U99271/Y (sky130_fd_sc_hd__nand2_4)        0.07      11.11 r
  u_cp/u_bfeed/U99969/Y (sky130_fd_sc_hd__nand3_2)        0.06      11.17 f
  u_cp/u_bfeed/U16976/Y (sky130_fd_sc_hd__nand3_2)        0.06      11.23 r
  u_cp/u_bfeed/U21761/Y (sky130_fd_sc_hd__nand3_2)        0.07      11.30 f
  u_cp/u_bfeed/U93597/Y (sky130_fd_sc_hd__nand3_2)        0.10      11.40 r
  u_cp/u_bfeed/U94161/Y (sky130_fd_sc_hd__inv_4)          0.07      11.47 f
  u_cp/u_bfeed/U20856/Y (sky130_fd_sc_hd__nand2b_2)       0.21      11.68 f
  u_cp/u_bfeed/U90134/Y (sky130_fd_sc_hd__nand2_4)        0.13      11.81 r
  u_cp/u_bfeed/U23502/Y (sky130_fd_sc_hd__nand3_4)        0.14      11.95 f
  u_cp/u_bfeed/U23501/Y (sky130_fd_sc_hd__nor2_4)         0.20      12.15 r
  u_cp/u_bfeed/U20761/Y (sky130_fd_sc_hd__nand2_2)        0.05      12.20 f
  u_cp/u_bfeed/U16272/X (sky130_fd_sc_hd__o21a_2)         0.12      12.32 f
  u_cp/u_bfeed/U20745/Y (sky130_fd_sc_hd__nand4_4)        0.08      12.41 r
  u_cp/u_bfeed/U12101/Y (sky130_fd_sc_hd__nand2_1)        0.06      12.47 f
  u_cp/u_bfeed/U76316/Y (sky130_fd_sc_hd__o21ai_1)        0.15      12.62 r
  u_cp/u_bfeed/U127806/Y (sky130_fd_sc_hd__a21oi_2)       0.06      12.68 f
  u_cp/u_bfeed/U121259/Y (sky130_fd_sc_hd__o21ai_2)       0.19      12.87 r
  u_cp/u_bfeed/U121258/Y (sky130_fd_sc_hd__inv_2)         0.10      12.97 f
  u_cp/u_bfeed/U10444/Y (sky130_fd_sc_hd__o21ai_1)        0.15      13.11 r
  u_cp/u_bfeed/U153667/Y (sky130_fd_sc_hd__xnor2_1)       0.07      13.19 f
  u_cp/u_bfeed/U121315/Y (sky130_fd_sc_hd__nand2b_1)      0.06      13.25 r
  u_cp/u_bfeed/U92472/Y (sky130_fd_sc_hd__nand2_1)        0.05      13.30 f
  u_cp/u_bfeed/U90946/Y (sky130_fd_sc_hd__nor2_1)         0.09      13.39 r
  u_cp/u_bfeed/U119778/Y (sky130_fd_sc_hd__nand3_1)       0.09      13.47 f
  u_cp/u_bfeed/U131174/Y (sky130_fd_sc_hd__inv_2)         0.06      13.54 r
  u_cp/u_bfeed/U121685/Y (sky130_fd_sc_hd__nand2_2)       0.05      13.59 f
  u_cp/u_bfeed/U153746/Y (sky130_fd_sc_hd__nor2_2)        0.11      13.70 r
  u_cp/u_bfeed/U100438/Y (sky130_fd_sc_hd__nand3_1)       0.09      13.79 f
  u_cp/u_bfeed/U92771/Y (sky130_fd_sc_hd__nand2_1)        0.06      13.85 r
  u_cp/u_bfeed/U153773/Y (sky130_fd_sc_hd__nand4_1)       0.08      13.93 f
  u_cp/u_bfeed/U121192/Y (sky130_fd_sc_hd__nand2_1)       0.08      14.01 r
  u_cp/u_bfeed/U25485/Y (sky130_fd_sc_hd__nor2_2)         0.05      14.06 f
  u_cp/u_bfeed/U25484/Y (sky130_fd_sc_hd__o21ai_4)        0.13      14.19 r
  u_cp/u_bfeed/U119768/Y (sky130_fd_sc_hd__inv_2)         0.07      14.27 f
  u_cp/u_bfeed/U153802/Y (sky130_fd_sc_hd__o21ai_2)       0.12      14.38 r
  u_cp/u_bfeed/U131705/Y (sky130_fd_sc_hd__xnor2_1)       0.12      14.50 r
  u_cp/u_bfeed/U92763/Y (sky130_fd_sc_hd__nand2b_1)       0.08      14.58 f
  u_cp/u_bfeed/U92762/Y (sky130_fd_sc_hd__nand3_2)        0.07      14.64 r
  u_cp/u_bfeed/U86033/Y (sky130_fd_sc_hd__nand3_2)        0.06      14.70 f
  u_cp/u_bfeed/U91886/Y (sky130_fd_sc_hd__inv_2)          0.09      14.79 r
  u_cp/u_bfeed/U94571/Y (sky130_fd_sc_hd__nand3_4)        0.10      14.89 f
  u_cp/u_bfeed/U121154/Y (sky130_fd_sc_hd__nand2_2)       0.08      14.97 r
  u_cp/u_bfeed/U26469/Y (sky130_fd_sc_hd__nand3_2)        0.07      15.04 f
  u_cp/u_bfeed/U119408/Y (sky130_fd_sc_hd__inv_2)         0.06      15.10 r
  u_cp/u_bfeed/U127164/Y (sky130_fd_sc_hd__nand2_2)       0.05      15.14 f
  u_cp/u_bfeed/U88156/Y (sky130_fd_sc_hd__nand3_1)        0.07      15.21 r
  u_cp/u_bfeed/U119188/Y (sky130_fd_sc_hd__nand3_1)       0.06      15.28 f
  u_cp/u_bfeed/U119187/Y (sky130_fd_sc_hd__o21ai_1)       0.06      15.34 r
  u_cp/u_bfeed/U130082/Y (sky130_fd_sc_hd__nand4_1)       0.09      15.44 f
  u_cp/u_bfeed/U125899/Y (sky130_fd_sc_hd__nand2_2)       0.09      15.52 r
  u_cp/u_bfeed/U119693/Y (sky130_fd_sc_hd__inv_4)         0.07      15.59 f
  u_cp/u_bfeed/U100488/Y (sky130_fd_sc_hd__nand2_2)       0.08      15.68 r
  u_cp/u_bfeed/U126896/Y (sky130_fd_sc_hd__nand2_4)       0.08      15.76 f
  u_cp/u_bfeed/U24987/X (sky130_fd_sc_hd__buf_12)         0.14      15.90 f
  u_cp/u_bfeed/U119343/Y (sky130_fd_sc_hd__nand2_8)       0.06      15.96 r
  u_cp/u_bfeed/U56927/Y (sky130_fd_sc_hd__inv_4)          0.05      16.01 f
  u_cp/u_bfeed/U75555/Y (sky130_fd_sc_hd__nand2_1)        0.05      16.06 r
  u_cp/u_bfeed/U90537/Y (sky130_fd_sc_hd__nand4_1)        0.08      16.14 f
  u_cp/u_bfeed/U154323/Y (sky130_fd_sc_hd__inv_1)         0.08      16.22 r
  u_cp/u_bfeed/U154414/X (sky130_fd_sc_hd__o22a_1)        0.11      16.34 r
  u_cp/u_bfeed/U94077/X (sky130_fd_sc_hd__o21a_2)         0.16      16.49 r
  u_cp/u_bfeed/U13437/Y (sky130_fd_sc_hd__nand3_4)        0.09      16.58 f
  u_cp/u_bfeed/U115301/Y (sky130_fd_sc_hd__nor2_2)        0.12      16.70 r
  u_cp/u_bfeed/U28184/Y (sky130_fd_sc_hd__o21ai_2)        0.07      16.77 f
  u_cp/u_bfeed/U28183/Y (sky130_fd_sc_hd__a21oi_2)        0.14      16.91 r
  u_cp/u_bfeed/U15056/Y (sky130_fd_sc_hd__o21ai_2)        0.07      16.99 f
  u_cp/u_bfeed/U15055/X (sky130_fd_sc_hd__a21o_2)         0.23      17.22 f
  u_cp/u_bfeed/U20377/Y (sky130_fd_sc_hd__inv_4)          0.11      17.33 r
  u_cp/u_bfeed/U93002/Y (sky130_fd_sc_hd__o21ai_2)        0.06      17.40 f
  u_cp/u_bfeed/U154611/Y (sky130_fd_sc_hd__xnor2_1)       0.13      17.52 f
  u_cp/u_bfeed/U154781/Y (sky130_fd_sc_hd__o2bb2ai_1)     0.13      17.65 f
  u_cp/u_bfeed/U154782/Y (sky130_fd_sc_hd__a21oi_2)       0.17      17.82 r
  u_cp/u_bfeed/U100772/Y (sky130_fd_sc_hd__nand3_1)       0.09      17.91 f
  u_cp/u_bfeed/U99087/X (sky130_fd_sc_hd__o211a_1)        0.23      18.14 f
  u_cp/u_bfeed/U154803/Y (sky130_fd_sc_hd__o21ai_2)       0.07      18.22 r
  u_cp/u_bfeed/U154804/Y (sky130_fd_sc_hd__nor2_2)        0.07      18.29 f
  u_cp/u_bfeed/U20288/Y (sky130_fd_sc_hd__o21ai_4)        0.21      18.49 r
  u_cp/u_bfeed/U119013/Y (sky130_fd_sc_hd__xnor2_1)       0.13      18.63 r
  u_cp/u_bfeed/U88197/Y (sky130_fd_sc_hd__nand2_1)        0.06      18.69 f
  u_cp/u_bfeed/U129984/Y (sky130_fd_sc_hd__nand2_1)       0.06      18.75 r
  u_cp/u_bfeed/U129985/Y (sky130_fd_sc_hd__nand2_1)       0.05      18.79 f
  u_cp/u_bfeed/U75073/Y (sky130_fd_sc_hd__inv_1)          0.04      18.84 r
  u_cp/u_bfeed/U26919/Y (sky130_fd_sc_hd__nand4_1)        0.08      18.91 f
  u_cp/u_bfeed/U154830/Y (sky130_fd_sc_hd__clkinv_1)      0.07      18.99 r
  u_cp/u_bfeed/U95365/Y (sky130_fd_sc_hd__nand4_4)        0.10      19.09 f
  u_cp/u_bfeed/U24946/Y (sky130_fd_sc_hd__o21bai_2)       0.18      19.27 r
  u_cp/u_bfeed/U128736/Y (sky130_fd_sc_hd__inv_4)         0.08      19.35 f
  u_cp/u_bfeed/U127565/X (sky130_fd_sc_hd__o211a_2)       0.13      19.49 f
  u_cp/u_bfeed/U119012/Y (sky130_fd_sc_hd__o21bai_4)      0.19      19.68 f
  u_cp/u_bfeed/U132528/Y (sky130_fd_sc_hd__inv_2)         0.07      19.75 r
  u_cp/u_bfeed/U155113/Y (sky130_fd_sc_hd__mux2i_1)       0.20      19.95 r
  u_cp/u_bfeed/U128255/Y (sky130_fd_sc_hd__nand2b_4)      0.20      20.15 r
  u_cp/u_bfeed/U125921/Y (sky130_fd_sc_hd__nor2_4)        0.06      20.21 f
  u_cp/u_bfeed/U29030/Y (sky130_fd_sc_hd__nand2_1)        0.06      20.27 r
  u_cp/u_bfeed/U129754/Y (sky130_fd_sc_hd__o21ai_2)       0.05      20.33 f
  u_cp/u_bfeed/U155158/Y (sky130_fd_sc_hd__mux2i_1)       0.14      20.46 r
  u_cp/u_bfeed/U128261/Y (sky130_fd_sc_hd__nand3_2)       0.14      20.60 f
  u_cp/u_bfeed/U20757/X (sky130_fd_sc_hd__clkbuf_1)       0.13      20.73 f
  u_cp/u_bfeed/U124543/Y (sky130_fd_sc_hd__nand2_2)       0.07      20.80 r
  u_cp/u_bfeed/U128260/Y (sky130_fd_sc_hd__o21ai_2)       0.06      20.85 f
  u_cp/u_bfeed/U128259/Y (sky130_fd_sc_hd__a21oi_2)       0.12      20.97 r
  u_cp/u_bfeed/U127874/Y (sky130_fd_sc_hd__o21ai_2)       0.08      21.05 f
  u_cp/u_bfeed/U88737/X (sky130_fd_sc_hd__a21o_4)         0.23      21.28 f
  u_cp/u_bfeed/U88736/Y (sky130_fd_sc_hd__nand2b_2)       0.07      21.35 r
  u_cp/u_bfeed/U20427/Y (sky130_fd_sc_hd__nand2_2)        0.04      21.39 f
  u_cp/u_bfeed/U20426/Y (sky130_fd_sc_hd__xnor2_1)        0.12      21.52 f
  u_cp/u_bfeed/U132988/Y (sky130_fd_sc_hd__a22oi_2)       0.14      21.66 r
  u_cp/u_bfeed/U129083/Y (sky130_fd_sc_hd__nand2_2)       0.09      21.75 f
  u_cp/u_bfeed/U95024/Y (sky130_fd_sc_hd__nor2_4)         0.11      21.86 r
  u_cp/u_bfeed/U95023/Y (sky130_fd_sc_hd__nand2_2)        0.08      21.94 f
  u_cp/u_bfeed/U97105/Y (sky130_fd_sc_hd__inv_4)          0.09      22.02 r
  u_cp/u_bfeed/U23404/Y (sky130_fd_sc_hd__nand2_4)        0.06      22.08 f
  u_cp/u_bfeed/U121867/Y (sky130_fd_sc_hd__inv_4)         0.07      22.15 r
  u_cp/u_bfeed/U88157/Y (sky130_fd_sc_hd__nand2_2)        0.06      22.21 f
  u_cp/u_bfeed/U19690/Y (sky130_fd_sc_hd__nand3_4)        0.08      22.29 r
  u_cp/u_bfeed/U127657/Y (sky130_fd_sc_hd__nand2_4)       0.06      22.35 f
  u_cp/u_bfeed/U11597/Y (sky130_fd_sc_hd__o21ai_2)        0.15      22.50 r
  u_cp/u_bfeed/U93634/Y (sky130_fd_sc_hd__a21oi_4)        0.07      22.57 f
  u_cp/u_bfeed/U107600/Y (sky130_fd_sc_hd__o21ai_1)       0.16      22.72 r
  u_cp/u_bfeed/U155460/Y (sky130_fd_sc_hd__xnor2_1)       0.13      22.85 r
  u_cp/u_bfeed/U127490/Y (sky130_fd_sc_hd__nand2_1)       0.07      22.93 f
  u_cp/u_bfeed/U127878/Y (sky130_fd_sc_hd__nand2_1)       0.06      22.99 r
  u_cp/u_bfeed/U95061/X (sky130_fd_sc_hd__and2_4)         0.14      23.13 r
  u_cp/u_bfeed/U25778/Y (sky130_fd_sc_hd__nand3_4)        0.13      23.26 f
  u_cp/u_bfeed/U13728/Y (sky130_fd_sc_hd__inv_8)          0.12      23.38 r
  u_cp/u_bfeed/U21656/Y (sky130_fd_sc_hd__nand2_2)        0.05      23.43 f
  u_cp/u_bfeed/U118850/Y (sky130_fd_sc_hd__inv_2)         0.06      23.49 r
  u_cp/u_bfeed/U94268/Y (sky130_fd_sc_hd__nand2_1)        0.06      23.55 f
  u_cp/u_bfeed/U93300/Y (sky130_fd_sc_hd__a2bb2oi_2)      0.14      23.69 f
  u_cp/u_bfeed/U20202/Y (sky130_fd_sc_hd__o21ai_2)        0.14      23.83 r
  u_cp/u_bfeed/U15542/Y (sky130_fd_sc_hd__inv_1)          0.05      23.87 f
  u_cp/u_bfeed/U18942/Y (sky130_fd_sc_hd__nand2_1)        0.06      23.94 r
  u_cp/u_bfeed/U20110/Y (sky130_fd_sc_hd__o21ai_2)        0.08      24.01 f
  u_cp/u_bfeed/U99125/Y (sky130_fd_sc_hd__a21oi_4)        0.14      24.15 r
  u_cp/u_bfeed/U91366/X (sky130_fd_sc_hd__buf_6)          0.12      24.27 r
  u_cp/u_bfeed/U99123/Y (sky130_fd_sc_hd__nor2_2)         0.03      24.31 f
  u_cp/u_bfeed/U93209/Y (sky130_fd_sc_hd__nor2_2)         0.12      24.42 r
  u_cp/u_bfeed/U155719/Y (sky130_fd_sc_hd__nand2_1)       0.08      24.50 f
  u_cp/u_bfeed/U20157/Y (sky130_fd_sc_hd__o21ai_1)        0.15      24.65 r
  u_cp/u_bfeed/U94215/Y (sky130_fd_sc_hd__a21oi_2)        0.05      24.70 f
  u_cp/u_bfeed/U94214/Y (sky130_fd_sc_hd__inv_2)          0.11      24.81 r
  u_cp/u_bfeed/U13725/Y (sky130_fd_sc_hd__inv_6)          0.05      24.86 f
  u_cp/u_bfeed/U9198/Y (sky130_fd_sc_hd__o21ai_1)         0.13      24.99 r
  u_cp/u_bfeed/U155819/Y (sky130_fd_sc_hd__xnor2_1)       0.09      25.08 f
  u_cp/u_bfeed/U14020/Y (sky130_fd_sc_hd__a21oi_2)        0.16      25.23 r
  u_cp/u_bfeed/U19706/X (sky130_fd_sc_hd__buf_2)          0.13      25.36 r
  u_cp/u_bfeed/U18429/X (sky130_fd_sc_hd__and2_1)         0.10      25.47 r
  u_cp/u_bfeed/U20111/X (sky130_fd_sc_hd__and2_4)         0.15      25.62 r
  u_cp/u_bfeed/U19739/Y (sky130_fd_sc_hd__nand2_4)        0.05      25.68 f
  u_cp/u_bfeed/U96735/Y (sky130_fd_sc_hd__nor2_4)         0.11      25.79 r
  u_cp/u_bfeed/U94167/Y (sky130_fd_sc_hd__nor2_4)         0.05      25.83 f
  u_cp/u_bfeed/U114150/Y (sky130_fd_sc_hd__a21oi_2)       0.09      25.93 r
  u_cp/u_bfeed/U121183/Y (sky130_fd_sc_hd__o21ai_1)       0.07      26.00 f
  u_cp/u_bfeed/U128887/Y (sky130_fd_sc_hd__a21oi_2)       0.15      26.15 r
  u_cp/u_bfeed/U129403/Y (sky130_fd_sc_hd__xnor2_1)       0.09      26.24 f
  u_cp/u_bfeed/U110807/Y (sky130_fd_sc_hd__o21ai_2)       0.16      26.40 r
  u_cp/u_bfeed/U98141/Y (sky130_fd_sc_hd__nand3_4)        0.12      26.52 f
  u_cp/u_bfeed/U21660/Y (sky130_fd_sc_hd__o21bai_4)       0.21      26.73 r
  u_cp/u_bfeed/U99311/Y (sky130_fd_sc_hd__inv_8)          0.10      26.83 f
  u_cp/u_bfeed/U121286/Y (sky130_fd_sc_hd__nand2_4)       0.07      26.91 r
  u_cp/u_bfeed/U19745/X (sky130_fd_sc_hd__o21a_4)         0.15      27.05 r
  u_cp/u_bfeed/U116403/Y (sky130_fd_sc_hd__inv_4)         0.05      27.11 f
  u_cp/u_bfeed/U156170/COUT (sky130_fd_sc_hd__fah_1)      0.35      27.45 f
  u_cp/u_bfeed/U130087/Y (sky130_fd_sc_hd__o21ai_2)       0.15      27.61 r
  u_cp/u_bfeed/U125261/Y (sky130_fd_sc_hd__nand2_2)       0.08      27.69 f
  u_cp/u_bfeed/U126252/Y (sky130_fd_sc_hd__o21ai_2)       0.06      27.75 r
  u_cp/u_bfeed/U130083/Y (sky130_fd_sc_hd__o21ai_2)       0.08      27.83 f
  u_cp/u_bfeed/U110483/Y (sky130_fd_sc_hd__xnor2_1)       0.13      27.96 f
  u_cp/u_bfeed/U126346/Y (sky130_fd_sc_hd__xnor2_1)       0.19      28.15 r
  u_cp/u_bfeed/U99316/Y (sky130_fd_sc_hd__nand2b_4)       0.17      28.32 r
  u_cp/u_bfeed/U25514/Y (sky130_fd_sc_hd__nand2_2)        0.06      28.38 f
  u_cp/u_bfeed/U131246/Y (sky130_fd_sc_hd__nor2_1)        0.12      28.50 r
  u_cp/u_bfeed/U130757/Y (sky130_fd_sc_hd__nand4_2)       0.13      28.63 f
  u_cp/u_bfeed/U100155/Y (sky130_fd_sc_hd__nand3_4)       0.12      28.75 r
  u_cp/u_bfeed/U100156/Y (sky130_fd_sc_hd__inv_8)         0.07      28.82 f
  u_cp/u_bfeed/U20762/Y (sky130_fd_sc_hd__inv_2)          0.07      28.89 r
  u_cp/u_bfeed/U83132/Y (sky130_fd_sc_hd__nand2_2)        0.04      28.93 f
  u_cp/u_bfeed/U25815/Y (sky130_fd_sc_hd__o21ai_2)        0.06      28.99 r
  u_cp/u_bfeed/U21515/Y (sky130_fd_sc_hd__nand4_2)        0.11      29.10 f
  u_cp/u_bfeed/U97031/Y (sky130_fd_sc_hd__inv_2)          0.10      29.20 r
  u_cp/u_bfeed/U28432/Y (sky130_fd_sc_hd__nand3_4)        0.10      29.30 f
  u_cp/u_bfeed/U97358/Y (sky130_fd_sc_hd__nand2_4)        0.14      29.44 r
  u_cp/u_bfeed/U22390/Y (sky130_fd_sc_hd__inv_6)          0.07      29.51 f
  u_cp/u_bfeed/U86336/Y (sky130_fd_sc_hd__nand2_4)        0.06      29.57 r
  u_cp/u_bfeed/U21881/Y (sky130_fd_sc_hd__o21ai_4)        0.07      29.64 f
  u_cp/u_bfeed/U86993/Y (sky130_fd_sc_hd__o21ai_4)        0.15      29.79 r
  u_cp/u_bfeed/U22301/Y (sky130_fd_sc_hd__o21ai_1)        0.10      29.88 f
  u_cp/u_bfeed/U93266/Y (sky130_fd_sc_hd__inv_2)          0.07      29.96 r
  u_cp/u_bfeed/U122817/Y (sky130_fd_sc_hd__o21ai_2)       0.06      30.02 f
  u_cp/u_bfeed/U115359/Y (sky130_fd_sc_hd__nand2b_4)      0.15      30.17 f
  u_cp/u_bfeed/U82212/Y (sky130_fd_sc_hd__a22oi_4)        0.13      30.30 r
  u_cp/u_bfeed/U26974/Y (sky130_fd_sc_hd__o21ai_2)        0.06      30.36 f
  u_cp/u_bfeed/U129816/Y (sky130_fd_sc_hd__nand2b_1)      0.06      30.42 r
  u_cp/u_bfeed/U126110/X (sky130_fd_sc_hd__and3_4)        0.18      30.59 r
  u_cp/u_bfeed/U23394/Y (sky130_fd_sc_hd__nand3_4)        0.16      30.76 f
  u_cp/u_bfeed/U23393/Y (sky130_fd_sc_hd__inv_2)          0.11      30.86 r
  u_cp/u_bfeed/U96871/Y (sky130_fd_sc_hd__nand2b_1)       0.05      30.91 f
  u_cp/u_bfeed/U96872/Y (sky130_fd_sc_hd__nand2_1)        0.06      30.98 r
  u_cp/u_bfeed/U22483/Y (sky130_fd_sc_hd__nand3_2)        0.10      31.07 f
  u_cp/u_bfeed/U101576/Y (sky130_fd_sc_hd__nand2_1)       0.10      31.17 r
  u_cp/u_bfeed/U83714/Y (sky130_fd_sc_hd__nand2_2)        0.10      31.27 f
  u_cp/u_bfeed/U81867/Y (sky130_fd_sc_hd__nand3_4)        0.14      31.41 r
  u_cp/u_bfeed/U21632/Y (sky130_fd_sc_hd__nand2_4)        0.08      31.49 f
  u_cp/u_bfeed/U21364/Y (sky130_fd_sc_hd__xnor2_4)        0.13      31.62 f
  u_cp/u_bfeed/U96062/Y (sky130_fd_sc_hd__nand2b_4)       0.10      31.73 r
  u_cp/u_bfeed/U92703/Y (sky130_fd_sc_hd__inv_2)          0.03      31.76 f
  u_cp/u_bfeed/U96061/Y (sky130_fd_sc_hd__nor2_1)         0.07      31.83 r
  u_cp/u_bfeed/U92202/X (sky130_fd_sc_hd__and2_4)         0.16      31.99 r
  u_cp/u_bfeed/U90539/Y (sky130_fd_sc_hd__nand3_2)        0.06      32.05 f
  u_cp/u_bfeed/U8433/Y (sky130_fd_sc_hd__o21ai_1)         0.14      32.19 r
  u_cp/u_bfeed/U19183/Y (sky130_fd_sc_hd__a21oi_2)        0.05      32.23 f
  u_cp/u_bfeed/U91193/Y (sky130_fd_sc_hd__nand4_2)        0.10      32.33 r
  u_cp/u_bfeed/U8363/Y (sky130_fd_sc_hd__nor2_1)          0.07      32.40 f
  u_cp/u_bfeed/U26947/Y (sky130_fd_sc_hd__o21ai_2)        0.15      32.56 r
  u_cp/u_bfeed/U25615/Y (sky130_fd_sc_hd__nand2_2)        0.06      32.62 f
  u_cp/u_bfeed/U90570/Y (sky130_fd_sc_hd__nor2_2)         0.15      32.77 r
  u_cp/u_bfeed/U125412/Y (sky130_fd_sc_hd__inv_2)         0.06      32.83 f
  u_cp/u_bfeed/U26502/Y (sky130_fd_sc_hd__nand2b_4)       0.07      32.90 r
  u_cp/u_bfeed/U99644/Y (sky130_fd_sc_hd__a21oi_2)        0.06      32.96 f
  u_cp/u_bfeed/U93208/Y (sky130_fd_sc_hd__o21ai_2)        0.12      33.08 r
  u_cp/u_bfeed/U156563/Y (sky130_fd_sc_hd__xnor2_1)       0.08      33.16 f
  u_cp/u_bfeed/U115610/Y (sky130_fd_sc_hd__o21ai_1)       0.11      33.27 r
  u_cp/u_bfeed/U19767/Y (sky130_fd_sc_hd__o21bai_2)       0.13      33.40 r
  u_cp/u_bfeed/U24173/Y (sky130_fd_sc_hd__nand3_2)        0.09      33.48 f
  u_cp/u_bfeed/U24172/Y (sky130_fd_sc_hd__inv_2)          0.06      33.54 r
  u_cp/u_bfeed/U13993/Y (sky130_fd_sc_hd__nand4_2)        0.07      33.61 f
  u_cp/u_bfeed/U21724/Y (sky130_fd_sc_hd__nor2_2)         0.12      33.74 r
  u_cp/u_bfeed/U119053/Y (sky130_fd_sc_hd__nand2_1)       0.05      33.79 f
  u_cp/u_bfeed/U122026/Y (sky130_fd_sc_hd__nand2_1)       0.06      33.85 r
  u_cp/u_bfeed/U93273/Y (sky130_fd_sc_hd__nand3_2)        0.07      33.92 f
  u_cp/u_bfeed/U95369/Y (sky130_fd_sc_hd__o21ai_4)        0.09      34.01 r
  u_cp/u_bfeed/U14673/Y (sky130_fd_sc_hd__nand2b_4)       0.19      34.19 r
  u_cp/u_bfeed/U20753/Y (sky130_fd_sc_hd__inv_2)          0.08      34.27 f
  u_cp/u_bfeed/U39742/Y (sky130_fd_sc_hd__nand2_1)        0.06      34.33 r
  u_cp/u_bfeed/U12945/Y (sky130_fd_sc_hd__nand4_1)        0.10      34.43 f
  u_cp/u_bfeed/U12944/Y (sky130_fd_sc_hd__nand2_1)        0.07      34.50 r
  u_cp/u_bfeed/U16492/Y (sky130_fd_sc_hd__nand2b_1)       0.05      34.54 f
  u_cp/u_bfeed/U70809/Y (sky130_fd_sc_hd__nor2_1)         0.12      34.66 r
  u_cp/u_bfeed/U90866/Y (sky130_fd_sc_hd__o21ai_2)        0.07      34.73 f
  u_cp/u_bfeed/U7988/Y (sky130_fd_sc_hd__nand2_2)         0.08      34.81 r
  u_cp/u_bfeed/U7968/Y (sky130_fd_sc_hd__inv_2)           0.07      34.88 f
  u_cp/u_bfeed/U126119/X (sky130_fd_sc_hd__buf_12)        0.15      35.03 f
  u_cp/u_bfeed/U13199/Y (sky130_fd_sc_hd__xnor2_4)        0.19      35.22 r
  u_cp/u_bfeed/U13813/Y (sky130_fd_sc_hd__xnor2_2)        0.14      35.36 r
  u_cp/u_bfeed/U121990/Y (sky130_fd_sc_hd__inv_2)         0.05      35.41 f
  u_cp/u_bfeed/U20118/Y (sky130_fd_sc_hd__xnor2_1)        0.17      35.58 r
  u_cp/u_bfeed/U87678/Y (sky130_fd_sc_hd__xnor2_1)        0.15      35.73 r
  u_cp/u_bfeed/U91373/Y (sky130_fd_sc_hd__inv_1)          0.05      35.78 f
  u_cp/u_bfeed/U45231/Y (sky130_fd_sc_hd__nand2_1)        0.06      35.85 r
  u_cp/u_bfeed/U45217/Y (sky130_fd_sc_hd__nand3_1)        0.06      35.91 f
  u_cp/u_bfeed/U14930/Y (sky130_fd_sc_hd__nand2b_1)       0.08      35.99 r
  u_cp/u_bfeed/U15860/Y (sky130_fd_sc_hd__nand2_1)        0.06      36.05 f
  u_cp/u_bfeed/U13718/Y (sky130_fd_sc_hd__nand3_2)        0.09      36.14 r
  u_cp/u_bfeed/U13845/Y (sky130_fd_sc_hd__nand2_4)        0.07      36.22 f
  u_cp/u_bfeed/U88424/Y (sky130_fd_sc_hd__nand2_4)        0.07      36.29 r
  u_cp/u_bfeed/U84102/X (sky130_fd_sc_hd__buf_6)          0.09      36.38 r
  u_cp/u_bfeed/U84699/Y (sky130_fd_sc_hd__inv_2)          0.02      36.40 f
  u_cp/u_bfeed/U18973/Y (sky130_fd_sc_hd__nand2_2)        0.04      36.45 r
  u_cp/u_bfeed/U18972/Y (sky130_fd_sc_hd__nand4_1)        0.06      36.51 f
  u_cp/u_bfeed/U33352/Y (sky130_fd_sc_hd__nand3_1)        0.08      36.59 r
  u_cp/u_bfeed/U36107/X (sky130_fd_sc_hd__xor2_1)         0.17      36.76 r
  u_cp/u_bfeed/U85411/Y (sky130_fd_sc_hd__nand2b_4)       0.16      36.92 r
  u_cp/u_bfeed/U21825/Y (sky130_fd_sc_hd__nand2_4)        0.06      36.98 f
  u_cp/u_bfeed/U82056/Y (sky130_fd_sc_hd__nand2_8)        0.15      37.13 r
  u_cp/u_bfeed/U31447/Y (sky130_fd_sc_hd__inv_12)         0.08      37.21 f
  u_cp/u_bfeed/U15051/Y (sky130_fd_sc_hd__xnor2_2)        0.14      37.35 f
  u_cp/u_bfeed/U85077/Y (sky130_fd_sc_hd__o22ai_2)        0.18      37.53 r
  u_cp/u_bfeed/U12579/X (sky130_fd_sc_hd__and2_1)         0.15      37.68 r
  u_cp/u_bfeed/U12578/Y (sky130_fd_sc_hd__nand2b_4)       0.11      37.79 r
  u_cp/u_bfeed/U163234/SUM (sky130_fd_sc_hd__fah_1)       0.42      38.21 r
  u_cp/u_bfeed/U88114/Y (sky130_fd_sc_hd__inv_2)          0.05      38.26 f
  u_cp/u_bfeed/U93487/Y (sky130_fd_sc_hd__o21ai_2)        0.15      38.41 r
  u_cp/u_bfeed/U93486/Y (sky130_fd_sc_hd__xnor2_1)        0.14      38.55 r
  u_cp/u_bfeed/U97493/Y (sky130_fd_sc_hd__xnor2_1)        0.15      38.70 r
  u_cp/u_bfeed/U86280/Y (sky130_fd_sc_hd__nand2b_4)       0.17      38.87 r
  u_cp/u_bfeed/U15784/Y (sky130_fd_sc_hd__nand2_4)        0.05      38.92 f
  u_cp/u_bfeed/U15783/Y (sky130_fd_sc_hd__nor2_4)         0.09      39.01 r
  u_cp/u_bfeed/U83781/Y (sky130_fd_sc_hd__nand2_2)        0.07      39.08 f
  u_cp/u_bfeed/U22391/Y (sky130_fd_sc_hd__nor2_2)         0.13      39.21 r
  u_cp/u_bfeed/U23251/Y (sky130_fd_sc_hd__nand3_2)        0.08      39.29 f
  u_cp/u_bfeed/U22907/Y (sky130_fd_sc_hd__nand3_2)        0.07      39.36 r
  u_cp/u_bfeed/U22906/Y (sky130_fd_sc_hd__xnor2_1)        0.12      39.48 r
  u_cp/u_bfeed/U163636/Y (sky130_fd_sc_hd__inv_2)         0.07      39.55 f
  u_cp/u_bfeed/U122114/Y (sky130_fd_sc_hd__inv_4)         0.09      39.64 r
  u_cp/u_bfeed/U24811/Y (sky130_fd_sc_hd__inv_4)          0.06      39.69 f
  u_cp/u_bfeed/U94299/Y (sky130_fd_sc_hd__o21ai_2)        0.11      39.81 r
  u_cp/u_bfeed/U131716/Y (sky130_fd_sc_hd__a21oi_2)       0.05      39.86 f
  u_cp/u_bfeed/U128357/Y (sky130_fd_sc_hd__nand2b_4)      0.08      39.94 r
  u_cp/u_bfeed/U83904/Y (sky130_fd_sc_hd__nand2_4)        0.08      40.02 f
  u_cp/u_bfeed/U16831/Y (sky130_fd_sc_hd__nand2_2)        0.07      40.09 r
  u_cp/u_bfeed/U18638/Y (sky130_fd_sc_hd__nand3_2)        0.06      40.15 f
  u_cp/u_bfeed/U98155/Y (sky130_fd_sc_hd__inv_2)          0.06      40.22 r
  u_cp/u_bfeed/U85878/Y (sky130_fd_sc_hd__nand3_2)        0.07      40.29 f
  u_cp/u_bfeed/U84985/Y (sky130_fd_sc_hd__nand3_4)        0.13      40.42 r
  u_cp/u_bfeed/U13307/Y (sky130_fd_sc_hd__inv_8)          0.07      40.50 f
  u_cp/u_bfeed/U17591/Y (sky130_fd_sc_hd__inv_12)         0.12      40.62 r
  u_cp/u_bfeed/U24709/Y (sky130_fd_sc_hd__nand4_1)        0.15      40.77 f
  u_cp/u_bfeed/U99108/Y (sky130_fd_sc_hd__nand2_4)        0.18      40.96 r
  u_cp/u_bfeed/U18862/Y (sky130_fd_sc_hd__nand2_8)        0.10      41.06 f
  u_cp/u_bfeed/U99128/Y (sky130_fd_sc_hd__nor2_8)         0.23      41.29 r
  u_cp/u_bfeed/U21596/Y (sky130_fd_sc_hd__nand2_2)        0.10      41.39 f
  u_cp/u_bfeed/U13064/Y (sky130_fd_sc_hd__nand4_4)        0.18      41.56 r
  u_cp/u_bfeed/U13063/Y (sky130_fd_sc_hd__inv_4)          0.06      41.63 f
  u_cp/u_bfeed/U18644/Y (sky130_fd_sc_hd__nor2_8)         0.10      41.73 r
  u_cp/u_bfeed/U118415/Y (sky130_fd_sc_hd__o21ai_2)       0.07      41.79 f
  u_cp/u_bfeed/U88772/Y (sky130_fd_sc_hd__a21oi_2)        0.12      41.91 r
  u_cp/u_bfeed/U91459/Y (sky130_fd_sc_hd__o21ai_2)        0.08      41.99 f
  u_cp/u_bfeed/U128629/Y (sky130_fd_sc_hd__inv_2)         0.13      42.12 r
  u_cp/u_bfeed/U164141/Y (sky130_fd_sc_hd__o21ai_2)       0.07      42.18 f
  u_cp/u_bfeed/U164142/Y (sky130_fd_sc_hd__xnor2_1)       0.13      42.31 f
  u_cp/u_bfeed/U124033/Y (sky130_fd_sc_hd__nand2_2)       0.07      42.38 r
  u_cp/u_bfeed/U18499/Y (sky130_fd_sc_hd__nand3_4)        0.07      42.46 f
  u_cp/u_bfeed/U18498/Y (sky130_fd_sc_hd__nor2_4)         0.14      42.60 r
  u_cp/u_bfeed/U92211/Y (sky130_fd_sc_hd__nand3_4)        0.10      42.70 f
  u_cp/u_bfeed/U118145/Y (sky130_fd_sc_hd__nor2_4)        0.13      42.83 r
  u_cp/u_bfeed/U118144/Y (sky130_fd_sc_hd__nand2_1)       0.06      42.89 f
  u_cp/u_bfeed/U127410/Y (sky130_fd_sc_hd__nand2_1)       0.05      42.94 r
  u_cp/u_bfeed/U127328/Y (sky130_fd_sc_hd__nand2b_1)      0.06      43.00 f
  u_cp/u_bfeed/U127808/Y (sky130_fd_sc_hd__nand2_2)       0.08      43.08 r
  u_cp/u_bfeed/U164280/Y (sky130_fd_sc_hd__nand2_2)       0.05      43.13 f
  u_cp/u_bfeed/U115596/X (sky130_fd_sc_hd__o21a_1)        0.20      43.32 f
  u_cp/u_bfeed/U127165/Y (sky130_fd_sc_hd__o21ai_2)       0.07      43.40 r
  u_cp/u_bfeed/U121854/Y (sky130_fd_sc_hd__a21oi_4)       0.06      43.46 f
  u_cp/u_bfeed/U125072/Y (sky130_fd_sc_hd__o21ai_2)       0.12      43.58 r
  u_cp/u_bfeed/U164287/Y (sky130_fd_sc_hd__xnor2_1)       0.12      43.70 r
  u_cp/u_bfeed/U96994/X (sky130_fd_sc_hd__a21o_1)         0.14      43.84 r
  u_cp/u_bfeed/U94290/Y (sky130_fd_sc_hd__nand4_2)        0.12      43.96 f
  u_cp/u_bfeed/U14162/X (sky130_fd_sc_hd__and2_4)         0.20      44.16 f
  u_cp/u_bfeed/U97727/Y (sky130_fd_sc_hd__inv_8)          0.10      44.26 r
  u_cp/u_bfeed/U18626/Y (sky130_fd_sc_hd__nor2_4)         0.04      44.30 f
  u_cp/u_bfeed/U89707/Y (sky130_fd_sc_hd__nor3_4)         0.27      44.57 r
  u_cp/u_bfeed/U89706/Y (sky130_fd_sc_hd__nor2_8)         0.12      44.69 f
  u_cp/u_bfeed/U89705/Y (sky130_fd_sc_hd__xnor2_4)        0.16      44.85 f
  u_cp/u_bfeed/U89704/Y (sky130_fd_sc_hd__o22ai_4)        0.11      44.97 r
  u_cp/u_bfeed/U164734/SUM (sky130_fd_sc_hd__fah_1)       0.28      45.25 r
  u_cp/u_bfeed/U164753/SUM (sky130_fd_sc_hd__fah_1)       0.27      45.52 f
  u_cp/u_bfeed/U164756/SUM (sky130_fd_sc_hd__fah_1)       0.32      45.84 f
  u_cp/u_bfeed/U124687/Y (sky130_fd_sc_hd__xnor2_1)       0.14      45.97 f
  u_cp/u_bfeed/U99093/Y (sky130_fd_sc_hd__xnor2_1)        0.20      46.17 r
  u_cp/u_bfeed/U15041/Y (sky130_fd_sc_hd__nor2_2)         0.05      46.22 f
  u_cp/u_bfeed/U118413/Y (sky130_fd_sc_hd__o21ai_1)       0.12      46.34 r
  u_cp/u_bfeed/U118412/Y (sky130_fd_sc_hd__a21oi_1)       0.06      46.40 f
  u_cp/u_bfeed/U128672/Y (sky130_fd_sc_hd__nand2b_1)      0.14      46.54 f
  u_cp/u_bfeed/U12334/Y (sky130_fd_sc_hd__nand3_2)        0.06      46.60 r
  u_cp/u_bfeed/U16486/Y (sky130_fd_sc_hd__nor2_2)         0.04      46.64 f
  u_cp/u_bfeed/U16485/Y (sky130_fd_sc_hd__o21ai_1)        0.12      46.76 r
  u_cp/u_bfeed/U15712/Y (sky130_fd_sc_hd__nand3_1)        0.09      46.86 f
  u_cp/u_bfeed/U88637/Y (sky130_fd_sc_hd__nand3_2)        0.10      46.95 r
  u_cp/u_bfeed/U88636/Y (sky130_fd_sc_hd__xnor2_2)        0.11      47.06 r
  u_cp/u_bfeed/U101749/Y (sky130_fd_sc_hd__inv_2)         0.08      47.15 f
  u_cp/u_bfeed/U101748/Y (sky130_fd_sc_hd__inv_8)         0.12      47.27 r
  u_cp/u_bfeed/U13266/Y (sky130_fd_sc_hd__inv_6)          0.06      47.33 f
  u_cp/u_bfeed/U13717/Y (sky130_fd_sc_hd__inv_8)          0.08      47.40 r
  u_cp/u_bfeed/U97273/Y (sky130_fd_sc_hd__o21ai_4)        0.06      47.46 f
  u_cp/u_bfeed/U22962/Y (sky130_fd_sc_hd__nand2_4)        0.08      47.54 r
  u_cp/u_bfeed/U97725/Y (sky130_fd_sc_hd__nand2_4)        0.07      47.61 f
  u_cp/u_bfeed/U4359/Y (sky130_fd_sc_hd__nor2_2)          0.15      47.76 r
  u_cp/u_bfeed/U96339/Y (sky130_fd_sc_hd__o21ai_4)        0.08      47.85 f
  u_cp/u_bfeed/U18659/Y (sky130_fd_sc_hd__a21oi_4)        0.17      48.02 r
  u_cp/u_bfeed/U18658/Y (sky130_fd_sc_hd__o21ai_1)        0.09      48.11 f
  u_cp/u_bfeed/U96338/Y (sky130_fd_sc_hd__xnor2_1)        0.12      48.23 f
  u_cp/u_bfeed/U115732/Y (sky130_fd_sc_hd__nand2_1)       0.07      48.30 r
  u_cp/u_bfeed/U18648/Y (sky130_fd_sc_hd__nand2_2)        0.07      48.37 f
  u_cp/u_bfeed/U18647/Y (sky130_fd_sc_hd__inv_2)          0.05      48.42 r
  u_cp/u_bfeed/U12202/Y (sky130_fd_sc_hd__nand3_2)        0.07      48.49 f
  u_cp/u_bfeed/U97241/Y (sky130_fd_sc_hd__inv_4)          0.10      48.59 r
  u_cp/u_bfeed/U97191/Y (sky130_fd_sc_hd__nand4_4)        0.13      48.72 f
  u_cp/u_bfeed/U165117/Y (sky130_fd_sc_hd__nand2b_1)      0.16      48.88 f
  u_cp/u_bfeed/U91926/Y (sky130_fd_sc_hd__a21boi_1)       0.13      49.01 f
  u_cp/u_bfeed/U93491/Y (sky130_fd_sc_hd__nand3_2)        0.10      49.11 r
  u_cp/u_bfeed/U90492/X (sky130_fd_sc_hd__buf_6)          0.12      49.23 r
  u_cp/u_bfeed/U103034/Y (sky130_fd_sc_hd__inv_2)         0.04      49.27 f
  u_cp/u_bfeed/U23583/Y (sky130_fd_sc_hd__nand2_4)        0.04      49.32 r
  u_cp/u_bfeed/U118521/Y (sky130_fd_sc_hd__o21ai_2)       0.05      49.37 f
  u_cp/u_bfeed/U25737/Y (sky130_fd_sc_hd__nand2_2)        0.06      49.43 r
  u_cp/u_bfeed/U12325/Y (sky130_fd_sc_hd__nand4_4)        0.13      49.56 f
  u_cp/u_bfeed/U20829/Y (sky130_fd_sc_hd__a21oi_4)        0.25      49.80 r
  u_cp/u_bfeed/U3721/Y (sky130_fd_sc_hd__o21ai_1)         0.10      49.90 f
  u_cp/u_bfeed/U165355/Y (sky130_fd_sc_hd__xnor2_1)       0.13      50.04 f
  u_cp/u_bfeed/U96997/Y (sky130_fd_sc_hd__nand2b_2)       0.08      50.12 r
  u_cp/u_bfeed/U26802/Y (sky130_fd_sc_hd__nand3_4)        0.09      50.22 f
  u_cp/u_bfeed/U50386/Y (sky130_fd_sc_hd__inv_2)          0.07      50.29 r
  u_cp/u_bfeed/U22943/Y (sky130_fd_sc_hd__nand2_2)        0.05      50.34 f
  u_cp/u_bfeed/U50350/Y (sky130_fd_sc_hd__inv_2)          0.07      50.41 r
  u_cp/u_bfeed/U26801/Y (sky130_fd_sc_hd__nand2_2)        0.05      50.46 f
  u_cp/u_bfeed/U124665/Y (sky130_fd_sc_hd__nor2_2)        0.10      50.56 r
  u_cp/u_bfeed/U13240/Y (sky130_fd_sc_hd__nand3_2)        0.09      50.66 f
  u_cp/u_bfeed/U13252/Y (sky130_fd_sc_hd__nand2_4)        0.11      50.76 r
  u_cp/u_bfeed/U15687/Y (sky130_fd_sc_hd__nor2_4)         0.05      50.81 f
  u_cp/u_bfeed/U25152/X (sky130_fd_sc_hd__clkbuf_1)       0.10      50.92 f
  u_cp/u_bfeed/U118044/Y (sky130_fd_sc_hd__o21ai_2)       0.13      51.05 r
  u_cp/u_bfeed/U93592/Y (sky130_fd_sc_hd__xnor2_1)        0.12      51.17 r
  u_cp/u_bfeed/U23149/X (sky130_fd_sc_hd__a21o_2)         0.15      51.32 r
  u_cp/u_bfeed/U26132/Y (sky130_fd_sc_hd__nand3_2)        0.09      51.41 f
  u_cp/u_bfeed/U93086/Y (sky130_fd_sc_hd__nor2_4)         0.10      51.51 r
  u_cp/u_bfeed/U13428/Y (sky130_fd_sc_hd__nand4_4)        0.10      51.61 f
  u_cp/u_bfeed/U84638/X (sky130_fd_sc_hd__and2_4)         0.23      51.85 f
  u_cp/u_bfeed/U3424/Y (sky130_fd_sc_hd__nand2_2)         0.09      51.94 r
  u_cp/u_bfeed/U84011/Y (sky130_fd_sc_hd__nand4_4)        0.09      52.03 f
  u_cp/u_bfeed/U131381/X (sky130_fd_sc_hd__buf_6)         0.17      52.20 f
  u_cp/u_bfeed/U12666/Y (sky130_fd_sc_hd__xnor2_4)        0.17      52.36 r
  u_cp/u_bfeed/U118529/Y (sky130_fd_sc_hd__o22ai_2)       0.10      52.47 f
  u_cp/u_bfeed/U123668/Y (sky130_fd_sc_hd__xnor2_1)       0.17      52.63 f
  u_cp/u_bfeed/U123667/Y (sky130_fd_sc_hd__xnor2_1)       0.20      52.83 r
  u_cp/u_bfeed/U166235/SUM (sky130_fd_sc_hd__fah_1)       0.33      53.16 r
  u_cp/u_bfeed/U125755/Y (sky130_fd_sc_hd__xnor2_1)       0.13      53.29 r
  u_cp/u_bfeed/U125754/Y (sky130_fd_sc_hd__xnor2_1)       0.15      53.44 r
  u_cp/u_bfeed/U166247/COUT (sky130_fd_sc_hd__fah_1)      0.39      53.84 r
  u_cp/u_bfeed/U12214/Y (sky130_fd_sc_hd__nor2_2)         0.06      53.90 f
  u_cp/u_bfeed/U22456/Y (sky130_fd_sc_hd__nor2_2)         0.13      54.03 r
  u_cp/u_bfeed/U32494/Y (sky130_fd_sc_hd__nand2_1)        0.08      54.11 f
  u_cp/u_bfeed/U22464/Y (sky130_fd_sc_hd__nor2_2)         0.11      54.21 r
  u_cp/u_bfeed/U12330/Y (sky130_fd_sc_hd__nand3_2)        0.10      54.32 f
  u_cp/u_bfeed/U22472/Y (sky130_fd_sc_hd__nand3_2)        0.10      54.42 r
  u_cp/u_bfeed/U12261/Y (sky130_fd_sc_hd__nand3_4)        0.10      54.51 f
  u_cp/u_bfeed/U12260/Y (sky130_fd_sc_hd__inv_6)          0.13      54.64 r
  u_cp/u_bfeed/U93092/Y (sky130_fd_sc_hd__inv_8)          0.07      54.72 f
  u_cp/u_bfeed/U12455/Y (sky130_fd_sc_hd__nor2_2)         0.07      54.79 r
  u_cp/u_bfeed/U30714/Y (sky130_fd_sc_hd__a21oi_1)        0.05      54.84 f
  u_cp/u_bfeed/U91362/X (sky130_fd_sc_hd__and2_4)         0.17      55.00 f
  u_cp/u_bfeed/U121998/Y (sky130_fd_sc_hd__a21oi_2)       0.12      55.12 r
  u_cp/u_bfeed/U25144/Y (sky130_fd_sc_hd__nand4_2)        0.09      55.21 f
  u_cp/u_bfeed/U26995/Y (sky130_fd_sc_hd__o21ai_2)        0.07      55.29 r
  u_cp/u_bfeed/U87600/Y (sky130_fd_sc_hd__inv_2)          0.06      55.35 f
  u_cp/u_bfeed/U93588/Y (sky130_fd_sc_hd__nand2_4)        0.11      55.46 r
  u_cp/u_bfeed/U93489/Y (sky130_fd_sc_hd__inv_2)          0.06      55.52 f
  u_cp/u_bfeed/U96704/Y (sky130_fd_sc_hd__nand2_4)        0.07      55.59 r
  u_cp/u_bfeed/U85461/Y (sky130_fd_sc_hd__nand2_8)        0.08      55.67 f
  u_cp/u_bfeed/U31556/Y (sky130_fd_sc_hd__inv_8)          0.08      55.75 r
  u_cp/u_bfeed/U85460/Y (sky130_fd_sc_hd__nand3_4)        0.09      55.84 f
  u_cp/u_bfeed/U97111/Y (sky130_fd_sc_hd__inv_8)          0.13      55.97 r
  u_cp/u_bfeed/U116275/Y (sky130_fd_sc_hd__nand3_2)       0.08      56.05 f
  u_cp/u_bfeed/U92285/Y (sky130_fd_sc_hd__nor2_2)         0.11      56.16 r
  u_cp/u_bfeed/U118702/X (sky130_fd_sc_hd__buf_6)         0.17      56.33 r
  u_cp/u_bfeed/U2320/Y (sky130_fd_sc_hd__nand2_1)         0.09      56.42 f
  u_cp/u_bfeed/U91686/Y (sky130_fd_sc_hd__nand4_4)        0.12      56.54 r
  u_cp/u_bfeed/U22425/X (sky130_fd_sc_hd__buf_6)          0.10      56.64 r
  u_cp/u_bfeed/U87394/Y (sky130_fd_sc_hd__nor2_2)         0.04      56.68 f
  u_cp/u_bfeed/U103171/Y (sky130_fd_sc_hd__nor2_1)        0.13      56.81 r
  u_cp/u_bfeed/U60776/Y (sky130_fd_sc_hd__nand2_1)        0.11      56.92 f
  u_cp/u_bfeed/U60774/Y (sky130_fd_sc_hd__o21ai_2)        0.15      57.07 r
  u_cp/u_bfeed/U123953/Y (sky130_fd_sc_hd__a21oi_2)       0.05      57.12 f
  u_cp/u_bfeed/U119627/X (sky130_fd_sc_hd__buf_6)         0.14      57.26 f
  u_cp/u_bfeed/U166800/Y (sky130_fd_sc_hd__o21ai_2)       0.11      57.38 r
  u_cp/u_bfeed/U166801/Y (sky130_fd_sc_hd__xnor2_1)       0.07      57.44 f
  u_cp/u_bfeed/U12253/Y (sky130_fd_sc_hd__nand2b_1)       0.10      57.55 r
  u_cp/u_bfeed/U85185/Y (sky130_fd_sc_hd__nand3_4)        0.10      57.65 f
  u_cp/u_bfeed/U85184/Y (sky130_fd_sc_hd__nor2_2)         0.10      57.75 r
  u_cp/u_bfeed/U23253/X (sky130_fd_sc_hd__buf_4)          0.13      57.88 r
  u_cp/u_bfeed/U23836/Y (sky130_fd_sc_hd__nand4_2)        0.09      57.97 f
  u_cp/u_bfeed/U23835/Y (sky130_fd_sc_hd__a21oi_2)        0.12      58.09 r
  u_cp/u_bfeed/U82920/Y (sky130_fd_sc_hd__nand2b_2)       0.13      58.22 r
  u_cp/u_bfeed/U108056/Y (sky130_fd_sc_hd__o22ai_2)       0.07      58.29 f
  u_cp/u_bfeed/U85073/Y (sky130_fd_sc_hd__o21ai_4)        0.19      58.49 r
  u_cp/u_bfeed/U84575/Y (sky130_fd_sc_hd__nand3_1)        0.09      58.57 f
  u_cp/u_bfeed/U116323/Y (sky130_fd_sc_hd__nand2_1)       0.08      58.66 r
  u_cp/u_bfeed/U126413/Y (sky130_fd_sc_hd__xnor2_1)       0.11      58.76 r
  u_cp/u_bfeed/U105418/Y (sky130_fd_sc_hd__nand2_1)       0.07      58.83 f
  u_cp/u_bfeed/U21521/Y (sky130_fd_sc_hd__nand3_2)        0.07      58.90 r
  u_cp/u_bfeed/U22438/Y (sky130_fd_sc_hd__nand4_2)        0.09      58.99 f
  u_cp/u_bfeed/U32315/Y (sky130_fd_sc_hd__inv_2)          0.11      59.11 r
  u_cp/u_bfeed/U23415/Y (sky130_fd_sc_hd__nand3_4)        0.13      59.23 f
  u_cp/u_bfeed/U26270/Y (sky130_fd_sc_hd__a22oi_2)        0.21      59.44 r
  u_cp/u_bfeed/U12264/Y (sky130_fd_sc_hd__nand2b_4)       0.08      59.53 f
  u_cp/u_bfeed/U1587/Y (sky130_fd_sc_hd__nand2_1)         0.10      59.63 r
  u_cp/u_bfeed/U92670/Y (sky130_fd_sc_hd__nand3_1)        0.08      59.70 f
  u_cp/u_bfeed/U130758/Y (sky130_fd_sc_hd__clkinv_1)      0.05      59.75 r
  u_cp/u_bfeed/U105412/Y (sky130_fd_sc_hd__nand4_1)       0.06      59.80 f
  u_cp/u_bfeed/U94212/Y (sky130_fd_sc_hd__nand2_1)        0.07      59.87 r
  u_cp/u_bfeed/U25531/Y (sky130_fd_sc_hd__nand3_2)        0.06      59.94 f
  u_cp/u_bfeed/U117531/X (sky130_fd_sc_hd__clkbuf_2)      0.12      60.06 f
  u_cp/u_bfeed/U121325/X (sky130_fd_sc_hd__buf_6)         0.13      60.18 f
  u_cp/u_bfeed/U167120/Y (sky130_fd_sc_hd__nand2_4)       0.05      60.23 r
  u_cp/u_bfeed/U30406/Y (sky130_fd_sc_hd__clkinv_1)       0.04      60.27 f
  u_cp/u_bfeed/U167121/Y (sky130_fd_sc_hd__nand2b_1)      0.14      60.41 f
  u_cp/u_bfeed/U116272/X (sky130_fd_sc_hd__a21o_1)        0.16      60.57 f
  u_cp/u_bfeed/U25749/Y (sky130_fd_sc_hd__nand2_1)        0.07      60.64 r
  u_cp/u_bfeed/U121319/Y (sky130_fd_sc_hd__nand3b_1)      0.07      60.71 f
  u_cp/u_bfeed/U118768/Y (sky130_fd_sc_hd__nand2_1)       0.07      60.78 r
  u_cp/u_bfeed/U118767/Y (sky130_fd_sc_hd__o21ai_2)       0.07      60.85 f
  u_cp/u_bfeed/U121789/Y (sky130_fd_sc_hd__o211ai_2)      0.15      61.00 r
  u_cp/u_bfeed/U84003/Y (sky130_fd_sc_hd__nand2_1)        0.06      61.05 f
  u_cp/u_bfeed/U14123/Y (sky130_fd_sc_hd__nand3_1)        0.06      61.11 r
  u_cp/u_bfeed/U59972/Y (sky130_fd_sc_hd__nand2_1)        0.06      61.17 f
  u_cp/u_bfeed/U92215/Y (sky130_fd_sc_hd__nand3_2)        0.06      61.23 r
  u_cp/u_bfeed/U12332/Y (sky130_fd_sc_hd__nand3_2)        0.06      61.30 f
  u_cp/u_bfeed/U15682/Y (sky130_fd_sc_hd__nand3_2)        0.06      61.36 r
  u_cp/u_bfeed/U26920/Y (sky130_fd_sc_hd__nand2_2)        0.07      61.43 f
  u_cp/u_bfeed/U27003/X (sky130_fd_sc_hd__clkbuf_1)       0.11      61.54 f
  u_cp/u_bfeed/U87663/Y (sky130_fd_sc_hd__nand2_1)        0.06      61.60 r
  u_cp/u_bfeed/U86171/X (sky130_fd_sc_hd__o21a_2)         0.14      61.74 r
  u_cp/u_bfeed/U92217/Y (sky130_fd_sc_hd__inv_2)          0.04      61.78 f
  u_cp/u_bfeed/U28485/Y (sky130_fd_sc_hd__nand4_4)        0.09      61.87 r
  u_cp/u_bfeed/U25141/Y (sky130_fd_sc_hd__nand2_4)        0.07      61.94 f
  u_cp/u_bfeed/U23574/Y (sky130_fd_sc_hd__inv_8)          0.08      62.02 r
  u_cp/u_bfeed/U25283/Y (sky130_fd_sc_hd__nand4_4)        0.11      62.13 f
  u_cp/u_bfeed/U16396/X (sky130_fd_sc_hd__buf_6)          0.16      62.29 f
  u_cp/u_bfeed/U18943/Y (sky130_fd_sc_hd__o22ai_4)        0.12      62.41 r
  u_cp/u_bfeed/U13741/Y (sky130_fd_sc_hd__nand2_4)        0.09      62.50 f
  u_cp/u_bfeed/U15253/Y (sky130_fd_sc_hd__nor2_4)         0.13      62.63 r
  u_cp/u_bfeed/U14898/Y (sky130_fd_sc_hd__nand2_4)        0.08      62.71 f
  u_cp/u_bfeed/U15267/Y (sky130_fd_sc_hd__nand2_4)        0.06      62.77 r
  u_cp/u_bfeed/U12331/Y (sky130_fd_sc_hd__inv_2)          0.04      62.81 f
  u_cp/u_bfeed/U84303/Y (sky130_fd_sc_hd__nand2_4)        0.06      62.87 r
  u_cp/u_bfeed/U17172/Y (sky130_fd_sc_hd__nand4_2)        0.13      63.00 f
  u_cp/u_bfeed/U26931/Y (sky130_fd_sc_hd__nand2_2)        0.10      63.10 r
  u_cp/u_bfeed/U26289/X (sky130_fd_sc_hd__buf_6)          0.10      63.20 r
  u_cp/u_bfeed/U1094/X (sky130_fd_sc_hd__clkbuf_1)        0.09      63.29 r
  u_cp/u_bfeed/U96608/Y (sky130_fd_sc_hd__nand2_2)        0.07      63.36 f
  u_cp/u_bfeed/U27603/Y (sky130_fd_sc_hd__xnor2_1)        0.18      63.55 r
  u_cp/u_bfeed/U30570/Y (sky130_fd_sc_hd__nand2b_1)       0.09      63.64 f
  u_cp/u_bfeed/U27004/Y (sky130_fd_sc_hd__clkinv_1)       0.05      63.68 r
  u_cp/u_bfeed/U12329/Y (sky130_fd_sc_hd__nand2b_1)       0.08      63.76 f
  u_cp/u_bfeed/U15826/Y (sky130_fd_sc_hd__o21ai_4)        0.19      63.95 r
  u_cp/u_bfeed/U12278/Y (sky130_fd_sc_hd__nand3_4)        0.11      64.06 f
  u_cp/u_bfeed/U12277/Y (sky130_fd_sc_hd__inv_4)          0.09      64.15 r
  u_cp/u_bfeed/U16017/X (sky130_fd_sc_hd__buf_12)         0.14      64.29 r
  u_cp/u_bfeed/U93477/Y (sky130_fd_sc_hd__nand2_4)        0.07      64.36 f
  u_cp/u_bfeed/U17218/Y (sky130_fd_sc_hd__nand2_4)        0.08      64.45 r
  u_cp/u_bfeed/U750/Y (sky130_fd_sc_hd__nand2_1)          0.10      64.55 f
  u_cp/u_bfeed/U101908/Y (sky130_fd_sc_hd__o21ai_2)       0.24      64.78 r
  u_cp/u_bfeed/U111631/Y (sky130_fd_sc_hd__nand2b_1)      0.07      64.86 f
  u_cp/u_bfeed/U111630/Y (sky130_fd_sc_hd__nand2_1)       0.06      64.92 r
  u_cp/u_bfeed/U129950/Y (sky130_fd_sc_hd__a21oi_1)       0.04      64.96 f
  u_cp/u_bfeed/U127750/Y (sky130_fd_sc_hd__a22oi_2)       0.16      65.12 r
  u_cp/u_bfeed/U15801/X (sky130_fd_sc_hd__o21a_4)         0.16      65.28 r
  u_cp/u_bfeed/U14579/Y (sky130_fd_sc_hd__nand2_2)        0.07      65.34 f
  u_cp/u_bfeed/U96749/Y (sky130_fd_sc_hd__nor2_4)         0.13      65.47 r
  u_cp/u_bfeed/U528/X (sky130_fd_sc_hd__buf_2)            0.15      65.62 r
  u_cp/u_bfeed/U510/Y (sky130_fd_sc_hd__nand2_1)          0.07      65.69 f
  u_cp/u_bfeed/U11454/Y (sky130_fd_sc_hd__inv_2)          0.05      65.74 r
  u_cp/u_bfeed/U121400/Y (sky130_fd_sc_hd__nand2_2)       0.06      65.80 f
  u_cp/u_bfeed/U23166/Y (sky130_fd_sc_hd__nor2_4)         0.10      65.90 r
  u_cp/u_bfeed/U23167/Y (sky130_fd_sc_hd__o21ai_2)        0.06      65.96 f
  u_cp/u_bfeed/U108190/Y (sky130_fd_sc_hd__a21oi_1)       0.10      66.07 r
  u_cp/u_bfeed/U119688/Y (sky130_fd_sc_hd__o21ai_1)       0.07      66.13 f
  u_cp/u_bfeed/U98198/Y (sky130_fd_sc_hd__a21oi_1)        0.14      66.27 r
  u_cp/u_bfeed/U17411/Y (sky130_fd_sc_hd__xnor2_1)        0.14      66.41 r
  u_cp/u_bfeed/U167532/Y (sky130_fd_sc_hd__nand2b_1)      0.13      66.54 r
  u_cp/u_bfeed/U23425/Y (sky130_fd_sc_hd__nand4_2)        0.12      66.67 f
  u_cp/u_bfeed/U23423/Y (sky130_fd_sc_hd__inv_4)          0.13      66.80 r
  u_cp/u_bfeed/U11455/Y (sky130_fd_sc_hd__inv_8)          0.06      66.86 f
  u_cp/u_bfeed/U364/Y (sky130_fd_sc_hd__o21ai_1)          0.07      66.93 r
  u_cp/u_bfeed/U17429/Y (sky130_fd_sc_hd__nand2_1)        0.07      66.99 f
  u_cp/u_bfeed/U21630/Y (sky130_fd_sc_hd__nor3_2)         0.16      67.15 r
  u_cp/u_bfeed/U17177/Y (sky130_fd_sc_hd__nand3_2)        0.13      67.28 f
  u_cp/u_bfeed/U20888/Y (sky130_fd_sc_hd__nand4b_1)       0.10      67.38 r
  u_cp/u_bfeed/U125408/Y (sky130_fd_sc_hd__nor2_1)        0.05      67.43 f
  u_cp/u_bfeed/U116257/Y (sky130_fd_sc_hd__nand3_2)       0.07      67.50 r
  u_cp/u_bfeed/U83295/Y (sky130_fd_sc_hd__nand2_4)        0.09      67.59 f
  u_cp/u_bfeed/U11809/Y (sky130_fd_sc_hd__inv_6)          0.11      67.69 r
  u_cp/u_bfeed/U118229/Y (sky130_fd_sc_hd__nand4_1)       0.11      67.80 f
  u_cp/u_bfeed/U21832/Y (sky130_fd_sc_hd__inv_2)          0.08      67.89 r
  u_cp/u_bfeed/U126287/X (sky130_fd_sc_hd__buf_6)         0.14      68.03 r
  u_cp/u_bfeed/U212344/Y (sky130_fd_sc_hd__mux2i_1)       0.07      68.10 f
  u_cp/u_bfeed/row_reg[32][26]/D (sky130_fd_sc_hd__dfxtp_1)     0.00    68.10 f
  data arrival time                                                 68.10

  clock clk (rise edge)                                   1.00       1.00
  clock network delay (ideal)                             0.00       1.00
  u_cp/u_bfeed/row_reg[32][26]/CLK (sky130_fd_sc_hd__dfxtp_1)     0.00     1.00 r
  library setup time                                     -0.15       0.85
  data required time                                                 0.85
  --------------------------------------------------------------------------
  data required time                                                 0.85
  data arrival time                                                -68.10
  --------------------------------------------------------------------------
  slack (VIOLATED)                                                 -67.25


  Startpoint: u_cp/pos_base_reg[2]
              (rising edge-triggered flip-flop clocked by clk)
  Endpoint: u_cp/u_bfeed/row_reg[32][16]
            (rising edge-triggered flip-flop clocked by clk)
  Path Group: clk
  Path Type: max

  Point                                                   Incr       Path
  --------------------------------------------------------------------------
  clock clk (rise edge)                                   0.00       0.00
  clock network delay (ideal)                             0.00       0.00
  u_cp/pos_base_reg[2]/CLK (sky130_fd_sc_hd__dfxtp_4)     0.00 #     0.00 r
  u_cp/pos_base_reg[2]/Q (sky130_fd_sc_hd__dfxtp_4)       0.38       0.38 r
  u_cp/u_bfeed/pos_base[2] (kv_bfeed_MAX_N128)            0.00       0.38 r
  u_cp/u_bfeed/U85392/Y (sky130_fd_sc_hd__nand2_4)        0.07       0.45 f
  u_cp/u_bfeed/U13875/Y (sky130_fd_sc_hd__nand2_2)        0.06       0.52 r
  u_cp/u_bfeed/U18882/Y (sky130_fd_sc_hd__nand3_2)        0.05       0.57 f
  u_cp/u_bfeed/U18881/Y (sky130_fd_sc_hd__nand2_2)        0.07       0.64 r
  u_cp/u_bfeed/U24821/Y (sky130_fd_sc_hd__nand2_4)        0.06       0.70 f
  u_cp/u_bfeed/U24820/Y (sky130_fd_sc_hd__nand2_8)        0.09       0.80 r
  u_cp/u_bfeed/U81859/Y (sky130_fd_sc_hd__nand2_4)        0.06       0.86 f
  u_cp/u_bfeed/U79424/Y (sky130_fd_sc_hd__o21bai_2)       0.11       0.97 r
  u_cp/u_bfeed/U26533/Y (sky130_fd_sc_hd__nand2_2)        0.07       1.03 f
  u_cp/u_bfeed/U26532/X (sky130_fd_sc_hd__and2_4)         0.14       1.17 f
  u_cp/u_bfeed/U83281/Y (sky130_fd_sc_hd__nand4b_1)       0.08       1.25 r
  u_cp/u_bfeed/U22910/Y (sky130_fd_sc_hd__nand4_1)        0.09       1.34 f
  u_cp/u_bfeed/U83932/Y (sky130_fd_sc_hd__inv_2)          0.09       1.43 r
  u_cp/u_bfeed/U122113/Y (sky130_fd_sc_hd__inv_4)         0.05       1.48 f
  u_cp/u_bfeed/U28450/Y (sky130_fd_sc_hd__inv_12)         0.10       1.59 r
  u_cp/u_bfeed/U21360/Y (sky130_fd_sc_hd__nand2_8)        0.08       1.66 f
  u_cp/u_bfeed/U98384/Y (sky130_fd_sc_hd__nor2_2)         0.13       1.79 r
  u_cp/u_bfeed/U124855/X (sky130_fd_sc_hd__buf_6)         0.18       1.97 r
  u_cp/u_bfeed/U152820/Y (sky130_fd_sc_hd__o22ai_1)       0.10       2.07 f
  u_cp/u_bfeed/U152822/COUT (sky130_fd_sc_hd__fah_1)      0.39       2.45 f
  u_cp/u_bfeed/U78681/Y (sky130_fd_sc_hd__xnor2_1)        0.19       2.64 r
  u_cp/u_bfeed/U78619/Y (sky130_fd_sc_hd__xnor2_1)        0.15       2.79 r
  u_cp/u_bfeed/U152842/COUT (sky130_fd_sc_hd__fah_1)      0.39       3.19 r
  u_cp/u_bfeed/U25149/Y (sky130_fd_sc_hd__nand2_2)        0.06       3.25 f
  u_cp/u_bfeed/U25498/Y (sky130_fd_sc_hd__nand2_2)        0.06       3.31 r
  u_cp/u_bfeed/U25497/Y (sky130_fd_sc_hd__xnor2_1)        0.12       3.44 r
  u_cp/u_bfeed/U41223/Y (sky130_fd_sc_hd__xnor2_1)        0.17       3.60 r
  u_cp/u_bfeed/U47684/Y (sky130_fd_sc_hd__nor2_2)         0.06       3.67 f
  u_cp/u_bfeed/U11211/Y (sky130_fd_sc_hd__nor2_1)         0.12       3.79 r
  u_cp/u_bfeed/U85510/Y (sky130_fd_sc_hd__nand2_1)        0.07       3.86 f
  u_cp/u_bfeed/U127491/Y (sky130_fd_sc_hd__o21ai_1)       0.15       4.01 r
  u_cp/u_bfeed/U119605/Y (sky130_fd_sc_hd__a21oi_2)       0.05       4.07 f
  u_cp/u_bfeed/U119604/Y (sky130_fd_sc_hd__o21ai_2)       0.14       4.21 r
  u_cp/u_bfeed/U152889/Y (sky130_fd_sc_hd__xnor2_2)       0.15       4.36 r
  u_cp/u_bfeed/U129658/Y (sky130_fd_sc_hd__inv_2)         0.09       4.45 f
  u_cp/u_bfeed/U131845/Y (sky130_fd_sc_hd__nand2_8)       0.19       4.64 r
  u_cp/u_bfeed/U97112/Y (sky130_fd_sc_hd__nor2_4)         0.04       4.68 f
  u_cp/u_bfeed/U78103/Y (sky130_fd_sc_hd__inv_2)          0.06       4.74 r
  u_cp/u_bfeed/U20778/Y (sky130_fd_sc_hd__nand2_4)        0.08       4.82 f
  u_cp/u_bfeed/U152996/COUT (sky130_fd_sc_hd__fah_1)      0.33       5.16 f
  u_cp/u_bfeed/U152997/SUM (sky130_fd_sc_hd__fah_1)       0.33       5.48 r
  u_cp/u_bfeed/U124429/Y (sky130_fd_sc_hd__xnor2_1)       0.14       5.62 r
  u_cp/u_bfeed/U126048/Y (sky130_fd_sc_hd__xnor2_1)       0.13       5.75 r
  u_cp/u_bfeed/U153042/SUM (sky130_fd_sc_hd__fah_1)       0.28       6.03 f
  u_cp/u_bfeed/U125097/Y (sky130_fd_sc_hd__nand2b_4)      0.15       6.19 f
  u_cp/u_bfeed/U130884/Y (sky130_fd_sc_hd__nand2_2)       0.06       6.24 r
  u_cp/u_bfeed/U129756/Y (sky130_fd_sc_hd__inv_2)         0.04       6.28 f
  u_cp/u_bfeed/U124474/Y (sky130_fd_sc_hd__nand2_2)       0.05       6.32 r
  u_cp/u_bfeed/U125750/Y (sky130_fd_sc_hd__nand3_2)       0.07       6.39 f
  u_cp/u_bfeed/U153115/Y (sky130_fd_sc_hd__nand3_1)       0.06       6.45 r
  u_cp/u_bfeed/U123399/Y (sky130_fd_sc_hd__nand2_1)       0.06       6.51 f
  u_cp/u_bfeed/U153116/Y (sky130_fd_sc_hd__inv_2)         0.07       6.57 r
  u_cp/u_bfeed/U153117/Y (sky130_fd_sc_hd__nand2_4)       0.07       6.65 f
  u_cp/u_bfeed/U19389/Y (sky130_fd_sc_hd__inv_6)          0.10       6.75 r
  u_cp/u_bfeed/U99957/Y (sky130_fd_sc_hd__nand2_2)        0.05       6.80 f
  u_cp/u_bfeed/U21706/X (sky130_fd_sc_hd__o21a_4)         0.12       6.92 f
  u_cp/u_bfeed/U21705/Y (sky130_fd_sc_hd__nand2_4)        0.07       6.99 r
  u_cp/u_bfeed/U20758/Y (sky130_fd_sc_hd__inv_6)          0.06       7.04 f
  u_cp/u_bfeed/U77663/Y (sky130_fd_sc_hd__inv_4)          0.06       7.10 r
  u_cp/u_bfeed/U125901/Y (sky130_fd_sc_hd__nand2_4)       0.06       7.16 f
  u_cp/u_bfeed/U125900/Y (sky130_fd_sc_hd__xnor2_4)       0.19       7.35 r
  u_cp/u_bfeed/U25637/Y (sky130_fd_sc_hd__nand3_4)        0.13       7.48 f
  u_cp/u_bfeed/U25636/Y (sky130_fd_sc_hd__nor2_8)         0.14       7.63 r
  u_cp/u_bfeed/U153300/Y (sky130_fd_sc_hd__nand2_1)       0.08       7.70 f
  u_cp/u_bfeed/U17157/Y (sky130_fd_sc_hd__nand2_2)        0.07       7.77 r
  u_cp/u_bfeed/U93619/Y (sky130_fd_sc_hd__nand4_2)        0.12       7.89 f
  u_cp/u_bfeed/U94371/Y (sky130_fd_sc_hd__inv_4)          0.13       8.03 r
  u_cp/u_bfeed/U102105/Y (sky130_fd_sc_hd__inv_2)         0.05       8.07 f
  u_cp/u_bfeed/U25511/Y (sky130_fd_sc_hd__nand2_2)        0.05       8.12 r
  u_cp/u_bfeed/U25657/Y (sky130_fd_sc_hd__nand3_2)        0.07       8.19 f
  u_cp/u_bfeed/U19698/Y (sky130_fd_sc_hd__a21oi_4)        0.15       8.35 r
  u_cp/u_bfeed/U17111/Y (sky130_fd_sc_hd__nand2_2)        0.09       8.44 f
  u_cp/u_bfeed/U27016/Y (sky130_fd_sc_hd__o21ai_2)        0.14       8.58 r
  u_cp/u_bfeed/U127012/Y (sky130_fd_sc_hd__nand2_2)       0.08       8.66 f
  u_cp/u_bfeed/U87371/Y (sky130_fd_sc_hd__nand3_4)        0.14       8.80 r
  u_cp/u_bfeed/U17155/Y (sky130_fd_sc_hd__inv_6)          0.06       8.85 f
  u_cp/u_bfeed/U94522/Y (sky130_fd_sc_hd__nand2_4)        0.09       8.94 r
  u_cp/u_bfeed/U10714/Y (sky130_fd_sc_hd__inv_2)          0.05       9.00 f
  u_cp/u_bfeed/U20251/Y (sky130_fd_sc_hd__nand2_4)        0.05       9.05 r
  u_cp/u_bfeed/U32058/Y (sky130_fd_sc_hd__nand4_4)        0.09       9.14 f
  u_cp/u_bfeed/U83925/Y (sky130_fd_sc_hd__nand3_2)        0.09       9.23 r
  u_cp/u_bfeed/U97087/Y (sky130_fd_sc_hd__nand2_4)        0.09       9.32 f
  u_cp/u_bfeed/U153332/COUT (sky130_fd_sc_hd__fah_1)      0.35       9.67 f
  u_cp/u_bfeed/U131681/Y (sky130_fd_sc_hd__xnor2_1)       0.22       9.89 r
  u_cp/u_bfeed/U153334/SUM (sky130_fd_sc_hd__fah_1)       0.34      10.23 r
  u_cp/u_bfeed/U116726/Y (sky130_fd_sc_hd__inv_2)         0.05      10.28 f
  u_cp/u_bfeed/U16975/Y (sky130_fd_sc_hd__nand2b_4)       0.07      10.35 r
  u_cp/u_bfeed/U16227/Y (sky130_fd_sc_hd__nand3_4)        0.07      10.42 f
  u_cp/u_bfeed/U16226/Y (sky130_fd_sc_hd__nor2_4)         0.12      10.54 r
  u_cp/u_bfeed/U127274/Y (sky130_fd_sc_hd__nand4_1)       0.13      10.67 f
  u_cp/u_bfeed/U91144/Y (sky130_fd_sc_hd__nand2_4)        0.16      10.83 r
  u_cp/u_bfeed/U92739/Y (sky130_fd_sc_hd__nand2_2)        0.06      10.89 f
  u_cp/u_bfeed/U92568/Y (sky130_fd_sc_hd__o21ai_2)        0.07      10.96 r
  u_cp/u_bfeed/U91133/Y (sky130_fd_sc_hd__nand2_4)        0.08      11.04 f
  u_cp/u_bfeed/U99271/Y (sky130_fd_sc_hd__nand2_4)        0.07      11.11 r
  u_cp/u_bfeed/U99969/Y (sky130_fd_sc_hd__nand3_2)        0.06      11.17 f
  u_cp/u_bfeed/U16976/Y (sky130_fd_sc_hd__nand3_2)        0.06      11.23 r
  u_cp/u_bfeed/U21761/Y (sky130_fd_sc_hd__nand3_2)        0.07      11.30 f
  u_cp/u_bfeed/U93597/Y (sky130_fd_sc_hd__nand3_2)        0.10      11.40 r
  u_cp/u_bfeed/U94161/Y (sky130_fd_sc_hd__inv_4)          0.07      11.47 f
  u_cp/u_bfeed/U20856/Y (sky130_fd_sc_hd__nand2b_2)       0.21      11.68 f
  u_cp/u_bfeed/U90134/Y (sky130_fd_sc_hd__nand2_4)        0.13      11.81 r
  u_cp/u_bfeed/U23502/Y (sky130_fd_sc_hd__nand3_4)        0.14      11.95 f
  u_cp/u_bfeed/U23501/Y (sky130_fd_sc_hd__nor2_4)         0.20      12.15 r
  u_cp/u_bfeed/U20761/Y (sky130_fd_sc_hd__nand2_2)        0.05      12.20 f
  u_cp/u_bfeed/U16272/X (sky130_fd_sc_hd__o21a_2)         0.12      12.32 f
  u_cp/u_bfeed/U20745/Y (sky130_fd_sc_hd__nand4_4)        0.08      12.41 r
  u_cp/u_bfeed/U12101/Y (sky130_fd_sc_hd__nand2_1)        0.06      12.47 f
  u_cp/u_bfeed/U76316/Y (sky130_fd_sc_hd__o21ai_1)        0.15      12.62 r
  u_cp/u_bfeed/U127806/Y (sky130_fd_sc_hd__a21oi_2)       0.06      12.68 f
  u_cp/u_bfeed/U121259/Y (sky130_fd_sc_hd__o21ai_2)       0.19      12.87 r
  u_cp/u_bfeed/U121258/Y (sky130_fd_sc_hd__inv_2)         0.10      12.97 f
  u_cp/u_bfeed/U10444/Y (sky130_fd_sc_hd__o21ai_1)        0.15      13.11 r
  u_cp/u_bfeed/U153667/Y (sky130_fd_sc_hd__xnor2_1)       0.07      13.19 f
  u_cp/u_bfeed/U121315/Y (sky130_fd_sc_hd__nand2b_1)      0.06      13.25 r
  u_cp/u_bfeed/U92472/Y (sky130_fd_sc_hd__nand2_1)        0.05      13.30 f
  u_cp/u_bfeed/U90946/Y (sky130_fd_sc_hd__nor2_1)         0.09      13.39 r
  u_cp/u_bfeed/U119778/Y (sky130_fd_sc_hd__nand3_1)       0.09      13.47 f
  u_cp/u_bfeed/U131174/Y (sky130_fd_sc_hd__inv_2)         0.06      13.54 r
  u_cp/u_bfeed/U121685/Y (sky130_fd_sc_hd__nand2_2)       0.05      13.59 f
  u_cp/u_bfeed/U153746/Y (sky130_fd_sc_hd__nor2_2)        0.11      13.70 r
  u_cp/u_bfeed/U100438/Y (sky130_fd_sc_hd__nand3_1)       0.09      13.79 f
  u_cp/u_bfeed/U92771/Y (sky130_fd_sc_hd__nand2_1)        0.06      13.85 r
  u_cp/u_bfeed/U153773/Y (sky130_fd_sc_hd__nand4_1)       0.08      13.93 f
  u_cp/u_bfeed/U121192/Y (sky130_fd_sc_hd__nand2_1)       0.08      14.01 r
  u_cp/u_bfeed/U25485/Y (sky130_fd_sc_hd__nor2_2)         0.05      14.06 f
  u_cp/u_bfeed/U25484/Y (sky130_fd_sc_hd__o21ai_4)        0.13      14.19 r
  u_cp/u_bfeed/U119768/Y (sky130_fd_sc_hd__inv_2)         0.07      14.27 f
  u_cp/u_bfeed/U153802/Y (sky130_fd_sc_hd__o21ai_2)       0.12      14.38 r
  u_cp/u_bfeed/U131705/Y (sky130_fd_sc_hd__xnor2_1)       0.12      14.50 r
  u_cp/u_bfeed/U92763/Y (sky130_fd_sc_hd__nand2b_1)       0.08      14.58 f
  u_cp/u_bfeed/U92762/Y (sky130_fd_sc_hd__nand3_2)        0.07      14.64 r
  u_cp/u_bfeed/U86033/Y (sky130_fd_sc_hd__nand3_2)        0.06      14.70 f
  u_cp/u_bfeed/U91886/Y (sky130_fd_sc_hd__inv_2)          0.09      14.79 r
  u_cp/u_bfeed/U94571/Y (sky130_fd_sc_hd__nand3_4)        0.10      14.89 f
  u_cp/u_bfeed/U121154/Y (sky130_fd_sc_hd__nand2_2)       0.08      14.97 r
  u_cp/u_bfeed/U26469/Y (sky130_fd_sc_hd__nand3_2)        0.07      15.04 f
  u_cp/u_bfeed/U119408/Y (sky130_fd_sc_hd__inv_2)         0.06      15.10 r
  u_cp/u_bfeed/U127164/Y (sky130_fd_sc_hd__nand2_2)       0.05      15.14 f
  u_cp/u_bfeed/U88156/Y (sky130_fd_sc_hd__nand3_1)        0.07      15.21 r
  u_cp/u_bfeed/U119188/Y (sky130_fd_sc_hd__nand3_1)       0.06      15.28 f
  u_cp/u_bfeed/U119187/Y (sky130_fd_sc_hd__o21ai_1)       0.06      15.34 r
  u_cp/u_bfeed/U130082/Y (sky130_fd_sc_hd__nand4_1)       0.09      15.44 f
  u_cp/u_bfeed/U125899/Y (sky130_fd_sc_hd__nand2_2)       0.09      15.52 r
  u_cp/u_bfeed/U119693/Y (sky130_fd_sc_hd__inv_4)         0.07      15.59 f
  u_cp/u_bfeed/U100488/Y (sky130_fd_sc_hd__nand2_2)       0.08      15.68 r
  u_cp/u_bfeed/U126896/Y (sky130_fd_sc_hd__nand2_4)       0.08      15.76 f
  u_cp/u_bfeed/U24987/X (sky130_fd_sc_hd__buf_12)         0.14      15.90 f
  u_cp/u_bfeed/U119343/Y (sky130_fd_sc_hd__nand2_8)       0.06      15.96 r
  u_cp/u_bfeed/U56927/Y (sky130_fd_sc_hd__inv_4)          0.05      16.01 f
  u_cp/u_bfeed/U75555/Y (sky130_fd_sc_hd__nand2_1)        0.05      16.06 r
  u_cp/u_bfeed/U90537/Y (sky130_fd_sc_hd__nand4_1)        0.08      16.14 f
  u_cp/u_bfeed/U154323/Y (sky130_fd_sc_hd__inv_1)         0.08      16.22 r
  u_cp/u_bfeed/U154414/X (sky130_fd_sc_hd__o22a_1)        0.11      16.34 r
  u_cp/u_bfeed/U94077/X (sky130_fd_sc_hd__o21a_2)         0.16      16.49 r
  u_cp/u_bfeed/U13437/Y (sky130_fd_sc_hd__nand3_4)        0.09      16.58 f
  u_cp/u_bfeed/U115301/Y (sky130_fd_sc_hd__nor2_2)        0.12      16.70 r
  u_cp/u_bfeed/U28184/Y (sky130_fd_sc_hd__o21ai_2)        0.07      16.77 f
  u_cp/u_bfeed/U28183/Y (sky130_fd_sc_hd__a21oi_2)        0.14      16.91 r
  u_cp/u_bfeed/U15056/Y (sky130_fd_sc_hd__o21ai_2)        0.07      16.99 f
  u_cp/u_bfeed/U15055/X (sky130_fd_sc_hd__a21o_2)         0.23      17.22 f
  u_cp/u_bfeed/U20377/Y (sky130_fd_sc_hd__inv_4)          0.11      17.33 r
  u_cp/u_bfeed/U93002/Y (sky130_fd_sc_hd__o21ai_2)        0.06      17.40 f
  u_cp/u_bfeed/U154611/Y (sky130_fd_sc_hd__xnor2_1)       0.13      17.52 f
  u_cp/u_bfeed/U154781/Y (sky130_fd_sc_hd__o2bb2ai_1)     0.13      17.65 f
  u_cp/u_bfeed/U154782/Y (sky130_fd_sc_hd__a21oi_2)       0.17      17.82 r
  u_cp/u_bfeed/U100772/Y (sky130_fd_sc_hd__nand3_1)       0.09      17.91 f
  u_cp/u_bfeed/U99087/X (sky130_fd_sc_hd__o211a_1)        0.23      18.14 f
  u_cp/u_bfeed/U154803/Y (sky130_fd_sc_hd__o21ai_2)       0.07      18.22 r
  u_cp/u_bfeed/U154804/Y (sky130_fd_sc_hd__nor2_2)        0.07      18.29 f
  u_cp/u_bfeed/U20288/Y (sky130_fd_sc_hd__o21ai_4)        0.21      18.49 r
  u_cp/u_bfeed/U119013/Y (sky130_fd_sc_hd__xnor2_1)       0.13      18.63 r
  u_cp/u_bfeed/U88197/Y (sky130_fd_sc_hd__nand2_1)        0.06      18.69 f
  u_cp/u_bfeed/U129984/Y (sky130_fd_sc_hd__nand2_1)       0.06      18.75 r
  u_cp/u_bfeed/U129985/Y (sky130_fd_sc_hd__nand2_1)       0.05      18.79 f
  u_cp/u_bfeed/U75073/Y (sky130_fd_sc_hd__inv_1)          0.04      18.84 r
  u_cp/u_bfeed/U26919/Y (sky130_fd_sc_hd__nand4_1)        0.08      18.91 f
  u_cp/u_bfeed/U154830/Y (sky130_fd_sc_hd__clkinv_1)      0.07      18.99 r
  u_cp/u_bfeed/U95365/Y (sky130_fd_sc_hd__nand4_4)        0.10      19.09 f
  u_cp/u_bfeed/U24946/Y (sky130_fd_sc_hd__o21bai_2)       0.18      19.27 r
  u_cp/u_bfeed/U128736/Y (sky130_fd_sc_hd__inv_4)         0.08      19.35 f
  u_cp/u_bfeed/U127565/X (sky130_fd_sc_hd__o211a_2)       0.13      19.49 f
  u_cp/u_bfeed/U119012/Y (sky130_fd_sc_hd__o21bai_4)      0.19      19.68 f
  u_cp/u_bfeed/U132528/Y (sky130_fd_sc_hd__inv_2)         0.07      19.75 r
  u_cp/u_bfeed/U155113/Y (sky130_fd_sc_hd__mux2i_1)       0.20      19.95 r
  u_cp/u_bfeed/U128255/Y (sky130_fd_sc_hd__nand2b_4)      0.20      20.15 r
  u_cp/u_bfeed/U125921/Y (sky130_fd_sc_hd__nor2_4)        0.06      20.21 f
  u_cp/u_bfeed/U29030/Y (sky130_fd_sc_hd__nand2_1)        0.06      20.27 r
  u_cp/u_bfeed/U129754/Y (sky130_fd_sc_hd__o21ai_2)       0.05      20.33 f
  u_cp/u_bfeed/U155158/Y (sky130_fd_sc_hd__mux2i_1)       0.14      20.46 r
  u_cp/u_bfeed/U128261/Y (sky130_fd_sc_hd__nand3_2)       0.14      20.60 f
  u_cp/u_bfeed/U20757/X (sky130_fd_sc_hd__clkbuf_1)       0.13      20.73 f
  u_cp/u_bfeed/U124543/Y (sky130_fd_sc_hd__nand2_2)       0.07      20.80 r
  u_cp/u_bfeed/U128260/Y (sky130_fd_sc_hd__o21ai_2)       0.06      20.85 f
  u_cp/u_bfeed/U128259/Y (sky130_fd_sc_hd__a21oi_2)       0.12      20.97 r
  u_cp/u_bfeed/U127874/Y (sky130_fd_sc_hd__o21ai_2)       0.08      21.05 f
  u_cp/u_bfeed/U88737/X (sky130_fd_sc_hd__a21o_4)         0.23      21.28 f
  u_cp/u_bfeed/U88736/Y (sky130_fd_sc_hd__nand2b_2)       0.07      21.35 r
  u_cp/u_bfeed/U20427/Y (sky130_fd_sc_hd__nand2_2)        0.04      21.39 f
  u_cp/u_bfeed/U20426/Y (sky130_fd_sc_hd__xnor2_1)        0.12      21.52 f
  u_cp/u_bfeed/U132988/Y (sky130_fd_sc_hd__a22oi_2)       0.14      21.66 r
  u_cp/u_bfeed/U129083/Y (sky130_fd_sc_hd__nand2_2)       0.09      21.75 f
  u_cp/u_bfeed/U95024/Y (sky130_fd_sc_hd__nor2_4)         0.11      21.86 r
  u_cp/u_bfeed/U95023/Y (sky130_fd_sc_hd__nand2_2)        0.08      21.94 f
  u_cp/u_bfeed/U97105/Y (sky130_fd_sc_hd__inv_4)          0.09      22.02 r
  u_cp/u_bfeed/U23404/Y (sky130_fd_sc_hd__nand2_4)        0.06      22.08 f
  u_cp/u_bfeed/U121867/Y (sky130_fd_sc_hd__inv_4)         0.07      22.15 r
  u_cp/u_bfeed/U88157/Y (sky130_fd_sc_hd__nand2_2)        0.06      22.21 f
  u_cp/u_bfeed/U19690/Y (sky130_fd_sc_hd__nand3_4)        0.08      22.29 r
  u_cp/u_bfeed/U127657/Y (sky130_fd_sc_hd__nand2_4)       0.06      22.35 f
  u_cp/u_bfeed/U11597/Y (sky130_fd_sc_hd__o21ai_2)        0.15      22.50 r
  u_cp/u_bfeed/U93634/Y (sky130_fd_sc_hd__a21oi_4)        0.07      22.57 f
  u_cp/u_bfeed/U107600/Y (sky130_fd_sc_hd__o21ai_1)       0.16      22.72 r
  u_cp/u_bfeed/U155460/Y (sky130_fd_sc_hd__xnor2_1)       0.13      22.85 r
  u_cp/u_bfeed/U127490/Y (sky130_fd_sc_hd__nand2_1)       0.07      22.93 f
  u_cp/u_bfeed/U127878/Y (sky130_fd_sc_hd__nand2_1)       0.06      22.99 r
  u_cp/u_bfeed/U95061/X (sky130_fd_sc_hd__and2_4)         0.14      23.13 r
  u_cp/u_bfeed/U25778/Y (sky130_fd_sc_hd__nand3_4)        0.13      23.26 f
  u_cp/u_bfeed/U13728/Y (sky130_fd_sc_hd__inv_8)          0.12      23.38 r
  u_cp/u_bfeed/U21656/Y (sky130_fd_sc_hd__nand2_2)        0.05      23.43 f
  u_cp/u_bfeed/U118850/Y (sky130_fd_sc_hd__inv_2)         0.06      23.49 r
  u_cp/u_bfeed/U94268/Y (sky130_fd_sc_hd__nand2_1)        0.06      23.55 f
  u_cp/u_bfeed/U93300/Y (sky130_fd_sc_hd__a2bb2oi_2)      0.14      23.69 f
  u_cp/u_bfeed/U20202/Y (sky130_fd_sc_hd__o21ai_2)        0.14      23.83 r
  u_cp/u_bfeed/U15542/Y (sky130_fd_sc_hd__inv_1)          0.05      23.87 f
  u_cp/u_bfeed/U18942/Y (sky130_fd_sc_hd__nand2_1)        0.06      23.94 r
  u_cp/u_bfeed/U20110/Y (sky130_fd_sc_hd__o21ai_2)        0.08      24.01 f
  u_cp/u_bfeed/U99125/Y (sky130_fd_sc_hd__a21oi_4)        0.14      24.15 r
  u_cp/u_bfeed/U91366/X (sky130_fd_sc_hd__buf_6)          0.12      24.27 r
  u_cp/u_bfeed/U99123/Y (sky130_fd_sc_hd__nor2_2)         0.03      24.31 f
  u_cp/u_bfeed/U93209/Y (sky130_fd_sc_hd__nor2_2)         0.12      24.42 r
  u_cp/u_bfeed/U155719/Y (sky130_fd_sc_hd__nand2_1)       0.08      24.50 f
  u_cp/u_bfeed/U20157/Y (sky130_fd_sc_hd__o21ai_1)        0.15      24.65 r
  u_cp/u_bfeed/U94215/Y (sky130_fd_sc_hd__a21oi_2)        0.05      24.70 f
  u_cp/u_bfeed/U94214/Y (sky130_fd_sc_hd__inv_2)          0.11      24.81 r
  u_cp/u_bfeed/U13725/Y (sky130_fd_sc_hd__inv_6)          0.05      24.86 f
  u_cp/u_bfeed/U9198/Y (sky130_fd_sc_hd__o21ai_1)         0.13      24.99 r
  u_cp/u_bfeed/U155819/Y (sky130_fd_sc_hd__xnor2_1)       0.09      25.08 f
  u_cp/u_bfeed/U14020/Y (sky130_fd_sc_hd__a21oi_2)        0.16      25.23 r
  u_cp/u_bfeed/U19706/X (sky130_fd_sc_hd__buf_2)          0.13      25.36 r
  u_cp/u_bfeed/U18429/X (sky130_fd_sc_hd__and2_1)         0.10      25.47 r
  u_cp/u_bfeed/U20111/X (sky130_fd_sc_hd__and2_4)         0.15      25.62 r
  u_cp/u_bfeed/U19739/Y (sky130_fd_sc_hd__nand2_4)        0.05      25.68 f
  u_cp/u_bfeed/U96735/Y (sky130_fd_sc_hd__nor2_4)         0.11      25.79 r
  u_cp/u_bfeed/U94167/Y (sky130_fd_sc_hd__nor2_4)         0.05      25.83 f
  u_cp/u_bfeed/U114150/Y (sky130_fd_sc_hd__a21oi_2)       0.09      25.93 r
  u_cp/u_bfeed/U121183/Y (sky130_fd_sc_hd__o21ai_1)       0.07      26.00 f
  u_cp/u_bfeed/U128887/Y (sky130_fd_sc_hd__a21oi_2)       0.15      26.15 r
  u_cp/u_bfeed/U129403/Y (sky130_fd_sc_hd__xnor2_1)       0.09      26.24 f
  u_cp/u_bfeed/U110807/Y (sky130_fd_sc_hd__o21ai_2)       0.16      26.40 r
  u_cp/u_bfeed/U98141/Y (sky130_fd_sc_hd__nand3_4)        0.12      26.52 f
  u_cp/u_bfeed/U21660/Y (sky130_fd_sc_hd__o21bai_4)       0.21      26.73 r
  u_cp/u_bfeed/U99311/Y (sky130_fd_sc_hd__inv_8)          0.10      26.83 f
  u_cp/u_bfeed/U121286/Y (sky130_fd_sc_hd__nand2_4)       0.07      26.91 r
  u_cp/u_bfeed/U19745/X (sky130_fd_sc_hd__o21a_4)         0.15      27.05 r
  u_cp/u_bfeed/U116403/Y (sky130_fd_sc_hd__inv_4)         0.05      27.11 f
  u_cp/u_bfeed/U156170/COUT (sky130_fd_sc_hd__fah_1)      0.35      27.45 f
  u_cp/u_bfeed/U130087/Y (sky130_fd_sc_hd__o21ai_2)       0.15      27.61 r
  u_cp/u_bfeed/U125261/Y (sky130_fd_sc_hd__nand2_2)       0.08      27.69 f
  u_cp/u_bfeed/U126252/Y (sky130_fd_sc_hd__o21ai_2)       0.06      27.75 r
  u_cp/u_bfeed/U130083/Y (sky130_fd_sc_hd__o21ai_2)       0.08      27.83 f
  u_cp/u_bfeed/U110483/Y (sky130_fd_sc_hd__xnor2_1)       0.13      27.96 f
  u_cp/u_bfeed/U126346/Y (sky130_fd_sc_hd__xnor2_1)       0.19      28.15 r
  u_cp/u_bfeed/U99316/Y (sky130_fd_sc_hd__nand2b_4)       0.17      28.32 r
  u_cp/u_bfeed/U25514/Y (sky130_fd_sc_hd__nand2_2)        0.06      28.38 f
  u_cp/u_bfeed/U131246/Y (sky130_fd_sc_hd__nor2_1)        0.12      28.50 r
  u_cp/u_bfeed/U130757/Y (sky130_fd_sc_hd__nand4_2)       0.13      28.63 f
  u_cp/u_bfeed/U100155/Y (sky130_fd_sc_hd__nand3_4)       0.12      28.75 r
  u_cp/u_bfeed/U100156/Y (sky130_fd_sc_hd__inv_8)         0.07      28.82 f
  u_cp/u_bfeed/U20762/Y (sky130_fd_sc_hd__inv_2)          0.07      28.89 r
  u_cp/u_bfeed/U83132/Y (sky130_fd_sc_hd__nand2_2)        0.04      28.93 f
  u_cp/u_bfeed/U25815/Y (sky130_fd_sc_hd__o21ai_2)        0.06      28.99 r
  u_cp/u_bfeed/U21515/Y (sky130_fd_sc_hd__nand4_2)        0.11      29.10 f
  u_cp/u_bfeed/U97031/Y (sky130_fd_sc_hd__inv_2)          0.10      29.20 r
  u_cp/u_bfeed/U28432/Y (sky130_fd_sc_hd__nand3_4)        0.10      29.30 f
  u_cp/u_bfeed/U97358/Y (sky130_fd_sc_hd__nand2_4)        0.14      29.44 r
  u_cp/u_bfeed/U22390/Y (sky130_fd_sc_hd__inv_6)          0.07      29.51 f
  u_cp/u_bfeed/U86336/Y (sky130_fd_sc_hd__nand2_4)        0.06      29.57 r
  u_cp/u_bfeed/U21881/Y (sky130_fd_sc_hd__o21ai_4)        0.07      29.64 f
  u_cp/u_bfeed/U86993/Y (sky130_fd_sc_hd__o21ai_4)        0.15      29.79 r
  u_cp/u_bfeed/U22301/Y (sky130_fd_sc_hd__o21ai_1)        0.10      29.88 f
  u_cp/u_bfeed/U93266/Y (sky130_fd_sc_hd__inv_2)          0.07      29.96 r
  u_cp/u_bfeed/U122817/Y (sky130_fd_sc_hd__o21ai_2)       0.06      30.02 f
  u_cp/u_bfeed/U115359/Y (sky130_fd_sc_hd__nand2b_4)      0.15      30.17 f
  u_cp/u_bfeed/U82212/Y (sky130_fd_sc_hd__a22oi_4)        0.13      30.30 r
  u_cp/u_bfeed/U26974/Y (sky130_fd_sc_hd__o21ai_2)        0.06      30.36 f
  u_cp/u_bfeed/U129816/Y (sky130_fd_sc_hd__nand2b_1)      0.06      30.42 r
  u_cp/u_bfeed/U126110/X (sky130_fd_sc_hd__and3_4)        0.18      30.59 r
  u_cp/u_bfeed/U23394/Y (sky130_fd_sc_hd__nand3_4)        0.16      30.76 f
  u_cp/u_bfeed/U23393/Y (sky130_fd_sc_hd__inv_2)          0.11      30.86 r
  u_cp/u_bfeed/U96871/Y (sky130_fd_sc_hd__nand2b_1)       0.05      30.91 f
  u_cp/u_bfeed/U96872/Y (sky130_fd_sc_hd__nand2_1)        0.06      30.98 r
  u_cp/u_bfeed/U22483/Y (sky130_fd_sc_hd__nand3_2)        0.10      31.07 f
  u_cp/u_bfeed/U101576/Y (sky130_fd_sc_hd__nand2_1)       0.10      31.17 r
  u_cp/u_bfeed/U83714/Y (sky130_fd_sc_hd__nand2_2)        0.10      31.27 f
  u_cp/u_bfeed/U81867/Y (sky130_fd_sc_hd__nand3_4)        0.14      31.41 r
  u_cp/u_bfeed/U21632/Y (sky130_fd_sc_hd__nand2_4)        0.08      31.49 f
  u_cp/u_bfeed/U21364/Y (sky130_fd_sc_hd__xnor2_4)        0.13      31.62 f
  u_cp/u_bfeed/U96062/Y (sky130_fd_sc_hd__nand2b_4)       0.10      31.73 r
  u_cp/u_bfeed/U92703/Y (sky130_fd_sc_hd__inv_2)          0.03      31.76 f
  u_cp/u_bfeed/U96061/Y (sky130_fd_sc_hd__nor2_1)         0.07      31.83 r
  u_cp/u_bfeed/U92202/X (sky130_fd_sc_hd__and2_4)         0.16      31.99 r
  u_cp/u_bfeed/U90539/Y (sky130_fd_sc_hd__nand3_2)        0.06      32.05 f
  u_cp/u_bfeed/U8433/Y (sky130_fd_sc_hd__o21ai_1)         0.14      32.19 r
  u_cp/u_bfeed/U19183/Y (sky130_fd_sc_hd__a21oi_2)        0.05      32.23 f
  u_cp/u_bfeed/U91193/Y (sky130_fd_sc_hd__nand4_2)        0.10      32.33 r
  u_cp/u_bfeed/U8363/Y (sky130_fd_sc_hd__nor2_1)          0.07      32.40 f
  u_cp/u_bfeed/U26947/Y (sky130_fd_sc_hd__o21ai_2)        0.15      32.56 r
  u_cp/u_bfeed/U25615/Y (sky130_fd_sc_hd__nand2_2)        0.06      32.62 f
  u_cp/u_bfeed/U90570/Y (sky130_fd_sc_hd__nor2_2)         0.15      32.77 r
  u_cp/u_bfeed/U125412/Y (sky130_fd_sc_hd__inv_2)         0.06      32.83 f
  u_cp/u_bfeed/U26502/Y (sky130_fd_sc_hd__nand2b_4)       0.07      32.90 r
  u_cp/u_bfeed/U99644/Y (sky130_fd_sc_hd__a21oi_2)        0.06      32.96 f
  u_cp/u_bfeed/U93208/Y (sky130_fd_sc_hd__o21ai_2)        0.12      33.08 r
  u_cp/u_bfeed/U156563/Y (sky130_fd_sc_hd__xnor2_1)       0.08      33.16 f
  u_cp/u_bfeed/U115610/Y (sky130_fd_sc_hd__o21ai_1)       0.11      33.27 r
  u_cp/u_bfeed/U19767/Y (sky130_fd_sc_hd__o21bai_2)       0.13      33.40 r
  u_cp/u_bfeed/U24173/Y (sky130_fd_sc_hd__nand3_2)        0.09      33.48 f
  u_cp/u_bfeed/U24172/Y (sky130_fd_sc_hd__inv_2)          0.06      33.54 r
  u_cp/u_bfeed/U13993/Y (sky130_fd_sc_hd__nand4_2)        0.07      33.61 f
  u_cp/u_bfeed/U21724/Y (sky130_fd_sc_hd__nor2_2)         0.12      33.74 r
  u_cp/u_bfeed/U119053/Y (sky130_fd_sc_hd__nand2_1)       0.05      33.79 f
  u_cp/u_bfeed/U122026/Y (sky130_fd_sc_hd__nand2_1)       0.06      33.85 r
  u_cp/u_bfeed/U93273/Y (sky130_fd_sc_hd__nand3_2)        0.07      33.92 f
  u_cp/u_bfeed/U95369/Y (sky130_fd_sc_hd__o21ai_4)        0.09      34.01 r
  u_cp/u_bfeed/U14673/Y (sky130_fd_sc_hd__nand2b_4)       0.19      34.19 r
  u_cp/u_bfeed/U20753/Y (sky130_fd_sc_hd__inv_2)          0.08      34.27 f
  u_cp/u_bfeed/U39742/Y (sky130_fd_sc_hd__nand2_1)        0.06      34.33 r
  u_cp/u_bfeed/U12945/Y (sky130_fd_sc_hd__nand4_1)        0.10      34.43 f
  u_cp/u_bfeed/U12944/Y (sky130_fd_sc_hd__nand2_1)        0.07      34.50 r
  u_cp/u_bfeed/U16492/Y (sky130_fd_sc_hd__nand2b_1)       0.05      34.54 f
  u_cp/u_bfeed/U70809/Y (sky130_fd_sc_hd__nor2_1)         0.12      34.66 r
  u_cp/u_bfeed/U90866/Y (sky130_fd_sc_hd__o21ai_2)        0.07      34.73 f
  u_cp/u_bfeed/U7988/Y (sky130_fd_sc_hd__nand2_2)         0.08      34.81 r
  u_cp/u_bfeed/U7968/Y (sky130_fd_sc_hd__inv_2)           0.07      34.88 f
  u_cp/u_bfeed/U126119/X (sky130_fd_sc_hd__buf_12)        0.15      35.03 f
  u_cp/u_bfeed/U13199/Y (sky130_fd_sc_hd__xnor2_4)        0.19      35.22 r
  u_cp/u_bfeed/U13813/Y (sky130_fd_sc_hd__xnor2_2)        0.14      35.36 r
  u_cp/u_bfeed/U121990/Y (sky130_fd_sc_hd__inv_2)         0.05      35.41 f
  u_cp/u_bfeed/U20118/Y (sky130_fd_sc_hd__xnor2_1)        0.17      35.58 r
  u_cp/u_bfeed/U87678/Y (sky130_fd_sc_hd__xnor2_1)        0.15      35.73 r
  u_cp/u_bfeed/U91373/Y (sky130_fd_sc_hd__inv_1)          0.05      35.78 f
  u_cp/u_bfeed/U45231/Y (sky130_fd_sc_hd__nand2_1)        0.06      35.85 r
  u_cp/u_bfeed/U45217/Y (sky130_fd_sc_hd__nand3_1)        0.06      35.91 f
  u_cp/u_bfeed/U14930/Y (sky130_fd_sc_hd__nand2b_1)       0.08      35.99 r
  u_cp/u_bfeed/U15860/Y (sky130_fd_sc_hd__nand2_1)        0.06      36.05 f
  u_cp/u_bfeed/U13718/Y (sky130_fd_sc_hd__nand3_2)        0.09      36.14 r
  u_cp/u_bfeed/U13845/Y (sky130_fd_sc_hd__nand2_4)        0.07      36.22 f
  u_cp/u_bfeed/U88424/Y (sky130_fd_sc_hd__nand2_4)        0.07      36.29 r
  u_cp/u_bfeed/U84102/X (sky130_fd_sc_hd__buf_6)          0.09      36.38 r
  u_cp/u_bfeed/U84699/Y (sky130_fd_sc_hd__inv_2)          0.02      36.40 f
  u_cp/u_bfeed/U18973/Y (sky130_fd_sc_hd__nand2_2)        0.04      36.45 r
  u_cp/u_bfeed/U18972/Y (sky130_fd_sc_hd__nand4_1)        0.06      36.51 f
  u_cp/u_bfeed/U33352/Y (sky130_fd_sc_hd__nand3_1)        0.08      36.59 r
  u_cp/u_bfeed/U36107/X (sky130_fd_sc_hd__xor2_1)         0.17      36.76 r
  u_cp/u_bfeed/U85411/Y (sky130_fd_sc_hd__nand2b_4)       0.16      36.92 r
  u_cp/u_bfeed/U21825/Y (sky130_fd_sc_hd__nand2_4)        0.06      36.98 f
  u_cp/u_bfeed/U82056/Y (sky130_fd_sc_hd__nand2_8)        0.15      37.13 r
  u_cp/u_bfeed/U31447/Y (sky130_fd_sc_hd__inv_12)         0.08      37.21 f
  u_cp/u_bfeed/U15051/Y (sky130_fd_sc_hd__xnor2_2)        0.14      37.35 f
  u_cp/u_bfeed/U85077/Y (sky130_fd_sc_hd__o22ai_2)        0.18      37.53 r
  u_cp/u_bfeed/U12579/X (sky130_fd_sc_hd__and2_1)         0.15      37.68 r
  u_cp/u_bfeed/U12578/Y (sky130_fd_sc_hd__nand2b_4)       0.11      37.79 r
  u_cp/u_bfeed/U163234/SUM (sky130_fd_sc_hd__fah_1)       0.42      38.21 r
  u_cp/u_bfeed/U88114/Y (sky130_fd_sc_hd__inv_2)          0.05      38.26 f
  u_cp/u_bfeed/U93487/Y (sky130_fd_sc_hd__o21ai_2)        0.15      38.41 r
  u_cp/u_bfeed/U93486/Y (sky130_fd_sc_hd__xnor2_1)        0.14      38.55 r
  u_cp/u_bfeed/U97493/Y (sky130_fd_sc_hd__xnor2_1)        0.15      38.70 r
  u_cp/u_bfeed/U86280/Y (sky130_fd_sc_hd__nand2b_4)       0.17      38.87 r
  u_cp/u_bfeed/U15784/Y (sky130_fd_sc_hd__nand2_4)        0.05      38.92 f
  u_cp/u_bfeed/U15783/Y (sky130_fd_sc_hd__nor2_4)         0.09      39.01 r
  u_cp/u_bfeed/U83781/Y (sky130_fd_sc_hd__nand2_2)        0.07      39.08 f
  u_cp/u_bfeed/U22391/Y (sky130_fd_sc_hd__nor2_2)         0.13      39.21 r
  u_cp/u_bfeed/U23251/Y (sky130_fd_sc_hd__nand3_2)        0.08      39.29 f
  u_cp/u_bfeed/U22907/Y (sky130_fd_sc_hd__nand3_2)        0.07      39.36 r
  u_cp/u_bfeed/U22906/Y (sky130_fd_sc_hd__xnor2_1)        0.12      39.48 r
  u_cp/u_bfeed/U163636/Y (sky130_fd_sc_hd__inv_2)         0.07      39.55 f
  u_cp/u_bfeed/U122114/Y (sky130_fd_sc_hd__inv_4)         0.09      39.64 r
  u_cp/u_bfeed/U24811/Y (sky130_fd_sc_hd__inv_4)          0.06      39.69 f
  u_cp/u_bfeed/U94299/Y (sky130_fd_sc_hd__o21ai_2)        0.11      39.81 r
  u_cp/u_bfeed/U131716/Y (sky130_fd_sc_hd__a21oi_2)       0.05      39.86 f
  u_cp/u_bfeed/U128357/Y (sky130_fd_sc_hd__nand2b_4)      0.08      39.94 r
  u_cp/u_bfeed/U83904/Y (sky130_fd_sc_hd__nand2_4)        0.08      40.02 f
  u_cp/u_bfeed/U16831/Y (sky130_fd_sc_hd__nand2_2)        0.07      40.09 r
  u_cp/u_bfeed/U18638/Y (sky130_fd_sc_hd__nand3_2)        0.06      40.15 f
  u_cp/u_bfeed/U98155/Y (sky130_fd_sc_hd__inv_2)          0.06      40.22 r
  u_cp/u_bfeed/U85878/Y (sky130_fd_sc_hd__nand3_2)        0.07      40.29 f
  u_cp/u_bfeed/U84985/Y (sky130_fd_sc_hd__nand3_4)        0.13      40.42 r
  u_cp/u_bfeed/U13307/Y (sky130_fd_sc_hd__inv_8)          0.07      40.50 f
  u_cp/u_bfeed/U17591/Y (sky130_fd_sc_hd__inv_12)         0.12      40.62 r
  u_cp/u_bfeed/U24709/Y (sky130_fd_sc_hd__nand4_1)        0.15      40.77 f
  u_cp/u_bfeed/U99108/Y (sky130_fd_sc_hd__nand2_4)        0.18      40.96 r
  u_cp/u_bfeed/U18862/Y (sky130_fd_sc_hd__nand2_8)        0.10      41.06 f
  u_cp/u_bfeed/U99128/Y (sky130_fd_sc_hd__nor2_8)         0.23      41.29 r
  u_cp/u_bfeed/U21596/Y (sky130_fd_sc_hd__nand2_2)        0.10      41.39 f
  u_cp/u_bfeed/U13064/Y (sky130_fd_sc_hd__nand4_4)        0.18      41.56 r
  u_cp/u_bfeed/U13063/Y (sky130_fd_sc_hd__inv_4)          0.06      41.63 f
  u_cp/u_bfeed/U18644/Y (sky130_fd_sc_hd__nor2_8)         0.10      41.73 r
  u_cp/u_bfeed/U118415/Y (sky130_fd_sc_hd__o21ai_2)       0.07      41.79 f
  u_cp/u_bfeed/U88772/Y (sky130_fd_sc_hd__a21oi_2)        0.12      41.91 r
  u_cp/u_bfeed/U91459/Y (sky130_fd_sc_hd__o21ai_2)        0.08      41.99 f
  u_cp/u_bfeed/U128629/Y (sky130_fd_sc_hd__inv_2)         0.13      42.12 r
  u_cp/u_bfeed/U164141/Y (sky130_fd_sc_hd__o21ai_2)       0.07      42.18 f
  u_cp/u_bfeed/U164142/Y (sky130_fd_sc_hd__xnor2_1)       0.13      42.31 f
  u_cp/u_bfeed/U124033/Y (sky130_fd_sc_hd__nand2_2)       0.07      42.38 r
  u_cp/u_bfeed/U18499/Y (sky130_fd_sc_hd__nand3_4)        0.07      42.46 f
  u_cp/u_bfeed/U18498/Y (sky130_fd_sc_hd__nor2_4)         0.14      42.60 r
  u_cp/u_bfeed/U92211/Y (sky130_fd_sc_hd__nand3_4)        0.10      42.70 f
  u_cp/u_bfeed/U118145/Y (sky130_fd_sc_hd__nor2_4)        0.13      42.83 r
  u_cp/u_bfeed/U118144/Y (sky130_fd_sc_hd__nand2_1)       0.06      42.89 f
  u_cp/u_bfeed/U127410/Y (sky130_fd_sc_hd__nand2_1)       0.05      42.94 r
  u_cp/u_bfeed/U127328/Y (sky130_fd_sc_hd__nand2b_1)      0.06      43.00 f
  u_cp/u_bfeed/U127808/Y (sky130_fd_sc_hd__nand2_2)       0.08      43.08 r
  u_cp/u_bfeed/U164280/Y (sky130_fd_sc_hd__nand2_2)       0.05      43.13 f
  u_cp/u_bfeed/U115596/X (sky130_fd_sc_hd__o21a_1)        0.20      43.32 f
  u_cp/u_bfeed/U127165/Y (sky130_fd_sc_hd__o21ai_2)       0.07      43.40 r
  u_cp/u_bfeed/U121854/Y (sky130_fd_sc_hd__a21oi_4)       0.06      43.46 f
  u_cp/u_bfeed/U125072/Y (sky130_fd_sc_hd__o21ai_2)       0.12      43.58 r
  u_cp/u_bfeed/U164287/Y (sky130_fd_sc_hd__xnor2_1)       0.12      43.70 r
  u_cp/u_bfeed/U96994/X (sky130_fd_sc_hd__a21o_1)         0.14      43.84 r
  u_cp/u_bfeed/U94290/Y (sky130_fd_sc_hd__nand4_2)        0.12      43.96 f
  u_cp/u_bfeed/U14162/X (sky130_fd_sc_hd__and2_4)         0.20      44.16 f
  u_cp/u_bfeed/U97727/Y (sky130_fd_sc_hd__inv_8)          0.10      44.26 r
  u_cp/u_bfeed/U18626/Y (sky130_fd_sc_hd__nor2_4)         0.04      44.30 f
  u_cp/u_bfeed/U89707/Y (sky130_fd_sc_hd__nor3_4)         0.27      44.57 r
  u_cp/u_bfeed/U89706/Y (sky130_fd_sc_hd__nor2_8)         0.12      44.69 f
  u_cp/u_bfeed/U89705/Y (sky130_fd_sc_hd__xnor2_4)        0.16      44.85 f
  u_cp/u_bfeed/U89704/Y (sky130_fd_sc_hd__o22ai_4)        0.11      44.97 r
  u_cp/u_bfeed/U164734/SUM (sky130_fd_sc_hd__fah_1)       0.28      45.25 r
  u_cp/u_bfeed/U164753/SUM (sky130_fd_sc_hd__fah_1)       0.27      45.52 f
  u_cp/u_bfeed/U164756/SUM (sky130_fd_sc_hd__fah_1)       0.32      45.84 f
  u_cp/u_bfeed/U124687/Y (sky130_fd_sc_hd__xnor2_1)       0.14      45.97 f
  u_cp/u_bfeed/U99093/Y (sky130_fd_sc_hd__xnor2_1)        0.20      46.17 r
  u_cp/u_bfeed/U15041/Y (sky130_fd_sc_hd__nor2_2)         0.05      46.22 f
  u_cp/u_bfeed/U118413/Y (sky130_fd_sc_hd__o21ai_1)       0.12      46.34 r
  u_cp/u_bfeed/U118412/Y (sky130_fd_sc_hd__a21oi_1)       0.06      46.40 f
  u_cp/u_bfeed/U128672/Y (sky130_fd_sc_hd__nand2b_1)      0.14      46.54 f
  u_cp/u_bfeed/U12334/Y (sky130_fd_sc_hd__nand3_2)        0.06      46.60 r
  u_cp/u_bfeed/U16486/Y (sky130_fd_sc_hd__nor2_2)         0.04      46.64 f
  u_cp/u_bfeed/U16485/Y (sky130_fd_sc_hd__o21ai_1)        0.12      46.76 r
  u_cp/u_bfeed/U15712/Y (sky130_fd_sc_hd__nand3_1)        0.09      46.86 f
  u_cp/u_bfeed/U88637/Y (sky130_fd_sc_hd__nand3_2)        0.10      46.95 r
  u_cp/u_bfeed/U88636/Y (sky130_fd_sc_hd__xnor2_2)        0.11      47.06 r
  u_cp/u_bfeed/U101749/Y (sky130_fd_sc_hd__inv_2)         0.08      47.15 f
  u_cp/u_bfeed/U101748/Y (sky130_fd_sc_hd__inv_8)         0.12      47.27 r
  u_cp/u_bfeed/U13266/Y (sky130_fd_sc_hd__inv_6)          0.06      47.33 f
  u_cp/u_bfeed/U13717/Y (sky130_fd_sc_hd__inv_8)          0.08      47.40 r
  u_cp/u_bfeed/U97273/Y (sky130_fd_sc_hd__o21ai_4)        0.06      47.46 f
  u_cp/u_bfeed/U22962/Y (sky130_fd_sc_hd__nand2_4)        0.08      47.54 r
  u_cp/u_bfeed/U97725/Y (sky130_fd_sc_hd__nand2_4)        0.07      47.61 f
  u_cp/u_bfeed/U4359/Y (sky130_fd_sc_hd__nor2_2)          0.15      47.76 r
  u_cp/u_bfeed/U96339/Y (sky130_fd_sc_hd__o21ai_4)        0.08      47.85 f
  u_cp/u_bfeed/U18659/Y (sky130_fd_sc_hd__a21oi_4)        0.17      48.02 r
  u_cp/u_bfeed/U18658/Y (sky130_fd_sc_hd__o21ai_1)        0.09      48.11 f
  u_cp/u_bfeed/U96338/Y (sky130_fd_sc_hd__xnor2_1)        0.12      48.23 f
  u_cp/u_bfeed/U115732/Y (sky130_fd_sc_hd__nand2_1)       0.07      48.30 r
  u_cp/u_bfeed/U18648/Y (sky130_fd_sc_hd__nand2_2)        0.07      48.37 f
  u_cp/u_bfeed/U18647/Y (sky130_fd_sc_hd__inv_2)          0.05      48.42 r
  u_cp/u_bfeed/U12202/Y (sky130_fd_sc_hd__nand3_2)        0.07      48.49 f
  u_cp/u_bfeed/U97241/Y (sky130_fd_sc_hd__inv_4)          0.10      48.59 r
  u_cp/u_bfeed/U97191/Y (sky130_fd_sc_hd__nand4_4)        0.13      48.72 f
  u_cp/u_bfeed/U165117/Y (sky130_fd_sc_hd__nand2b_1)      0.16      48.88 f
  u_cp/u_bfeed/U91926/Y (sky130_fd_sc_hd__a21boi_1)       0.13      49.01 f
  u_cp/u_bfeed/U93491/Y (sky130_fd_sc_hd__nand3_2)        0.10      49.11 r
  u_cp/u_bfeed/U90492/X (sky130_fd_sc_hd__buf_6)          0.12      49.23 r
  u_cp/u_bfeed/U103034/Y (sky130_fd_sc_hd__inv_2)         0.04      49.27 f
  u_cp/u_bfeed/U23583/Y (sky130_fd_sc_hd__nand2_4)        0.04      49.32 r
  u_cp/u_bfeed/U118521/Y (sky130_fd_sc_hd__o21ai_2)       0.05      49.37 f
  u_cp/u_bfeed/U25737/Y (sky130_fd_sc_hd__nand2_2)        0.06      49.43 r
  u_cp/u_bfeed/U12325/Y (sky130_fd_sc_hd__nand4_4)        0.13      49.56 f
  u_cp/u_bfeed/U20829/Y (sky130_fd_sc_hd__a21oi_4)        0.25      49.80 r
  u_cp/u_bfeed/U3721/Y (sky130_fd_sc_hd__o21ai_1)         0.10      49.90 f
  u_cp/u_bfeed/U165355/Y (sky130_fd_sc_hd__xnor2_1)       0.13      50.04 f
  u_cp/u_bfeed/U96997/Y (sky130_fd_sc_hd__nand2b_2)       0.08      50.12 r
  u_cp/u_bfeed/U26802/Y (sky130_fd_sc_hd__nand3_4)        0.09      50.22 f
  u_cp/u_bfeed/U50386/Y (sky130_fd_sc_hd__inv_2)          0.07      50.29 r
  u_cp/u_bfeed/U22943/Y (sky130_fd_sc_hd__nand2_2)        0.05      50.34 f
  u_cp/u_bfeed/U50350/Y (sky130_fd_sc_hd__inv_2)          0.07      50.41 r
  u_cp/u_bfeed/U26801/Y (sky130_fd_sc_hd__nand2_2)        0.05      50.46 f
  u_cp/u_bfeed/U124665/Y (sky130_fd_sc_hd__nor2_2)        0.10      50.56 r
  u_cp/u_bfeed/U13240/Y (sky130_fd_sc_hd__nand3_2)        0.09      50.66 f
  u_cp/u_bfeed/U13252/Y (sky130_fd_sc_hd__nand2_4)        0.11      50.76 r
  u_cp/u_bfeed/U15687/Y (sky130_fd_sc_hd__nor2_4)         0.05      50.81 f
  u_cp/u_bfeed/U25152/X (sky130_fd_sc_hd__clkbuf_1)       0.10      50.92 f
  u_cp/u_bfeed/U118044/Y (sky130_fd_sc_hd__o21ai_2)       0.13      51.05 r
  u_cp/u_bfeed/U93592/Y (sky130_fd_sc_hd__xnor2_1)        0.12      51.17 r
  u_cp/u_bfeed/U23149/X (sky130_fd_sc_hd__a21o_2)         0.15      51.32 r
  u_cp/u_bfeed/U26132/Y (sky130_fd_sc_hd__nand3_2)        0.09      51.41 f
  u_cp/u_bfeed/U93086/Y (sky130_fd_sc_hd__nor2_4)         0.10      51.51 r
  u_cp/u_bfeed/U13428/Y (sky130_fd_sc_hd__nand4_4)        0.10      51.61 f
  u_cp/u_bfeed/U84638/X (sky130_fd_sc_hd__and2_4)         0.23      51.85 f
  u_cp/u_bfeed/U3424/Y (sky130_fd_sc_hd__nand2_2)         0.09      51.94 r
  u_cp/u_bfeed/U84011/Y (sky130_fd_sc_hd__nand4_4)        0.09      52.03 f
  u_cp/u_bfeed/U131381/X (sky130_fd_sc_hd__buf_6)         0.17      52.20 f
  u_cp/u_bfeed/U12666/Y (sky130_fd_sc_hd__xnor2_4)        0.17      52.36 r
  u_cp/u_bfeed/U118529/Y (sky130_fd_sc_hd__o22ai_2)       0.10      52.47 f
  u_cp/u_bfeed/U123668/Y (sky130_fd_sc_hd__xnor2_1)       0.17      52.63 f
  u_cp/u_bfeed/U123667/Y (sky130_fd_sc_hd__xnor2_1)       0.20      52.83 r
  u_cp/u_bfeed/U166235/SUM (sky130_fd_sc_hd__fah_1)       0.33      53.16 r
  u_cp/u_bfeed/U125755/Y (sky130_fd_sc_hd__xnor2_1)       0.13      53.29 r
  u_cp/u_bfeed/U125754/Y (sky130_fd_sc_hd__xnor2_1)       0.15      53.44 r
  u_cp/u_bfeed/U166247/COUT (sky130_fd_sc_hd__fah_1)      0.39      53.84 r
  u_cp/u_bfeed/U12214/Y (sky130_fd_sc_hd__nor2_2)         0.06      53.90 f
  u_cp/u_bfeed/U22456/Y (sky130_fd_sc_hd__nor2_2)         0.13      54.03 r
  u_cp/u_bfeed/U32494/Y (sky130_fd_sc_hd__nand2_1)        0.08      54.11 f
  u_cp/u_bfeed/U22464/Y (sky130_fd_sc_hd__nor2_2)         0.11      54.21 r
  u_cp/u_bfeed/U12330/Y (sky130_fd_sc_hd__nand3_2)        0.10      54.32 f
  u_cp/u_bfeed/U22472/Y (sky130_fd_sc_hd__nand3_2)        0.10      54.42 r
  u_cp/u_bfeed/U12261/Y (sky130_fd_sc_hd__nand3_4)        0.10      54.51 f
  u_cp/u_bfeed/U12260/Y (sky130_fd_sc_hd__inv_6)          0.13      54.64 r
  u_cp/u_bfeed/U93092/Y (sky130_fd_sc_hd__inv_8)          0.07      54.72 f
  u_cp/u_bfeed/U12455/Y (sky130_fd_sc_hd__nor2_2)         0.07      54.79 r
  u_cp/u_bfeed/U30714/Y (sky130_fd_sc_hd__a21oi_1)        0.05      54.84 f
  u_cp/u_bfeed/U91362/X (sky130_fd_sc_hd__and2_4)         0.17      55.00 f
  u_cp/u_bfeed/U121998/Y (sky130_fd_sc_hd__a21oi_2)       0.12      55.12 r
  u_cp/u_bfeed/U25144/Y (sky130_fd_sc_hd__nand4_2)        0.09      55.21 f
  u_cp/u_bfeed/U26995/Y (sky130_fd_sc_hd__o21ai_2)        0.07      55.29 r
  u_cp/u_bfeed/U87600/Y (sky130_fd_sc_hd__inv_2)          0.06      55.35 f
  u_cp/u_bfeed/U93588/Y (sky130_fd_sc_hd__nand2_4)        0.11      55.46 r
  u_cp/u_bfeed/U93489/Y (sky130_fd_sc_hd__inv_2)          0.06      55.52 f
  u_cp/u_bfeed/U96704/Y (sky130_fd_sc_hd__nand2_4)        0.07      55.59 r
  u_cp/u_bfeed/U85461/Y (sky130_fd_sc_hd__nand2_8)        0.08      55.67 f
  u_cp/u_bfeed/U31556/Y (sky130_fd_sc_hd__inv_8)          0.08      55.75 r
  u_cp/u_bfeed/U85460/Y (sky130_fd_sc_hd__nand3_4)        0.09      55.84 f
  u_cp/u_bfeed/U97111/Y (sky130_fd_sc_hd__inv_8)          0.13      55.97 r
  u_cp/u_bfeed/U116275/Y (sky130_fd_sc_hd__nand3_2)       0.08      56.05 f
  u_cp/u_bfeed/U92285/Y (sky130_fd_sc_hd__nor2_2)         0.11      56.16 r
  u_cp/u_bfeed/U118702/X (sky130_fd_sc_hd__buf_6)         0.17      56.33 r
  u_cp/u_bfeed/U2320/Y (sky130_fd_sc_hd__nand2_1)         0.09      56.42 f
  u_cp/u_bfeed/U91686/Y (sky130_fd_sc_hd__nand4_4)        0.12      56.54 r
  u_cp/u_bfeed/U22425/X (sky130_fd_sc_hd__buf_6)          0.10      56.64 r
  u_cp/u_bfeed/U87394/Y (sky130_fd_sc_hd__nor2_2)         0.04      56.68 f
  u_cp/u_bfeed/U103171/Y (sky130_fd_sc_hd__nor2_1)        0.13      56.81 r
  u_cp/u_bfeed/U60776/Y (sky130_fd_sc_hd__nand2_1)        0.11      56.92 f
  u_cp/u_bfeed/U60774/Y (sky130_fd_sc_hd__o21ai_2)        0.15      57.07 r
  u_cp/u_bfeed/U123953/Y (sky130_fd_sc_hd__a21oi_2)       0.05      57.12 f
  u_cp/u_bfeed/U119627/X (sky130_fd_sc_hd__buf_6)         0.14      57.26 f
  u_cp/u_bfeed/U166800/Y (sky130_fd_sc_hd__o21ai_2)       0.11      57.38 r
  u_cp/u_bfeed/U166801/Y (sky130_fd_sc_hd__xnor2_1)       0.07      57.44 f
  u_cp/u_bfeed/U12253/Y (sky130_fd_sc_hd__nand2b_1)       0.10      57.55 r
  u_cp/u_bfeed/U85185/Y (sky130_fd_sc_hd__nand3_4)        0.10      57.65 f
  u_cp/u_bfeed/U85184/Y (sky130_fd_sc_hd__nor2_2)         0.10      57.75 r
  u_cp/u_bfeed/U23253/X (sky130_fd_sc_hd__buf_4)          0.13      57.88 r
  u_cp/u_bfeed/U23836/Y (sky130_fd_sc_hd__nand4_2)        0.09      57.97 f
  u_cp/u_bfeed/U23835/Y (sky130_fd_sc_hd__a21oi_2)        0.12      58.09 r
  u_cp/u_bfeed/U82920/Y (sky130_fd_sc_hd__nand2b_2)       0.13      58.22 r
  u_cp/u_bfeed/U108056/Y (sky130_fd_sc_hd__o22ai_2)       0.07      58.29 f
  u_cp/u_bfeed/U85073/Y (sky130_fd_sc_hd__o21ai_4)        0.19      58.49 r
  u_cp/u_bfeed/U84575/Y (sky130_fd_sc_hd__nand3_1)        0.09      58.57 f
  u_cp/u_bfeed/U116323/Y (sky130_fd_sc_hd__nand2_1)       0.08      58.66 r
  u_cp/u_bfeed/U126413/Y (sky130_fd_sc_hd__xnor2_1)       0.11      58.76 r
  u_cp/u_bfeed/U105418/Y (sky130_fd_sc_hd__nand2_1)       0.07      58.83 f
  u_cp/u_bfeed/U21521/Y (sky130_fd_sc_hd__nand3_2)        0.07      58.90 r
  u_cp/u_bfeed/U22438/Y (sky130_fd_sc_hd__nand4_2)        0.09      58.99 f
  u_cp/u_bfeed/U32315/Y (sky130_fd_sc_hd__inv_2)          0.11      59.11 r
  u_cp/u_bfeed/U23415/Y (sky130_fd_sc_hd__nand3_4)        0.13      59.23 f
  u_cp/u_bfeed/U26270/Y (sky130_fd_sc_hd__a22oi_2)        0.21      59.44 r
  u_cp/u_bfeed/U12264/Y (sky130_fd_sc_hd__nand2b_4)       0.08      59.53 f
  u_cp/u_bfeed/U1587/Y (sky130_fd_sc_hd__nand2_1)         0.10      59.63 r
  u_cp/u_bfeed/U92670/Y (sky130_fd_sc_hd__nand3_1)        0.08      59.70 f
  u_cp/u_bfeed/U130758/Y (sky130_fd_sc_hd__clkinv_1)      0.05      59.75 r
  u_cp/u_bfeed/U105412/Y (sky130_fd_sc_hd__nand4_1)       0.06      59.80 f
  u_cp/u_bfeed/U94212/Y (sky130_fd_sc_hd__nand2_1)        0.07      59.87 r
  u_cp/u_bfeed/U25531/Y (sky130_fd_sc_hd__nand3_2)        0.06      59.94 f
  u_cp/u_bfeed/U117531/X (sky130_fd_sc_hd__clkbuf_2)      0.12      60.06 f
  u_cp/u_bfeed/U121325/X (sky130_fd_sc_hd__buf_6)         0.13      60.18 f
  u_cp/u_bfeed/U167120/Y (sky130_fd_sc_hd__nand2_4)       0.05      60.23 r
  u_cp/u_bfeed/U30406/Y (sky130_fd_sc_hd__clkinv_1)       0.04      60.27 f
  u_cp/u_bfeed/U167121/Y (sky130_fd_sc_hd__nand2b_1)      0.14      60.41 f
  u_cp/u_bfeed/U116272/X (sky130_fd_sc_hd__a21o_1)        0.16      60.57 f
  u_cp/u_bfeed/U25749/Y (sky130_fd_sc_hd__nand2_1)        0.07      60.64 r
  u_cp/u_bfeed/U121319/Y (sky130_fd_sc_hd__nand3b_1)      0.07      60.71 f
  u_cp/u_bfeed/U118768/Y (sky130_fd_sc_hd__nand2_1)       0.07      60.78 r
  u_cp/u_bfeed/U118767/Y (sky130_fd_sc_hd__o21ai_2)       0.07      60.85 f
  u_cp/u_bfeed/U121789/Y (sky130_fd_sc_hd__o211ai_2)      0.15      61.00 r
  u_cp/u_bfeed/U84003/Y (sky130_fd_sc_hd__nand2_1)        0.06      61.05 f
  u_cp/u_bfeed/U14123/Y (sky130_fd_sc_hd__nand3_1)        0.06      61.11 r
  u_cp/u_bfeed/U59972/Y (sky130_fd_sc_hd__nand2_1)        0.06      61.17 f
  u_cp/u_bfeed/U92215/Y (sky130_fd_sc_hd__nand3_2)        0.06      61.23 r
  u_cp/u_bfeed/U12332/Y (sky130_fd_sc_hd__nand3_2)        0.06      61.30 f
  u_cp/u_bfeed/U15682/Y (sky130_fd_sc_hd__nand3_2)        0.06      61.36 r
  u_cp/u_bfeed/U26920/Y (sky130_fd_sc_hd__nand2_2)        0.07      61.43 f
  u_cp/u_bfeed/U27003/X (sky130_fd_sc_hd__clkbuf_1)       0.11      61.54 f
  u_cp/u_bfeed/U87663/Y (sky130_fd_sc_hd__nand2_1)        0.06      61.60 r
  u_cp/u_bfeed/U86171/X (sky130_fd_sc_hd__o21a_2)         0.14      61.74 r
  u_cp/u_bfeed/U92217/Y (sky130_fd_sc_hd__inv_2)          0.04      61.78 f
  u_cp/u_bfeed/U28485/Y (sky130_fd_sc_hd__nand4_4)        0.09      61.87 r
  u_cp/u_bfeed/U25141/Y (sky130_fd_sc_hd__nand2_4)        0.07      61.94 f
  u_cp/u_bfeed/U23574/Y (sky130_fd_sc_hd__inv_8)          0.08      62.02 r
  u_cp/u_bfeed/U25283/Y (sky130_fd_sc_hd__nand4_4)        0.11      62.13 f
  u_cp/u_bfeed/U16396/X (sky130_fd_sc_hd__buf_6)          0.16      62.29 f
  u_cp/u_bfeed/U18943/Y (sky130_fd_sc_hd__o22ai_4)        0.12      62.41 r
  u_cp/u_bfeed/U13741/Y (sky130_fd_sc_hd__nand2_4)        0.09      62.50 f
  u_cp/u_bfeed/U15253/Y (sky130_fd_sc_hd__nor2_4)         0.13      62.63 r
  u_cp/u_bfeed/U14898/Y (sky130_fd_sc_hd__nand2_4)        0.08      62.71 f
  u_cp/u_bfeed/U15267/Y (sky130_fd_sc_hd__nand2_4)        0.06      62.77 r
  u_cp/u_bfeed/U12331/Y (sky130_fd_sc_hd__inv_2)          0.04      62.81 f
  u_cp/u_bfeed/U84303/Y (sky130_fd_sc_hd__nand2_4)        0.06      62.87 r
  u_cp/u_bfeed/U17172/Y (sky130_fd_sc_hd__nand4_2)        0.13      63.00 f
  u_cp/u_bfeed/U26931/Y (sky130_fd_sc_hd__nand2_2)        0.10      63.10 r
  u_cp/u_bfeed/U26289/X (sky130_fd_sc_hd__buf_6)          0.10      63.20 r
  u_cp/u_bfeed/U1094/X (sky130_fd_sc_hd__clkbuf_1)        0.09      63.29 r
  u_cp/u_bfeed/U96608/Y (sky130_fd_sc_hd__nand2_2)        0.07      63.36 f
  u_cp/u_bfeed/U27603/Y (sky130_fd_sc_hd__xnor2_1)        0.18      63.55 r
  u_cp/u_bfeed/U30570/Y (sky130_fd_sc_hd__nand2b_1)       0.09      63.64 f
  u_cp/u_bfeed/U27004/Y (sky130_fd_sc_hd__clkinv_1)       0.05      63.68 r
  u_cp/u_bfeed/U12329/Y (sky130_fd_sc_hd__nand2b_1)       0.08      63.76 f
  u_cp/u_bfeed/U15826/Y (sky130_fd_sc_hd__o21ai_4)        0.19      63.95 r
  u_cp/u_bfeed/U12278/Y (sky130_fd_sc_hd__nand3_4)        0.11      64.06 f
  u_cp/u_bfeed/U12277/Y (sky130_fd_sc_hd__inv_4)          0.09      64.15 r
  u_cp/u_bfeed/U16017/X (sky130_fd_sc_hd__buf_12)         0.14      64.29 r
  u_cp/u_bfeed/U93477/Y (sky130_fd_sc_hd__nand2_4)        0.07      64.36 f
  u_cp/u_bfeed/U17218/Y (sky130_fd_sc_hd__nand2_4)        0.08      64.45 r
  u_cp/u_bfeed/U750/Y (sky130_fd_sc_hd__nand2_1)          0.10      64.55 f
  u_cp/u_bfeed/U101908/Y (sky130_fd_sc_hd__o21ai_2)       0.24      64.78 r
  u_cp/u_bfeed/U111631/Y (sky130_fd_sc_hd__nand2b_1)      0.07      64.86 f
  u_cp/u_bfeed/U111630/Y (sky130_fd_sc_hd__nand2_1)       0.06      64.92 r
  u_cp/u_bfeed/U129950/Y (sky130_fd_sc_hd__a21oi_1)       0.04      64.96 f
  u_cp/u_bfeed/U127750/Y (sky130_fd_sc_hd__a22oi_2)       0.16      65.12 r
  u_cp/u_bfeed/U15801/X (sky130_fd_sc_hd__o21a_4)         0.16      65.28 r
  u_cp/u_bfeed/U14579/Y (sky130_fd_sc_hd__nand2_2)        0.07      65.34 f
  u_cp/u_bfeed/U96749/Y (sky130_fd_sc_hd__nor2_4)         0.13      65.47 r
  u_cp/u_bfeed/U528/X (sky130_fd_sc_hd__buf_2)            0.15      65.62 r
  u_cp/u_bfeed/U510/Y (sky130_fd_sc_hd__nand2_1)          0.07      65.69 f
  u_cp/u_bfeed/U11454/Y (sky130_fd_sc_hd__inv_2)          0.05      65.74 r
  u_cp/u_bfeed/U121400/Y (sky130_fd_sc_hd__nand2_2)       0.06      65.80 f
  u_cp/u_bfeed/U23166/Y (sky130_fd_sc_hd__nor2_4)         0.10      65.90 r
  u_cp/u_bfeed/U23167/Y (sky130_fd_sc_hd__o21ai_2)        0.06      65.96 f
  u_cp/u_bfeed/U108190/Y (sky130_fd_sc_hd__a21oi_1)       0.10      66.07 r
  u_cp/u_bfeed/U119688/Y (sky130_fd_sc_hd__o21ai_1)       0.07      66.13 f
  u_cp/u_bfeed/U98198/Y (sky130_fd_sc_hd__a21oi_1)        0.14      66.27 r
  u_cp/u_bfeed/U17411/Y (sky130_fd_sc_hd__xnor2_1)        0.14      66.41 r
  u_cp/u_bfeed/U167532/Y (sky130_fd_sc_hd__nand2b_1)      0.13      66.54 r
  u_cp/u_bfeed/U23425/Y (sky130_fd_sc_hd__nand4_2)        0.12      66.67 f
  u_cp/u_bfeed/U23423/Y (sky130_fd_sc_hd__inv_4)          0.13      66.80 r
  u_cp/u_bfeed/U11455/Y (sky130_fd_sc_hd__inv_8)          0.06      66.86 f
  u_cp/u_bfeed/U28472/X (sky130_fd_sc_hd__buf_6)          0.11      66.97 f
  u_cp/u_bfeed/U93005/Y (sky130_fd_sc_hd__o211ai_2)       0.05      67.02 r
  u_cp/u_bfeed/U88751/Y (sky130_fd_sc_hd__nand4_2)        0.12      67.14 f
  u_cp/u_bfeed/U99571/X (sky130_fd_sc_hd__clkbuf_2)       0.14      67.29 f
  u_cp/u_bfeed/U11819/Y (sky130_fd_sc_hd__nand2_2)        0.11      67.40 r
  u_cp/u_bfeed/U12076/Y (sky130_fd_sc_hd__nand3_1)        0.08      67.48 f
  u_cp/u_bfeed/U24849/Y (sky130_fd_sc_hd__inv_1)          0.05      67.53 r
  u_cp/u_bfeed/U41489/Y (sky130_fd_sc_hd__nand3_1)        0.05      67.58 f
  u_cp/u_bfeed/U41488/Y (sky130_fd_sc_hd__nand2_1)        0.08      67.66 r
  u_cp/u_bfeed/U131773/Y (sky130_fd_sc_hd__nand2b_1)      0.06      67.72 f
  u_cp/u_bfeed/U59186/Y (sky130_fd_sc_hd__nor2_1)         0.09      67.81 r
  u_cp/u_bfeed/U24818/Y (sky130_fd_sc_hd__inv_1)          0.08      67.89 f
  u_cp/u_bfeed/U41464/Y (sky130_fd_sc_hd__inv_2)          0.13      68.02 r
  u_cp/u_bfeed/U212334/Y (sky130_fd_sc_hd__mux2i_1)       0.08      68.10 f
  u_cp/u_bfeed/row_reg[32][16]/D (sky130_fd_sc_hd__dfxtp_1)     0.00    68.10 f
  data arrival time                                                 68.10

  clock clk (rise edge)                                   1.00       1.00
  clock network delay (ideal)                             0.00       1.00
  u_cp/u_bfeed/row_reg[32][16]/CLK (sky130_fd_sc_hd__dfxtp_1)     0.00     1.00 r
  library setup time                                     -0.15       0.85
  data required time                                                 0.85
  --------------------------------------------------------------------------
  data required time                                                 0.85
  data arrival time                                                -68.10
  --------------------------------------------------------------------------
  slack (VIOLATED)                                                 -67.25


  Startpoint: u_cp/pos_base_reg[2]
              (rising edge-triggered flip-flop clocked by clk)
  Endpoint: u_cp/u_bfeed/row_reg[91][27]
            (rising edge-triggered flip-flop clocked by clk)
  Path Group: clk
  Path Type: max

  Point                                                   Incr       Path
  --------------------------------------------------------------------------
  clock clk (rise edge)                                   0.00       0.00
  clock network delay (ideal)                             0.00       0.00
  u_cp/pos_base_reg[2]/CLK (sky130_fd_sc_hd__dfxtp_4)     0.00 #     0.00 r
  u_cp/pos_base_reg[2]/Q (sky130_fd_sc_hd__dfxtp_4)       0.38       0.38 r
  u_cp/u_bfeed/pos_base[2] (kv_bfeed_MAX_N128)            0.00       0.38 r
  u_cp/u_bfeed/U85392/Y (sky130_fd_sc_hd__nand2_4)        0.07       0.45 f
  u_cp/u_bfeed/U13875/Y (sky130_fd_sc_hd__nand2_2)        0.06       0.52 r
  u_cp/u_bfeed/U18882/Y (sky130_fd_sc_hd__nand3_2)        0.05       0.57 f
  u_cp/u_bfeed/U18881/Y (sky130_fd_sc_hd__nand2_2)        0.07       0.64 r
  u_cp/u_bfeed/U24821/Y (sky130_fd_sc_hd__nand2_4)        0.06       0.70 f
  u_cp/u_bfeed/U24820/Y (sky130_fd_sc_hd__nand2_8)        0.09       0.80 r
  u_cp/u_bfeed/U81859/Y (sky130_fd_sc_hd__nand2_4)        0.06       0.86 f
  u_cp/u_bfeed/U79424/Y (sky130_fd_sc_hd__o21bai_2)       0.11       0.97 r
  u_cp/u_bfeed/U26533/Y (sky130_fd_sc_hd__nand2_2)        0.07       1.03 f
  u_cp/u_bfeed/U26532/X (sky130_fd_sc_hd__and2_4)         0.14       1.17 f
  u_cp/u_bfeed/U83281/Y (sky130_fd_sc_hd__nand4b_1)       0.08       1.25 r
  u_cp/u_bfeed/U22910/Y (sky130_fd_sc_hd__nand4_1)        0.09       1.34 f
  u_cp/u_bfeed/U83932/Y (sky130_fd_sc_hd__inv_2)          0.09       1.43 r
  u_cp/u_bfeed/U122113/Y (sky130_fd_sc_hd__inv_4)         0.05       1.48 f
  u_cp/u_bfeed/U28450/Y (sky130_fd_sc_hd__inv_12)         0.10       1.59 r
  u_cp/u_bfeed/U21360/Y (sky130_fd_sc_hd__nand2_8)        0.08       1.66 f
  u_cp/u_bfeed/U98384/Y (sky130_fd_sc_hd__nor2_2)         0.13       1.79 r
  u_cp/u_bfeed/U124855/X (sky130_fd_sc_hd__buf_6)         0.18       1.97 r
  u_cp/u_bfeed/U152820/Y (sky130_fd_sc_hd__o22ai_1)       0.10       2.07 f
  u_cp/u_bfeed/U152822/COUT (sky130_fd_sc_hd__fah_1)      0.39       2.45 f
  u_cp/u_bfeed/U78681/Y (sky130_fd_sc_hd__xnor2_1)        0.19       2.64 r
  u_cp/u_bfeed/U78619/Y (sky130_fd_sc_hd__xnor2_1)        0.15       2.79 r
  u_cp/u_bfeed/U152842/COUT (sky130_fd_sc_hd__fah_1)      0.39       3.19 r
  u_cp/u_bfeed/U25149/Y (sky130_fd_sc_hd__nand2_2)        0.06       3.25 f
  u_cp/u_bfeed/U25498/Y (sky130_fd_sc_hd__nand2_2)        0.06       3.31 r
  u_cp/u_bfeed/U25497/Y (sky130_fd_sc_hd__xnor2_1)        0.12       3.44 r
  u_cp/u_bfeed/U41223/Y (sky130_fd_sc_hd__xnor2_1)        0.17       3.60 r
  u_cp/u_bfeed/U47684/Y (sky130_fd_sc_hd__nor2_2)         0.06       3.67 f
  u_cp/u_bfeed/U11211/Y (sky130_fd_sc_hd__nor2_1)         0.12       3.79 r
  u_cp/u_bfeed/U85510/Y (sky130_fd_sc_hd__nand2_1)        0.07       3.86 f
  u_cp/u_bfeed/U127491/Y (sky130_fd_sc_hd__o21ai_1)       0.15       4.01 r
  u_cp/u_bfeed/U119605/Y (sky130_fd_sc_hd__a21oi_2)       0.05       4.07 f
  u_cp/u_bfeed/U119604/Y (sky130_fd_sc_hd__o21ai_2)       0.14       4.21 r
  u_cp/u_bfeed/U152889/Y (sky130_fd_sc_hd__xnor2_2)       0.15       4.36 r
  u_cp/u_bfeed/U129658/Y (sky130_fd_sc_hd__inv_2)         0.09       4.45 f
  u_cp/u_bfeed/U131845/Y (sky130_fd_sc_hd__nand2_8)       0.19       4.64 r
  u_cp/u_bfeed/U97112/Y (sky130_fd_sc_hd__nor2_4)         0.04       4.68 f
  u_cp/u_bfeed/U78103/Y (sky130_fd_sc_hd__inv_2)          0.06       4.74 r
  u_cp/u_bfeed/U20778/Y (sky130_fd_sc_hd__nand2_4)        0.08       4.82 f
  u_cp/u_bfeed/U152996/COUT (sky130_fd_sc_hd__fah_1)      0.33       5.16 f
  u_cp/u_bfeed/U152997/SUM (sky130_fd_sc_hd__fah_1)       0.33       5.48 r
  u_cp/u_bfeed/U124429/Y (sky130_fd_sc_hd__xnor2_1)       0.14       5.62 r
  u_cp/u_bfeed/U126048/Y (sky130_fd_sc_hd__xnor2_1)       0.13       5.75 r
  u_cp/u_bfeed/U153042/SUM (sky130_fd_sc_hd__fah_1)       0.28       6.03 f
  u_cp/u_bfeed/U125097/Y (sky130_fd_sc_hd__nand2b_4)      0.15       6.19 f
  u_cp/u_bfeed/U130884/Y (sky130_fd_sc_hd__nand2_2)       0.06       6.24 r
  u_cp/u_bfeed/U129756/Y (sky130_fd_sc_hd__inv_2)         0.04       6.28 f
  u_cp/u_bfeed/U124474/Y (sky130_fd_sc_hd__nand2_2)       0.05       6.32 r
  u_cp/u_bfeed/U125750/Y (sky130_fd_sc_hd__nand3_2)       0.07       6.39 f
  u_cp/u_bfeed/U153115/Y (sky130_fd_sc_hd__nand3_1)       0.06       6.45 r
  u_cp/u_bfeed/U123399/Y (sky130_fd_sc_hd__nand2_1)       0.06       6.51 f
  u_cp/u_bfeed/U153116/Y (sky130_fd_sc_hd__inv_2)         0.07       6.57 r
  u_cp/u_bfeed/U153117/Y (sky130_fd_sc_hd__nand2_4)       0.07       6.65 f
  u_cp/u_bfeed/U19389/Y (sky130_fd_sc_hd__inv_6)          0.10       6.75 r
  u_cp/u_bfeed/U99957/Y (sky130_fd_sc_hd__nand2_2)        0.05       6.80 f
  u_cp/u_bfeed/U21706/X (sky130_fd_sc_hd__o21a_4)         0.12       6.92 f
  u_cp/u_bfeed/U21705/Y (sky130_fd_sc_hd__nand2_4)        0.07       6.99 r
  u_cp/u_bfeed/U20758/Y (sky130_fd_sc_hd__inv_6)          0.06       7.04 f
  u_cp/u_bfeed/U77663/Y (sky130_fd_sc_hd__inv_4)          0.06       7.10 r
  u_cp/u_bfeed/U125901/Y (sky130_fd_sc_hd__nand2_4)       0.06       7.16 f
  u_cp/u_bfeed/U125900/Y (sky130_fd_sc_hd__xnor2_4)       0.19       7.35 r
  u_cp/u_bfeed/U25637/Y (sky130_fd_sc_hd__nand3_4)        0.13       7.48 f
  u_cp/u_bfeed/U25636/Y (sky130_fd_sc_hd__nor2_8)         0.14       7.63 r
  u_cp/u_bfeed/U153300/Y (sky130_fd_sc_hd__nand2_1)       0.08       7.70 f
  u_cp/u_bfeed/U17157/Y (sky130_fd_sc_hd__nand2_2)        0.07       7.77 r
  u_cp/u_bfeed/U93619/Y (sky130_fd_sc_hd__nand4_2)        0.12       7.89 f
  u_cp/u_bfeed/U94371/Y (sky130_fd_sc_hd__inv_4)          0.13       8.03 r
  u_cp/u_bfeed/U102105/Y (sky130_fd_sc_hd__inv_2)         0.05       8.07 f
  u_cp/u_bfeed/U25511/Y (sky130_fd_sc_hd__nand2_2)        0.05       8.12 r
  u_cp/u_bfeed/U25657/Y (sky130_fd_sc_hd__nand3_2)        0.07       8.19 f
  u_cp/u_bfeed/U19698/Y (sky130_fd_sc_hd__a21oi_4)        0.15       8.35 r
  u_cp/u_bfeed/U17111/Y (sky130_fd_sc_hd__nand2_2)        0.09       8.44 f
  u_cp/u_bfeed/U27016/Y (sky130_fd_sc_hd__o21ai_2)        0.14       8.58 r
  u_cp/u_bfeed/U127012/Y (sky130_fd_sc_hd__nand2_2)       0.08       8.66 f
  u_cp/u_bfeed/U87371/Y (sky130_fd_sc_hd__nand3_4)        0.14       8.80 r
  u_cp/u_bfeed/U17155/Y (sky130_fd_sc_hd__inv_6)          0.06       8.85 f
  u_cp/u_bfeed/U94522/Y (sky130_fd_sc_hd__nand2_4)        0.09       8.94 r
  u_cp/u_bfeed/U10714/Y (sky130_fd_sc_hd__inv_2)          0.05       9.00 f
  u_cp/u_bfeed/U20251/Y (sky130_fd_sc_hd__nand2_4)        0.05       9.05 r
  u_cp/u_bfeed/U32058/Y (sky130_fd_sc_hd__nand4_4)        0.09       9.14 f
  u_cp/u_bfeed/U83925/Y (sky130_fd_sc_hd__nand3_2)        0.09       9.23 r
  u_cp/u_bfeed/U97087/Y (sky130_fd_sc_hd__nand2_4)        0.09       9.32 f
  u_cp/u_bfeed/U153332/COUT (sky130_fd_sc_hd__fah_1)      0.35       9.67 f
  u_cp/u_bfeed/U131681/Y (sky130_fd_sc_hd__xnor2_1)       0.22       9.89 r
  u_cp/u_bfeed/U153334/SUM (sky130_fd_sc_hd__fah_1)       0.34      10.23 r
  u_cp/u_bfeed/U116726/Y (sky130_fd_sc_hd__inv_2)         0.05      10.28 f
  u_cp/u_bfeed/U16975/Y (sky130_fd_sc_hd__nand2b_4)       0.07      10.35 r
  u_cp/u_bfeed/U16227/Y (sky130_fd_sc_hd__nand3_4)        0.07      10.42 f
  u_cp/u_bfeed/U16226/Y (sky130_fd_sc_hd__nor2_4)         0.12      10.54 r
  u_cp/u_bfeed/U127274/Y (sky130_fd_sc_hd__nand4_1)       0.13      10.67 f
  u_cp/u_bfeed/U91144/Y (sky130_fd_sc_hd__nand2_4)        0.16      10.83 r
  u_cp/u_bfeed/U92739/Y (sky130_fd_sc_hd__nand2_2)        0.06      10.89 f
  u_cp/u_bfeed/U92568/Y (sky130_fd_sc_hd__o21ai_2)        0.07      10.96 r
  u_cp/u_bfeed/U91133/Y (sky130_fd_sc_hd__nand2_4)        0.08      11.04 f
  u_cp/u_bfeed/U99271/Y (sky130_fd_sc_hd__nand2_4)        0.07      11.11 r
  u_cp/u_bfeed/U99969/Y (sky130_fd_sc_hd__nand3_2)        0.06      11.17 f
  u_cp/u_bfeed/U16976/Y (sky130_fd_sc_hd__nand3_2)        0.06      11.23 r
  u_cp/u_bfeed/U21761/Y (sky130_fd_sc_hd__nand3_2)        0.07      11.30 f
  u_cp/u_bfeed/U93597/Y (sky130_fd_sc_hd__nand3_2)        0.10      11.40 r
  u_cp/u_bfeed/U94161/Y (sky130_fd_sc_hd__inv_4)          0.07      11.47 f
  u_cp/u_bfeed/U20856/Y (sky130_fd_sc_hd__nand2b_2)       0.21      11.68 f
  u_cp/u_bfeed/U90134/Y (sky130_fd_sc_hd__nand2_4)        0.13      11.81 r
  u_cp/u_bfeed/U23502/Y (sky130_fd_sc_hd__nand3_4)        0.14      11.95 f
  u_cp/u_bfeed/U23501/Y (sky130_fd_sc_hd__nor2_4)         0.20      12.15 r
  u_cp/u_bfeed/U20761/Y (sky130_fd_sc_hd__nand2_2)        0.05      12.20 f
  u_cp/u_bfeed/U16272/X (sky130_fd_sc_hd__o21a_2)         0.12      12.32 f
  u_cp/u_bfeed/U20745/Y (sky130_fd_sc_hd__nand4_4)        0.08      12.41 r
  u_cp/u_bfeed/U12101/Y (sky130_fd_sc_hd__nand2_1)        0.06      12.47 f
  u_cp/u_bfeed/U76316/Y (sky130_fd_sc_hd__o21ai_1)        0.15      12.62 r
  u_cp/u_bfeed/U127806/Y (sky130_fd_sc_hd__a21oi_2)       0.06      12.68 f
  u_cp/u_bfeed/U121259/Y (sky130_fd_sc_hd__o21ai_2)       0.19      12.87 r
  u_cp/u_bfeed/U121258/Y (sky130_fd_sc_hd__inv_2)         0.10      12.97 f
  u_cp/u_bfeed/U10444/Y (sky130_fd_sc_hd__o21ai_1)        0.15      13.11 r
  u_cp/u_bfeed/U153667/Y (sky130_fd_sc_hd__xnor2_1)       0.07      13.19 f
  u_cp/u_bfeed/U121315/Y (sky130_fd_sc_hd__nand2b_1)      0.06      13.25 r
  u_cp/u_bfeed/U92472/Y (sky130_fd_sc_hd__nand2_1)        0.05      13.30 f
  u_cp/u_bfeed/U90946/Y (sky130_fd_sc_hd__nor2_1)         0.09      13.39 r
  u_cp/u_bfeed/U119778/Y (sky130_fd_sc_hd__nand3_1)       0.09      13.47 f
  u_cp/u_bfeed/U131174/Y (sky130_fd_sc_hd__inv_2)         0.06      13.54 r
  u_cp/u_bfeed/U121685/Y (sky130_fd_sc_hd__nand2_2)       0.05      13.59 f
  u_cp/u_bfeed/U153746/Y (sky130_fd_sc_hd__nor2_2)        0.11      13.70 r
  u_cp/u_bfeed/U100438/Y (sky130_fd_sc_hd__nand3_1)       0.09      13.79 f
  u_cp/u_bfeed/U92771/Y (sky130_fd_sc_hd__nand2_1)        0.06      13.85 r
  u_cp/u_bfeed/U153773/Y (sky130_fd_sc_hd__nand4_1)       0.08      13.93 f
  u_cp/u_bfeed/U121192/Y (sky130_fd_sc_hd__nand2_1)       0.08      14.01 r
  u_cp/u_bfeed/U25485/Y (sky130_fd_sc_hd__nor2_2)         0.05      14.06 f
  u_cp/u_bfeed/U25484/Y (sky130_fd_sc_hd__o21ai_4)        0.13      14.19 r
  u_cp/u_bfeed/U119768/Y (sky130_fd_sc_hd__inv_2)         0.07      14.27 f
  u_cp/u_bfeed/U153802/Y (sky130_fd_sc_hd__o21ai_2)       0.12      14.38 r
  u_cp/u_bfeed/U131705/Y (sky130_fd_sc_hd__xnor2_1)       0.12      14.50 r
  u_cp/u_bfeed/U92763/Y (sky130_fd_sc_hd__nand2b_1)       0.08      14.58 f
  u_cp/u_bfeed/U92762/Y (sky130_fd_sc_hd__nand3_2)        0.07      14.64 r
  u_cp/u_bfeed/U86033/Y (sky130_fd_sc_hd__nand3_2)        0.06      14.70 f
  u_cp/u_bfeed/U91886/Y (sky130_fd_sc_hd__inv_2)          0.09      14.79 r
  u_cp/u_bfeed/U94571/Y (sky130_fd_sc_hd__nand3_4)        0.10      14.89 f
  u_cp/u_bfeed/U121154/Y (sky130_fd_sc_hd__nand2_2)       0.08      14.97 r
  u_cp/u_bfeed/U26469/Y (sky130_fd_sc_hd__nand3_2)        0.07      15.04 f
  u_cp/u_bfeed/U119408/Y (sky130_fd_sc_hd__inv_2)         0.06      15.10 r
  u_cp/u_bfeed/U127164/Y (sky130_fd_sc_hd__nand2_2)       0.05      15.14 f
  u_cp/u_bfeed/U88156/Y (sky130_fd_sc_hd__nand3_1)        0.07      15.21 r
  u_cp/u_bfeed/U119188/Y (sky130_fd_sc_hd__nand3_1)       0.06      15.28 f
  u_cp/u_bfeed/U119187/Y (sky130_fd_sc_hd__o21ai_1)       0.06      15.34 r
  u_cp/u_bfeed/U130082/Y (sky130_fd_sc_hd__nand4_1)       0.09      15.44 f
  u_cp/u_bfeed/U125899/Y (sky130_fd_sc_hd__nand2_2)       0.09      15.52 r
  u_cp/u_bfeed/U119693/Y (sky130_fd_sc_hd__inv_4)         0.07      15.59 f
  u_cp/u_bfeed/U100488/Y (sky130_fd_sc_hd__nand2_2)       0.08      15.68 r
  u_cp/u_bfeed/U126896/Y (sky130_fd_sc_hd__nand2_4)       0.08      15.76 f
  u_cp/u_bfeed/U24987/X (sky130_fd_sc_hd__buf_12)         0.14      15.90 f
  u_cp/u_bfeed/U119343/Y (sky130_fd_sc_hd__nand2_8)       0.06      15.96 r
  u_cp/u_bfeed/U56927/Y (sky130_fd_sc_hd__inv_4)          0.05      16.01 f
  u_cp/u_bfeed/U75555/Y (sky130_fd_sc_hd__nand2_1)        0.05      16.06 r
  u_cp/u_bfeed/U90537/Y (sky130_fd_sc_hd__nand4_1)        0.08      16.14 f
  u_cp/u_bfeed/U154323/Y (sky130_fd_sc_hd__inv_1)         0.08      16.22 r
  u_cp/u_bfeed/U154414/X (sky130_fd_sc_hd__o22a_1)        0.11      16.34 r
  u_cp/u_bfeed/U94077/X (sky130_fd_sc_hd__o21a_2)         0.16      16.49 r
  u_cp/u_bfeed/U13437/Y (sky130_fd_sc_hd__nand3_4)        0.09      16.58 f
  u_cp/u_bfeed/U115301/Y (sky130_fd_sc_hd__nor2_2)        0.12      16.70 r
  u_cp/u_bfeed/U28184/Y (sky130_fd_sc_hd__o21ai_2)        0.07      16.77 f
  u_cp/u_bfeed/U28183/Y (sky130_fd_sc_hd__a21oi_2)        0.14      16.91 r
  u_cp/u_bfeed/U15056/Y (sky130_fd_sc_hd__o21ai_2)        0.07      16.99 f
  u_cp/u_bfeed/U15055/X (sky130_fd_sc_hd__a21o_2)         0.23      17.22 f
  u_cp/u_bfeed/U20377/Y (sky130_fd_sc_hd__inv_4)          0.11      17.33 r
  u_cp/u_bfeed/U93002/Y (sky130_fd_sc_hd__o21ai_2)        0.06      17.40 f
  u_cp/u_bfeed/U154611/Y (sky130_fd_sc_hd__xnor2_1)       0.13      17.52 f
  u_cp/u_bfeed/U154781/Y (sky130_fd_sc_hd__o2bb2ai_1)     0.13      17.65 f
  u_cp/u_bfeed/U154782/Y (sky130_fd_sc_hd__a21oi_2)       0.17      17.82 r
  u_cp/u_bfeed/U100772/Y (sky130_fd_sc_hd__nand3_1)       0.09      17.91 f
  u_cp/u_bfeed/U99087/X (sky130_fd_sc_hd__o211a_1)        0.23      18.14 f
  u_cp/u_bfeed/U154803/Y (sky130_fd_sc_hd__o21ai_2)       0.07      18.22 r
  u_cp/u_bfeed/U154804/Y (sky130_fd_sc_hd__nor2_2)        0.07      18.29 f
  u_cp/u_bfeed/U20288/Y (sky130_fd_sc_hd__o21ai_4)        0.21      18.49 r
  u_cp/u_bfeed/U119013/Y (sky130_fd_sc_hd__xnor2_1)       0.13      18.63 r
  u_cp/u_bfeed/U88197/Y (sky130_fd_sc_hd__nand2_1)        0.06      18.69 f
  u_cp/u_bfeed/U129984/Y (sky130_fd_sc_hd__nand2_1)       0.06      18.75 r
  u_cp/u_bfeed/U129985/Y (sky130_fd_sc_hd__nand2_1)       0.05      18.79 f
  u_cp/u_bfeed/U75073/Y (sky130_fd_sc_hd__inv_1)          0.04      18.84 r
  u_cp/u_bfeed/U26919/Y (sky130_fd_sc_hd__nand4_1)        0.08      18.91 f
  u_cp/u_bfeed/U154830/Y (sky130_fd_sc_hd__clkinv_1)      0.07      18.99 r
  u_cp/u_bfeed/U95365/Y (sky130_fd_sc_hd__nand4_4)        0.10      19.09 f
  u_cp/u_bfeed/U24946/Y (sky130_fd_sc_hd__o21bai_2)       0.18      19.27 r
  u_cp/u_bfeed/U128736/Y (sky130_fd_sc_hd__inv_4)         0.08      19.35 f
  u_cp/u_bfeed/U127565/X (sky130_fd_sc_hd__o211a_2)       0.13      19.49 f
  u_cp/u_bfeed/U119012/Y (sky130_fd_sc_hd__o21bai_4)      0.19      19.68 f
  u_cp/u_bfeed/U132528/Y (sky130_fd_sc_hd__inv_2)         0.07      19.75 r
  u_cp/u_bfeed/U155113/Y (sky130_fd_sc_hd__mux2i_1)       0.20      19.95 r
  u_cp/u_bfeed/U128255/Y (sky130_fd_sc_hd__nand2b_4)      0.20      20.15 r
  u_cp/u_bfeed/U125921/Y (sky130_fd_sc_hd__nor2_4)        0.06      20.21 f
  u_cp/u_bfeed/U29030/Y (sky130_fd_sc_hd__nand2_1)        0.06      20.27 r
  u_cp/u_bfeed/U129754/Y (sky130_fd_sc_hd__o21ai_2)       0.05      20.33 f
  u_cp/u_bfeed/U155158/Y (sky130_fd_sc_hd__mux2i_1)       0.14      20.46 r
  u_cp/u_bfeed/U128261/Y (sky130_fd_sc_hd__nand3_2)       0.14      20.60 f
  u_cp/u_bfeed/U20757/X (sky130_fd_sc_hd__clkbuf_1)       0.13      20.73 f
  u_cp/u_bfeed/U124543/Y (sky130_fd_sc_hd__nand2_2)       0.07      20.80 r
  u_cp/u_bfeed/U128260/Y (sky130_fd_sc_hd__o21ai_2)       0.06      20.85 f
  u_cp/u_bfeed/U128259/Y (sky130_fd_sc_hd__a21oi_2)       0.12      20.97 r
  u_cp/u_bfeed/U127874/Y (sky130_fd_sc_hd__o21ai_2)       0.08      21.05 f
  u_cp/u_bfeed/U88737/X (sky130_fd_sc_hd__a21o_4)         0.23      21.28 f
  u_cp/u_bfeed/U88736/Y (sky130_fd_sc_hd__nand2b_2)       0.07      21.35 r
  u_cp/u_bfeed/U20427/Y (sky130_fd_sc_hd__nand2_2)        0.04      21.39 f
  u_cp/u_bfeed/U20426/Y (sky130_fd_sc_hd__xnor2_1)        0.12      21.52 f
  u_cp/u_bfeed/U132988/Y (sky130_fd_sc_hd__a22oi_2)       0.14      21.66 r
  u_cp/u_bfeed/U129083/Y (sky130_fd_sc_hd__nand2_2)       0.09      21.75 f
  u_cp/u_bfeed/U95024/Y (sky130_fd_sc_hd__nor2_4)         0.11      21.86 r
  u_cp/u_bfeed/U95023/Y (sky130_fd_sc_hd__nand2_2)        0.08      21.94 f
  u_cp/u_bfeed/U97105/Y (sky130_fd_sc_hd__inv_4)          0.09      22.02 r
  u_cp/u_bfeed/U23404/Y (sky130_fd_sc_hd__nand2_4)        0.06      22.08 f
  u_cp/u_bfeed/U121867/Y (sky130_fd_sc_hd__inv_4)         0.07      22.15 r
  u_cp/u_bfeed/U88157/Y (sky130_fd_sc_hd__nand2_2)        0.06      22.21 f
  u_cp/u_bfeed/U19690/Y (sky130_fd_sc_hd__nand3_4)        0.08      22.29 r
  u_cp/u_bfeed/U127657/Y (sky130_fd_sc_hd__nand2_4)       0.06      22.35 f
  u_cp/u_bfeed/U11597/Y (sky130_fd_sc_hd__o21ai_2)        0.15      22.50 r
  u_cp/u_bfeed/U93634/Y (sky130_fd_sc_hd__a21oi_4)        0.07      22.57 f
  u_cp/u_bfeed/U107600/Y (sky130_fd_sc_hd__o21ai_1)       0.16      22.72 r
  u_cp/u_bfeed/U155460/Y (sky130_fd_sc_hd__xnor2_1)       0.13      22.85 r
  u_cp/u_bfeed/U127490/Y (sky130_fd_sc_hd__nand2_1)       0.07      22.93 f
  u_cp/u_bfeed/U127878/Y (sky130_fd_sc_hd__nand2_1)       0.06      22.99 r
  u_cp/u_bfeed/U95061/X (sky130_fd_sc_hd__and2_4)         0.14      23.13 r
  u_cp/u_bfeed/U25778/Y (sky130_fd_sc_hd__nand3_4)        0.13      23.26 f
  u_cp/u_bfeed/U13728/Y (sky130_fd_sc_hd__inv_8)          0.12      23.38 r
  u_cp/u_bfeed/U21656/Y (sky130_fd_sc_hd__nand2_2)        0.05      23.43 f
  u_cp/u_bfeed/U118850/Y (sky130_fd_sc_hd__inv_2)         0.06      23.49 r
  u_cp/u_bfeed/U94268/Y (sky130_fd_sc_hd__nand2_1)        0.06      23.55 f
  u_cp/u_bfeed/U93300/Y (sky130_fd_sc_hd__a2bb2oi_2)      0.14      23.69 f
  u_cp/u_bfeed/U20202/Y (sky130_fd_sc_hd__o21ai_2)        0.14      23.83 r
  u_cp/u_bfeed/U15542/Y (sky130_fd_sc_hd__inv_1)          0.05      23.87 f
  u_cp/u_bfeed/U18942/Y (sky130_fd_sc_hd__nand2_1)        0.06      23.94 r
  u_cp/u_bfeed/U20110/Y (sky130_fd_sc_hd__o21ai_2)        0.08      24.01 f
  u_cp/u_bfeed/U99125/Y (sky130_fd_sc_hd__a21oi_4)        0.14      24.15 r
  u_cp/u_bfeed/U91366/X (sky130_fd_sc_hd__buf_6)          0.12      24.27 r
  u_cp/u_bfeed/U99123/Y (sky130_fd_sc_hd__nor2_2)         0.03      24.31 f
  u_cp/u_bfeed/U93209/Y (sky130_fd_sc_hd__nor2_2)         0.12      24.42 r
  u_cp/u_bfeed/U155719/Y (sky130_fd_sc_hd__nand2_1)       0.08      24.50 f
  u_cp/u_bfeed/U20157/Y (sky130_fd_sc_hd__o21ai_1)        0.15      24.65 r
  u_cp/u_bfeed/U94215/Y (sky130_fd_sc_hd__a21oi_2)        0.05      24.70 f
  u_cp/u_bfeed/U94214/Y (sky130_fd_sc_hd__inv_2)          0.11      24.81 r
  u_cp/u_bfeed/U13725/Y (sky130_fd_sc_hd__inv_6)          0.05      24.86 f
  u_cp/u_bfeed/U9198/Y (sky130_fd_sc_hd__o21ai_1)         0.13      24.99 r
  u_cp/u_bfeed/U155819/Y (sky130_fd_sc_hd__xnor2_1)       0.09      25.08 f
  u_cp/u_bfeed/U14020/Y (sky130_fd_sc_hd__a21oi_2)        0.16      25.23 r
  u_cp/u_bfeed/U19706/X (sky130_fd_sc_hd__buf_2)          0.13      25.36 r
  u_cp/u_bfeed/U18429/X (sky130_fd_sc_hd__and2_1)         0.10      25.47 r
  u_cp/u_bfeed/U20111/X (sky130_fd_sc_hd__and2_4)         0.15      25.62 r
  u_cp/u_bfeed/U19739/Y (sky130_fd_sc_hd__nand2_4)        0.05      25.68 f
  u_cp/u_bfeed/U96735/Y (sky130_fd_sc_hd__nor2_4)         0.11      25.79 r
  u_cp/u_bfeed/U94167/Y (sky130_fd_sc_hd__nor2_4)         0.05      25.83 f
  u_cp/u_bfeed/U114150/Y (sky130_fd_sc_hd__a21oi_2)       0.09      25.93 r
  u_cp/u_bfeed/U121183/Y (sky130_fd_sc_hd__o21ai_1)       0.07      26.00 f
  u_cp/u_bfeed/U128887/Y (sky130_fd_sc_hd__a21oi_2)       0.15      26.15 r
  u_cp/u_bfeed/U129403/Y (sky130_fd_sc_hd__xnor2_1)       0.09      26.24 f
  u_cp/u_bfeed/U110807/Y (sky130_fd_sc_hd__o21ai_2)       0.16      26.40 r
  u_cp/u_bfeed/U98141/Y (sky130_fd_sc_hd__nand3_4)        0.12      26.52 f
  u_cp/u_bfeed/U21660/Y (sky130_fd_sc_hd__o21bai_4)       0.21      26.73 r
  u_cp/u_bfeed/U99311/Y (sky130_fd_sc_hd__inv_8)          0.10      26.83 f
  u_cp/u_bfeed/U121286/Y (sky130_fd_sc_hd__nand2_4)       0.07      26.91 r
  u_cp/u_bfeed/U19745/X (sky130_fd_sc_hd__o21a_4)         0.15      27.05 r
  u_cp/u_bfeed/U116403/Y (sky130_fd_sc_hd__inv_4)         0.05      27.11 f
  u_cp/u_bfeed/U156170/COUT (sky130_fd_sc_hd__fah_1)      0.35      27.45 f
  u_cp/u_bfeed/U130087/Y (sky130_fd_sc_hd__o21ai_2)       0.15      27.61 r
  u_cp/u_bfeed/U125261/Y (sky130_fd_sc_hd__nand2_2)       0.08      27.69 f
  u_cp/u_bfeed/U126252/Y (sky130_fd_sc_hd__o21ai_2)       0.06      27.75 r
  u_cp/u_bfeed/U130083/Y (sky130_fd_sc_hd__o21ai_2)       0.08      27.83 f
  u_cp/u_bfeed/U110483/Y (sky130_fd_sc_hd__xnor2_1)       0.13      27.96 f
  u_cp/u_bfeed/U126346/Y (sky130_fd_sc_hd__xnor2_1)       0.19      28.15 r
  u_cp/u_bfeed/U99316/Y (sky130_fd_sc_hd__nand2b_4)       0.17      28.32 r
  u_cp/u_bfeed/U25514/Y (sky130_fd_sc_hd__nand2_2)        0.06      28.38 f
  u_cp/u_bfeed/U131246/Y (sky130_fd_sc_hd__nor2_1)        0.12      28.50 r
  u_cp/u_bfeed/U130757/Y (sky130_fd_sc_hd__nand4_2)       0.13      28.63 f
  u_cp/u_bfeed/U100155/Y (sky130_fd_sc_hd__nand3_4)       0.12      28.75 r
  u_cp/u_bfeed/U100156/Y (sky130_fd_sc_hd__inv_8)         0.07      28.82 f
  u_cp/u_bfeed/U20762/Y (sky130_fd_sc_hd__inv_2)          0.07      28.89 r
  u_cp/u_bfeed/U83132/Y (sky130_fd_sc_hd__nand2_2)        0.04      28.93 f
  u_cp/u_bfeed/U25815/Y (sky130_fd_sc_hd__o21ai_2)        0.06      28.99 r
  u_cp/u_bfeed/U21515/Y (sky130_fd_sc_hd__nand4_2)        0.11      29.10 f
  u_cp/u_bfeed/U97031/Y (sky130_fd_sc_hd__inv_2)          0.10      29.20 r
  u_cp/u_bfeed/U28432/Y (sky130_fd_sc_hd__nand3_4)        0.10      29.30 f
  u_cp/u_bfeed/U97358/Y (sky130_fd_sc_hd__nand2_4)        0.14      29.44 r
  u_cp/u_bfeed/U22390/Y (sky130_fd_sc_hd__inv_6)          0.07      29.51 f
  u_cp/u_bfeed/U86336/Y (sky130_fd_sc_hd__nand2_4)        0.06      29.57 r
  u_cp/u_bfeed/U21881/Y (sky130_fd_sc_hd__o21ai_4)        0.07      29.64 f
  u_cp/u_bfeed/U86993/Y (sky130_fd_sc_hd__o21ai_4)        0.15      29.79 r
  u_cp/u_bfeed/U22301/Y (sky130_fd_sc_hd__o21ai_1)        0.10      29.88 f
  u_cp/u_bfeed/U93266/Y (sky130_fd_sc_hd__inv_2)          0.07      29.96 r
  u_cp/u_bfeed/U122817/Y (sky130_fd_sc_hd__o21ai_2)       0.06      30.02 f
  u_cp/u_bfeed/U115359/Y (sky130_fd_sc_hd__nand2b_4)      0.15      30.17 f
  u_cp/u_bfeed/U82212/Y (sky130_fd_sc_hd__a22oi_4)        0.13      30.30 r
  u_cp/u_bfeed/U26974/Y (sky130_fd_sc_hd__o21ai_2)        0.06      30.36 f
  u_cp/u_bfeed/U129816/Y (sky130_fd_sc_hd__nand2b_1)      0.06      30.42 r
  u_cp/u_bfeed/U126110/X (sky130_fd_sc_hd__and3_4)        0.18      30.59 r
  u_cp/u_bfeed/U23394/Y (sky130_fd_sc_hd__nand3_4)        0.16      30.76 f
  u_cp/u_bfeed/U23393/Y (sky130_fd_sc_hd__inv_2)          0.11      30.86 r
  u_cp/u_bfeed/U96871/Y (sky130_fd_sc_hd__nand2b_1)       0.05      30.91 f
  u_cp/u_bfeed/U96872/Y (sky130_fd_sc_hd__nand2_1)        0.06      30.98 r
  u_cp/u_bfeed/U22483/Y (sky130_fd_sc_hd__nand3_2)        0.10      31.07 f
  u_cp/u_bfeed/U101576/Y (sky130_fd_sc_hd__nand2_1)       0.10      31.17 r
  u_cp/u_bfeed/U83714/Y (sky130_fd_sc_hd__nand2_2)        0.10      31.27 f
  u_cp/u_bfeed/U81867/Y (sky130_fd_sc_hd__nand3_4)        0.14      31.41 r
  u_cp/u_bfeed/U21632/Y (sky130_fd_sc_hd__nand2_4)        0.08      31.49 f
  u_cp/u_bfeed/U21364/Y (sky130_fd_sc_hd__xnor2_4)        0.13      31.62 f
  u_cp/u_bfeed/U96062/Y (sky130_fd_sc_hd__nand2b_4)       0.10      31.73 r
  u_cp/u_bfeed/U92703/Y (sky130_fd_sc_hd__inv_2)          0.03      31.76 f
  u_cp/u_bfeed/U96061/Y (sky130_fd_sc_hd__nor2_1)         0.07      31.83 r
  u_cp/u_bfeed/U92202/X (sky130_fd_sc_hd__and2_4)         0.16      31.99 r
  u_cp/u_bfeed/U90539/Y (sky130_fd_sc_hd__nand3_2)        0.06      32.05 f
  u_cp/u_bfeed/U8433/Y (sky130_fd_sc_hd__o21ai_1)         0.14      32.19 r
  u_cp/u_bfeed/U19183/Y (sky130_fd_sc_hd__a21oi_2)        0.05      32.23 f
  u_cp/u_bfeed/U91193/Y (sky130_fd_sc_hd__nand4_2)        0.10      32.33 r
  u_cp/u_bfeed/U8363/Y (sky130_fd_sc_hd__nor2_1)          0.07      32.40 f
  u_cp/u_bfeed/U26947/Y (sky130_fd_sc_hd__o21ai_2)        0.15      32.56 r
  u_cp/u_bfeed/U25615/Y (sky130_fd_sc_hd__nand2_2)        0.06      32.62 f
  u_cp/u_bfeed/U90570/Y (sky130_fd_sc_hd__nor2_2)         0.15      32.77 r
  u_cp/u_bfeed/U125412/Y (sky130_fd_sc_hd__inv_2)         0.06      32.83 f
  u_cp/u_bfeed/U26502/Y (sky130_fd_sc_hd__nand2b_4)       0.07      32.90 r
  u_cp/u_bfeed/U99644/Y (sky130_fd_sc_hd__a21oi_2)        0.06      32.96 f
  u_cp/u_bfeed/U93208/Y (sky130_fd_sc_hd__o21ai_2)        0.12      33.08 r
  u_cp/u_bfeed/U156563/Y (sky130_fd_sc_hd__xnor2_1)       0.08      33.16 f
  u_cp/u_bfeed/U115610/Y (sky130_fd_sc_hd__o21ai_1)       0.11      33.27 r
  u_cp/u_bfeed/U19767/Y (sky130_fd_sc_hd__o21bai_2)       0.13      33.40 r
  u_cp/u_bfeed/U24173/Y (sky130_fd_sc_hd__nand3_2)        0.09      33.48 f
  u_cp/u_bfeed/U24172/Y (sky130_fd_sc_hd__inv_2)          0.06      33.54 r
  u_cp/u_bfeed/U13993/Y (sky130_fd_sc_hd__nand4_2)        0.07      33.61 f
  u_cp/u_bfeed/U21724/Y (sky130_fd_sc_hd__nor2_2)         0.12      33.74 r
  u_cp/u_bfeed/U119053/Y (sky130_fd_sc_hd__nand2_1)       0.05      33.79 f
  u_cp/u_bfeed/U122026/Y (sky130_fd_sc_hd__nand2_1)       0.06      33.85 r
  u_cp/u_bfeed/U93273/Y (sky130_fd_sc_hd__nand3_2)        0.07      33.92 f
  u_cp/u_bfeed/U95369/Y (sky130_fd_sc_hd__o21ai_4)        0.09      34.01 r
  u_cp/u_bfeed/U14673/Y (sky130_fd_sc_hd__nand2b_4)       0.19      34.19 r
  u_cp/u_bfeed/U20753/Y (sky130_fd_sc_hd__inv_2)          0.08      34.27 f
  u_cp/u_bfeed/U39742/Y (sky130_fd_sc_hd__nand2_1)        0.06      34.33 r
  u_cp/u_bfeed/U12945/Y (sky130_fd_sc_hd__nand4_1)        0.10      34.43 f
  u_cp/u_bfeed/U12944/Y (sky130_fd_sc_hd__nand2_1)        0.07      34.50 r
  u_cp/u_bfeed/U16492/Y (sky130_fd_sc_hd__nand2b_1)       0.05      34.54 f
  u_cp/u_bfeed/U70809/Y (sky130_fd_sc_hd__nor2_1)         0.12      34.66 r
  u_cp/u_bfeed/U90866/Y (sky130_fd_sc_hd__o21ai_2)        0.07      34.73 f
  u_cp/u_bfeed/U7988/Y (sky130_fd_sc_hd__nand2_2)         0.08      34.81 r
  u_cp/u_bfeed/U7968/Y (sky130_fd_sc_hd__inv_2)           0.07      34.88 f
  u_cp/u_bfeed/U126119/X (sky130_fd_sc_hd__buf_12)        0.15      35.03 f
  u_cp/u_bfeed/U13199/Y (sky130_fd_sc_hd__xnor2_4)        0.19      35.22 r
  u_cp/u_bfeed/U13813/Y (sky130_fd_sc_hd__xnor2_2)        0.14      35.36 r
  u_cp/u_bfeed/U121990/Y (sky130_fd_sc_hd__inv_2)         0.05      35.41 f
  u_cp/u_bfeed/U20118/Y (sky130_fd_sc_hd__xnor2_1)        0.17      35.58 r
  u_cp/u_bfeed/U87678/Y (sky130_fd_sc_hd__xnor2_1)        0.15      35.73 r
  u_cp/u_bfeed/U91373/Y (sky130_fd_sc_hd__inv_1)          0.05      35.78 f
  u_cp/u_bfeed/U45231/Y (sky130_fd_sc_hd__nand2_1)        0.06      35.85 r
  u_cp/u_bfeed/U45217/Y (sky130_fd_sc_hd__nand3_1)        0.06      35.91 f
  u_cp/u_bfeed/U14930/Y (sky130_fd_sc_hd__nand2b_1)       0.08      35.99 r
  u_cp/u_bfeed/U15860/Y (sky130_fd_sc_hd__nand2_1)        0.06      36.05 f
  u_cp/u_bfeed/U13718/Y (sky130_fd_sc_hd__nand3_2)        0.09      36.14 r
  u_cp/u_bfeed/U13845/Y (sky130_fd_sc_hd__nand2_4)        0.07      36.22 f
  u_cp/u_bfeed/U88424/Y (sky130_fd_sc_hd__nand2_4)        0.07      36.29 r
  u_cp/u_bfeed/U84102/X (sky130_fd_sc_hd__buf_6)          0.09      36.38 r
  u_cp/u_bfeed/U84699/Y (sky130_fd_sc_hd__inv_2)          0.02      36.40 f
  u_cp/u_bfeed/U18973/Y (sky130_fd_sc_hd__nand2_2)        0.04      36.45 r
  u_cp/u_bfeed/U18972/Y (sky130_fd_sc_hd__nand4_1)        0.06      36.51 f
  u_cp/u_bfeed/U33352/Y (sky130_fd_sc_hd__nand3_1)        0.08      36.59 r
  u_cp/u_bfeed/U36107/X (sky130_fd_sc_hd__xor2_1)         0.17      36.76 r
  u_cp/u_bfeed/U85411/Y (sky130_fd_sc_hd__nand2b_4)       0.16      36.92 r
  u_cp/u_bfeed/U21825/Y (sky130_fd_sc_hd__nand2_4)        0.06      36.98 f
  u_cp/u_bfeed/U82056/Y (sky130_fd_sc_hd__nand2_8)        0.15      37.13 r
  u_cp/u_bfeed/U31447/Y (sky130_fd_sc_hd__inv_12)         0.08      37.21 f
  u_cp/u_bfeed/U15051/Y (sky130_fd_sc_hd__xnor2_2)        0.14      37.35 f
  u_cp/u_bfeed/U85077/Y (sky130_fd_sc_hd__o22ai_2)        0.18      37.53 r
  u_cp/u_bfeed/U12579/X (sky130_fd_sc_hd__and2_1)         0.15      37.68 r
  u_cp/u_bfeed/U12578/Y (sky130_fd_sc_hd__nand2b_4)       0.11      37.79 r
  u_cp/u_bfeed/U163234/SUM (sky130_fd_sc_hd__fah_1)       0.42      38.21 r
  u_cp/u_bfeed/U88114/Y (sky130_fd_sc_hd__inv_2)          0.05      38.26 f
  u_cp/u_bfeed/U93487/Y (sky130_fd_sc_hd__o21ai_2)        0.15      38.41 r
  u_cp/u_bfeed/U93486/Y (sky130_fd_sc_hd__xnor2_1)        0.14      38.55 r
  u_cp/u_bfeed/U97493/Y (sky130_fd_sc_hd__xnor2_1)        0.15      38.70 r
  u_cp/u_bfeed/U86280/Y (sky130_fd_sc_hd__nand2b_4)       0.17      38.87 r
  u_cp/u_bfeed/U15784/Y (sky130_fd_sc_hd__nand2_4)        0.05      38.92 f
  u_cp/u_bfeed/U15783/Y (sky130_fd_sc_hd__nor2_4)         0.09      39.01 r
  u_cp/u_bfeed/U83781/Y (sky130_fd_sc_hd__nand2_2)        0.07      39.08 f
  u_cp/u_bfeed/U22391/Y (sky130_fd_sc_hd__nor2_2)         0.13      39.21 r
  u_cp/u_bfeed/U23251/Y (sky130_fd_sc_hd__nand3_2)        0.08      39.29 f
  u_cp/u_bfeed/U22907/Y (sky130_fd_sc_hd__nand3_2)        0.07      39.36 r
  u_cp/u_bfeed/U22906/Y (sky130_fd_sc_hd__xnor2_1)        0.12      39.48 r
  u_cp/u_bfeed/U163636/Y (sky130_fd_sc_hd__inv_2)         0.07      39.55 f
  u_cp/u_bfeed/U122114/Y (sky130_fd_sc_hd__inv_4)         0.09      39.64 r
  u_cp/u_bfeed/U24811/Y (sky130_fd_sc_hd__inv_4)          0.06      39.69 f
  u_cp/u_bfeed/U94299/Y (sky130_fd_sc_hd__o21ai_2)        0.11      39.81 r
  u_cp/u_bfeed/U131716/Y (sky130_fd_sc_hd__a21oi_2)       0.05      39.86 f
  u_cp/u_bfeed/U128357/Y (sky130_fd_sc_hd__nand2b_4)      0.08      39.94 r
  u_cp/u_bfeed/U83904/Y (sky130_fd_sc_hd__nand2_4)        0.08      40.02 f
  u_cp/u_bfeed/U16831/Y (sky130_fd_sc_hd__nand2_2)        0.07      40.09 r
  u_cp/u_bfeed/U18638/Y (sky130_fd_sc_hd__nand3_2)        0.06      40.15 f
  u_cp/u_bfeed/U98155/Y (sky130_fd_sc_hd__inv_2)          0.06      40.22 r
  u_cp/u_bfeed/U85878/Y (sky130_fd_sc_hd__nand3_2)        0.07      40.29 f
  u_cp/u_bfeed/U84985/Y (sky130_fd_sc_hd__nand3_4)        0.13      40.42 r
  u_cp/u_bfeed/U13307/Y (sky130_fd_sc_hd__inv_8)          0.07      40.50 f
  u_cp/u_bfeed/U17591/Y (sky130_fd_sc_hd__inv_12)         0.12      40.62 r
  u_cp/u_bfeed/U24709/Y (sky130_fd_sc_hd__nand4_1)        0.15      40.77 f
  u_cp/u_bfeed/U99108/Y (sky130_fd_sc_hd__nand2_4)        0.18      40.96 r
  u_cp/u_bfeed/U18862/Y (sky130_fd_sc_hd__nand2_8)        0.10      41.06 f
  u_cp/u_bfeed/U99128/Y (sky130_fd_sc_hd__nor2_8)         0.23      41.29 r
  u_cp/u_bfeed/U21596/Y (sky130_fd_sc_hd__nand2_2)        0.10      41.39 f
  u_cp/u_bfeed/U13064/Y (sky130_fd_sc_hd__nand4_4)        0.18      41.56 r
  u_cp/u_bfeed/U13063/Y (sky130_fd_sc_hd__inv_4)          0.06      41.63 f
  u_cp/u_bfeed/U18644/Y (sky130_fd_sc_hd__nor2_8)         0.10      41.73 r
  u_cp/u_bfeed/U118415/Y (sky130_fd_sc_hd__o21ai_2)       0.07      41.79 f
  u_cp/u_bfeed/U88772/Y (sky130_fd_sc_hd__a21oi_2)        0.12      41.91 r
  u_cp/u_bfeed/U91459/Y (sky130_fd_sc_hd__o21ai_2)        0.08      41.99 f
  u_cp/u_bfeed/U128629/Y (sky130_fd_sc_hd__inv_2)         0.13      42.12 r
  u_cp/u_bfeed/U164141/Y (sky130_fd_sc_hd__o21ai_2)       0.07      42.18 f
  u_cp/u_bfeed/U164142/Y (sky130_fd_sc_hd__xnor2_1)       0.13      42.31 f
  u_cp/u_bfeed/U124033/Y (sky130_fd_sc_hd__nand2_2)       0.07      42.38 r
  u_cp/u_bfeed/U18499/Y (sky130_fd_sc_hd__nand3_4)        0.07      42.46 f
  u_cp/u_bfeed/U18498/Y (sky130_fd_sc_hd__nor2_4)         0.14      42.60 r
  u_cp/u_bfeed/U92211/Y (sky130_fd_sc_hd__nand3_4)        0.10      42.70 f
  u_cp/u_bfeed/U118145/Y (sky130_fd_sc_hd__nor2_4)        0.13      42.83 r
  u_cp/u_bfeed/U118144/Y (sky130_fd_sc_hd__nand2_1)       0.06      42.89 f
  u_cp/u_bfeed/U127410/Y (sky130_fd_sc_hd__nand2_1)       0.05      42.94 r
  u_cp/u_bfeed/U127328/Y (sky130_fd_sc_hd__nand2b_1)      0.06      43.00 f
  u_cp/u_bfeed/U127808/Y (sky130_fd_sc_hd__nand2_2)       0.08      43.08 r
  u_cp/u_bfeed/U164280/Y (sky130_fd_sc_hd__nand2_2)       0.05      43.13 f
  u_cp/u_bfeed/U115596/X (sky130_fd_sc_hd__o21a_1)        0.20      43.32 f
  u_cp/u_bfeed/U127165/Y (sky130_fd_sc_hd__o21ai_2)       0.07      43.40 r
  u_cp/u_bfeed/U121854/Y (sky130_fd_sc_hd__a21oi_4)       0.06      43.46 f
  u_cp/u_bfeed/U125072/Y (sky130_fd_sc_hd__o21ai_2)       0.12      43.58 r
  u_cp/u_bfeed/U164287/Y (sky130_fd_sc_hd__xnor2_1)       0.12      43.70 r
  u_cp/u_bfeed/U96994/X (sky130_fd_sc_hd__a21o_1)         0.14      43.84 r
  u_cp/u_bfeed/U94290/Y (sky130_fd_sc_hd__nand4_2)        0.12      43.96 f
  u_cp/u_bfeed/U14162/X (sky130_fd_sc_hd__and2_4)         0.20      44.16 f
  u_cp/u_bfeed/U97727/Y (sky130_fd_sc_hd__inv_8)          0.10      44.26 r
  u_cp/u_bfeed/U18626/Y (sky130_fd_sc_hd__nor2_4)         0.04      44.30 f
  u_cp/u_bfeed/U89707/Y (sky130_fd_sc_hd__nor3_4)         0.27      44.57 r
  u_cp/u_bfeed/U89706/Y (sky130_fd_sc_hd__nor2_8)         0.12      44.69 f
  u_cp/u_bfeed/U89705/Y (sky130_fd_sc_hd__xnor2_4)        0.16      44.85 f
  u_cp/u_bfeed/U89704/Y (sky130_fd_sc_hd__o22ai_4)        0.11      44.97 r
  u_cp/u_bfeed/U164734/SUM (sky130_fd_sc_hd__fah_1)       0.28      45.25 r
  u_cp/u_bfeed/U164753/SUM (sky130_fd_sc_hd__fah_1)       0.27      45.52 f
  u_cp/u_bfeed/U164756/SUM (sky130_fd_sc_hd__fah_1)       0.32      45.84 f
  u_cp/u_bfeed/U124687/Y (sky130_fd_sc_hd__xnor2_1)       0.14      45.97 f
  u_cp/u_bfeed/U99093/Y (sky130_fd_sc_hd__xnor2_1)        0.20      46.17 r
  u_cp/u_bfeed/U15041/Y (sky130_fd_sc_hd__nor2_2)         0.05      46.22 f
  u_cp/u_bfeed/U118413/Y (sky130_fd_sc_hd__o21ai_1)       0.12      46.34 r
  u_cp/u_bfeed/U118412/Y (sky130_fd_sc_hd__a21oi_1)       0.06      46.40 f
  u_cp/u_bfeed/U128672/Y (sky130_fd_sc_hd__nand2b_1)      0.14      46.54 f
  u_cp/u_bfeed/U12334/Y (sky130_fd_sc_hd__nand3_2)        0.06      46.60 r
  u_cp/u_bfeed/U16486/Y (sky130_fd_sc_hd__nor2_2)         0.04      46.64 f
  u_cp/u_bfeed/U16485/Y (sky130_fd_sc_hd__o21ai_1)        0.12      46.76 r
  u_cp/u_bfeed/U15712/Y (sky130_fd_sc_hd__nand3_1)        0.09      46.86 f
  u_cp/u_bfeed/U88637/Y (sky130_fd_sc_hd__nand3_2)        0.10      46.95 r
  u_cp/u_bfeed/U88636/Y (sky130_fd_sc_hd__xnor2_2)        0.11      47.06 r
  u_cp/u_bfeed/U101749/Y (sky130_fd_sc_hd__inv_2)         0.08      47.15 f
  u_cp/u_bfeed/U101748/Y (sky130_fd_sc_hd__inv_8)         0.12      47.27 r
  u_cp/u_bfeed/U13266/Y (sky130_fd_sc_hd__inv_6)          0.06      47.33 f
  u_cp/u_bfeed/U13717/Y (sky130_fd_sc_hd__inv_8)          0.08      47.40 r
  u_cp/u_bfeed/U97273/Y (sky130_fd_sc_hd__o21ai_4)        0.06      47.46 f
  u_cp/u_bfeed/U22962/Y (sky130_fd_sc_hd__nand2_4)        0.08      47.54 r
  u_cp/u_bfeed/U97725/Y (sky130_fd_sc_hd__nand2_4)        0.07      47.61 f
  u_cp/u_bfeed/U4359/Y (sky130_fd_sc_hd__nor2_2)          0.15      47.76 r
  u_cp/u_bfeed/U96339/Y (sky130_fd_sc_hd__o21ai_4)        0.08      47.85 f
  u_cp/u_bfeed/U18659/Y (sky130_fd_sc_hd__a21oi_4)        0.17      48.02 r
  u_cp/u_bfeed/U18658/Y (sky130_fd_sc_hd__o21ai_1)        0.09      48.11 f
  u_cp/u_bfeed/U96338/Y (sky130_fd_sc_hd__xnor2_1)        0.12      48.23 f
  u_cp/u_bfeed/U115732/Y (sky130_fd_sc_hd__nand2_1)       0.07      48.30 r
  u_cp/u_bfeed/U18648/Y (sky130_fd_sc_hd__nand2_2)        0.07      48.37 f
  u_cp/u_bfeed/U18647/Y (sky130_fd_sc_hd__inv_2)          0.05      48.42 r
  u_cp/u_bfeed/U12202/Y (sky130_fd_sc_hd__nand3_2)        0.07      48.49 f
  u_cp/u_bfeed/U97241/Y (sky130_fd_sc_hd__inv_4)          0.10      48.59 r
  u_cp/u_bfeed/U97191/Y (sky130_fd_sc_hd__nand4_4)        0.13      48.72 f
  u_cp/u_bfeed/U165117/Y (sky130_fd_sc_hd__nand2b_1)      0.16      48.88 f
  u_cp/u_bfeed/U91926/Y (sky130_fd_sc_hd__a21boi_1)       0.13      49.01 f
  u_cp/u_bfeed/U93491/Y (sky130_fd_sc_hd__nand3_2)        0.10      49.11 r
  u_cp/u_bfeed/U90492/X (sky130_fd_sc_hd__buf_6)          0.12      49.23 r
  u_cp/u_bfeed/U103034/Y (sky130_fd_sc_hd__inv_2)         0.04      49.27 f
  u_cp/u_bfeed/U23583/Y (sky130_fd_sc_hd__nand2_4)        0.04      49.32 r
  u_cp/u_bfeed/U118521/Y (sky130_fd_sc_hd__o21ai_2)       0.05      49.37 f
  u_cp/u_bfeed/U25737/Y (sky130_fd_sc_hd__nand2_2)        0.06      49.43 r
  u_cp/u_bfeed/U12325/Y (sky130_fd_sc_hd__nand4_4)        0.13      49.56 f
  u_cp/u_bfeed/U20829/Y (sky130_fd_sc_hd__a21oi_4)        0.25      49.80 r
  u_cp/u_bfeed/U3721/Y (sky130_fd_sc_hd__o21ai_1)         0.10      49.90 f
  u_cp/u_bfeed/U165355/Y (sky130_fd_sc_hd__xnor2_1)       0.13      50.04 f
  u_cp/u_bfeed/U96997/Y (sky130_fd_sc_hd__nand2b_2)       0.08      50.12 r
  u_cp/u_bfeed/U26802/Y (sky130_fd_sc_hd__nand3_4)        0.09      50.22 f
  u_cp/u_bfeed/U50386/Y (sky130_fd_sc_hd__inv_2)          0.07      50.29 r
  u_cp/u_bfeed/U22943/Y (sky130_fd_sc_hd__nand2_2)        0.05      50.34 f
  u_cp/u_bfeed/U50350/Y (sky130_fd_sc_hd__inv_2)          0.07      50.41 r
  u_cp/u_bfeed/U26801/Y (sky130_fd_sc_hd__nand2_2)        0.05      50.46 f
  u_cp/u_bfeed/U124665/Y (sky130_fd_sc_hd__nor2_2)        0.10      50.56 r
  u_cp/u_bfeed/U13240/Y (sky130_fd_sc_hd__nand3_2)        0.09      50.66 f
  u_cp/u_bfeed/U13252/Y (sky130_fd_sc_hd__nand2_4)        0.11      50.76 r
  u_cp/u_bfeed/U15687/Y (sky130_fd_sc_hd__nor2_4)         0.05      50.81 f
  u_cp/u_bfeed/U25152/X (sky130_fd_sc_hd__clkbuf_1)       0.10      50.92 f
  u_cp/u_bfeed/U118044/Y (sky130_fd_sc_hd__o21ai_2)       0.13      51.05 r
  u_cp/u_bfeed/U93592/Y (sky130_fd_sc_hd__xnor2_1)        0.12      51.17 r
  u_cp/u_bfeed/U23149/X (sky130_fd_sc_hd__a21o_2)         0.15      51.32 r
  u_cp/u_bfeed/U26132/Y (sky130_fd_sc_hd__nand3_2)        0.09      51.41 f
  u_cp/u_bfeed/U93086/Y (sky130_fd_sc_hd__nor2_4)         0.10      51.51 r
  u_cp/u_bfeed/U13428/Y (sky130_fd_sc_hd__nand4_4)        0.10      51.61 f
  u_cp/u_bfeed/U84638/X (sky130_fd_sc_hd__and2_4)         0.23      51.85 f
  u_cp/u_bfeed/U3424/Y (sky130_fd_sc_hd__nand2_2)         0.09      51.94 r
  u_cp/u_bfeed/U84011/Y (sky130_fd_sc_hd__nand4_4)        0.09      52.03 f
  u_cp/u_bfeed/U131381/X (sky130_fd_sc_hd__buf_6)         0.17      52.20 f
  u_cp/u_bfeed/U12666/Y (sky130_fd_sc_hd__xnor2_4)        0.17      52.36 r
  u_cp/u_bfeed/U118529/Y (sky130_fd_sc_hd__o22ai_2)       0.10      52.47 f
  u_cp/u_bfeed/U123668/Y (sky130_fd_sc_hd__xnor2_1)       0.17      52.63 f
  u_cp/u_bfeed/U123667/Y (sky130_fd_sc_hd__xnor2_1)       0.20      52.83 r
  u_cp/u_bfeed/U166235/SUM (sky130_fd_sc_hd__fah_1)       0.33      53.16 r
  u_cp/u_bfeed/U125755/Y (sky130_fd_sc_hd__xnor2_1)       0.13      53.29 r
  u_cp/u_bfeed/U125754/Y (sky130_fd_sc_hd__xnor2_1)       0.15      53.44 r
  u_cp/u_bfeed/U166247/COUT (sky130_fd_sc_hd__fah_1)      0.39      53.84 r
  u_cp/u_bfeed/U12214/Y (sky130_fd_sc_hd__nor2_2)         0.06      53.90 f
  u_cp/u_bfeed/U22456/Y (sky130_fd_sc_hd__nor2_2)         0.13      54.03 r
  u_cp/u_bfeed/U32494/Y (sky130_fd_sc_hd__nand2_1)        0.08      54.11 f
  u_cp/u_bfeed/U22464/Y (sky130_fd_sc_hd__nor2_2)         0.11      54.21 r
  u_cp/u_bfeed/U12330/Y (sky130_fd_sc_hd__nand3_2)        0.10      54.32 f
  u_cp/u_bfeed/U22472/Y (sky130_fd_sc_hd__nand3_2)        0.10      54.42 r
  u_cp/u_bfeed/U12261/Y (sky130_fd_sc_hd__nand3_4)        0.10      54.51 f
  u_cp/u_bfeed/U12260/Y (sky130_fd_sc_hd__inv_6)          0.13      54.64 r
  u_cp/u_bfeed/U93092/Y (sky130_fd_sc_hd__inv_8)          0.07      54.72 f
  u_cp/u_bfeed/U12455/Y (sky130_fd_sc_hd__nor2_2)         0.07      54.79 r
  u_cp/u_bfeed/U30714/Y (sky130_fd_sc_hd__a21oi_1)        0.05      54.84 f
  u_cp/u_bfeed/U91362/X (sky130_fd_sc_hd__and2_4)         0.17      55.00 f
  u_cp/u_bfeed/U121998/Y (sky130_fd_sc_hd__a21oi_2)       0.12      55.12 r
  u_cp/u_bfeed/U25144/Y (sky130_fd_sc_hd__nand4_2)        0.09      55.21 f
  u_cp/u_bfeed/U26995/Y (sky130_fd_sc_hd__o21ai_2)        0.07      55.29 r
  u_cp/u_bfeed/U87600/Y (sky130_fd_sc_hd__inv_2)          0.06      55.35 f
  u_cp/u_bfeed/U93588/Y (sky130_fd_sc_hd__nand2_4)        0.11      55.46 r
  u_cp/u_bfeed/U93489/Y (sky130_fd_sc_hd__inv_2)          0.06      55.52 f
  u_cp/u_bfeed/U96704/Y (sky130_fd_sc_hd__nand2_4)        0.07      55.59 r
  u_cp/u_bfeed/U85461/Y (sky130_fd_sc_hd__nand2_8)        0.08      55.67 f
  u_cp/u_bfeed/U31556/Y (sky130_fd_sc_hd__inv_8)          0.08      55.75 r
  u_cp/u_bfeed/U85460/Y (sky130_fd_sc_hd__nand3_4)        0.09      55.84 f
  u_cp/u_bfeed/U97111/Y (sky130_fd_sc_hd__inv_8)          0.13      55.97 r
  u_cp/u_bfeed/U116275/Y (sky130_fd_sc_hd__nand3_2)       0.08      56.05 f
  u_cp/u_bfeed/U92285/Y (sky130_fd_sc_hd__nor2_2)         0.11      56.16 r
  u_cp/u_bfeed/U118702/X (sky130_fd_sc_hd__buf_6)         0.17      56.33 r
  u_cp/u_bfeed/U2320/Y (sky130_fd_sc_hd__nand2_1)         0.09      56.42 f
  u_cp/u_bfeed/U91686/Y (sky130_fd_sc_hd__nand4_4)        0.12      56.54 r
  u_cp/u_bfeed/U22425/X (sky130_fd_sc_hd__buf_6)          0.10      56.64 r
  u_cp/u_bfeed/U87394/Y (sky130_fd_sc_hd__nor2_2)         0.04      56.68 f
  u_cp/u_bfeed/U103171/Y (sky130_fd_sc_hd__nor2_1)        0.13      56.81 r
  u_cp/u_bfeed/U60776/Y (sky130_fd_sc_hd__nand2_1)        0.11      56.92 f
  u_cp/u_bfeed/U60774/Y (sky130_fd_sc_hd__o21ai_2)        0.15      57.07 r
  u_cp/u_bfeed/U123953/Y (sky130_fd_sc_hd__a21oi_2)       0.05      57.12 f
  u_cp/u_bfeed/U119627/X (sky130_fd_sc_hd__buf_6)         0.14      57.26 f
  u_cp/u_bfeed/U166800/Y (sky130_fd_sc_hd__o21ai_2)       0.11      57.38 r
  u_cp/u_bfeed/U166801/Y (sky130_fd_sc_hd__xnor2_1)       0.07      57.44 f
  u_cp/u_bfeed/U12253/Y (sky130_fd_sc_hd__nand2b_1)       0.10      57.55 r
  u_cp/u_bfeed/U85185/Y (sky130_fd_sc_hd__nand3_4)        0.10      57.65 f
  u_cp/u_bfeed/U85184/Y (sky130_fd_sc_hd__nor2_2)         0.10      57.75 r
  u_cp/u_bfeed/U23253/X (sky130_fd_sc_hd__buf_4)          0.13      57.88 r
  u_cp/u_bfeed/U23836/Y (sky130_fd_sc_hd__nand4_2)        0.09      57.97 f
  u_cp/u_bfeed/U23835/Y (sky130_fd_sc_hd__a21oi_2)        0.12      58.09 r
  u_cp/u_bfeed/U82920/Y (sky130_fd_sc_hd__nand2b_2)       0.13      58.22 r
  u_cp/u_bfeed/U108056/Y (sky130_fd_sc_hd__o22ai_2)       0.07      58.29 f
  u_cp/u_bfeed/U85073/Y (sky130_fd_sc_hd__o21ai_4)        0.19      58.49 r
  u_cp/u_bfeed/U84575/Y (sky130_fd_sc_hd__nand3_1)        0.09      58.57 f
  u_cp/u_bfeed/U116323/Y (sky130_fd_sc_hd__nand2_1)       0.08      58.66 r
  u_cp/u_bfeed/U126413/Y (sky130_fd_sc_hd__xnor2_1)       0.11      58.76 r
  u_cp/u_bfeed/U105418/Y (sky130_fd_sc_hd__nand2_1)       0.07      58.83 f
  u_cp/u_bfeed/U21521/Y (sky130_fd_sc_hd__nand3_2)        0.07      58.90 r
  u_cp/u_bfeed/U22438/Y (sky130_fd_sc_hd__nand4_2)        0.09      58.99 f
  u_cp/u_bfeed/U32315/Y (sky130_fd_sc_hd__inv_2)          0.11      59.11 r
  u_cp/u_bfeed/U23415/Y (sky130_fd_sc_hd__nand3_4)        0.13      59.23 f
  u_cp/u_bfeed/U26270/Y (sky130_fd_sc_hd__a22oi_2)        0.21      59.44 r
  u_cp/u_bfeed/U12264/Y (sky130_fd_sc_hd__nand2b_4)       0.08      59.53 f
  u_cp/u_bfeed/U1587/Y (sky130_fd_sc_hd__nand2_1)         0.10      59.63 r
  u_cp/u_bfeed/U92670/Y (sky130_fd_sc_hd__nand3_1)        0.08      59.70 f
  u_cp/u_bfeed/U130758/Y (sky130_fd_sc_hd__clkinv_1)      0.05      59.75 r
  u_cp/u_bfeed/U105412/Y (sky130_fd_sc_hd__nand4_1)       0.06      59.80 f
  u_cp/u_bfeed/U94212/Y (sky130_fd_sc_hd__nand2_1)        0.07      59.87 r
  u_cp/u_bfeed/U25531/Y (sky130_fd_sc_hd__nand3_2)        0.06      59.94 f
  u_cp/u_bfeed/U117531/X (sky130_fd_sc_hd__clkbuf_2)      0.12      60.06 f
  u_cp/u_bfeed/U121325/X (sky130_fd_sc_hd__buf_6)         0.13      60.18 f
  u_cp/u_bfeed/U167120/Y (sky130_fd_sc_hd__nand2_4)       0.05      60.23 r
  u_cp/u_bfeed/U30406/Y (sky130_fd_sc_hd__clkinv_1)       0.04      60.27 f
  u_cp/u_bfeed/U167121/Y (sky130_fd_sc_hd__nand2b_1)      0.14      60.41 f
  u_cp/u_bfeed/U116272/X (sky130_fd_sc_hd__a21o_1)        0.16      60.57 f
  u_cp/u_bfeed/U25749/Y (sky130_fd_sc_hd__nand2_1)        0.07      60.64 r
  u_cp/u_bfeed/U121319/Y (sky130_fd_sc_hd__nand3b_1)      0.07      60.71 f
  u_cp/u_bfeed/U118768/Y (sky130_fd_sc_hd__nand2_1)       0.07      60.78 r
  u_cp/u_bfeed/U118767/Y (sky130_fd_sc_hd__o21ai_2)       0.07      60.85 f
  u_cp/u_bfeed/U121789/Y (sky130_fd_sc_hd__o211ai_2)      0.15      61.00 r
  u_cp/u_bfeed/U84003/Y (sky130_fd_sc_hd__nand2_1)        0.06      61.05 f
  u_cp/u_bfeed/U14123/Y (sky130_fd_sc_hd__nand3_1)        0.06      61.11 r
  u_cp/u_bfeed/U59972/Y (sky130_fd_sc_hd__nand2_1)        0.06      61.17 f
  u_cp/u_bfeed/U92215/Y (sky130_fd_sc_hd__nand3_2)        0.06      61.23 r
  u_cp/u_bfeed/U12332/Y (sky130_fd_sc_hd__nand3_2)        0.06      61.30 f
  u_cp/u_bfeed/U15682/Y (sky130_fd_sc_hd__nand3_2)        0.06      61.36 r
  u_cp/u_bfeed/U26920/Y (sky130_fd_sc_hd__nand2_2)        0.07      61.43 f
  u_cp/u_bfeed/U27003/X (sky130_fd_sc_hd__clkbuf_1)       0.11      61.54 f
  u_cp/u_bfeed/U87663/Y (sky130_fd_sc_hd__nand2_1)        0.06      61.60 r
  u_cp/u_bfeed/U86171/X (sky130_fd_sc_hd__o21a_2)         0.14      61.74 r
  u_cp/u_bfeed/U92217/Y (sky130_fd_sc_hd__inv_2)          0.04      61.78 f
  u_cp/u_bfeed/U28485/Y (sky130_fd_sc_hd__nand4_4)        0.09      61.87 r
  u_cp/u_bfeed/U25141/Y (sky130_fd_sc_hd__nand2_4)        0.07      61.94 f
  u_cp/u_bfeed/U23574/Y (sky130_fd_sc_hd__inv_8)          0.08      62.02 r
  u_cp/u_bfeed/U25283/Y (sky130_fd_sc_hd__nand4_4)        0.11      62.13 f
  u_cp/u_bfeed/U16396/X (sky130_fd_sc_hd__buf_6)          0.16      62.29 f
  u_cp/u_bfeed/U18943/Y (sky130_fd_sc_hd__o22ai_4)        0.12      62.41 r
  u_cp/u_bfeed/U13741/Y (sky130_fd_sc_hd__nand2_4)        0.09      62.50 f
  u_cp/u_bfeed/U15253/Y (sky130_fd_sc_hd__nor2_4)         0.13      62.63 r
  u_cp/u_bfeed/U14898/Y (sky130_fd_sc_hd__nand2_4)        0.08      62.71 f
  u_cp/u_bfeed/U15267/Y (sky130_fd_sc_hd__nand2_4)        0.06      62.77 r
  u_cp/u_bfeed/U12331/Y (sky130_fd_sc_hd__inv_2)          0.04      62.81 f
  u_cp/u_bfeed/U84303/Y (sky130_fd_sc_hd__nand2_4)        0.06      62.87 r
  u_cp/u_bfeed/U17172/Y (sky130_fd_sc_hd__nand4_2)        0.13      63.00 f
  u_cp/u_bfeed/U26931/Y (sky130_fd_sc_hd__nand2_2)        0.10      63.10 r
  u_cp/u_bfeed/U26289/X (sky130_fd_sc_hd__buf_6)          0.10      63.20 r
  u_cp/u_bfeed/U1094/X (sky130_fd_sc_hd__clkbuf_1)        0.09      63.29 r
  u_cp/u_bfeed/U96608/Y (sky130_fd_sc_hd__nand2_2)        0.07      63.36 f
  u_cp/u_bfeed/U27603/Y (sky130_fd_sc_hd__xnor2_1)        0.18      63.55 r
  u_cp/u_bfeed/U30570/Y (sky130_fd_sc_hd__nand2b_1)       0.09      63.64 f
  u_cp/u_bfeed/U27004/Y (sky130_fd_sc_hd__clkinv_1)       0.05      63.68 r
  u_cp/u_bfeed/U12329/Y (sky130_fd_sc_hd__nand2b_1)       0.08      63.76 f
  u_cp/u_bfeed/U15826/Y (sky130_fd_sc_hd__o21ai_4)        0.19      63.95 r
  u_cp/u_bfeed/U12278/Y (sky130_fd_sc_hd__nand3_4)        0.11      64.06 f
  u_cp/u_bfeed/U12277/Y (sky130_fd_sc_hd__inv_4)          0.09      64.15 r
  u_cp/u_bfeed/U16017/X (sky130_fd_sc_hd__buf_12)         0.14      64.29 r
  u_cp/u_bfeed/U93477/Y (sky130_fd_sc_hd__nand2_4)        0.07      64.36 f
  u_cp/u_bfeed/U17218/Y (sky130_fd_sc_hd__nand2_4)        0.08      64.45 r
  u_cp/u_bfeed/U750/Y (sky130_fd_sc_hd__nand2_1)          0.10      64.55 f
  u_cp/u_bfeed/U101908/Y (sky130_fd_sc_hd__o21ai_2)       0.24      64.78 r
  u_cp/u_bfeed/U111631/Y (sky130_fd_sc_hd__nand2b_1)      0.07      64.86 f
  u_cp/u_bfeed/U111630/Y (sky130_fd_sc_hd__nand2_1)       0.06      64.92 r
  u_cp/u_bfeed/U129950/Y (sky130_fd_sc_hd__a21oi_1)       0.04      64.96 f
  u_cp/u_bfeed/U127750/Y (sky130_fd_sc_hd__a22oi_2)       0.16      65.12 r
  u_cp/u_bfeed/U15801/X (sky130_fd_sc_hd__o21a_4)         0.16      65.28 r
  u_cp/u_bfeed/U14579/Y (sky130_fd_sc_hd__nand2_2)        0.07      65.34 f
  u_cp/u_bfeed/U96749/Y (sky130_fd_sc_hd__nor2_4)         0.13      65.47 r
  u_cp/u_bfeed/U528/X (sky130_fd_sc_hd__buf_2)            0.15      65.62 r
  u_cp/u_bfeed/U510/Y (sky130_fd_sc_hd__nand2_1)          0.07      65.69 f
  u_cp/u_bfeed/U11454/Y (sky130_fd_sc_hd__inv_2)          0.05      65.74 r
  u_cp/u_bfeed/U121400/Y (sky130_fd_sc_hd__nand2_2)       0.06      65.80 f
  u_cp/u_bfeed/U23166/Y (sky130_fd_sc_hd__nor2_4)         0.10      65.90 r
  u_cp/u_bfeed/U23167/Y (sky130_fd_sc_hd__o21ai_2)        0.06      65.96 f
  u_cp/u_bfeed/U108190/Y (sky130_fd_sc_hd__a21oi_1)       0.10      66.07 r
  u_cp/u_bfeed/U119688/Y (sky130_fd_sc_hd__o21ai_1)       0.07      66.13 f
  u_cp/u_bfeed/U98198/Y (sky130_fd_sc_hd__a21oi_1)        0.14      66.27 r
  u_cp/u_bfeed/U17411/Y (sky130_fd_sc_hd__xnor2_1)        0.14      66.41 r
  u_cp/u_bfeed/U167532/Y (sky130_fd_sc_hd__nand2b_1)      0.13      66.54 r
  u_cp/u_bfeed/U23425/Y (sky130_fd_sc_hd__nand4_2)        0.12      66.67 f
  u_cp/u_bfeed/U23423/Y (sky130_fd_sc_hd__inv_4)          0.13      66.80 r
  u_cp/u_bfeed/U122781/Y (sky130_fd_sc_hd__o21bai_2)      0.13      66.92 r
  u_cp/u_bfeed/U20835/Y (sky130_fd_sc_hd__nand3_2)        0.07      66.99 f
  u_cp/u_bfeed/U344/Y (sky130_fd_sc_hd__a21oi_2)          0.14      67.13 r
  u_cp/u_bfeed/U22386/Y (sky130_fd_sc_hd__nand4_4)        0.12      67.25 f
  u_cp/u_bfeed/U312/Y (sky130_fd_sc_hd__nor2b_1)          0.16      67.42 f
  u_cp/u_bfeed/U19203/X (sky130_fd_sc_hd__and2_4)         0.17      67.59 f
  u_cp/u_bfeed/U11804/Y (sky130_fd_sc_hd__nand3b_2)       0.10      67.69 r
  u_cp/u_bfeed/U13995/Y (sky130_fd_sc_hd__nand3_4)        0.09      67.78 f
  u_cp/u_bfeed/U13994/Y (sky130_fd_sc_hd__inv_6)          0.08      67.87 r
  u_cp/u_bfeed/U113/Y (sky130_fd_sc_hd__inv_12)           0.07      67.94 f
  u_cp/u_bfeed/U12136/Y (sky130_fd_sc_hd__a21oi_1)        0.11      68.05 r
  u_cp/u_bfeed/U116937/Y (sky130_fd_sc_hd__o21ai_1)       0.07      68.12 f
  u_cp/u_bfeed/row_reg[91][27]/D (sky130_fd_sc_hd__dfxtp_1)     0.00    68.12 f
  data arrival time                                                 68.12

  clock clk (rise edge)                                   1.00       1.00
  clock network delay (ideal)                             0.00       1.00
  u_cp/u_bfeed/row_reg[91][27]/CLK (sky130_fd_sc_hd__dfxtp_1)     0.00     1.00 r
  library setup time                                     -0.13       0.87
  data required time                                                 0.87
  --------------------------------------------------------------------------
  data required time                                                 0.87
  data arrival time                                                -68.12
  --------------------------------------------------------------------------
  slack (VIOLATED)                                                 -67.25


 
****************************************
Report : area
Design : synth_top
Version: O-2018.06-SP1
Date   : Sun Aug 16 20:36:02 2026
****************************************

Library(s) Used:

    sky130_fd_sc_hd__tt_025C_1v80 (File: /home/lzl/project/newlpu/asic/dc/db/sky130_fd_sc_hd__tt_025C_1v80.db)
    kn128x16_tt_ctypical_0p90v_0p90v_25c (File: /home/lzl/project/newlpu/asic/dc/db/kn128x16_tt_025C_1v80.db)
    kh4096x64_tt_ctypical_0p90v_0p90v_25c (File: /home/lzl/project/newlpu/asic/dc/db/kh4096x64_tt_025C_1v80.db)

Number of ports:                         5083
Number of nets:                        379554
Number of cells:                       357615
Number of combinational cells:         330077
Number of sequential cells:             27533
Number of macros/black boxes:               2
Number of buf/inv:                      72592
Number of references:                      11

Combinational area:            2317631.497329
Buf/Inv area:                   297058.644907
Noncombinational area:          551403.822750
Macro/Black Box area:            80076.837646
Net Interconnect area:      undefined  (No wire load specified)

Total cell area:               2949112.157725
Total area:                 undefined

Hierarchical area distribution
------------------------------

                                  Global cell area                  Local cell area
                                  ---------------------  ------------------------------------- 
Hierarchical cell                 Absolute      Percent  Combi-        Noncombi-    Black-
                                  Total         Total    national      national     boxes       Design
--------------------------------  ------------  -------  ------------  -----------  ----------  --------------------------------------
synth_top                         2949112.1577    100.0      827.0432       0.0000      0.0000  synth_top
u_cp                              2948285.1145    100.0   587972.6475  423290.9563      0.0000  command_processor_NINST4096_MAX_VEC128
u_cp/u_bfeed                      1663615.5479     56.4  1497439.8874   86098.8229  80076.8376  kv_bfeed_MAX_N128
u_cp/u_kvqd                        273405.9627      9.3   231391.9192   42014.0435      0.0000  kv_quantdequant
--------------------------------  ------------  -------  ------------  -----------  ----------  --------------------------------------
Total                                                    2317631.4973  551403.8228  80076.8376

 
****************************************
Report : power
        -analysis_effort low
Design : synth_top
Version: O-2018.06-SP1
Date   : Sun Aug 16 20:36:05 2026
****************************************


Library(s) Used:

    sky130_fd_sc_hd__tt_025C_1v80 (File: /home/lzl/project/newlpu/asic/dc/db/sky130_fd_sc_hd__tt_025C_1v80.db)
    kn128x16_tt_ctypical_0p90v_0p90v_25c (File: /home/lzl/project/newlpu/asic/dc/db/kn128x16_tt_025C_1v80.db)
    kh4096x64_tt_ctypical_0p90v_0p90v_25c (File: /home/lzl/project/newlpu/asic/dc/db/kh4096x64_tt_025C_1v80.db)


Operating Conditions: tt_025C_1v80   Library: sky130_fd_sc_hd__tt_025C_1v80
Wire Load Model Mode: top


Global Operating Voltage = 1.8  
Power-specific unit information :
    Voltage Units = 1V
    Capacitance Units = 1.000000pf
    Time Units = 1ns
    Dynamic Power Units = 1mW    (derived from V,C,T units)
    Leakage Power Units = 1nW


  Cell Internal Power  =   1.1348  W   (98%)
  Net Switching Power  =  24.0548 mW    (2%)
                         ---------
Total Dynamic Power    =   1.1589  W  (100%)

Cell Leakage Power     =  66.4050 uW


                 Internal         Switching           Leakage            Total
Power Group      Power            Power               Power              Power   (   %    )  Attrs
--------------------------------------------------------------------------------------------------
io_pad             0.0000            0.0000            0.0000            0.0000  (   0.00%)
memory             0.1479            0.2365        6.5220e+04            0.4495  (   0.04%)
black_box          0.0000            1.8901            0.0000            1.8901  (   0.16%)
clock_network      3.4062            8.8697          117.1099           12.2757  (   1.06%)
register       1.1208e+03            0.1152          222.0070        1.1210e+03  (  96.72%)
sequential         0.0000            0.0000            0.0000            0.0000  (   0.00%)
combinational     10.4706           12.9424          845.4365           23.4131  (   2.02%)
--------------------------------------------------------------------------------------------------
Total          1.1349e+03 mW        24.0539 mW     6.6405e+04 nW     1.1590e+03 mW
 
****************************************
Report : reference
Design : synth_top
Version: O-2018.06-SP1
Date   : Sun Aug 16 20:36:06 2026
****************************************

Attributes:
    b - black box (unknown)
   bo - allows boundary optimization
    d - dont_touch
   mo - map_only
    h - hierarchical
    n - noncombinational
    r - removable
    s - synthetic operator
    u - contains unmapped logic

Reference          Library       Unit Area   Count    Total Area   Attributes
-----------------------------------------------------------------------------
command_processor_NINST4096_MAX_VEC128
                              2948285.114516
                                                 1  2948285.114516
                                                                  b, h, n
sky130_fd_sc_hd__a22o_1
                   sky130_fd_sc_hd__tt_025C_1v80
                                  8.758400      23    201.443199  
sky130_fd_sc_hd__and2_0
                   sky130_fd_sc_hd__tt_025C_1v80
                                  6.256000       1      6.256000  
sky130_fd_sc_hd__clkinv_1
                   sky130_fd_sc_hd__tt_025C_1v80
                                  3.753600      13     48.796798  
sky130_fd_sc_hd__conb_1
                   sky130_fd_sc_hd__tt_025C_1v80
                                  3.753600       1      3.753600  
sky130_fd_sc_hd__inv_2
                   sky130_fd_sc_hd__tt_025C_1v80
                                  3.753600       7     26.275199  
sky130_fd_sc_hd__mux2_2
                   sky130_fd_sc_hd__tt_025C_1v80
                                 11.260800      40    450.432014  
sky130_fd_sc_hd__mux2i_1
                   sky130_fd_sc_hd__tt_025C_1v80
                                 10.009600       7     70.067198  
sky130_fd_sc_hd__mux2i_2
                   sky130_fd_sc_hd__tt_025C_1v80
                                 13.763200       1     13.763200  
sky130_fd_sc_hd__nor2b_1
                   sky130_fd_sc_hd__tt_025C_1v80
                                  6.256000       1      6.256000  
sram_macro                        0.000000       1      0.000000  b
-----------------------------------------------------------------------------
Total 11 references                                 2949112.157725
1
